<?xml version='1.0' encoding='UTF-8'?>
<osm version='0.6' upload='false' generator='JOSM'>
  <node id='22' version='1' lat='35.64689282858' lon='128.40130439827'>
    <tag k='ele' v='18.639657048322' />
  </node>  
  <node id='11' version='1' lat='35.64689034091' lon='128.40133824698'>
    <tag k='ele' v='18.639657048311' />
  </node>
  <node id='33' version='1' lat='35.64688960937' lon='128.40132312333'>
    <tag k='ele' v='18.639657048333' />
  </node>
  <node id='44' version='1' lat='35.64689955829' lon='128.40128027298'>
    <tag k='ele' v='18.639657048344' />  
  </node>
  <node id='196604' version='1' lat='35.6471326247' lon='128.40175836987'>
    <tag k='ele' v='18.36690242107' />
  </node>
  <node id='196605' version='1' lat='35.64712658702' lon='128.401796849'>
    <tag k='ele' v='18.36592306408' />
  </node>
  <node id='196606' version='1' lat='35.64711477031' lon='128.40183031527'>
    <tag k='ele' v='18.35089633624' />
  </node>
  <node id='196607' version='1' lat='35.64709934304' lon='128.40185482833'>
    <tag k='ele' v='18.34' />
  </node>
  <node id='196608' version='1' lat='35.64707699184' lon='128.40187846925'>
    <tag k='ele' v='18.36767855939' />
  </node>
  <node id='196610' version='1' lat='35.64708533996' lon='128.40175715212'>
    <tag k='ele' v='18.32' />
  </node>
  <node id='196611' version='1' lat='35.6470738744' lon='128.4018137947'>
    <tag k='ele' v='18.30607415727' />
  </node>
  <node id='196612' version='1' lat='35.64705680128' lon='128.40185194708'>
    <tag k='ele' v='18.31' />
  </node>
  <node id='196619' version='1' lat='35.64713939619' lon='128.40178790973'>
    <tag k='ele' v='18.38521748752' />
  </node>
  <node id='196620' version='1' lat='35.64714955527' lon='128.4018048654'>
    <tag k='ele' v='18.3959224627' />
  </node>
  <node id='196621' version='1' lat='35.64716693594' lon='128.40181802594'>
    <tag k='ele' v='18.38831529605' />
  </node>
  <node id='196622' version='1' lat='35.64718508466' lon='128.40182200388'>
    <tag k='ele' v='18.39000000088' />
  </node>
  <node id='196624' version='1' lat='35.64708925754' lon='128.40179784416'>
    <tag k='ele' v='18.30470124003' />
  </node>
  <node id='196625' version='1' lat='35.64710602777' lon='128.40183936071'>
    <tag k='ele' v='18.32' />
  </node>
  <node id='196626' version='1' lat='35.64711847966' lon='128.40185566226'>
    <tag k='ele' v='18.3580404215' />
  </node>
  <node id='196627' version='1' lat='35.64713845273' lon='128.40187250155'>
    <tag k='ele' v='18.3487638202' />
  </node>
  <node id='196628' version='1' lat='35.6471520237' lon='128.40188029833'>
    <tag k='ele' v='18.34931937862' />
  </node>
  <node id='196629' version='1' lat='35.64718191986' lon='128.40188841389'>
    <tag k='ele' v='18.33652987057' />
  </node>
  <node id='196636' version='1' lat='35.64709805686' lon='128.40185387454'>
    <tag k='ele' v='18.33695912079' />
  </node>
  <node id='196637' version='1' lat='35.64712131058' lon='128.40183816626'>
    <tag k='ele' v='18.39' />
  </node>
  <node id='196638' version='1' lat='35.64714885483' lon='128.40182811373'>
    <tag k='ele' v='18.39043336738' />
  </node>
  <node id='196640' version='1' lat='35.64709860965' lon='128.40190846156'>
    <tag k='ele' v='18.28478473235' />
  </node>
  <node id='196641' version='1' lat='35.64711347608' lon='128.40189923474'>
    <tag k='ele' v='18.3' />
  </node>
  <node id='196642' version='1' lat='35.64713233297' lon='128.40189296119'>
    <tag k='ele' v='18.32059325777' />
  </node>
  <node id='196648' version='1' lat='35.64712087133' lon='128.40167024628'>
    <tag k='ele' v='18.42134174701' />
  </node>
  <node id='196649' version='1' lat='35.6471271246' lon='128.40168294445'>
    <tag k='ele' v='18.396136829' />
  </node>
  <node id='196650' version='1' lat='35.64713049437' lon='128.40169967449'>
    <tag k='ele' v='18.37772555211' />
  </node>
  <node id='196652' version='1' lat='35.64708748169' lon='128.4017040786'>
    <tag k='ele' v='18.37550746359' />
  </node>
  <node id='196653' version='1' lat='35.64708752424' lon='128.40171907323'>
    <tag k='ele' v='18.35496251857' />
  </node>
  <node id='196658' version='1' lat='35.64718942605' lon='128.40169056109'>
    <tag k='ele' v='18.41102615655' />
  </node>
  <node id='196659' version='1' lat='35.64715810765' lon='128.40168720897'>
    <tag k='ele' v='18.39831614592' />
  </node>
  <node id='196660' version='1' lat='35.64713659369' lon='128.40168075111'>
    <tag k='ele' v='18.39173452529' />
  </node>
  <node id='196661' version='1' lat='35.64712149469' lon='128.40166989986'>
    <tag k='ele' v='18.41802535436' />
  </node>
  <node id='196662' version='1' lat='35.64710999479' lon='128.40164738926'>
    <tag k='ele' v='18.405' />
  </node>
  <node id='196664' version='1' lat='35.64718601838' lon='128.40161546151'>
    <tag k='ele' v='18.35087645984' />
  </node>
  <node id='196665' version='1' lat='35.64716491524' lon='128.40161626331'>
    <tag k='ele' v='18.39064798369' />
  </node>
  <node id='196666' version='1' lat='35.64712917629' lon='128.40162534625'>
    <tag k='ele' v='18.39' />
  </node>
  <node id='196672' version='1' lat='35.64726459979' lon='128.40166809878'>
    <tag k='ele' v='18.37693603123' />
  </node>
  <node id='196673' version='1' lat='35.64724324139' lon='128.40168210355'>
    <tag k='ele' v='18.39035819819' />
  </node>
  <node id='196675' version='1' lat='35.64723971748' lon='128.40162418869'>
    <tag k='ele' v='18.32972053358' />
  </node>
  <node id='196680' version='1' lat='35.6471714788' lon='128.40169290952'>
    <tag k='ele' v='18.40878630849' />
  </node>
  <node id='196681' version='1' lat='35.64715168026' lon='128.40170599018'>
    <tag k='ele' v='18.39000000597' />
  </node>
  <node id='196682' version='1' lat='35.64713886396' lon='128.40172483402'>
    <tag k='ele' v='18.37897340686' />
  </node>
  <node id='196684' version='1' lat='35.64714578499' lon='128.40162931045'>
    <tag k='ele' v='18.39373671027' />
  </node>
  <node id='196685' version='1' lat='35.64713214719' lon='128.40163920426'>
    <tag k='ele' v='18.39999998834' />
  </node>
  <node id='196686' version='1' lat='35.64711082734' lon='128.40166248358'>
    <tag k='ele' v='18.40410181634' />
  </node>
  <node id='196687' version='1' lat='35.64709180083' lon='128.40170316298'>
    <tag k='ele' v='18.39966818802' />
  </node>
  <node id='196688' version='1' lat='35.64708511332' lon='128.40174053771'>
    <tag k='ele' v='18.34827457114' />
  </node>
  <node id='196694' version='1' lat='35.647208878' lon='128.40181574193'>
    <tag k='ele' v='18.40077722281' />
  </node>
  <node id='196695' version='1' lat='35.64722642186' lon='128.40180029981'>
    <tag k='ele' v='18.38709723024' />
  </node>
  <node id='196696' version='1' lat='35.64723754142' lon='128.40177586294'>
    <tag k='ele' v='18.39075592668' />
  </node>
  <node id='196697' version='1' lat='35.64723974886' lon='128.40175423645'>
    <tag k='ele' v='18.41527358975' />
  </node>
  <node id='196699' version='1' lat='35.64719818985' lon='128.40188901431'>
    <tag k='ele' v='18.30924631712' />
  </node>
  <node id='196700' version='1' lat='35.64722481182' lon='128.40188323204'>
    <tag k='ele' v='18.32254698317' />
  </node>
  <node id='196701' version='1' lat='35.64723894438' lon='128.40187668414'>
    <tag k='ele' v='18.32515725834' />
  </node>
  <node id='196702' version='1' lat='35.64726467547' lon='128.40185532555'>
    <tag k='ele' v='18.33423505457' />
  </node>
  <node id='196703' version='1' lat='35.64727665518' lon='128.4018397719'>
    <tag k='ele' v='18.33071962952' />
  </node>
  <node id='196704' version='1' lat='35.64729251188' lon='128.40180920103'>
    <tag k='ele' v='18.31383339041' />
  </node>
  <node id='196705' version='1' lat='35.64729826466' lon='128.40179050346'>
    <tag k='ele' v='18.3070633094' />
  </node>
  <node id='196706' version='1' lat='35.64730327195' lon='128.40175425403'>
    <tag k='ele' v='18.31121119343' />
  </node>
  <node id='196713' version='1' lat='35.647248424' lon='128.4016931095'>
    <tag k='ele' v='18.38238760555' />
  </node>
  <node id='196714' version='1' lat='35.64725415243' lon='128.40167791885'>
    <tag k='ele' v='18.38212130646' />
  </node>
  <node id='196715' version='1' lat='35.64726242856' lon='128.4016660995'>
    <tag k='ele' v='18.38154878725' />
  </node>
  <node id='196717' version='1' lat='35.64729751323' lon='128.4016993295'>
    <tag k='ele' v='18.33550201716' />
  </node>
  <node id='196722' version='1' lat='35.64723662575' lon='128.40173340728'>
    <tag k='ele' v='18.41093404554' />
  </node>
  <node id='196723' version='1' lat='35.6472257637' lon='128.40171202448'>
    <tag k='ele' v='18.39901170174' />
  </node>
  <node id='196724' version='1' lat='35.64721016281' lon='128.40169752008'>
    <tag k='ele' v='18.41216065881' />
  </node>
  <node id='196726' version='1' lat='35.64730100741' lon='128.40172610672'>
    <tag k='ele' v='18.3041435325' />
  </node>
  <node id='196727' version='1' lat='35.6472936419' lon='128.40169562647'>
    <tag k='ele' v='18.33270943009' />
  </node>
  <node id='196728' version='1' lat='35.64728409393' lon='128.40167359613'>
    <tag k='ele' v='18.35134947323' />
  </node>
  <node id='196729' version='1' lat='35.64726839653' lon='128.40165026345'>
    <tag k='ele' v='18.36769539673' />
  </node>
  <node id='196730' version='1' lat='35.6472525451' lon='128.4016354365'>
    <tag k='ele' v='18.34483342862' />
  </node>
  <node id='196731' version='1' lat='35.64722730926' lon='128.40162136103'>
    <tag k='ele' v='18.33557769087' />
  </node>
  <node id='196732' version='1' lat='35.64720823691' lon='128.40161631821'>
    <tag k='ele' v='18.35587987613' />
  </node>
  <node id='196738' version='1' lat='35.64725098617' lon='128.40184262727'>
    <tag k='ele' v='18.36096143389' />
  </node>
  <node id='196739' version='1' lat='35.64724203611' lon='128.40180270221'>
    <tag k='ele' v='18.37294453551' />
  </node>
  <node id='196741' version='1' lat='35.64730061832' lon='128.40181409702'>
    <tag k='ele' v='18.30339480678' />
  </node>
  <node id='196745' version='1' lat='35.64722073635' lon='128.40182950301'>
    <tag k='ele' v='18.38104873071' />
  </node>
  <node id='196746' version='1' lat='35.64725213488' lon='128.40184385877'>
    <tag k='ele' v='18.3597042885' />
  </node>
  <node id='196748' version='1' lat='35.64723657576' lon='128.40189405659'>
    <tag k='ele' v='18.31100881387' />
  </node>
  <node id='196752' version='1' lat='35.65495750212' lon='128.39496527917'>
    <tag k='ele' v='18.82080325419' />
  </node>
  <node id='196753' version='1' lat='35.65487688448' lon='128.39508938437'>
    <tag k='ele' v='18.74574424086' />
  </node>
  <node id='196754' version='1' lat='35.65482812349' lon='128.39515849564'>
    <tag k='ele' v='18.74964457016' />
  </node>
  <node id='196755' version='1' lat='35.6547691347' lon='128.39523303841'>
    <tag k='ele' v='18.75041325674' />
  </node>
  <node id='196756' version='1' lat='35.65469784541' lon='128.39531381526'>
    <tag k='ele' v='18.75079309133' />
  </node>
  <node id='196758' version='1' lat='35.65492965864' lon='128.39494015074'>
    <tag k='ele' v='18.85304550443' />
  </node>
  <node id='196759' version='1' lat='35.65481006925' lon='128.39511541548'>
    <tag k='ele' v='18.80281455462' />
  </node>
  <node id='196760' version='1' lat='35.654738362' lon='128.39520980184'>
    <tag k='ele' v='18.78637037135' />
  </node>
  <node id='196761' version='1' lat='35.65467613247' lon='128.39528430507'>
    <tag k='ele' v='18.78922347235' />
  </node>
  <node id='196768' version='1' lat='35.65463414123' lon='128.39522956987'>
    <tag k='ele' v='18.82000000098' />
  </node>
  <node id='196769' version='1' lat='35.65474221942' lon='128.39509486429'>
    <tag k='ele' v='18.77003340604' />
  </node>
  <node id='196770' version='1' lat='35.65490086452' lon='128.39486746348'>
    <tag k='ele' v='18.83601515728' />
  </node>
  <node id='196772' version='1' lat='35.65465688268' lon='128.39525835263'>
    <tag k='ele' v='18.85' />
  </node>
  <node id='196773' version='1' lat='35.65472783699' lon='128.39517340826'>
    <tag k='ele' v='18.8225885563' />
  </node>
  <node id='196774' version='1' lat='35.65479133028' lon='128.39509034687'>
    <tag k='ele' v='18.81865682075' />
  </node>
  <node id='196775' version='1' lat='35.65485542086' lon='128.39500031884'>
    <tag k='ele' v='18.80557873358' />
  </node>
  <node id='196776' version='1' lat='35.65492580541' lon='128.39489218131'>
    <tag k='ele' v='18.85019619329' />
  </node>
  <node id='196782' version='1' lat='35.65269142308' lon='128.39704592438'>
    <tag k='ele' v='18.53144751855' />
  </node>
  <node id='196783' version='1' lat='35.65268127881' lon='128.39706113621'>
    <tag k='ele' v='18.52925490236' />
  </node>
  <node id='196784' version='1' lat='35.65267427704' lon='128.39708018497'>
    <tag k='ele' v='18.52927129113' />
  </node>
  <node id='196785' version='1' lat='35.65265902956' lon='128.39713537925'>
    <tag k='ele' v='18.55900286817' />
  </node>
  <node id='196787' version='1' lat='35.65266038096' lon='128.39702933913'>
    <tag k='ele' v='18.52000000031' />
  </node>
  <node id='196788' version='1' lat='35.65262909765' lon='128.39711984771'>
    <tag k='ele' v='18.53432916765' />
  </node>
  <node id='196794' version='1' lat='35.6550283466' lon='128.39465290947'>
    <tag k='ele' v='18.82983370045' />
  </node>
  <node id='196795' version='1' lat='35.65509438603' lon='128.39453070401'>
    <tag k='ele' v='18.87841073763' />
  </node>
  <node id='196796' version='1' lat='35.65517099146' lon='128.39436556691'>
    <tag k='ele' v='19.00991113588' />
  </node>
  <node id='196797' version='1' lat='35.6552429719' lon='128.39419885846'>
    <tag k='ele' v='19.18003918472' />
  </node>
  <node id='196798' version='1' lat='35.655314617' lon='128.39402524604'>
    <tag k='ele' v='19.3100406508' />
  </node>
  <node id='196799' version='1' lat='35.65534864956' lon='128.3939321371'>
    <tag k='ele' v='19.38977132935' />
  </node>
  <node id='196801' version='1' lat='35.655059356' lon='128.39466554037'>
    <tag k='ele' v='18.91865526674' />
  </node>
  <node id='196802' version='1' lat='35.65515283781' lon='128.39448288324'>
    <tag k='ele' v='19.00613115085' />
  </node>
  <node id='196803' version='1' lat='35.65525873017' lon='128.39424828687'>
    <tag k='ele' v='19.21450769264' />
  </node>
  <node id='196804' version='1' lat='35.65537981828' lon='128.39395004887'>
    <tag k='ele' v='19.46016709872' />
  </node>
  <node id='196811' version='1' lat='35.65554425447' lon='128.39335660375'>
    <tag k='ele' v='19.71828412403' />
  </node>
  <node id='196812' version='1' lat='35.65543517327' lon='128.39363519887'>
    <tag k='ele' v='19.48107249091' />
  </node>
  <node id='196813' version='1' lat='35.65542145498' lon='128.39367746173'>
    <tag k='ele' v='19.46391594678' />
  </node>
  <node id='196814' version='1' lat='35.65541629355' lon='128.39370851012'>
    <tag k='ele' v='19.47085877724' />
  </node>
  <node id='196815' version='1' lat='35.65541569945' lon='128.39373460555'>
    <tag k='ele' v='19.47010210034' />
  </node>
  <node id='196816' version='1' lat='35.65542050835' lon='128.39377299684'>
    <tag k='ele' v='19.48936432466' />
  </node>
  <node id='196817' version='1' lat='35.65543638005' lon='128.39385013708'>
    <tag k='ele' v='19.54275988551' />
  </node>
  <node id='196818' version='1' lat='35.65543645616' lon='128.39387145883'>
    <tag k='ele' v='19.53269053233' />
  </node>
  <node id='196819' version='1' lat='35.65542813379' lon='128.39391114762'>
    <tag k='ele' v='19.54648215564' />
  </node>
  <node id='196820' version='1' lat='35.65540843728' lon='128.39396619294'>
    <tag k='ele' v='19.55295266495' />
  </node>
  <node id='196822' version='1' lat='35.65550430867' lon='128.39333307599'>
    <tag k='ele' v='19.71434156882' />
  </node>
  <node id='196823' version='1' lat='35.65539519479' lon='128.39361248613'>
    <tag k='ele' v='19.37486699585' />
  </node>
  <node id='196824' version='1' lat='35.65537898093' lon='128.39366639721'>
    <tag k='ele' v='19.37087901576' />
  </node>
  <node id='196825' version='1' lat='35.65537595201' lon='128.39368828177'>
    <tag k='ele' v='19.37990228166' />
  </node>
  <node id='196826' version='1' lat='35.65537705389' lon='128.39372934545'>
    <tag k='ele' v='19.37986895779' />
  </node>
  <node id='196827' version='1' lat='35.65539965986' lon='128.39383552844'>
    <tag k='ele' v='19.45798744843' />
  </node>
  <node id='196828' version='1' lat='35.65540136632' lon='128.39386361379'>
    <tag k='ele' v='19.4645472331' />
  </node>
  <node id='196829' version='1' lat='35.6553964967' lon='128.39389734973'>
    <tag k='ele' v='19.48183613517' />
  </node>
  <node id='196830' version='1' lat='35.65537970897' lon='128.3939502778'>
    <tag k='ele' v='19.4600941983' />
  </node>
  <node id='196842' version='1' lat='35.65536165611' lon='128.39389998119'>
    <tag k='ele' v='19.40378913524' />
  </node>
  <node id='196843' version='1' lat='35.65537803625' lon='128.39387232833'>
    <tag k='ele' v='19.43350331298' />
  </node>
  <node id='196844' version='1' lat='35.65547953179' lon='128.39376153068'>
    <tag k='ele' v='19.64326016178' />
  </node>
  <node id='196845' version='1' lat='35.65549495015' lon='128.39373706421'>
    <tag k='ele' v='19.718140375' />
  </node>
  <node id='196846' version='1' lat='35.65550997745' lon='128.39370280753'>
    <tag k='ele' v='19.80814958812' />
  </node>
  <node id='196848' version='1' lat='35.65539821271' lon='128.39390718569'>
    <tag k='ele' v='19.46729408182' />
  </node>
  <node id='196849' version='1' lat='35.65540834533' lon='128.39389161652'>
    <tag k='ele' v='19.50387235267' />
  </node>
  <node id='196850' version='1' lat='35.65543012132' lon='128.39386794649'>
    <tag k='ele' v='19.53279545074' />
  </node>
  <node id='196851' version='1' lat='35.65551188641' lon='128.39379470962'>
    <tag k='ele' v='19.71431301303' />
  </node>
  <node id='196852' version='1' lat='35.65553293982' lon='128.39376499131'>
    <tag k='ele' v='19.79116766151' />
  </node>
  <node id='196853' version='1' lat='35.65554974936' lon='128.3937269473'>
    <tag k='ele' v='19.86626399916' />
  </node>
  <node id='196860' version='1' lat='35.65580796809' lon='128.39268232092'>
    <tag k='ele' v='29.83833484142' />
  </node>
  <node id='196862' version='1' lat='35.65576758451' lon='128.39265698835'>
    <tag k='ele' v='29.92052867367' />
  </node>
  <node id='196866' version='1' lat='35.65589095096' lon='128.39272775023'>
    <tag k='ele' v='29.71' />
  </node>
  <node id='196868' version='1' lat='35.65593135431' lon='128.39275026007'>
    <tag k='ele' v='29.65018211997' />
  </node>
  <node id='196872' version='1' lat='35.64590541603' lon='128.40285031024'>
    <tag k='ele' v='19.39136590269' />
  </node>
  <node id='196873' version='1' lat='35.64600464601' lon='128.40287441833'>
    <tag k='ele' v='19.42006220549' />
  </node>
  <node id='196874' version='1' lat='35.64609520839' lon='128.40291219237'>
    <tag k='ele' v='19.43009768054' />
  </node>
  <node id='196875' version='1' lat='35.64618871988' lon='128.40297066792'>
    <tag k='ele' v='19.41521950739' />
  </node>
  <node id='196876' version='1' lat='35.64623481738' lon='128.40300592487'>
    <tag k='ele' v='19.40960380581' />
  </node>
  <node id='196877' version='1' lat='35.64626717261' lon='128.40303540122'>
    <tag k='ele' v='19.4389675105' />
  </node>
  <node id='196879' version='1' lat='35.64590065275' lon='128.40289345793'>
    <tag k='ele' v='19.37178650698' />
  </node>
  <node id='196880' version='1' lat='35.64594988555' lon='128.40290414617'>
    <tag k='ele' v='19.38102269176' />
  </node>
  <node id='196881' version='1' lat='35.64600440773' lon='128.40292086573'>
    <tag k='ele' v='19.38273326' />
  </node>
  <node id='196882' version='1' lat='35.64609131837' lon='128.40295840375'>
    <tag k='ele' v='19.41386430069' />
  </node>
  <node id='196883' version='1' lat='35.64616959904' lon='128.40300836004'>
    <tag k='ele' v='19.41322376562' />
  </node>
  <node id='196884' version='1' lat='35.64624370181' lon='128.40307133823'>
    <tag k='ele' v='19.41709746678' />
  </node>
  <node id='196892' version='1' lat='35.64631682901' lon='128.40308944201'>
    <tag k='ele' v='19.47029405388' />
  </node>
  <node id='196894' version='1' lat='35.64629205212' lon='128.40312194735'>
    <tag k='ele' v='19.4179675456' />
  </node>
  <node id='196898' version='1' lat='35.64637160795' lon='128.40315848657'>
    <tag k='ele' v='19.50092572423' />
  </node>
  <node id='196900' version='1' lat='35.64634550755' lon='128.40318634561'>
    <tag k='ele' v='19.45862124067' />
  </node>
  <node id='196904' version='1' lat='35.64654639129' lon='128.40393598667'>
    <tag k='ele' v='19.51143534273' />
  </node>
  <node id='196905' version='1' lat='35.64652804249' lon='128.40402606662'>
    <tag k='ele' v='19.48993923953' />
  </node>
  <node id='196906' version='1' lat='35.6464929292' lon='128.40414467649'>
    <tag k='ele' v='19.44146410742' />
  </node>
  <node id='196907' version='1' lat='35.64645480756' lon='128.40423797116'>
    <tag k='ele' v='19.44127067042' />
  </node>
  <node id='196908' version='1' lat='35.64640884561' lon='128.40432182786'>
    <tag k='ele' v='19.45962402946' />
  </node>
  <node id='196910' version='1' lat='35.64651011225' lon='128.40392797109'>
    <tag k='ele' v='19.45896616796' />
  </node>
  <node id='196911' version='1' lat='35.64649370056' lon='128.40401391896'>
    <tag k='ele' v='19.44778876926' />
  </node>
  <node id='196912' version='1' lat='35.64646051178' lon='128.40412676411'>
    <tag k='ele' v='19.40319278681' />
  </node>
  <node id='196913' version='1' lat='35.64642783299' lon='128.40420581219'>
    <tag k='ele' v='19.47391905838' />
  </node>
  <node id='196914' version='1' lat='35.64638041893' lon='128.4042943428'>
    <tag k='ele' v='19.42315722511' />
  </node>
  <node id='196922' version='1' lat='35.64641925342' lon='128.40323163485'>
    <tag k='ele' v='19.51071543517' />
  </node>
  <node id='196923' version='1' lat='35.64646317937' lon='128.40331874091'>
    <tag k='ele' v='19.51432071428' />
  </node>
  <node id='196924' version='1' lat='35.64650391487' lon='128.40342327475'>
    <tag k='ele' v='19.49196387716' />
  </node>
  <node id='196925' version='1' lat='35.64652843734' lon='128.40351071627'>
    <tag k='ele' v='19.51106058698' />
  </node>
  <node id='196926' version='1' lat='35.64654903181' lon='128.40361986125'>
    <tag k='ele' v='19.50831316678' />
  </node>
  <node id='196927' version='1' lat='35.64655649922' lon='128.40370585478'>
    <tag k='ele' v='19.49124008765' />
  </node>
  <node id='196928' version='1' lat='35.64655656702' lon='128.40382121152'>
    <tag k='ele' v='19.51087650957' />
  </node>
  <node id='196930' version='1' lat='35.64640341198' lon='128.40328202331'>
    <tag k='ele' v='19.45957646028' />
  </node>
  <node id='196931' version='1' lat='35.64643963156' lon='128.40335805211'>
    <tag k='ele' v='19.41031295045' />
  </node>
  <node id='196932' version='1' lat='35.64647009868' lon='128.40343891892'>
    <tag k='ele' v='19.39825846816' />
  </node>
  <node id='196933' version='1' lat='35.64650043048' lon='128.40355249638'>
    <tag k='ele' v='19.46026619755' />
  </node>
  <node id='196934' version='1' lat='35.64651904491' lon='128.40367534588'>
    <tag k='ele' v='19.45953913885' />
  </node>
  <node id='196935' version='1' lat='35.64652249865' lon='128.40376265646'>
    <tag k='ele' v='19.45985021751' />
  </node>
  <node id='196936' version='1' lat='35.64651981108' lon='128.40384005991'>
    <tag k='ele' v='19.42685520698' />
  </node>
  <node id='196946' version='1' lat='35.6473502514' lon='128.40344710694'>
    <tag k='ele' v='19.00139933001' />
  </node>
  <node id='196947' version='1' lat='35.646703765' lon='128.40404476045'>
    <tag k='ele' v='19.49096414434' />
  </node>
  <node id='196949' version='1' lat='35.64732292796' lon='128.40340196641'>
    <tag k='ele' v='19.03403948571' />
  </node>
  <node id='196950' version='1' lat='35.64716233595' lon='128.4035613531'>
    <tag k='ele' v='19.44236493393' />
  </node>
  <node id='196951' version='1' lat='35.6470332567' lon='128.40367939246'>
    <tag k='ele' v='19.52124652119' />
  </node>
  <node id='196952' version='1' lat='35.64693846648' lon='128.40376129333'>
    <tag k='ele' v='19.51944152525' />
  </node>
  <node id='196953' version='1' lat='35.64680320937' lon='128.40386703236'>
    <tag k='ele' v='19.44456246167' />
  </node>
  <node id='196954' version='1' lat='35.64665770122' lon='128.40395990202'>
    <tag k='ele' v='19.44929554397' />
  </node>
  <node id='196962' version='1' lat='35.64651784024' lon='128.40421639532'>
    <tag k='ele' v='19.47084585975' />
  </node>
  <node id='196964' version='1' lat='35.64658412052' lon='128.40403184441'>
    <tag k='ele' v='19.47979521867' />
  </node>
  <node id='196965' version='1' lat='35.6464798349' lon='128.40415020019'>
    <tag k='ele' v='19.43201391625' />
  </node>
  <node id='196966' version='1' lat='35.64642583245' lon='128.40422279116'>
    <tag k='ele' v='19.41178704029' />
  </node>
  <node id='196971' version='1' lat='35.6463633687' lon='128.40278324859'>
    <tag k='ele' v='19.43596093446' />
  </node>
  <node id='196972' version='1' lat='35.64672486827' lon='128.40273242965'>
    <tag k='ele' v='19.3818866655' />
  </node>
  <node id='196973' version='1' lat='35.64697571572' lon='128.40270211674'>
    <tag k='ele' v='18.82835891503' />
  </node>
  <node id='196975' version='1' lat='35.64637654475' lon='128.40287978434'>
    <tag k='ele' v='19.35032005062' />
  </node>
  <node id='196976' version='1' lat='35.64642831609' lon='128.402856089'>
    <tag k='ele' v='19.36937008673' />
  </node>
  <node id='196977' version='1' lat='35.64647951835' lon='128.4028387901'>
    <tag k='ele' v='19.36036537103' />
  </node>
  <node id='196978' version='1' lat='35.64663440388' lon='128.40279675674'>
    <tag k='ele' v='19.37650008359' />
  </node>
  <node id='196979' version='1' lat='35.64682895437' lon='128.40276799523'>
    <tag k='ele' v='19.27109328548' />
  </node>
  <node id='196980' version='1' lat='35.6469795674' lon='128.40275083065'>
    <tag k='ele' v='18.93999782536' />
  </node>
  <node id='196987' version='1' lat='35.65260332166' lon='128.39688850098'>
    <tag k='ele' v='18.46975022403' />
  </node>
  <node id='196988' version='1' lat='35.6526341574' lon='128.39689772464'>
    <tag k='ele' v='18.47471487362' />
  </node>
  <node id='196989' version='1' lat='35.65265863856' lon='128.39690952416'>
    <tag k='ele' v='18.49903288367' />
  </node>
  <node id='196990' version='1' lat='35.65269187783' lon='128.39694020397'>
    <tag k='ele' v='18.50826220303' />
  </node>
  <node id='196992' version='1' lat='35.65259299414' lon='128.39692554688'>
    <tag k='ele' v='18.46162556435' />
  </node>
  <node id='196993' version='1' lat='35.65262330923' lon='128.39694834847'>
    <tag k='ele' v='18.49843031068' />
  </node>
  <node id='196994' version='1' lat='35.65264692152' lon='128.39697830808'>
    <tag k='ele' v='18.49999999786' />
  </node>
  <node id='197000' version='1' lat='35.65270258635' lon='128.39695545448'>
    <tag k='ele' v='18.51000000732' />
  </node>
  <node id='197001' version='1' lat='35.65271490598' lon='128.39696513261'>
    <tag k='ele' v='18.5099999263' />
  </node>
  <node id='197002' version='1' lat='35.65273115422' lon='128.39697106561'>
    <tag k='ele' v='18.5109838644' />
  </node>
  <node id='197003' version='1' lat='35.65274864836' lon='128.39697016418'>
    <tag k='ele' v='18.51013708517' />
  </node>
  <node id='197005' version='1' lat='35.65266990675' lon='128.39700707748'>
    <tag k='ele' v='18.51609955856' />
  </node>
  <node id='197006' version='1' lat='35.65269464094' lon='128.39702423341'>
    <tag k='ele' v='18.51864970367' />
  </node>
  <node id='197007' version='1' lat='35.65272825181' lon='128.39703320114'>
    <tag k='ele' v='18.52668484315' />
  </node>
  <node id='197008' version='1' lat='35.65276016784' lon='128.39702949787'>
    <tag k='ele' v='18.55' />
  </node>
  <node id='197015' version='1' lat='35.65270034676' lon='128.39696306141'>
    <tag k='ele' v='18.50775279729' />
  </node>
  <node id='197016' version='1' lat='35.65270461691' lon='128.39698951422'>
    <tag k='ele' v='18.50268109886' />
  </node>
  <node id='197017' version='1' lat='35.65270256791' lon='128.39701371046'>
    <tag k='ele' v='18.51007688944' />
  </node>
  <node id='197019' version='1' lat='35.65265854468' lon='128.39700196058'>
    <tag k='ele' v='18.51746161274' />
  </node>
  <node id='197023' version='1' lat='35.65276037428' lon='128.3970600592'>
    <tag k='ele' v='18.54723086788' />
  </node>
  <node id='197024' version='1' lat='35.65276375973' lon='128.39698597374'>
    <tag k='ele' v='18.52608621216' />
  </node>
  <node id='197025' version='1' lat='35.65276757085' lon='128.39697024182'>
    <tag k='ele' v='18.52151848893' />
  </node>
  <node id='197026' version='1' lat='35.6527767049' lon='128.39695181358'>
    <tag k='ele' v='18.53322653067' />
  </node>
  <node id='197028' version='1' lat='35.6527900103' lon='128.39706885505'>
    <tag k='ele' v='18.57972357192' />
  </node>
  <node id='197029' version='1' lat='35.65280427473' lon='128.39701860244'>
    <tag k='ele' v='18.58213138339' />
  </node>
  <node id='197030' version='1' lat='35.65281440638' lon='128.39700467394'>
    <tag k='ele' v='18.589' />
  </node>
  <node id='197036' version='1' lat='35.65279008423' lon='128.39694236037'>
    <tag k='ele' v='18.54799007393' />
  </node>
  <node id='197037' version='1' lat='35.65280807533' lon='128.39693542593'>
    <tag k='ele' v='18.5611311715' />
  </node>
  <node id='197038' version='1' lat='35.65285709185' lon='128.39692575992'>
    <tag k='ele' v='18.73915732998' />
  </node>
  <node id='197039' version='1' lat='35.65287275716' lon='128.39693209058'>
    <tag k='ele' v='18.52144078446' />
  </node>
  <node id='197040' version='1' lat='35.65288194053' lon='128.39693129419'>
    <tag k='ele' v='18.60322927757' />
  </node>
  <node id='197041' version='1' lat='35.65291081527' lon='128.39691678858'>
    <tag k='ele' v='18.61736478284' />
  </node>
  <node id='197043' version='1' lat='35.65283438285' lon='128.3969895677'>
    <tag k='ele' v='18.59583556913' />
  </node>
  <node id='197044' version='1' lat='35.65285811954' lon='128.39697728756'>
    <tag k='ele' v='18.59817416901' />
  </node>
  <node id='197045' version='1' lat='35.65292198168' lon='128.39695383394'>
    <tag k='ele' v='18.6208637656' />
  </node>
  <node id='197052' version='1' lat='35.65269138014' lon='128.39704619723'>
    <tag k='ele' v='18.52719953172' />
  </node>
  <node id='197053' version='1' lat='35.65270344735' lon='128.39701492725'>
    <tag k='ele' v='18.51042129077' />
  </node>
  <node id='197054' version='1' lat='35.65271615383' lon='128.39699580362'>
    <tag k='ele' v='18.50154757162' />
  </node>
  <node id='197055' version='1' lat='35.65272843493' lon='128.39698322381'>
    <tag k='ele' v='18.50379953191' />
  </node>
  <node id='197057' version='1' lat='35.65272118881' lon='128.39706351342'>
    <tag k='ele' v='18.53961701879' />
  </node>
  <node id='197058' version='1' lat='35.65273852029' lon='128.39704440406'>
    <tag k='ele' v='18.5534138526' />
  </node>
  <node id='197063' version='1' lat='35.6527618644' lon='128.39696498489'>
    <tag k='ele' v='18.50992541692' />
  </node>
  <node id='197065' version='1' lat='35.65279206866' lon='128.39701876248'>
    <tag k='ele' v='18.56202544947' />
  </node>
  <node id='197069' version='1' lat='35.65278698337' lon='128.39693406701'>
    <tag k='ele' v='18.54849179196' />
  </node>
  <node id='197070' version='1' lat='35.65279227185' lon='128.39690991472'>
    <tag k='ele' v='18.55299176709' />
  </node>
  <node id='197071' version='1' lat='35.65278992764' lon='128.39688512238'>
    <tag k='ele' v='18.54990256737' />
  </node>
  <node id='197072' version='1' lat='35.65277795028' lon='128.39686001408'>
    <tag k='ele' v='18.54920483787' />
  </node>
  <node id='197073' version='1' lat='35.6527581902' lon='128.39684341572'>
    <tag k='ele' v='18.53550721659' />
  </node>
  <node id='197074' version='1' lat='35.65273938608' lon='128.39683858189'>
    <tag k='ele' v='18.52967061648' />
  </node>
  <node id='197075' version='1' lat='35.65272110496' lon='128.39684232183'>
    <tag k='ele' v='18.51942293984' />
  </node>
  <node id='197076' version='1' lat='35.65270070638' lon='128.39685729808'>
    <tag k='ele' v='18.51749918944' />
  </node>
  <node id='197078' version='1' lat='35.65283098328' lon='128.39698315033'>
    <tag k='ele' v='18.58774642729' />
  </node>
  <node id='197079' version='1' lat='35.65284118906' lon='128.39696268257'>
    <tag k='ele' v='18.57561444896' />
  </node>
  <node id='197080' version='1' lat='35.65285126867' lon='128.39691990921'>
    <tag k='ele' v='18.58999972653' />
  </node>
  <node id='197081' version='1' lat='35.65284666805' lon='128.39690616533'>
    <tag k='ele' v='18.5892441112' />
  </node>
  <node id='197082' version='1' lat='35.65284019055' lon='128.39685994756'>
    <tag k='ele' v='18.57989270205' />
  </node>
  <node id='197083' version='1' lat='35.65282114273' lon='128.39682004889'>
    <tag k='ele' v='18.55649201058' />
  </node>
  <node id='197084' version='1' lat='35.65279981027' lon='128.39679609422'>
    <tag k='ele' v='18.52571616318' />
  </node>
  <node id='197085' version='1' lat='35.6527832643' lon='128.3967844399'>
    <tag k='ele' v='18.52027139347' />
  </node>
  <node id='197086' version='1' lat='35.65274661457' lon='128.39677321593'>
    <tag k='ele' v='18.49041955494' />
  </node>
  <node id='197087' version='1' lat='35.65271875275' lon='128.39677457072'>
    <tag k='ele' v='18.50330050322' />
  </node>
  <node id='197088' version='1' lat='35.65270093226' lon='128.39678066372'>
    <tag k='ele' v='18.50075824938' />
  </node>
  <node id='197089' version='1' lat='35.6526831363' lon='128.39679065508'>
    <tag k='ele' v='18.4815266006' />
  </node>
  <node id='197090' version='1' lat='35.65266530918' lon='128.39680640222'>
    <tag k='ele' v='18.50717441161' />
  </node>
  <node id='197101' version='1' lat='35.65268111046' lon='128.39687354425'>
    <tag k='ele' v='18.49449987909' />
  </node>
  <node id='197102' version='1' lat='35.65265321863' lon='128.3968885688'>
    <tag k='ele' v='18.49463616525' />
  </node>
  <node id='197103' version='1' lat='35.65263266773' lon='128.39689481285'>
    <tag k='ele' v='18.47317012934' />
  </node>
  <node id='197104' version='1' lat='35.65260745666' lon='128.39689478665'>
    <tag k='ele' v='18.4670508547' />
  </node>
  <node id='197106' version='1' lat='35.65264882299' lon='128.39682089709'>
    <tag k='ele' v='18.46993973384' />
  </node>
  <node id='197107' version='1' lat='35.65261338687' lon='128.39683328533'>
    <tag k='ele' v='18.43626910825' />
  </node>
  <node id='197113' version='1' lat='35.65268901173' lon='128.3968775508'>
    <tag k='ele' v='18.49366558762' />
  </node>
  <node id='197114' version='1' lat='35.65268433386' lon='128.39689919268'>
    <tag k='ele' v='18.48755456463' />
  </node>
  <node id='197115' version='1' lat='35.65268578641' lon='128.39692119023'>
    <tag k='ele' v='18.4988886961' />
  </node>
  <node id='197117' version='1' lat='35.65264298172' lon='128.39684156075'>
    <tag k='ele' v='18.48119381453' />
  </node>
  <node id='197118' version='1' lat='35.65263098688' lon='128.39688403389'>
    <tag k='ele' v='18.47170186177' />
  </node>
  <node id='197119' version='1' lat='35.65263133208' lon='128.39692948771'>
    <tag k='ele' v='18.47414852539' />
  </node>
  <node id='197120' version='1' lat='35.65263617055' lon='128.39695120275'>
    <tag k='ele' v='18.48749805127' />
  </node>
  <node id='197126' version='1' lat='35.64728443964' lon='128.40165259817'>
    <tag k='ele' v='18.38000002317' />
  </node>
  <node id='197127' version='1' lat='35.647313413' lon='128.40162048421'>
    <tag k='ele' v='18.37272490319' />
  </node>
  <node id='197129' version='1' lat='35.64729532764' lon='128.40168727361'>
    <tag k='ele' v='18.35' />
  </node>
  <node id='197130' version='1' lat='35.64729749907' lon='128.40168183498'>
    <tag k='ele' v='18.3447226359' />
  </node>
  <node id='197131' version='1' lat='35.64733046285' lon='128.40164292911'>
    <tag k='ele' v='18.36438553527' />
  </node>
  <node id='197136' version='1' lat='35.6526601033' lon='128.39713321407'>
    <tag k='ele' v='18.55980280708' />
  </node>
  <node id='197137' version='1' lat='35.65267610196' lon='128.39709969821'>
    <tag k='ele' v='18.55' />
  </node>
  <node id='197138' version='1' lat='35.65268609259' lon='128.39707154134'>
    <tag k='ele' v='18.52851871919' />
  </node>
  <node id='197140' version='1' lat='35.65268847805' lon='128.39715201569'>
    <tag k='ele' v='18.59951199473' />
  </node>
  <node id='197144' version='1' lat='35.65034395797' lon='128.39830828117'>
    <tag k='ele' v='18.34715189169' />
  </node>
  <node id='197145' version='1' lat='35.65038349241' lon='128.39826153267'>
    <tag k='ele' v='18.35796010018' />
  </node>
  <node id='197146' version='1' lat='35.650403997' lon='128.39822436336'>
    <tag k='ele' v='18.36451280762' />
  </node>
  <node id='197147' version='1' lat='35.65040697059' lon='128.39821112874'>
    <tag k='ele' v='18.37370273557' />
  </node>
  <node id='197148' version='1' lat='35.650405854' lon='128.39818355137'>
    <tag k='ele' v='18.39478080212' />
  </node>
  <node id='197149' version='1' lat='35.65039975145' lon='128.39816392449'>
    <tag k='ele' v='18.41140000171' />
  </node>
  <node id='197150' version='1' lat='35.65038964063' lon='128.39814671978'>
    <tag k='ele' v='18.40582919238' />
  </node>
  <node id='197151' version='1' lat='35.65036575349' lon='128.39812604054'>
    <tag k='ele' v='18.38030635218' />
  </node>
  <node id='197152' version='1' lat='35.65034833698' lon='128.39812198702'>
    <tag k='ele' v='18.36302051373' />
  </node>
  <node id='197153' version='1' lat='35.65033093145' lon='128.3981241933'>
    <tag k='ele' v='18.36084805192' />
  </node>
  <node id='197154' version='1' lat='35.65030434431' lon='128.39814236953'>
    <tag k='ele' v='18.35989381531' />
  </node>
  <node id='197155' version='1' lat='35.65025736637' lon='128.39819215607'>
    <tag k='ele' v='18.35508601344' />
  </node>
  <node id='197157' version='1' lat='35.65037589238' lon='128.39835055486'>
    <tag k='ele' v='18.32987166209' />
  </node>
  <node id='197158' version='1' lat='35.65043135814' lon='128.39828393441'>
    <tag k='ele' v='18.31142854534' />
  </node>
  <node id='197159' version='1' lat='35.65044560822' lon='128.39825860052'>
    <tag k='ele' v='18.31235508949' />
  </node>
  <node id='197160' version='1' lat='35.65045232443' lon='128.39823611875'>
    <tag k='ele' v='18.31953738401' />
  </node>
  <node id='197161' version='1' lat='35.65045438696' lon='128.39820049762'>
    <tag k='ele' v='18.33994165894' />
  </node>
  <node id='197162' version='1' lat='35.65044794548' lon='128.39816607555'>
    <tag k='ele' v='18.3683237228' />
  </node>
  <node id='197163' version='1' lat='35.65043994817' lon='128.39814498531'>
    <tag k='ele' v='18.37917106181' />
  </node>
  <node id='197164' version='1' lat='35.65041744538' lon='128.39810799006'>
    <tag k='ele' v='18.37573232241' />
  </node>
  <node id='197165' version='1' lat='35.65039529994' lon='128.39808572222'>
    <tag k='ele' v='18.36080776211' />
  </node>
  <node id='197166' version='1' lat='35.65036880171' lon='128.39807072196'>
    <tag k='ele' v='18.33963968387' />
  </node>
  <node id='197167' version='1' lat='35.65034945323' lon='128.39806762992'>
    <tag k='ele' v='18.32484690276' />
  </node>
  <node id='197168' version='1' lat='35.65033000252' lon='128.39806895641'>
    <tag k='ele' v='18.31422954895' />
  </node>
  <node id='197169' version='1' lat='35.65031143582' lon='128.39807546731'>
    <tag k='ele' v='18.31298412262' />
  </node>
  <node id='197170' version='1' lat='35.65028905875' lon='128.39809152909'>
    <tag k='ele' v='18.31889405961' />
  </node>
  <node id='197171' version='1' lat='35.65022926427' lon='128.39815397619'>
    <tag k='ele' v='18.33007896044' />
  </node>
  <node id='197186' version='1' lat='35.64730729105' lon='128.40161197465'>
    <tag k='ele' v='18.36960687749' />
  </node>
  <node id='197187' version='1' lat='35.64728518461' lon='128.40163681999'>
    <tag k='ele' v='18.37902562427' />
  </node>
  <node id='197189' version='1' lat='35.64729053999' lon='128.40158948894'>
    <tag k='ele' v='18.3231451289' />
  </node>
  <node id='197190' version='1' lat='35.6472607106' lon='128.40162194217'>
    <tag k='ele' v='18.33' />
  </node>
  <node id='197195' version='1' lat='35.64760032921' lon='128.40117299008'>
    <tag k='ele' v='18.09986593555' />
  </node>
  <node id='197196' version='1' lat='35.64753394913' lon='128.4012519086'>
    <tag k='ele' v='18.13917976279' />
  </node>
  <node id='197197' version='1' lat='35.64749498341' lon='128.40130524637'>
    <tag k='ele' v='18.16760799202' />
  </node>
  <node id='197198' version='1' lat='35.64747452559' lon='128.40134355918'>
    <tag k='ele' v='18.18457938335' />
  </node>
  <node id='197199' version='1' lat='35.64742549536' lon='128.40145372146'>
    <tag k='ele' v='18.21126331913' />
  </node>
  <node id='197200' version='1' lat='35.64739863132' lon='128.40150231094'>
    <tag k='ele' v='18.2534986903' />
  </node>
  <node id='197201' version='1' lat='35.64736459929' lon='128.40154690283'>
    <tag k='ele' v='18.32602570673' />
  </node>
  <node id='197203' version='1' lat='35.64757847462' lon='128.40114387917'>
    <tag k='ele' v='18.11990441209' />
  </node>
  <node id='197204' version='1' lat='35.64751081159' lon='128.40122442293'>
    <tag k='ele' v='18.14107347156' />
  </node>
  <node id='197205' version='1' lat='35.64747721404' lon='128.40126942424'>
    <tag k='ele' v='18.16039470788' />
  </node>
  <node id='197206' version='1' lat='35.64745217431' lon='128.4013153572'>
    <tag k='ele' v='18.18480465433' />
  </node>
  <node id='197207' version='1' lat='35.6474057845' lon='128.40142030505'>
    <tag k='ele' v='18.29440482058' />
  </node>
  <node id='197208' version='1' lat='35.6473800868' lon='128.40146998651'>
    <tag k='ele' v='18.31862804094' />
  </node>
  <node id='197209' version='1' lat='35.64734486461' lon='128.40152301775'>
    <tag k='ele' v='18.34328514759' />
  </node>
  <node id='197219' version='1' lat='35.64734655323' lon='128.40158598957'>
    <tag k='ele' v='18.34484983016' />
  </node>
  <node id='197220' version='1' lat='35.64737078266' lon='128.40156611048'>
    <tag k='ele' v='18.35155823119' />
  </node>
  <node id='197221' version='1' lat='35.64746647453' lon='128.40151496855'>
    <tag k='ele' v='18.18436078307' />
  </node>
  <node id='197222' version='1' lat='35.64752639634' lon='128.40147038557'>
    <tag k='ele' v='18.12919910327' />
  </node>
  <node id='197223' version='1' lat='35.64761206586' lon='128.40139347162'>
    <tag k='ele' v='18.10072216933' />
  </node>
  <node id='197224' version='1' lat='35.64769731237' lon='128.40130267979'>
    <tag k='ele' v='18.08023587615' />
  </node>
  <node id='197226' version='1' lat='35.64736211986' lon='128.40161587691'>
    <tag k='ele' v='18.33453788743' />
  </node>
  <node id='197227' version='1' lat='35.64739635044' lon='128.40159226754'>
    <tag k='ele' v='18.30720877067' />
  </node>
  <node id='197228' version='1' lat='35.64748084187' lon='128.40154877354'>
    <tag k='ele' v='18.14291677467' />
  </node>
  <node id='197229' version='1' lat='35.64752799449' lon='128.4015162909'>
    <tag k='ele' v='18.10882870299' />
  </node>
  <node id='197230' version='1' lat='35.64763246079' lon='128.40142426727'>
    <tag k='ele' v='18.07978360085' />
  </node>
  <node id='197231' version='1' lat='35.64771906358' lon='128.40133191374'>
    <tag k='ele' v='18.11103148458' />
  </node>
  <node id='197239' version='1' lat='35.65589472689' lon='128.39270553305'>
    <tag k='ele' v='29.74572550045' />
  </node>
  <node id='197240' version='1' lat='35.65589079871' lon='128.39267887575'>
    <tag k='ele' v='29.76882205023' />
  </node>
  <node id='197241' version='1' lat='35.6558799364' lon='128.39266102413'>
    <tag k='ele' v='29.77566683779' />
  </node>
  <node id='197242' version='1' lat='35.65586755819' lon='128.39265199827'>
    <tag k='ele' v='29.80799478051' />
  </node>
  <node id='197243' version='1' lat='35.65584985274' lon='128.39264720332'>
    <tag k='ele' v='29.83138863872' />
  </node>
  <node id='197244' version='1' lat='35.65583529647' lon='128.39265029157'>
    <tag k='ele' v='29.84754723754' />
  </node>
  <node id='197245' version='1' lat='35.65582276261' lon='128.39266008032'>
    <tag k='ele' v='29.870641085' />
  </node>
  <node id='197247' version='1' lat='35.65594103878' lon='128.39270849365'>
    <tag k='ele' v='29.68727910151' />
  </node>
  <node id='197248' version='1' lat='35.6559399114' lon='128.39268003483'>
    <tag k='ele' v='29.69009729195' />
  </node>
  <node id='197249' version='1' lat='35.6559358597' lon='128.39266164226'>
    <tag k='ele' v='29.69012851486' />
  </node>
  <node id='197250' version='1' lat='35.65592514701' lon='128.39263635397'>
    <tag k='ele' v='29.71010239126' />
  </node>
  <node id='197251' version='1' lat='35.65591521186' lon='128.39262172522'>
    <tag k='ele' v='29.72153822106' />
  </node>
  <node id='197252' version='1' lat='35.65589001141' lon='128.39259973736'>
    <tag k='ele' v='29.76200947838' />
  </node>
  <node id='197253' version='1' lat='35.65587545202' lon='128.39259300767'>
    <tag k='ele' v='29.8008051233' />
  </node>
  <node id='197254' version='1' lat='35.65585236898' lon='128.3925888806'>
    <tag k='ele' v='29.84064652968' />
  </node>
  <node id='197255' version='1' lat='35.65582168592' lon='128.39259484672'>
    <tag k='ele' v='29.8901173942' />
  </node>
  <node id='197256' version='1' lat='35.65580735884' lon='128.39260261054'>
    <tag k='ele' v='29.90093831348' />
  </node>
  <node id='197257' version='1' lat='35.65578846144' lon='128.39261963538'>
    <tag k='ele' v='29.92997011033' />
  </node>
  <node id='197267' version='1' lat='35.65292979952' lon='128.39696901598'>
    <tag k='ele' v='18.63037116371' />
  </node>
  <node id='197268' version='1' lat='35.65302908715' lon='128.39685762554'>
    <tag k='ele' v='18.63133861638' />
  </node>
  <node id='197269' version='1' lat='35.65313021298' lon='128.39673773811'>
    <tag k='ele' v='18.64900028592' />
  </node>
  <node id='197270' version='1' lat='35.65326643047' lon='128.39656118479'>
    <tag k='ele' v='18.60979297517' />
  </node>
  <node id='197271' version='1' lat='35.65343665471' lon='128.39631754387'>
    <tag k='ele' v='18.62085155307' />
  </node>
  <node id='197272' version='1' lat='35.65351941449' lon='128.39618927094'>
    <tag k='ele' v='18.6291512131' />
  </node>
  <node id='197273' version='1' lat='35.65358563375' lon='128.39608010299'>
    <tag k='ele' v='18.62114538858' />
  </node>
  <node id='197275' version='1' lat='35.65295512416' lon='128.39700306012'>
    <tag k='ele' v='18.69086778305' />
  </node>
  <node id='197276' version='1' lat='35.65313847963' lon='128.39678982137'>
    <tag k='ele' v='18.68930013119' />
  </node>
  <node id='197277' version='1' lat='35.65330228029' lon='128.39657808123'>
    <tag k='ele' v='18.67602007014' />
  </node>
  <node id='197278' version='1' lat='35.6533881689' lon='128.39645729246'>
    <tag k='ele' v='18.70755431265' />
  </node>
  <node id='197279' version='1' lat='35.65346386736' lon='128.39634424426'>
    <tag k='ele' v='18.68172238973' />
  </node>
  <node id='197280' version='1' lat='35.65353453782' lon='128.39623307648'>
    <tag k='ele' v='18.6784398737' />
  </node>
  <node id='197281' version='1' lat='35.65361205862' lon='128.3961034111'>
    <tag k='ele' v='18.66009486543' />
  </node>
  <node id='197289' version='1' lat='35.65297975593' lon='128.39703533286'>
    <tag k='ele' v='18.7400959432' />
  </node>
  <node id='197290' version='1' lat='35.65316480773' lon='128.39681986225'>
    <tag k='ele' v='18.74044160176' />
  </node>
  <node id='197291' version='1' lat='35.65331943643' lon='128.39661977565'>
    <tag k='ele' v='18.71956520208' />
  </node>
  <node id='197292' version='1' lat='35.6534076545' lon='128.3964965534'>
    <tag k='ele' v='18.75065029268' />
  </node>
  <node id='197293' version='1' lat='35.65349073403' lon='128.39637262604'>
    <tag k='ele' v='18.73948997763' />
  </node>
  <node id='197294' version='1' lat='35.65356527851' lon='128.39625599452'>
    <tag k='ele' v='18.74057718544' />
  </node>
  <node id='197295' version='1' lat='35.65364087784' lon='128.39612893283'>
    <tag k='ele' v='18.72005313543' />
  </node>
  <node id='197305' version='1' lat='35.65300211523' lon='128.39706448255'>
    <tag k='ele' v='18.79030156737' />
  </node>
  <node id='197306' version='1' lat='35.6532001527' lon='128.39683255836'>
    <tag k='ele' v='18.77929356588' />
  </node>
  <node id='197307' version='1' lat='35.65337295516' lon='128.39660584156'>
    <tag k='ele' v='18.77035692916' />
  </node>
  <node id='197308' version='1' lat='35.65352606813' lon='128.39638177919'>
    <tag k='ele' v='18.78759318484' />
  </node>
  <node id='197309' version='1' lat='35.65366713804' lon='128.39615179199'>
    <tag k='ele' v='18.76073520914' />
  </node>
  <node id='197317' version='1' lat='35.65302359785' lon='128.39709286794'>
    <tag k='ele' v='18.81830586319' />
  </node>
  <node id='197318' version='1' lat='35.65313678554' lon='128.39696550473'>
    <tag k='ele' v='18.79303154399' />
  </node>
  <node id='197319' version='1' lat='35.65318721851' lon='128.3969042837'>
    <tag k='ele' v='18.79777656635' />
  </node>
  <node id='197320' version='1' lat='35.65337205366' lon='128.39666585353'>
    <tag k='ele' v='18.79032326727' />
  </node>
  <node id='197321' version='1' lat='35.65345355267' lon='128.39655210532'>
    <tag k='ele' v='18.8051016662' />
  </node>
  <node id='197322' version='1' lat='35.65352965582' lon='128.396438312'>
    <tag k='ele' v='18.80503378304' />
  </node>
  <node id='197323' version='1' lat='35.65369248876' lon='128.3961750194'>
    <tag k='ele' v='18.79956245377' />
  </node>
  <node id='197331' version='1' lat='35.65369251599' lon='128.39617497452'>
    <tag k='ele' v='18.80182416964' />
  </node>
  <node id='197333' version='1' lat='35.65371600126' lon='128.39620706541'>
    <tag k='ele' v='18.83006537353' />
  </node>
  <node id='197337' version='1' lat='35.65373763353' lon='128.39623697851'>
    <tag k='ele' v='18.84058342503' />
  </node>
  <node id='197341' version='1' lat='35.65375930092' lon='128.39626679114'>
    <tag k='ele' v='18.8787440715' />
  </node>
  <node id='197345' version='1' lat='35.65502626859' lon='128.39505712437'>
    <tag k='ele' v='18.67066709224' />
  </node>
  <node id='197346' version='1' lat='35.65474309606' lon='128.39537494584'>
    <tag k='ele' v='18.68244839698' />
  </node>
  <node id='197348' version='1' lat='35.65500228801' lon='128.39502502346'>
    <tag k='ele' v='18.70991477906' />
  </node>
  <node id='197349' version='1' lat='35.65471914715' lon='128.39534297455'>
    <tag k='ele' v='18.71078609725' />
  </node>
  <node id='197354' version='1' lat='35.65498085' lon='128.3949958603'>
    <tag k='ele' v='18.7398664807' />
  </node>
  <node id='197359' version='1' lat='35.65495907766' lon='128.39496625552'>
    <tag k='ele' v='18.82344902499' />
  </node>
  <node id='197363' version='1' lat='35.64876039498' lon='128.40208954666'>
    <tag k='ele' v='18.50975249175' />
  </node>
  <node id='197364' version='1' lat='35.64827485824' lon='128.40263438879'>
    <tag k='ele' v='18.69039615611' />
  </node>
  <node id='197366' version='1' lat='35.64873662113' lon='128.40205766459'>
    <tag k='ele' v='18.54937121433' />
  </node>
  <node id='197367' version='1' lat='35.64825106137' lon='128.40260257087'>
    <tag k='ele' v='18.71938955559' />
  </node>
  <node id='197372' version='1' lat='35.64871515513' lon='128.40202806175'>
    <tag k='ele' v='18.59898703043' />
  </node>
  <node id='197373' version='1' lat='35.64822923871' lon='128.40257334028'>
    <tag k='ele' v='18.77116101829' />
  </node>
  <node id='197378' version='1' lat='35.64869381326' lon='128.40199870585'>
    <tag k='ele' v='18.63019219974' />
  </node>
  <node id='197379' version='1' lat='35.64820766386' lon='128.40254433953'>
    <tag k='ele' v='18.83061505055' />
  </node>
  <node id='197384' version='1' lat='35.64829290816' lon='128.40239885607'>
    <tag k='ele' v='18.88119402809' />
  </node>
  <node id='197385' version='1' lat='35.64818555983' lon='128.40251449259'>
    <tag k='ele' v='18.86006967382' />
  </node>
  <node id='197390' version='1' lat='35.64793056209' lon='128.40302146234'>
    <tag k='ele' v='18.6905078515' />
  </node>
  <node id='197392' version='1' lat='35.64790662089' lon='128.40298944619'>
    <tag k='ele' v='18.75018414265' />
  </node>
  <node id='197396' version='1' lat='35.64788470754' lon='128.40295976831'>
    <tag k='ele' v='18.80137545629' />
  </node>
  <node id='197400' version='1' lat='35.64786331494' lon='128.40293081362'>
    <tag k='ele' v='18.83930011525' />
  </node>
  <node id='197404' version='1' lat='35.64783913185' lon='128.40289805729'>
    <tag k='ele' v='18.8899406157' />
  </node>
  <node id='197408' version='1' lat='35.64756148717' lon='128.40248515272'>
    <tag k='ele' v='18.67460515854' />
  </node>
  <node id='197409' version='1' lat='35.64773051036' lon='128.4024394874'>
    <tag k='ele' v='18.65737847292' />
  </node>
  <node id='197410' version='1' lat='35.64783840854' lon='128.40240179475'>
    <tag k='ele' v='18.64580917352' />
  </node>
  <node id='197411' version='1' lat='35.64791712454' lon='128.40236939805'>
    <tag k='ele' v='18.64999999364' />
  </node>
  <node id='197412' version='1' lat='35.64801676368' lon='128.40232242653'>
    <tag k='ele' v='18.63761496373' />
  </node>
  <node id='197413' version='1' lat='35.64809164936' lon='128.40228211416'>
    <tag k='ele' v='18.6469088686' />
  </node>
  <node id='197414' version='1' lat='35.64820805446' lon='128.40221187997'>
    <tag k='ele' v='18.625704435' />
  </node>
  <node id='197415' version='1' lat='35.64829984392' lon='128.40214938356'>
    <tag k='ele' v='18.56201048513' />
  </node>
  <node id='197417' version='1' lat='35.64756759972' lon='128.40252836452'>
    <tag k='ele' v='18.73041885545' />
  </node>
  <node id='197418' version='1' lat='35.64766696079' lon='128.40250412271'>
    <tag k='ele' v='18.70490011555' />
  </node>
  <node id='197419' version='1' lat='35.64776390775' lon='128.40247444266'>
    <tag k='ele' v='18.70128608591' />
  </node>
  <node id='197420' version='1' lat='35.64787426888' lon='128.40243398028'>
    <tag k='ele' v='18.70922729483' />
  </node>
  <node id='197421' version='1' lat='35.64795758563' lon='128.40239870243'>
    <tag k='ele' v='18.69989376546' />
  </node>
  <node id='197422' version='1' lat='35.64804388767' lon='128.4023571945'>
    <tag k='ele' v='18.70964764347' />
  </node>
  <node id='197423' version='1' lat='35.64814257962' lon='128.40230165728'>
    <tag k='ele' v='18.6608279824' />
  </node>
  <node id='197424' version='1' lat='35.64825259257' lon='128.40223363352'>
    <tag k='ele' v='18.67409299272' />
  </node>
  <node id='197425' version='1' lat='35.64831835198' lon='128.4021873259'>
    <tag k='ele' v='18.65049840467' />
  </node>
  <node id='197436' version='1' lat='35.64757319716' lon='128.40256768559'>
    <tag k='ele' v='18.76828749213' />
  </node>
  <node id='197437' version='1' lat='35.64765350581' lon='128.40254845346'>
    <tag k='ele' v='18.74869509424' />
  </node>
  <node id='197438' version='1' lat='35.64777271695' lon='128.40251320365'>
    <tag k='ele' v='18.75086519268' />
  </node>
  <node id='197439' version='1' lat='35.647852171' lon='128.40248435188'>
    <tag k='ele' v='18.73310301956' />
  </node>
  <node id='197440' version='1' lat='35.64796195894' lon='128.40243880067'>
    <tag k='ele' v='18.75650041062' />
  </node>
  <node id='197441' version='1' lat='35.6480405152' lon='128.4024013374'>
    <tag k='ele' v='18.7458754412' />
  </node>
  <node id='197442' version='1' lat='35.64813850319' lon='128.40234894143'>
    <tag k='ele' v='18.73051760228' />
  </node>
  <node id='197443' version='1' lat='35.64826099568' lon='128.40227309632'>
    <tag k='ele' v='18.72236924159' />
  </node>
  <node id='197444' version='1' lat='35.64833496492' lon='128.40222147118'>
    <tag k='ele' v='18.70365704121' />
  </node>
  <node id='197455' version='1' lat='35.64757868364' lon='128.40260666837'>
    <tag k='ele' v='18.77976345069' />
  </node>
  <node id='197456' version='1' lat='35.64767406491' lon='128.40258352255'>
    <tag k='ele' v='18.78880865873' />
  </node>
  <node id='197457' version='1' lat='35.64778436825' lon='128.40255007175'>
    <tag k='ele' v='18.80081517511' />
  </node>
  <node id='197458' version='1' lat='35.64789928046' lon='128.40250747594'>
    <tag k='ele' v='18.78494411059' />
  </node>
  <node id='197459' version='1' lat='35.64797831761' lon='128.40247361462'>
    <tag k='ele' v='18.79271861018' />
  </node>
  <node id='197460' version='1' lat='35.64806065569' lon='128.40243424241'>
    <tag k='ele' v='18.78053905636' />
  </node>
  <node id='197461' version='1' lat='35.64816998716' lon='128.40237344362'>
    <tag k='ele' v='18.7772945608' />
  </node>
  <node id='197462' version='1' lat='35.64825036458' lon='128.40232407184'>
    <tag k='ele' v='18.79360606079' />
  </node>
  <node id='197463' version='1' lat='35.64835047408' lon='128.40225544388'>
    <tag k='ele' v='18.76009600551' />
  </node>
  <node id='197474' version='1' lat='35.64758333858' lon='128.40264635368'>
    <tag k='ele' v='18.78041344579' />
  </node>
  <node id='197475' version='1' lat='35.64767126715' lon='128.40262549699'>
    <tag k='ele' v='18.79024063834' />
  </node>
  <node id='197476' version='1' lat='35.64777903759' lon='128.40259366281'>
    <tag k='ele' v='18.84144014255' />
  </node>
  <node id='197477' version='1' lat='35.64785263062' lon='128.40256713673'>
    <tag k='ele' v='18.83732082345' />
  </node>
  <node id='197478' version='1' lat='35.64792482304' lon='128.40253478221'>
    <tag k='ele' v='18.82867647796' />
  </node>
  <node id='197479' version='1' lat='35.64802514177' lon='128.40247849696'>
    <tag k='ele' v='18.8192837862' />
  </node>
  <node id='197480' version='1' lat='35.64812665112' lon='128.40241514623'>
    <tag k='ele' v='18.79900657822' />
  </node>
  <node id='197481' version='1' lat='35.64823989932' lon='128.40233819334'>
    <tag k='ele' v='18.80028778753' />
  </node>
  <node id='197491' version='1' lat='35.6484016572' lon='128.40207065056'>
    <tag k='ele' v='18.46902380705' />
  </node>
  <node id='197492' version='1' lat='35.64852708544' lon='128.40196064118'>
    <tag k='ele' v='18.44188012395' />
  </node>
  <node id='197493' version='1' lat='35.64860531087' lon='128.40188372459'>
    <tag k='ele' v='18.48955834175' />
  </node>
  <node id='197494' version='1' lat='35.64871437003' lon='128.40176215325'>
    <tag k='ele' v='18.63032718821' />
  </node>
  <node id='197496' version='1' lat='35.64842926512' lon='128.40210082617'>
    <tag k='ele' v='18.54212125943' />
  </node>
  <node id='197497' version='1' lat='35.64855627888' lon='128.40198916902'>
    <tag k='ele' v='18.5034859935' />
  </node>
  <node id='197498' version='1' lat='35.64862049854' lon='128.40192598418'>
    <tag k='ele' v='18.53967173636' />
  </node>
  <node id='197499' version='1' lat='35.64873862105' lon='128.40179466834'>
    <tag k='ele' v='18.65029232012' />
  </node>
  <node id='197506' version='1' lat='35.64846780998' lon='128.40211598958'>
    <tag k='ele' v='18.57578564024' />
  </node>
  <node id='197507' version='1' lat='35.64858225816' lon='128.40201434325'>
    <tag k='ele' v='18.5296159205' />
  </node>
  <node id='197508' version='1' lat='35.64865554392' lon='128.4019402207'>
    <tag k='ele' v='18.57058459957' />
  </node>
  <node id='197509' version='1' lat='35.64875997529' lon='128.40182440775'>
    <tag k='ele' v='18.68003126558' />
  </node>
  <node id='197516' version='1' lat='35.6484801822' lon='128.40215318953'>
    <tag k='ele' v='18.6400913048' />
  </node>
  <node id='197517' version='1' lat='35.64859000241' lon='128.40205715593'>
    <tag k='ele' v='18.58015905812' />
  </node>
  <node id='197518' version='1' lat='35.64866412974' lon='128.40198328841'>
    <tag k='ele' v='18.59222621169' />
  </node>
  <node id='197519' version='1' lat='35.64878167259' lon='128.40185374835'>
    <tag k='ele' v='18.71018974138' />
  </node>
  <node id='197526' version='1' lat='35.65468733261' lon='128.39267220567'>
    <tag k='ele' v='19.25876596574' />
  </node>
  <node id='197527' version='1' lat='35.65474357841' lon='128.39247902684'>
    <tag k='ele' v='19.60652040445' />
  </node>
  <node id='197528' version='1' lat='35.65477291246' lon='128.3923922651'>
    <tag k='ele' v='19.74018532524' />
  </node>
  <node id='197529' version='1' lat='35.65481559412' lon='128.39228012829'>
    <tag k='ele' v='19.93439807895' />
  </node>
  <node id='197530' version='1' lat='35.65485750227' lon='128.3921826394'>
    <tag k='ele' v='20.14100930197' />
  </node>
  <node id='197531' version='1' lat='35.65489698548' lon='128.39210156929'>
    <tag k='ele' v='20.31453985276' />
  </node>
  <node id='197532' version='1' lat='35.65493838653' lon='128.39202695486'>
    <tag k='ele' v='20.44509634246' />
  </node>
  <node id='197533' version='1' lat='35.65498823861' lon='128.39194663773'>
    <tag k='ele' v='20.60838760974' />
  </node>
  <node id='197535' version='1' lat='35.65472200909' lon='128.39268612564'>
    <tag k='ele' v='18.80962869061' />
  </node>
  <node id='197536' version='1' lat='35.65476000871' lon='128.39255153891'>
    <tag k='ele' v='18.85772192724' />
  </node>
  <node id='197537' version='1' lat='35.65479433484' lon='128.39244420951'>
    <tag k='ele' v='18.86654872461' />
  </node>
  <node id='197538' version='1' lat='35.65486236345' lon='128.3922645894'>
    <tag k='ele' v='18.91572211187' />
  </node>
  <node id='197539' version='1' lat='35.65493526802' lon='128.39211154473'>
    <tag k='ele' v='18.9618691335' />
  </node>
  <node id='197540' version='1' lat='35.65497794384' lon='128.39203647345'>
    <tag k='ele' v='18.99713067309' />
  </node>
  <node id='197541' version='1' lat='35.6550166439' lon='128.3919758573'>
    <tag k='ele' v='18.99913706301' />
  </node>
  <node id='197549' version='1' lat='35.65475252409' lon='128.39269941391'>
    <tag k='ele' v='18.74800185483' />
  </node>
  <node id='197550' version='1' lat='35.65481491373' lon='128.39248782002'>
    <tag k='ele' v='18.7572495037' />
  </node>
  <node id='197551' version='1' lat='35.65484595654' lon='128.39239762735'>
    <tag k='ele' v='18.75765755948' />
  </node>
  <node id='197552' version='1' lat='35.65488263697' lon='128.3923039272'>
    <tag k='ele' v='18.74848876085' />
  </node>
  <node id='197553' version='1' lat='35.6549175955' lon='128.39222376396'>
    <tag k='ele' v='18.76327597425' />
  </node>
  <node id='197554' version='1' lat='35.65496411775' lon='128.39213074698'>
    <tag k='ele' v='18.76000000104' />
  </node>
  <node id='197555' version='1' lat='35.65499793284' lon='128.39207050182'>
    <tag k='ele' v='18.75802961344' />
  </node>
  <node id='197556' version='1' lat='35.65504104905' lon='128.39200239431'>
    <tag k='ele' v='18.77033718093' />
  </node>
  <node id='197565' version='1' lat='35.6547828166' lon='128.39271235279'>
    <tag k='ele' v='18.71818656197' />
  </node>
  <node id='197566' version='1' lat='35.65483760586' lon='128.39252302304'>
    <tag k='ele' v='18.70720654626' />
  </node>
  <node id='197567' version='1' lat='35.65486817864' lon='128.3924320472'>
    <tag k='ele' v='18.72000001227' />
  </node>
  <node id='197568' version='1' lat='35.65490783977' lon='128.39232858103'>
    <tag k='ele' v='18.729999998' />
  </node>
  <node id='197569' version='1' lat='35.6549427692' lon='128.39224829706'>
    <tag k='ele' v='18.71752077668' />
  </node>
  <node id='197570' version='1' lat='35.65498181696' lon='128.39216822586'>
    <tag k='ele' v='18.73000000908' />
  </node>
  <node id='197571' version='1' lat='35.65502081624' lon='128.3920977677'>
    <tag k='ele' v='18.73936570836' />
  </node>
  <node id='197572' version='1' lat='35.65506478619' lon='128.39202758618'>
    <tag k='ele' v='18.749999996' />
  </node>
  <node id='197583' version='1' lat='35.64762796519' lon='128.4031766518'>
    <tag k='ele' v='18.84118100416' />
  </node>
  <node id='197585' version='1' lat='35.64760995907' lon='128.40315141731'>
    <tag k='ele' v='18.88121741178' />
  </node>
  <node id='197589' version='1' lat='35.65478272052' lon='128.39271276589'>
    <tag k='ele' v='18.71748655108' />
  </node>
  <node id='197590' version='1' lat='35.65479444732' lon='128.39256046294'>
    <tag k='ele' v='18.75821347993' />
  </node>
  <node id='197591' version='1' lat='35.65480752021' lon='128.39244114026'>
    <tag k='ele' v='18.79464039123' />
  </node>
  <node id='197592' version='1' lat='35.65481590142' lon='128.39238864209'>
    <tag k='ele' v='18.87245439147' />
  </node>
  <node id='197593' version='1' lat='35.65484011268' lon='128.39228637948'>
    <tag k='ele' v='19.15096039997' />
  </node>
  <node id='197594' version='1' lat='35.65486112523' lon='128.39221284608'>
    <tag k='ele' v='19.47108851138' />
  </node>
  <node id='197595' version='1' lat='35.65489646449' lon='128.39211730159'>
    <tag k='ele' v='19.99072543097' />
  </node>
  <node id='197596' version='1' lat='35.65494936138' lon='128.39200964155'>
    <tag k='ele' v='20.44127803859' />
  </node>
  <node id='197598' version='1' lat='35.65481838355' lon='128.39271568803'>
    <tag k='ele' v='18.68749739481' />
  </node>
  <node id='197599' version='1' lat='35.65482716607' lon='128.39258244188'>
    <tag k='ele' v='18.69957376445' />
  </node>
  <node id='197600' version='1' lat='35.65483829713' lon='128.39247467034'>
    <tag k='ele' v='18.72710394647' />
  </node>
  <node id='197601' version='1' lat='35.65484977775' lon='128.39239951659'>
    <tag k='ele' v='18.75416893697' />
  </node>
  <node id='197602' version='1' lat='35.65487374587' lon='128.3923001778'>
    <tag k='ele' v='18.75996263931' />
  </node>
  <node id='197603' version='1' lat='35.65489413611' lon='128.3922298027'>
    <tag k='ele' v='18.79738421579' />
  </node>
  <node id='197604' version='1' lat='35.65492815007' lon='128.39213883312'>
    <tag k='ele' v='18.90242972267' />
  </node>
  <node id='197605' version='1' lat='35.65497946728' lon='128.39203548538'>
    <tag k='ele' v='18.99025816117' />
  </node>
  <node id='197616' version='1' lat='35.65485005194' lon='128.39271831571'>
    <tag k='ele' v='18.6795405398' />
  </node>
  <node id='197617' version='1' lat='35.65485806541' lon='128.39260347034'>
    <tag k='ele' v='18.67645732472' />
  </node>
  <node id='197618' version='1' lat='35.65486792403' lon='128.39252139233'>
    <tag k='ele' v='18.69055261294' />
  </node>
  <node id='197619' version='1' lat='35.6548865598' lon='128.39241500129'>
    <tag k='ele' v='18.72863832525' />
  </node>
  <node id='197620' version='1' lat='35.65490609111' lon='128.39233372762'>
    <tag k='ele' v='18.7260167925' />
  </node>
  <node id='197621' version='1' lat='35.65494140196' lon='128.39221755848'>
    <tag k='ele' v='18.74117684555' />
  </node>
  <node id='197622' version='1' lat='35.65496525877' lon='128.39215510734'>
    <tag k='ele' v='18.73702178884' />
  </node>
  <node id='197623' version='1' lat='35.65500611739' lon='128.39206299524'>
    <tag k='ele' v='18.76037324777' />
  </node>
  <node id='197634' version='1' lat='35.65488285724' lon='128.39272077402'>
    <tag k='ele' v='18.66860313619' />
  </node>
  <node id='197635' version='1' lat='35.65488811776' lon='128.39263014459'>
    <tag k='ele' v='18.64802077435' />
  </node>
  <node id='197636' version='1' lat='35.65489931203' lon='128.39252482228'>
    <tag k='ele' v='18.66193951963' />
  </node>
  <node id='197637' version='1' lat='35.65491441898' lon='128.3924384323'>
    <tag k='ele' v='18.6827218641' />
  </node>
  <node id='197638' version='1' lat='35.65493204637' lon='128.39236139626'>
    <tag k='ele' v='18.70760091091' />
  </node>
  <node id='197639' version='1' lat='35.65495659907' lon='128.39227905307'>
    <tag k='ele' v='18.70908097623' />
  </node>
  <node id='197640' version='1' lat='35.65498973566' lon='128.39218702533'>
    <tag k='ele' v='18.72627134758' />
  </node>
  <node id='197641' version='1' lat='35.65502849684' lon='128.39209605036'>
    <tag k='ele' v='18.73321948012' />
  </node>
  <node id='197652' version='1' lat='35.65405032055' lon='128.39577325496'>
    <tag k='ele' v='18.79953134981' />
  </node>
  <node id='197654' version='1' lat='35.65407421441' lon='128.39580532201'>
    <tag k='ele' v='18.7907340774' />
  </node>
  <node id='197658' version='1' lat='35.65409605148' lon='128.39583521086'>
    <tag k='ele' v='18.83997496235' />
  </node>
  <node id='197662' version='1' lat='35.65411772111' lon='128.39586480883'>
    <tag k='ele' v='18.87913886913' />
  </node>
  <node id='197666' version='1' lat='35.65458795698' lon='128.3951692831'>
    <tag k='ele' v='18.76982203993' />
  </node>
  <node id='197667' version='1' lat='35.65465502097' lon='128.39508329996'>
    <tag k='ele' v='18.72008070431' />
  </node>
  <node id='197668' version='1' lat='35.65471803117' lon='128.39498912037'>
    <tag k='ele' v='18.70005115906' />
  </node>
  <node id='197669' version='1' lat='35.65476278391' lon='128.39490733654'>
    <tag k='ele' v='18.71003795987' />
  </node>
  <node id='197670' version='1' lat='35.65480704529' lon='128.39480795595'>
    <tag k='ele' v='18.71004438458' />
  </node>
  <node id='197672' version='1' lat='35.65461253423' lon='128.39520061163'>
    <tag k='ele' v='18.78233010694' />
  </node>
  <node id='197673' version='1' lat='35.65468214839' lon='128.39511248053'>
    <tag k='ele' v='18.75502271239' />
  </node>
  <node id='197674' version='1' lat='35.65474694388' lon='128.39501480677'>
    <tag k='ele' v='18.71999999795' />
  </node>
  <node id='197675' version='1' lat='35.65479305014' lon='128.39492942719'>
    <tag k='ele' v='18.72816806775' />
  </node>
  <node id='197676' version='1' lat='35.65483881893' lon='128.39482738984'>
    <tag k='ele' v='18.7304894979' />
  </node>
  <node id='197684' version='1' lat='35.65470084381' lon='128.39514617392'>
    <tag k='ele' v='18.77974523258' />
  </node>
  <node id='197685' version='1' lat='35.65477083905' lon='128.39504102215'>
    <tag k='ele' v='18.75098050488' />
  </node>
  <node id='197686' version='1' lat='35.65482424106' lon='128.39494233277'>
    <tag k='ele' v='18.74898753149' />
  </node>
  <node id='197687' version='1' lat='35.65486765314' lon='128.3948456891'>
    <tag k='ele' v='18.77944912909' />
  </node>
  <node id='197695' version='1' lat='35.65472407262' lon='128.39517725367'>
    <tag k='ele' v='18.81878799083' />
  </node>
  <node id='197696' version='1' lat='35.65478470375' lon='128.39509218824'>
    <tag k='ele' v='18.81088557925' />
  </node>
  <node id='197697' version='1' lat='35.65484289162' lon='128.39498986711'>
    <tag k='ele' v='18.78546674441' />
  </node>
  <node id='197698' version='1' lat='35.65490030888' lon='128.3948660764'>
    <tag k='ele' v='18.83058354842' />
  </node>
  <node id='197705' version='1' lat='35.65430927387' lon='128.39548303756'>
    <tag k='ele' v='18.81989226617' />
  </node>
  <node id='197707' version='1' lat='35.65433333051' lon='128.39551528062'>
    <tag k='ele' v='18.84065169996' />
  </node>
  <node id='197711' version='1' lat='35.65435468543' lon='128.39554486615'>
    <tag k='ele' v='18.85872403268' />
  </node>
  <node id='197715' version='1' lat='35.65437642958' lon='128.39557489684'>
    <tag k='ele' v='18.89079120105' />
  </node>
  <node id='197726' version='1' lat='35.65483934265' lon='128.39350354351'>
    <tag k='ele' v='18.81202585459' />
  </node>
  <node id='197727' version='1' lat='35.65480675926' lon='128.39325598271'>
    <tag k='ele' v='18.82981497627' />
  </node>
  <node id='197728' version='1' lat='35.65478831546' lon='128.39304612613'>
    <tag k='ele' v='18.78912982673' />
  </node>
  <node id='197729' version='1' lat='35.65478014738' lon='128.39289064284'>
    <tag k='ele' v='18.73051827698' />
  </node>
  <node id='197731' version='1' lat='35.65487448799' lon='128.39349632009'>
    <tag k='ele' v='18.81000000115' />
  </node>
  <node id='197732' version='1' lat='35.65483952369' lon='128.39322263072'>
    <tag k='ele' v='18.7720661298' />
  </node>
  <node id='197733' version='1' lat='35.65482375893' lon='128.39304259017'>
    <tag k='ele' v='18.72294654895' />
  </node>
  <node id='197734' version='1' lat='35.65481565947' lon='128.39287269208'>
    <tag k='ele' v='18.69010972457' />
  </node>
  <node id='197741' version='1' lat='35.65490703136' lon='128.39348982217'>
    <tag k='ele' v='18.80963250371' />
  </node>
  <node id='197742' version='1' lat='35.65487343737' lon='128.39323365752'>
    <tag k='ele' v='18.72957621421' />
  </node>
  <node id='197743' version='1' lat='35.65485521038' lon='128.39303601777'>
    <tag k='ele' v='18.67999999857' />
  </node>
  <node id='197744' version='1' lat='35.65484804822' lon='128.39287191204'>
    <tag k='ele' v='18.66945259765' />
  </node>
  <node id='197751' version='1' lat='35.65493861961' lon='128.39348345069'>
    <tag k='ele' v='18.81984697543' />
  </node>
  <node id='197752' version='1' lat='35.65490699989' lon='128.3932469459'>
    <tag k='ele' v='18.69998933223' />
  </node>
  <node id='197753' version='1' lat='35.65488761007' lon='128.39303381165'>
    <tag k='ele' v='18.65044706836' />
  </node>
  <node id='197754' version='1' lat='35.6548801873' lon='128.39288554633'>
    <tag k='ele' v='18.63228167403' />
  </node>
  <node id='197761' version='1' lat='35.64693352725' lon='128.40203971011'>
    <tag k='ele' v='18.37753431984' />
  </node>
  <node id='197763' version='1' lat='35.64695186534' lon='128.40206390493'>
    <tag k='ele' v='18.31021359432' />
  </node>
  <node id='197764' version='1' lat='35.64706261285' lon='128.40194066217'>
    <tag k='ele' v='18.28435993159' />
  </node>
  <node id='197769' version='1' lat='35.64693351837' lon='128.40203971975'>
    <tag k='ele' v='18.37755168396' />
  </node>
  <node id='197771' version='1' lat='35.64703212164' lon='128.40188385844'>
    <tag k='ele' v='18.3108936168' />
  </node>
  <node id='197772' version='1' lat='35.64691542366' lon='128.40201518628'>
    <tag k='ele' v='18.33994585318' />
  </node>
  <node id='197776' version='1' lat='35.64679638748' lon='128.4021940166'>
    <tag k='ele' v='18.37248300084' />
  </node>
  <node id='197778' version='1' lat='35.64681450548' lon='128.40221831467'>
    <tag k='ele' v='18.32710686563' />
  </node>
  <node id='197782' version='1' lat='35.64684806688' lon='128.40213476623'>
    <tag k='ele' v='18.39' />
  </node>
  <node id='197783' version='1' lat='35.64685577416' lon='128.40211468624'>
    <tag k='ele' v='18.08397942012' />
  </node>
  <node id='197784' version='1' lat='35.64685953629' lon='128.40208622564'>
    <tag k='ele' v='18.37382392173' />
  </node>
  <node id='197785' version='1' lat='35.64685621467' lon='128.40206402489'>
    <tag k='ele' v='18.40412684442' />
  </node>
  <node id='197786' version='1' lat='35.64684933268' lon='128.40204570833'>
    <tag k='ele' v='18.37640700887' />
  </node>
  <node id='197787' version='1' lat='35.64680131561' lon='128.40198029663'>
    <tag k='ele' v='18.56602151313' />
  </node>
  <node id='197789' version='1' lat='35.64687019226' lon='128.40215422908'>
    <tag k='ele' v='18.32701615957' />
  </node>
  <node id='197790' version='1' lat='35.64688099357' lon='128.40213073262'>
    <tag k='ele' v='18.33885847771' />
  </node>
  <node id='197791' version='1' lat='35.64688717628' lon='128.40209406873'>
    <tag k='ele' v='18.36966972012' />
  </node>
  <node id='197792' version='1' lat='35.64688436582' lon='128.40206145681'>
    <tag k='ele' v='18.36534883098' />
  </node>
  <node id='197793' version='1' lat='35.64687635435' lon='128.40203715251'>
    <tag k='ele' v='18.365' />
  </node>
  <node id='197794' version='1' lat='35.64685325927' lon='128.40200000378'>
    <tag k='ele' v='18.32553451216' />
  </node>
  <node id='197795' version='1' lat='35.64682124227' lon='128.40195733634'>
    <tag k='ele' v='18.31082839503' />
  </node>
  <node id='197804' version='1' lat='35.64681838727' lon='128.40216934404'>
    <tag k='ele' v='18.38018922631' />
  </node>
  <node id='197806' version='1' lat='35.64680072195' lon='128.4021446464'>
    <tag k='ele' v='18.32' />
  </node>
  <node id='197810' version='1' lat='35.64691946107' lon='128.40205001315'>
    <tag k='ele' v='18.1967487772' />
  </node>
  <node id='197811' version='1' lat='35.64690107408' lon='128.40205338806'>
    <tag k='ele' v='18.3576771705' />
  </node>
  <node id='197812' version='1' lat='35.64687845271' lon='128.4020513755'>
    <tag k='ele' v='18.38196842714' />
  </node>
  <node id='197813' version='1' lat='35.64685592282' lon='128.40204333078'>
    <tag k='ele' v='18.37551402321' />
  </node>
  <node id='197814' version='1' lat='35.64683813958' lon='128.40202882735'>
    <tag k='ele' v='18.37' />
  </node>
  <node id='197816' version='1' lat='35.64689524587' lon='128.40202178798'>
    <tag k='ele' v='18.35459039958' />
  </node>
  <node id='197817' version='1' lat='35.646870791' lon='128.40201421682'>
    <tag k='ele' v='18.33894658129' />
  </node>
  <node id='197818' version='1' lat='35.64685289445' lon='128.40199819019'>
    <tag k='ele' v='18.32111839739' />
  </node>
  <node id='197824' version='1' lat='35.64678339225' lon='128.40195597607'>
    <tag k='ele' v='18.35990288535' />
  </node>
  <node id='197825' version='1' lat='35.64684711789' lon='128.40204211961'>
    <tag k='ele' v='18.40417434437' />
  </node>
  <node id='197826' version='1' lat='35.64685840676' lon='128.40207417325'>
    <tag k='ele' v='18.38261133171' />
  </node>
  <node id='197827' version='1' lat='35.64685907626' lon='128.40209608985'>
    <tag k='ele' v='18.39313401137' />
  </node>
  <node id='197828' version='1' lat='35.6468522445' lon='128.40212642836'>
    <tag k='ele' v='18.37754144547' />
  </node>
  <node id='197829' version='1' lat='35.64684436395' lon='128.4021403318'>
    <tag k='ele' v='18.37812580828' />
  </node>
  <node id='197831' version='1' lat='35.64676347451' lon='128.40197829067'>
    <tag k='ele' v='18.31839533386' />
  </node>
  <node id='197832' version='1' lat='35.64681689205' lon='128.40205081359'>
    <tag k='ele' v='18.3485337264' />
  </node>
  <node id='197833' version='1' lat='35.64682913862' lon='128.40207801203'>
    <tag k='ele' v='18.35432176465' />
  </node>
  <node id='197834' version='1' lat='35.64683021387' lon='128.40209454017'>
    <tag k='ele' v='18.34' />
  </node>
  <node id='197835' version='1' lat='35.64682706758' lon='128.40211060101'>
    <tag k='ele' v='18.33526138303' />
  </node>
  <node id='197843' version='1' lat='35.64683596629' lon='128.40202629606'>
    <tag k='ele' v='18.36177067672' />
  </node>
  <node id='197844' version='1' lat='35.64685244797' lon='128.40204145521'>
    <tag k='ele' v='18.38178669344' />
  </node>
  <node id='197845' version='1' lat='35.64687901661' lon='128.40205152941'>
    <tag k='ele' v='18.38066671383' />
  </node>
  <node id='197846' version='1' lat='35.64690099164' lon='128.40205338835'>
    <tag k='ele' v='18.35779660488' />
  </node>
  <node id='197847' version='1' lat='35.64691995513' lon='128.40204982918'>
    <tag k='ele' v='18.19526446333' />
  </node>
  <node id='197849' version='1' lat='35.6468273714' lon='128.40206236279'>
    <tag k='ele' v='18.36222965431' />
  </node>
  <node id='197850' version='1' lat='35.64685838359' lon='128.40208400859'>
    <tag k='ele' v='18.37' />
  </node>
  <node id='197851' version='1' lat='35.64688897182' lon='128.40209235728'>
    <tag k='ele' v='18.36826881691' />
  </node>
  <node id='197852' version='1' lat='35.64690670853' lon='128.40209188154'>
    <tag k='ele' v='18.34895006763' />
  </node>
  <node id='197853' version='1' lat='35.64693446448' lon='128.40208034113'>
    <tag k='ele' v='18.31726230066' />
  </node>
  <node id='197861' version='1' lat='35.64651736127' lon='128.40159997358'>
    <tag k='ele' v='18.35925895423' />
  </node>
  <node id='197863' version='1' lat='35.64649690928' lon='128.4016225317'>
    <tag k='ele' v='18.33871591235' />
  </node>
  <node id='197867' version='1' lat='35.64653260464' lon='128.40162050785'>
    <tag k='ele' v='18.38815690278' />
  </node>
  <node id='197869' version='1' lat='35.64655233865' lon='128.40159829947'>
    <tag k='ele' v='18.34986228948' />
  </node>
  <node id='197873' version='1' lat='35.65367968727' lon='128.39591655613'>
    <tag k='ele' v='18.62052086149' />
  </node>
  <node id='197874' version='1' lat='35.65376838299' lon='128.39574977113'>
    <tag k='ele' v='18.6310752906' />
  </node>
  <node id='197876' version='1' lat='35.65370490739' lon='128.395937114'>
    <tag k='ele' v='18.66857761004' />
  </node>
  <node id='197877' version='1' lat='35.65379234545' lon='128.3957680293'>
    <tag k='ele' v='18.66543842417' />
  </node>
  <node id='197882' version='1' lat='35.65374482979' lon='128.39594186887'>
    <tag k='ele' v='18.72114367896' />
  </node>
  <node id='197883' version='1' lat='35.65382262403' lon='128.39579090033'>
    <tag k='ele' v='18.71958488972' />
  </node>
  <node id='197888' version='1' lat='35.65376536044' lon='128.39597624757'>
    <tag k='ele' v='18.75838260586' />
  </node>
  <node id='197889' version='1' lat='35.65385007401' lon='128.39581193508'>
    <tag k='ele' v='18.76427489685' />
  </node>
  <node id='197894' version='1' lat='35.6537949041' lon='128.39599407032'>
    <tag k='ele' v='18.79966516289' />
  </node>
  <node id='197895' version='1' lat='35.6538774344' lon='128.39583199584'>
    <tag k='ele' v='18.79496652447' />
  </node>
  <node id='197900' version='1' lat='35.64677684099' lon='128.40221601027'>
    <tag k='ele' v='18.37091598412' />
  </node>
  <node id='197902' version='1' lat='35.64679470878' lon='128.40224054436'>
    <tag k='ele' v='18.33196455562' />
  </node>
  <node id='197906' version='1' lat='35.64700839874' lon='128.4005728837'>
    <tag k='ele' v='18.61919300215' />
  </node>
  <node id='197907' version='1' lat='35.64746319325' lon='128.40001672735'>
    <tag k='ele' v='18.62927200278' />
  </node>
  <node id='197909' version='1' lat='35.64703094802' lon='128.40059833599'>
    <tag k='ele' v='18.58079381924' />
  </node>
  <node id='197910' version='1' lat='35.64748402389' lon='128.40004244906'>
    <tag k='ele' v='18.623' />
  </node>
  <node id='197915' version='1' lat='35.64931355596' lon='128.39823249002'>
    <tag k='ele' v='18.69857241404' />
  </node>
  <node id='197916' version='1' lat='35.64927618552' lon='128.39818879639'>
    <tag k='ele' v='18.70718178587' />
  </node>
  <node id='197917' version='1' lat='35.64925308643' lon='128.39816742426'>
    <tag k='ele' v='18.73112996028' />
  </node>
  <node id='197918' version='1' lat='35.64921915219' lon='128.39814506557'>
    <tag k='ele' v='18.70958556607' />
  </node>
  <node id='197919' version='1' lat='35.64918383101' lon='128.39813099181'>
    <tag k='ele' v='18.70979980529' />
  </node>
  <node id='197921' version='1' lat='35.64933619502' lon='128.39820864815'>
    <tag k='ele' v='18.6126067264' />
  </node>
  <node id='197922' version='1' lat='35.64929496087' lon='128.39816011788'>
    <tag k='ele' v='18.62377969336' />
  </node>
  <node id='197923' version='1' lat='35.64926940641' lon='128.39813684776'>
    <tag k='ele' v='18.62281520353' />
  </node>
  <node id='197924' version='1' lat='35.64923652785' lon='128.39811485545'>
    <tag k='ele' v='18.61643209093' />
  </node>
  <node id='197925' version='1' lat='35.64919172832' lon='128.39809280746'>
    <tag k='ele' v='18.58848905651' />
  </node>
  <node id='197933' version='1' lat='35.64930573151' lon='128.39843945695'>
    <tag k='ele' v='18.63884787347' />
  </node>
  <node id='197934' version='1' lat='35.6486738585' lon='128.39914965715'>
    <tag k='ele' v='18.6381426392' />
  </node>
  <node id='197936' version='1' lat='35.64928604241' lon='128.39841396452'>
    <tag k='ele' v='18.57473973714' />
  </node>
  <node id='197937' version='1' lat='35.64865456963' lon='128.39912393478'>
    <tag k='ele' v='18.58038288656' />
  </node>
  <node id='197942' version='1' lat='35.64956945106' lon='128.39857674485'>
    <tag k='ele' v='18.55' />
  </node>
  <node id='197943' version='1' lat='35.64953716804' lon='128.39853264021'>
    <tag k='ele' v='18.53054111438' />
  </node>
  <node id='197945' version='1' lat='35.64959056925' lon='128.39855319722'>
    <tag k='ele' v='18.50191304079' />
  </node>
  <node id='197946' version='1' lat='35.64955869782' lon='128.39850851459'>
    <tag k='ele' v='18.52899679585' />
  </node>
  <node id='197951' version='1' lat='35.64951746738' lon='128.39850630837'>
    <tag k='ele' v='18.6213372514' />
  </node>
  <node id='197952' version='1' lat='35.64957040576' lon='128.39857804954'>
    <tag k='ele' v='18.55' />
  </node>
  <node id='197954' version='1' lat='35.64949586641' lon='128.398530266'>
    <tag k='ele' v='18.58664881281' />
  </node>
  <node id='197955' version='1' lat='35.64954784083' lon='128.39860027408'>
    <tag k='ele' v='18.50873670545' />
  </node>
  <node id='197960' version='1' lat='35.64869434972' lon='128.39922571318'>
    <tag k='ele' v='18.64927321593' />
  </node>
  <node id='197961' version='1' lat='35.64932616933' lon='128.39851645462'>
    <tag k='ele' v='18.61961860429' />
  </node>
  <node id='197963' version='1' lat='35.64871577185' lon='128.39925484864'>
    <tag k='ele' v='18.62152839647' />
  </node>
  <node id='197964' version='1' lat='35.64934924931' lon='128.3985476091'>
    <tag k='ele' v='18.55792981611' />
  </node>
  <node id='197969' version='1' lat='35.64807081709' lon='128.39982619897'>
    <tag k='ele' v='18.59370897051' />
  </node>
  <node id='197970' version='1' lat='35.64784054948' lon='128.40008465877'>
    <tag k='ele' v='18.66010702942' />
  </node>
  <node id='197972' version='1' lat='35.64805379058' lon='128.39980338758'>
    <tag k='ele' v='18.5790263143' />
  </node>
  <node id='197973' version='1' lat='35.64782343402' lon='128.40006189414'>
    <tag k='ele' v='18.61874866081' />
  </node>
  <node id='197978' version='1' lat='35.6487401241' lon='128.39951102657'>
    <tag k='ele' v='18.43' />
  </node>
  <node id='197979' version='1' lat='35.64870003269' lon='128.39945736228'>
    <tag k='ele' v='18.49774882176' />
  </node>
  <node id='197981' version='1' lat='35.64876076044' lon='128.39948546215'>
    <tag k='ele' v='18.42796498752' />
  </node>
  <node id='197982' version='1' lat='35.64872132987' lon='128.39943272055'>
    <tag k='ele' v='18.46990910705' />
  </node>
  <node id='197987' version='1' lat='35.64868020336' lon='128.3994306367'>
    <tag k='ele' v='18.52848297548' />
  </node>
  <node id='197988' version='1' lat='35.64873986888' lon='128.39951068741'>
    <tag k='ele' v='18.43' />
  </node>
  <node id='197990' version='1' lat='35.64865949844' lon='128.39945344252'>
    <tag k='ele' v='18.51823919178' />
  </node>
  <node id='197991' version='1' lat='35.64871861261' lon='128.39953398026'>
    <tag k='ele' v='18.42305638983' />
  </node>
  <node id='197996' version='1' lat='35.64687791449' lon='128.40140223273'>
    <tag k='ele' v='18.65706855427' />
  </node>
  <node id='197997' version='1' lat='35.64694826242' lon='128.40149957103'>
    <tag k='ele' v='18.56649407861' />
  </node>
  <node id='197998' version='1' lat='35.64706044256' lon='128.40164115599'>
    <tag k='ele' v='18.40040963764' />
  </node>
  <node id='198000' version='1' lat='35.64685399626' lon='128.4014275459'>
    <tag k='ele' v='18.70441748241' />
  </node>
  <node id='198001' version='1' lat='35.64694184645' lon='128.40154465051'>
    <tag k='ele' v='18.5896170021' />
  </node>
  <node id='198002' version='1' lat='35.6469753964' lon='128.40158451819'>
    <tag k='ele' v='18.54659806771' />
  </node>
  <node id='198003' version='1' lat='35.64700343922' lon='128.40160634814'>
    <tag k='ele' v='18.50039570822' />
  </node>
  <node id='198004' version='1' lat='35.64704009882' lon='128.40162522331'>
    <tag k='ele' v='18.43401619594' />
  </node>
  <node id='198009' version='1' lat='35.64690226733' lon='128.40137499009'>
    <tag k='ele' v='18.59048556256' />
  </node>
  <node id='198010' version='1' lat='35.64705182041' lon='128.4015763001'>
    <tag k='ele' v='18.46588158405' />
  </node>
  <node id='198011' version='1' lat='35.64707730552' lon='128.40161910685'>
    <tag k='ele' v='18.43934726135' />
  </node>
  <node id='198016' version='1' lat='35.64764175756' lon='128.40030753376'>
    <tag k='ele' v='18.69255389054' />
  </node>
  <node id='198017' version='1' lat='35.64699678541' lon='128.40103062072'>
    <tag k='ele' v='18.61204992779' />
  </node>
  <node id='198019' version='1' lat='35.64762518156' lon='128.40028367479'>
    <tag k='ele' v='18.65212231336' />
  </node>
  <node id='198020' version='1' lat='35.64697923138' lon='128.4010073385'>
    <tag k='ele' v='18.599897796' />
  </node>
  <node id='198025' version='1' lat='35.64682363579' lon='128.40095355553'>
    <tag k='ele' v='18.64782292648' />
  </node>
  <node id='198026' version='1' lat='35.64685485121' lon='128.40081406316'>
    <tag k='ele' v='18.59939066121' />
  </node>
  <node id='198027' version='1' lat='35.64688194875' lon='128.40073498808'>
    <tag k='ele' v='18.56666984766' />
  </node>
  <node id='198028' version='1' lat='35.64690853828' lon='128.40069492886'>
    <tag k='ele' v='18.5529274522' />
  </node>
  <node id='198030' version='1' lat='35.6468535062' lon='128.4009588986'>
    <tag k='ele' v='18.70112523682' />
  </node>
  <node id='198031' version='1' lat='35.64687091651' lon='128.40086251147'>
    <tag k='ele' v='18.67913300548' />
  </node>
  <node id='198032' version='1' lat='35.64688408757' lon='128.4008160579'>
    <tag k='ele' v='18.65084149448' />
  </node>
  <node id='198033' version='1' lat='35.64690509837' lon='128.40075811303'>
    <tag k='ele' v='18.6199105652' />
  </node>
  <node id='198034' version='1' lat='35.64691847583' lon='128.40073793304'>
    <tag k='ele' v='18.60159552661' />
  </node>
  <node id='198041' version='1' lat='35.64757794288' lon='128.39999895002'>
    <tag k='ele' v='18.64474508331' />
  </node>
  <node id='198042' version='1' lat='35.6476387605' lon='128.40007967259'>
    <tag k='ele' v='18.67920908516' />
  </node>
  <node id='198044' version='1' lat='35.64755549516' lon='128.40002491873'>
    <tag k='ele' v='18.64396714204' />
  </node>
  <node id='198045' version='1' lat='35.64757278358' lon='128.40004236272'>
    <tag k='ele' v='18.6411458013' />
  </node>
  <node id='198046' version='1' lat='35.64761820709' lon='128.40010305476'>
    <tag k='ele' v='18.66429137457' />
  </node>
  <node id='198051' version='1' lat='35.64790838496' lon='128.40044058316'>
    <tag k='ele' v='18.33080143886' />
  </node>
  <node id='198052' version='1' lat='35.64787022584' lon='128.4003891769'>
    <tag k='ele' v='18.42916529341' />
  </node>
  <node id='198054' version='1' lat='35.64792994495' lon='128.40041621689'>
    <tag k='ele' v='18.35821308074' />
  </node>
  <node id='198055' version='1' lat='35.64789148182' lon='128.40036522945'>
    <tag k='ele' v='18.42094829459' />
  </node>
  <node id='198060' version='1' lat='35.64785057823' lon='128.40036289392'>
    <tag k='ele' v='18.48' />
  </node>
  <node id='198061' version='1' lat='35.64790802658' lon='128.40044011172'>
    <tag k='ele' v='18.33044064565' />
  </node>
  <node id='198063' version='1' lat='35.64782947438' lon='128.40038604786'>
    <tag k='ele' v='18.35714264217' />
  </node>
  <node id='198064' version='1' lat='35.64788676141' lon='128.40046382365'>
    <tag k='ele' v='18.32824672065' />
  </node>
  <node id='198069' version='1' lat='35.64765814684' lon='128.40010567694'>
    <tag k='ele' v='18.69794226219' />
  </node>
  <node id='198070' version='1' lat='35.64757818178' lon='128.39999926174'>
    <tag k='ele' v='18.64134634573' />
  </node>
  <node id='198072' version='1' lat='35.64767915185' lon='128.40008323748'>
    <tag k='ele' v='18.64323673707' />
  </node>
  <node id='198073' version='1' lat='35.64761672991' lon='128.40000049623'>
    <tag k='ele' v='18.60404992933' />
  </node>
  <node id='198074' version='1' lat='35.64760011323' lon='128.39997417035'>
    <tag k='ele' v='18.60266119267' />
  </node>
  <node id='198079' version='1' lat='35.64766192093' lon='128.40033326513'>
    <tag k='ele' v='18.71387558552' />
  </node>
  <node id='198080' version='1' lat='35.64701667835' lon='128.40105716289'>
    <tag k='ele' v='18.65674659059' />
  </node>
  <node id='198085' version='1' lat='35.64848912229' lon='128.39917349756'>
    <tag k='ele' v='18.66158633631' />
  </node>
  <node id='198086' version='1' lat='35.64838058206' lon='128.39902713236'>
    <tag k='ele' v='18.64945727275' />
  </node>
  <node id='198088' version='1' lat='35.64851036511' lon='128.39914943168'>
    <tag k='ele' v='18.59726506338' />
  </node>
  <node id='198089' version='1' lat='35.64840232146' lon='128.39900327724'>
    <tag k='ele' v='18.5899999703' />
  </node>
  <node id='198094' version='1' lat='35.64846947066' lon='128.39914707278'>
    <tag k='ele' v='18.65346372808' />
  </node>
  <node id='198096' version='1' lat='35.64835944272' lon='128.39905310726'>
    <tag k='ele' v='18.61775463367' />
  </node>
  <node id='198097' version='1' lat='35.64844833434' lon='128.39917087045'>
    <tag k='ele' v='18.59000000766' />
  </node>
  <node id='198102' version='1' lat='35.64809104219' lon='128.39985215585'>
    <tag k='ele' v='18.644005232' />
  </node>
  <node id='198103' version='1' lat='35.64786019919' lon='128.40011094479'>
    <tag k='ele' v='18.69882583879' />
  </node>
  <node id='198108' version='1' lat='35.64798813702' lon='128.39997575213'>
    <tag k='ele' v='18.64307812799' />
  </node>
  <node id='198109' version='1' lat='35.64824905459' lon='128.39968235431'>
    <tag k='ele' v='18.65066253757' />
  </node>
  <node id='198111' version='1' lat='35.64800566884' lon='128.39999881893'>
    <tag k='ele' v='18.62112842463' />
  </node>
  <node id='198112' version='1' lat='35.64826664059' lon='128.39970589009'>
    <tag k='ele' v='18.62440341657' />
  </node>
  <node id='198117' version='1' lat='35.64802749158' lon='128.40002803975'>
    <tag k='ele' v='18.56255911527' />
  </node>
  <node id='198118' version='1' lat='35.64828785468' lon='128.399734206'>
    <tag k='ele' v='18.58437912146' />
  </node>
  <node id='198123' version='1' lat='35.6493262121' lon='128.39846650582'>
    <tag k='ele' v='18.68' />
  </node>
  <node id='198124' version='1' lat='35.64869391985' lon='128.39917688981'>
    <tag k='ele' v='18.68846775488' />
  </node>
  <node id='198129' version='1' lat='35.64867718216' lon='128.39920264562'>
    <tag k='ele' v='18.6980095614' />
  </node>
  <node id='198130' version='1' lat='35.64930906677' lon='128.39849314121'>
    <tag k='ele' v='18.66156490125' />
  </node>
  <node id='198135' version='1' lat='35.64681672885' lon='128.40104294007'>
    <tag k='ele' v='18.66591017073' />
  </node>
  <node id='198137' version='1' lat='35.64684704439' lon='128.40104147855'>
    <tag k='ele' v='18.71906040784' />
  </node>
  <node id='198141' version='1' lat='35.6468757648' lon='128.40104309393'>
    <tag k='ele' v='18.67091561384' />
  </node>
  <node id='198142' version='1' lat='35.6468837203' lon='128.40096387382'>
    <tag k='ele' v='18.67303467025' />
  </node>
  <node id='198147' version='1' lat='35.64688634245' lon='128.400928389'>
    <tag k='ele' v='18.65684980334' />
  </node>
  <node id='198148' version='1' lat='35.64689644849' lon='128.40088221321'>
    <tag k='ele' v='18.63434927276' />
  </node>
  <node id='198149' version='1' lat='35.64693119715' lon='128.40077467693'>
    <tag k='ele' v='18.57206910605' />
  </node>
  <node id='198150' version='1' lat='35.64696751104' lon='128.40070204131'>
    <tag k='ele' v='18.557071441' />
  </node>
  <node id='198156' version='1' lat='35.64697035188' lon='128.40106014176'>
    <tag k='ele' v='18.65340674031' />
  </node>
  <node id='198157' version='1' lat='35.64695681892' lon='128.40106723838'>
    <tag k='ele' v='18.6268960263' />
  </node>
  <node id='198159' version='1' lat='35.6469524527' lon='128.40102478889'>
    <tag k='ele' v='18.58306904544' />
  </node>
  <node id='198163' version='1' lat='35.64696120779' lon='128.40111963584'>
    <tag k='ele' v='18.68006192563' />
  </node>
  <node id='198164' version='1' lat='35.64690992944' lon='128.40118193538'>
    <tag k='ele' v='18.65381294058' />
  </node>
  <node id='198165' version='1' lat='35.64689781702' lon='128.40120470709'>
    <tag k='ele' v='18.65088464293' />
  </node>
  <node id='198166' version='1' lat='35.64688662661' lon='128.40123707569'>
    <tag k='ele' v='18.64000000347' />
  </node>
  <node id='198167' version='1' lat='35.64688156926' lon='128.40127106384'>
    <tag k='ele' v='18.62999999546' />
  </node>
  <node id='198168' version='1' lat='35.64688201708' lon='128.40131003753'>
    <tag k='ele' v='18.61748173474' />
  </node>
  <node id='198169' version='1' lat='35.64688948195' lon='128.40134862792'>
    <tag k='ele' v='18.64257351121' />
  </node>
  <node id='198171' version='1' lat='35.64694104249' lon='128.40109353427'>
    <tag k='ele' v='18.61924101345' />
  </node>
  <node id='198172' version='1' lat='35.64688204363' lon='128.40115955891'>
    <tag k='ele' v='18.66355207343' />
  </node>
  <node id='198173' version='1' lat='35.64686830636' lon='128.4011883715'>
    <tag k='ele' v='18.66559467653' />
  </node>
  <node id='198174' version='1' lat='35.64685728135' lon='128.4012270402'>
    <tag k='ele' v='18.67815941114' />
  </node>
  <node id='198175' version='1' lat='35.6468508113' lon='128.40128110942'>
    <tag k='ele' v='18.65000000215' />
  </node>
  <node id='198176' version='1' lat='35.64685242729' lon='128.40133138651'>
    <tag k='ele' v='18.65288346754' />
  </node>
  <node id='198177' version='1' lat='35.64686351931' lon='128.4013763991'>
    <tag k='ele' v='18.65829114069' />
  </node>
  <node id='198187' version='1' lat='35.64690010953' lon='128.40137196961'>
    <tag k='ele' v='18.60538522682' />
  </node>
  <node id='198188' version='1' lat='35.64685076764' lon='128.40128902479'>
    <tag k='ele' v='18.64941303446' />
  </node>
  <node id='198189' version='1' lat='35.6468337807' lon='128.40124561026'>
    <tag k='ele' v='18.64639473436' />
  </node>
  <node id='198190' version='1' lat='35.64682707077' lon='128.4012195912'>
    <tag k='ele' v='18.64187807231' />
  </node>
  <node id='198191' version='1' lat='35.64681776472' lon='128.40114913608'>
    <tag k='ele' v='18.64419059792' />
  </node>
  <node id='198193' version='1' lat='35.6469245426' lon='128.40135104924'>
    <tag k='ele' v='18.54280167004' />
  </node>
  <node id='198194' version='1' lat='35.64687722562' lon='128.40127185948'>
    <tag k='ele' v='18.62999999546' />
  </node>
  <node id='198195' version='1' lat='35.6468564398' lon='128.40121191649'>
    <tag k='ele' v='18.6774222794' />
  </node>
  <node id='198196' version='1' lat='35.64684670627' lon='128.40112794583'>
    <tag k='ele' v='18.70200726054' />
  </node>
  <node id='198203' version='1' lat='35.64690958371' lon='128.40132213986'>
    <tag k='ele' v='18.56200250379' />
  </node>
  <node id='198204' version='1' lat='35.64689620012' lon='128.40128565396'>
    <tag k='ele' v='18.60125885643' />
  </node>
  <node id='198205' version='1' lat='35.64688165999' lon='128.40122298334'>
    <tag k='ele' v='18.65514270358' />
  </node>
  <node id='198206' version='1' lat='35.64687634111' lon='128.40116576469'>
    <tag k='ele' v='18.66947921827' />
  </node>
  <node id='198212' version='1' lat='35.6469134272' lon='128.40132436259'>
    <tag k='ele' v='18.59173255083' />
  </node>
  <node id='198213' action='modify' version='1' lat='35.64690737319' lon='128.40128974667'>
    <tag k='ele' v='18.58999999743' />
  </node>
  <node id='198214' action='modify' version='1' lat='35.64691021192' lon='128.40125647684'>
    <tag k='ele' v='18.57' />
  </node>
  <node id='198215' action='modify' version='1' lat='35.64692416721' lon='128.40122351894'>
    <tag k='ele' v='18.54796486686' />
  </node>
  <node id='198216' version='1' lat='35.64696293532' lon='128.40117341176'>
    <tag k='ele' v='18.63' />
  </node>
  <node id='198218' version='1' lat='35.64691739101' lon='128.40133214109'>
    <tag k='ele' v='18.57343369723' />
  </node>
  <node id='198219' version='1' lat='35.64691645208' lon='128.40131947257'>
    <tag k='ele' v='18.56487365904' />
  </node>
  <node id='198220' version='1' lat='35.64691875483' lon='128.40129687277'>
    <tag k='ele' v='18.59' />
  </node>
  <node id='198221' version='1' lat='35.64692385633' lon='128.4012812415'>
    <tag k='ele' v='18.56599065568' />
  </node>
  <node id='198222' version='1' lat='35.64694010967' lon='128.40125259824'>
    <tag k='ele' v='18.54571272318' />
  </node>
  <node id='198223' version='1' lat='35.64698301093' lon='128.40120021121'>
    <tag k='ele' v='18.54969606694' />
  </node>
  <node id='198231' version='1' lat='35.64688864645' lon='128.40134542605'>
    <tag k='ele' v='18.63965704831' />
  </node>
  <node id='198232' version='1' lat='35.64688358572' lon='128.40132419954'>
    <tag k='ele' v='18.61515802846' />
  </node>
  <node id='198233' version='1' lat='35.64688239534' lon='128.4012935856'>
    <tag k='ele' v='18.62708238319' />
  </node>
  <node id='198234' version='1' lat='35.64688500094' lon='128.40126851287'>
    <tag k='ele' v='18.62408848597' />
  </node>
  <node id='198235' version='1' lat='35.6468952752' lon='128.40122942774'>
    <tag k='ele' v='18.62907067521' />
  </node>
  <node id='198236' version='1' lat='35.64690517467' lon='128.40120704572'>
    <tag k='ele' v='18.63259620486' />
  </node>
  <node id='198237' version='1' lat='35.64694249896' lon='128.40114828786'>
    <tag k='ele' v='18.67' />
  </node>
  <node id='198250' version='1' lat='35.64785420696' lon='128.40036432568'>
    <tag k='ele' v='18.47466914166' />
  </node>
  <node id='198251' version='1' lat='35.64782137381' lon='128.40032410983'>
    <tag k='ele' v='18.5405476297' />
  </node>
  <node id='198252' version='1' lat='35.64780122133' lon='128.40030556849'>
    <tag k='ele' v='18.59173672066' />
  </node>
  <node id='198253' version='1' lat='35.64777368861' lon='128.40029209147'>
    <tag k='ele' v='18.66070280429' />
  </node>
  <node id='198254' version='1' lat='35.64773917035' lon='128.40028934863'>
    <tag k='ele' v='18.7134791958' />
  </node>
  <node id='198255' version='1' lat='35.64770660871' lon='128.400297156'>
    <tag k='ele' v='18.72382384318' />
  </node>
  <node id='198256' version='1' lat='35.64768109105' lon='128.40031296822'>
    <tag k='ele' v='18.70187651068' />
  </node>
  <node id='198258' version='1' lat='35.64787255822' lon='128.40033938094'>
    <tag k='ele' v='18.45850373337' />
  </node>
  <node id='198259' version='1' lat='35.6478250935' lon='128.40028905867'>
    <tag k='ele' v='18.57069449668' />
  </node>
  <node id='198260' version='1' lat='35.64780156111' lon='128.40027168284'>
    <tag k='ele' v='18.61775858558' />
  </node>
  <node id='198261' version='1' lat='35.64776641065' lon='128.40026011567'>
    <tag k='ele' v='18.6945827526' />
  </node>
  <node id='198262' version='1' lat='35.6477354882' lon='128.40025909016'>
    <tag k='ele' v='18.73334647426' />
  </node>
  <node id='198263' version='1' lat='35.64770815026' lon='128.40026544465'>
    <tag k='ele' v='18.7447760779' />
  </node>
  <node id='198264' version='1' lat='35.64766829578' lon='128.40028507766'>
    <tag k='ele' v='18.69021916738' />
  </node>
  <node id='198274' version='1' lat='35.64764842678' lon='128.40035603621'>
    <tag k='ele' v='18.72389261699' />
  </node>
  <node id='198275' version='1' lat='35.64769531849' lon='128.40029839475'>
    <tag k='ele' v='18.76146713574' />
  </node>
  <node id='198276' version='1' lat='35.6477060467' lon='128.40027086409'>
    <tag k='ele' v='18.74952842949' />
  </node>
  <node id='198277' version='1' lat='35.6477087022' lon='128.40024751011'>
    <tag k='ele' v='18.7291738735' />
  </node>
  <node id='198278' version='1' lat='35.64770611451' lon='128.40020369043'>
    <tag k='ele' v='18.69032156188' />
  </node>
  <node id='198279' version='1' lat='35.64769727488' lon='128.4001681269'>
    <tag k='ele' v='18.70265278411' />
  </node>
  <node id='198280' version='1' lat='35.64768321498' lon='128.40013906688'>
    <tag k='ele' v='18.7' />
  </node>
  <node id='198282' version='1' lat='35.64766872854' lon='128.40038274794'>
    <tag k='ele' v='18.65538773553' />
  </node>
  <node id='198283' version='1' lat='35.64770507427' lon='128.40033802965'>
    <tag k='ele' v='18.66522153846' />
  </node>
  <node id='198284' version='1' lat='35.64772414096' lon='128.40030536472'>
    <tag k='ele' v='18.68802664083' />
  </node>
  <node id='198285' version='1' lat='35.64773304971' lon='128.40027691415'>
    <tag k='ele' v='18.73281085946' />
  </node>
  <node id='198286' version='1' lat='35.64773591843' lon='128.40024754485'>
    <tag k='ele' v='18.74138571874' />
  </node>
  <node id='198287' version='1' lat='35.6477330059' lon='128.40019511298'>
    <tag k='ele' v='18.71624108067' />
  </node>
  <node id='198288' version='1' lat='35.64772503388' lon='128.40016585108'>
    <tag k='ele' v='18.67931054279' />
  </node>
  <node id='198289' version='1' lat='35.64770343945' lon='128.40012088602'>
    <tag k='ele' v='18.64691615413' />
  </node>
  <node id='198299' version='1' lat='35.64784647941' lon='128.40013421959'>
    <tag k='ele' v='18.70237357522' />
  </node>
  <node id='198301' version='1' lat='35.64786427005' lon='128.40015762126'>
    <tag k='ele' v='18.65008162862' />
  </node>
  <node id='198305' version='1' lat='35.64772430072' lon='128.40032785957'>
    <tag k='ele' v='18.65' />
  </node>
  <node id='198306' version='1' lat='35.64774518046' lon='128.4003140195'>
    <tag k='ele' v='18.65216647067' />
  </node>
  <node id='198307' version='1' lat='35.64776676076' lon='128.40030662644'>
    <tag k='ele' v='18.63694855926' />
  </node>
  <node id='198308' version='1' lat='35.64778571728' lon='128.40030725269'>
    <tag k='ele' v='18.62' />
  </node>
  <node id='198309' version='1' lat='35.6478040018' lon='128.40031525906'>
    <tag k='ele' v='18.59033400587' />
  </node>
  <node id='198310' version='1' lat='35.64782357664' lon='128.40033029797'>
    <tag k='ele' v='18.54318298695' />
  </node>
  <node id='198312' version='1' lat='35.64768848893' lon='128.4004087739'>
    <tag k='ele' v='18.59031851907' />
  </node>
  <node id='198313' version='1' lat='35.64773771874' lon='128.40035446326'>
    <tag k='ele' v='18.63057644488' />
  </node>
  <node id='198314' version='1' lat='35.64774608977' lon='128.40034724738'>
    <tag k='ele' v='18.62579454698' />
  </node>
  <node id='198315' version='1' lat='35.64776231524' lon='128.40034054484'>
    <tag k='ele' v='18.62020296975' />
  </node>
  <node id='198316' version='1' lat='35.64777868491' lon='128.4003401665'>
    <tag k='ele' v='18.58516101582' />
  </node>
  <node id='198317' version='1' lat='35.64779892377' lon='128.40034877255'>
    <tag k='ele' v='18.54015938494' />
  </node>
  <node id='198325' version='1' lat='35.64788635481' lon='128.40018712198'>
    <tag k='ele' v='18.56953910504' />
  </node>
  <node id='198329' version='1' lat='35.6477846592' lon='128.40014546044'>
    <tag k='ele' v='18.6775542785' />
  </node>
  <node id='198330' version='1' lat='35.6477676938' lon='128.40015757741'>
    <tag k='ele' v='18.67952014487' />
  </node>
  <node id='198331' version='1' lat='35.64774851185' lon='128.40016396759'>
    <tag k='ele' v='18.67281748432' />
  </node>
  <node id='198332' version='1' lat='35.64773051286' lon='128.4001636658'>
    <tag k='ele' v='18.67189064704' />
  </node>
  <node id='198333' version='1' lat='35.64770594876' lon='128.40015382703'>
    <tag k='ele' v='18.67173201457' />
  </node>
  <node id='198334' version='1' lat='35.64768617576' lon='128.40013757168'>
    <tag k='ele' v='18.68614923219' />
  </node>
  <node id='198336' version='1' lat='35.64777100362' lon='128.40011966777'>
    <tag k='ele' v='18.65999998607' />
  </node>
  <node id='198337' version='1' lat='35.64774735924' lon='128.40013193734'>
    <tag k='ele' v='18.548293416' />
  </node>
  <node id='198338' version='1' lat='35.6477293807' lon='128.40013133065'>
    <tag k='ele' v='18.66887553576' />
  </node>
  <node id='198339' version='1' lat='35.64771209131' lon='128.40012231329'>
    <tag k='ele' v='18.66653948523' />
  </node>
  <node id='198351' version='1' lat='35.64783611185' lon='128.40013517775'>
    <tag k='ele' v='18.71578138796' />
  </node>
  <node id='198352' version='1' lat='35.64781811472' lon='128.40016144093'>
    <tag k='ele' v='18.71' />
  </node>
  <node id='198353' version='1' lat='35.64780661291' lon='128.40019230826'>
    <tag k='ele' v='18.70001161894' />
  </node>
  <node id='198354' version='1' lat='35.64780234641' lon='128.40022978984'>
    <tag k='ele' v='18.66999195979' />
  </node>
  <node id='198355' version='1' lat='35.64780532255' lon='128.40027046217'>
    <tag k='ele' v='18.60626323704' />
  </node>
  <node id='198356' version='1' lat='35.64781217366' lon='128.40029744484'>
    <tag k='ele' v='18.60301976273' />
  </node>
  <node id='198357' version='1' lat='35.64782605205' lon='128.40032872135'>
    <tag k='ele' v='18.53516200285' />
  </node>
  <node id='198359' version='1' lat='35.64781558678' lon='128.40011368897'>
    <tag k='ele' v='18.67769296367' />
  </node>
  <node id='198360' version='1' lat='35.64779557217' lon='128.40014813406'>
    <tag k='ele' v='18.69025056752' />
  </node>
  <node id='198361' version='1' lat='35.64778306271' lon='128.40018469892'>
    <tag k='ele' v='18.73140978429' />
  </node>
  <node id='198362' version='1' lat='35.64777682066' lon='128.40022976346'>
    <tag k='ele' v='18.71624806477' />
  </node>
  <node id='198363' version='1' lat='35.64778040959' lon='128.40027834586'>
    <tag k='ele' v='18.63' />
  </node>
  <node id='198364' version='1' lat='35.64778849114' lon='128.40031082699'>
    <tag k='ele' v='18.60216294542' />
  </node>
  <node id='198365' version='1' lat='35.64780488136' lon='128.40034804862'>
    <tag k='ele' v='18.5002393348' />
  </node>
  <node id='198375' version='1' lat='35.64765529425' lon='128.40010444634'>
    <tag k='ele' v='18.69652566424' />
  </node>
  <node id='198376' version='1' lat='35.64769652058' lon='128.40015443401'>
    <tag k='ele' v='18.69546040715' />
  </node>
  <node id='198377' version='1' lat='35.64771471454' lon='128.40017003116'>
    <tag k='ele' v='18.69405455799' />
  </node>
  <node id='198378' version='1' lat='35.64774204323' lon='128.40018167944'>
    <tag k='ele' v='18.68877650828' />
  </node>
  <node id='198379' version='1' lat='35.64776688945' lon='128.40018373226'>
    <tag k='ele' v='18.71864019982' />
  </node>
  <node id='198380' version='1' lat='35.64780207849' lon='128.40017252152'>
    <tag k='ele' v='18.71471149505' />
  </node>
  <node id='198381' version='1' lat='35.64782479654' lon='128.40015725481'>
    <tag k='ele' v='18.71055399818' />
  </node>
  <node id='198383' version='1' lat='35.6476375098' lon='128.40012816667'>
    <tag k='ele' v='18.64671234301' />
  </node>
  <node id='198384' version='1' lat='35.64768356771' lon='128.40017635288'>
    <tag k='ele' v='18.69' />
  </node>
  <node id='198385' version='1' lat='35.64771522946' lon='128.40020025626'>
    <tag k='ele' v='18.7010488209' />
  </node>
  <node id='198386' version='1' lat='35.64773836232' lon='128.40020979393'>
    <tag k='ele' v='18.72753308899' />
  </node>
  <node id='198387' version='1' lat='35.64776073611' lon='128.40021217807'>
    <tag k='ele' v='18.72355823449' />
  </node>
  <node id='198388' version='1' lat='35.64779712842' lon='128.40020390129'>
    <tag k='ele' v='18.70989411599' />
  </node>
  <node id='198389' version='1' lat='35.64783862358' lon='128.40018175551'>
    <tag k='ele' v='18.65768308762' />
  </node>
  <node id='198402' version='1' lat='35.64864452754' lon='128.39938468819'>
    <tag k='ele' v='18.59411542447' />
  </node>
  <node id='198403' version='1' lat='35.64861914156' lon='128.39936473127'>
    <tag k='ele' v='18.61842142715' />
  </node>
  <node id='198404' version='1' lat='35.64858413596' lon='128.39934983753'>
    <tag k='ele' v='18.70520866188' />
  </node>
  <node id='198405' version='1' lat='35.64856388459' lon='128.39934969892'>
    <tag k='ele' v='18.72768261697' />
  </node>
  <node id='198406' version='1' lat='35.64854578947' lon='128.3993556467'>
    <tag k='ele' v='18.72326817319' />
  </node>
  <node id='198407' version='1' lat='35.64851327054' lon='128.39938020375'>
    <tag k='ele' v='18.69' />
  </node>
  <node id='198408' version='1' lat='35.64849318278' lon='128.39940213489'>
    <tag k='ele' v='18.69937953623' />
  </node>
  <node id='198410' version='1' lat='35.64868348037' lon='128.39938545528'>
    <tag k='ele' v='18.53907891651' />
  </node>
  <node id='198411' version='1' lat='35.64864489782' lon='128.39934724803'>
    <tag k='ele' v='18.61042120719' />
  </node>
  <node id='198412' version='1' lat='35.64861613707' lon='128.39932828302'>
    <tag k='ele' v='18.68582697177' />
  </node>
  <node id='198413' version='1' lat='35.64858461697' lon='128.39931759488'>
    <tag k='ele' v='18.72564735222' />
  </node>
  <node id='198414' version='1' lat='35.64855869502' lon='128.39931860389'>
    <tag k='ele' v='18.73999999812' />
  </node>
  <node id='198415' version='1' lat='35.64853547249' lon='128.39932684914'>
    <tag k='ele' v='18.6901731934' />
  </node>
  <node id='198416' version='1' lat='35.64849706618' lon='128.39935177643'>
    <tag k='ele' v='18.65774970284' />
  </node>
  <node id='198417' version='1' lat='35.64847303711' lon='128.3993745704'>
    <tag k='ele' v='18.64029557273' />
  </node>
  <node id='198427' version='1' lat='35.64847680922' lon='128.39942783559'>
    <tag k='ele' v='18.67483317032' />
  </node>
  <node id='198429' version='1' lat='35.64849432627' lon='128.39945071091'>
    <tag k='ele' v='18.65014424831' />
  </node>
  <node id='198433' version='1' lat='35.64850549856' lon='128.39939645007'>
    <tag k='ele' v='18.69181218953' />
  </node>
  <node id='198434' version='1' lat='35.64852998203' lon='128.3993600858'>
    <tag k='ele' v='18.66771165515' />
  </node>
  <node id='198435' version='1' lat='35.64854071393' lon='128.39932875825'>
    <tag k='ele' v='18.70046228372' />
  </node>
  <node id='198436' version='1' lat='35.64854417632' lon='128.39929896952'>
    <tag k='ele' v='18.6949747704' />
  </node>
  <node id='198437' version='1' lat='35.64854203823' lon='128.39927163162'>
    <tag k='ele' v='18.66763440677' />
  </node>
  <node id='198438' version='1' lat='35.64852956657' lon='128.3992340623'>
    <tag k='ele' v='18.66000000785' />
  </node>
  <node id='198439' version='1' lat='35.64850955946' lon='128.39919970625'>
    <tag k='ele' v='18.65292292925' />
  </node>
  <node id='198441' version='1' lat='35.64852387474' lon='128.39941394747'>
    <tag k='ele' v='18.65896480702' />
  </node>
  <node id='198442' version='1' lat='35.64854779851' lon='128.39937267126'>
    <tag k='ele' v='18.67932550067' />
  </node>
  <node id='198443' version='1' lat='35.64856186705' lon='128.39933483573'>
    <tag k='ele' v='18.73999999812' />
  </node>
  <node id='198444' version='1' lat='35.64856658757' lon='128.39929848969'>
    <tag k='ele' v='18.72450141256' />
  </node>
  <node id='198445' version='1' lat='35.64856378814' lon='128.39926479659'>
    <tag k='ele' v='18.70536998956' />
  </node>
  <node id='198446' version='1' lat='35.64855423438' lon='128.39923128951'>
    <tag k='ele' v='18.6402329726' />
  </node>
  <node id='198447' version='1' lat='35.64853079031' lon='128.39917904624'>
    <tag k='ele' v='18.61192696325' />
  </node>
  <node id='198457' version='1' lat='35.64851591418' lon='128.39947954224'>
    <tag k='ele' v='18.59' />
  </node>
  <node id='198461' version='1' lat='35.64855583536' lon='128.3993951104'>
    <tag k='ele' v='18.65238750778' />
  </node>
  <node id='198462' version='1' lat='35.6485894385' lon='128.39937875843'>
    <tag k='ele' v='18.64922446934' />
  </node>
  <node id='198463' version='1' lat='35.64860976745' lon='128.39937848485'>
    <tag k='ele' v='18.59' />
  </node>
  <node id='198464' version='1' lat='35.64862950731' lon='128.39938513276'>
    <tag k='ele' v='18.58468677881' />
  </node>
  <node id='198465' version='1' lat='35.64864812212' lon='128.39939766129'>
    <tag k='ele' v='18.56507107539' />
  </node>
  <node id='198467' version='1' lat='35.6485683002' lon='128.39942163823'>
    <tag k='ele' v='18.63000001329' />
  </node>
  <node id='198468' version='1' lat='35.64859158116' lon='128.39941035865'>
    <tag k='ele' v='18.61925380569' />
  </node>
  <node id='198469' version='1' lat='35.64861209143' lon='128.39940977704'>
    <tag k='ele' v='18.57865255585' />
  </node>
  <node id='198470' version='1' lat='35.64862688318' lon='128.39941528461'>
    <tag k='ele' v='18.57797294585' />
  </node>
  <node id='198471' version='1' lat='35.64863412353' lon='128.39942051619'>
    <tag k='ele' v='18.56' />
  </node>
  <node id='198478' version='1' lat='35.64853002306' lon='128.39922547203'>
    <tag k='ele' v='18.65235786784' />
  </node>
  <node id='198479' version='1' lat='35.64855333505' lon='128.39924541873'>
    <tag k='ele' v='18.65856840327' />
  </node>
  <node id='198480' version='1' lat='35.64857452511' lon='128.39925475164'>
    <tag k='ele' v='18.67253086195' />
  </node>
  <node id='198481' version='1' lat='35.64859690294' lon='128.39925577137'>
    <tag k='ele' v='18.71693918411' />
  </node>
  <node id='198482' version='1' lat='35.6486204883' lon='128.39924966923'>
    <tag k='ele' v='18.73641499219' />
  </node>
  <node id='198483' version='1' lat='35.64865430343' lon='128.39922608849'>
    <tag k='ele' v='18.70710826362' />
  </node>
  <node id='198485' version='1' lat='35.6484650626' lon='128.39919380409'>
    <tag k='ele' v='18.59029089144' />
  </node>
  <node id='198486' version='1' lat='35.64851613481' lon='128.3992482668'>
    <tag k='ele' v='18.642' />
  </node>
  <node id='198487' version='1' lat='35.64854479711' lon='128.39926959176'>
    <tag k='ele' v='18.66364465261' />
  </node>
  <node id='198488' version='1' lat='35.64857064845' lon='128.39927955843'>
    <tag k='ele' v='18.71999999911' />
  </node>
  <node id='198489' version='1' lat='35.64859924359' lon='128.39928185189'>
    <tag k='ele' v='18.7339954878' />
  </node>
  <node id='198490' version='1' lat='35.64862730272' lon='128.3992742144'>
    <tag k='ele' v='18.70518259867' />
  </node>
  <node id='198491' version='1' lat='35.64866700525' lon='128.39925132437'>
    <tag k='ele' v='18.66917023582' />
  </node>
  <node id='198503' version='1' lat='35.64866722648' lon='128.39920613472'>
    <tag k='ele' v='18.70387198188' />
  </node>
  <node id='198504' version='1' lat='35.64863782451' lon='128.39924647723'>
    <tag k='ele' v='18.69868124413' />
  </node>
  <node id='198505' version='1' lat='35.64862979818' lon='128.39926454496'>
    <tag k='ele' v='18.71149817344' />
  </node>
  <node id='198506' version='1' lat='35.648625223' lon='128.3992933808'>
    <tag k='ele' v='18.70623785565' />
  </node>
  <node id='198507' version='1' lat='35.64862639566' lon='128.39931861835'>
    <tag k='ele' v='18.77772417894' />
  </node>
  <node id='198508' version='1' lat='35.64863746862' lon='128.39936026702'>
    <tag k='ele' v='18.5946625095' />
  </node>
  <node id='198509' version='1' lat='35.64865341274' lon='128.399392731'>
    <tag k='ele' v='18.58' />
  </node>
  <node id='198511' version='1' lat='35.64864643775' lon='128.39918404551'>
    <tag k='ele' v='18.67217538732' />
  </node>
  <node id='198512' version='1' lat='35.64861701957' lon='128.39923042586'>
    <tag k='ele' v='18.69063728709' />
  </node>
  <node id='198513' version='1' lat='35.64860633725' lon='128.39925551209'>
    <tag k='ele' v='18.73204982162' />
  </node>
  <node id='198514' version='1' lat='35.64860089817' lon='128.39929382667'>
    <tag k='ele' v='18.73044666172' />
  </node>
  <node id='198515' version='1' lat='35.6486063205' lon='128.3993410205'>
    <tag k='ele' v='18.68481396873' />
  </node>
  <node id='198516' version='1' lat='35.64861670561' lon='128.3993728441'>
    <tag k='ele' v='18.61' />
  </node>
  <node id='198517' version='1' lat='35.64863268104' lon='128.39940884412'>
    <tag k='ele' v='18.55611606099' />
  </node>
  <node id='198530' version='1' lat='35.64861210733' lon='128.39921338213'>
    <tag k='ele' v='18.66284949388' />
  </node>
  <node id='198531' version='1' lat='35.64859939403' lon='128.39922177739'>
    <tag k='ele' v='18.64' />
  </node>
  <node id='198532' version='1' lat='35.64857790658' lon='128.3992284869'>
    <tag k='ele' v='18.65704729755' />
  </node>
  <node id='198533' version='1' lat='35.64855515992' lon='128.39922616056'>
    <tag k='ele' v='18.63734701765' />
  </node>
  <node id='198534' version='1' lat='35.64853413738' lon='128.39921621615'>
    <tag k='ele' v='18.64690901319' />
  </node>
  <node id='198535' version='1' lat='35.64851586202' lon='128.39920180441'>
    <tag k='ele' v='18.64656601405' />
  </node>
  <node id='198537' version='1' lat='35.64859893194' lon='128.39918463857'>
    <tag k='ele' v='18.63380206917' />
  </node>
  <node id='198538' version='1' lat='35.64857747995' lon='128.39919624915'>
    <tag k='ele' v='18.61589274101' />
  </node>
  <node id='198539' version='1' lat='35.64856310127' lon='128.39919603006'>
    <tag k='ele' v='18.58917515328' />
  </node>
  <node id='198540' version='1' lat='35.64854643868' lon='128.39918997204'>
    <tag k='ele' v='18.6448104461' />
  </node>
  <node id='198547' version='1' lat='35.64845642759' lon='128.39935061131'>
    <tag k='ele' v='18.59991857578' />
  </node>
  <node id='198554' version='1' lat='35.64929338817' lon='128.39820753174'>
    <tag k='ele' v='18.70475760354' />
  </node>
  <node id='198556' version='1' lat='35.64927221681' lon='128.39823197106'>
    <tag k='ele' v='18.65' />
  </node>
  <node id='198560' version='1' lat='35.64934606808' lon='128.39827936366'>
    <tag k='ele' v='18.69022206735' />
  </node>
  <node id='198561' version='1' lat='35.64935419407' lon='128.39829800385'>
    <tag k='ele' v='18.69261220699' />
  </node>
  <node id='198562' version='1' lat='35.64935958893' lon='128.39832303773'>
    <tag k='ele' v='18.68278235003' />
  </node>
  <node id='198563' version='1' lat='35.64935895898' lon='128.39835034532'>
    <tag k='ele' v='18.67831952379' />
  </node>
  <node id='198564' version='1' lat='35.64935006755' lon='128.39837798123'>
    <tag k='ele' v='18.67673914643' />
  </node>
  <node id='198565' version='1' lat='35.64933281165' lon='128.3984055873'>
    <tag k='ele' v='18.66255836268' />
  </node>
  <node id='198567' version='1' lat='35.64931774846' lon='128.398292552'>
    <tag k='ele' v='18.65633586367' />
  </node>
  <node id='198568' version='1' lat='35.64932878878' lon='128.39831803371'>
    <tag k='ele' v='18.66530739101' />
  </node>
  <node id='198569' version='1' lat='35.64933207491' lon='128.39833401571'>
    <tag k='ele' v='18.63246187177' />
  </node>
  <node id='198570' version='1' lat='35.64933085919' lon='128.39835023922'>
    <tag k='ele' v='18.63274117412' />
  </node>
  <node id='198571' version='1' lat='35.64932265832' lon='128.3983708716'>
    <tag k='ele' v='18.61637802643' />
  </node>
  <node id='198579' version='1' lat='35.64934343454' lon='128.39845357929'>
    <tag k='ele' v='18.68212436708' />
  </node>
  <node id='198580' version='1' lat='35.64935862382' lon='128.39843140656'>
    <tag k='ele' v='18.67739757221' />
  </node>
  <node id='198581' version='1' lat='35.64937006221' lon='128.39840563115'>
    <tag k='ele' v='18.70292781306' />
  </node>
  <node id='198582' version='1' lat='35.64937532953' lon='128.39837270481'>
    <tag k='ele' v='18.7055950364' />
  </node>
  <node id='198583' version='1' lat='35.64937066648' lon='128.39833125737'>
    <tag k='ele' v='18.68999999285' />
  </node>
  <node id='198584' version='1' lat='35.64936142867' lon='128.39830495293'>
    <tag k='ele' v='18.69757353147' />
  </node>
  <node id='198585' version='1' lat='35.64934851621' lon='128.3982804864'>
    <tag k='ele' v='18.68732505067' />
  </node>
  <node id='198587' version='1' lat='35.64935588697' lon='128.39848165683'>
    <tag k='ele' v='18.63393168149' />
  </node>
  <node id='198588' version='1' lat='35.64937825449' lon='128.39844580818'>
    <tag k='ele' v='18.69' />
  </node>
  <node id='198589' version='1' lat='35.64939173246' lon='128.39841540238'>
    <tag k='ele' v='18.69' />
  </node>
  <node id='198590' version='1' lat='35.64940080703' lon='128.39837251378'>
    <tag k='ele' v='18.67212094159' />
  </node>
  <node id='198591' version='1' lat='35.64939693497' lon='128.39833289602'>
    <tag k='ele' v='18.64763542037' />
  </node>
  <node id='198592' version='1' lat='35.6493827864' lon='128.39828988298'>
    <tag k='ele' v='18.64199610109' />
  </node>
  <node id='198593' version='1' lat='35.64935668459' lon='128.39823895169'>
    <tag k='ele' v='18.63' />
  </node>
  <node id='198603' version='1' lat='35.64939363223' lon='128.39845245879'>
    <tag k='ele' v='18.65171486167' />
  </node>
  <node id='198604' version='1' lat='35.64941844794' lon='128.39844303559'>
    <tag k='ele' v='18.64777453534' />
  </node>
  <node id='198605' version='1' lat='35.64944301097' lon='128.39844447167'>
    <tag k='ele' v='18.62636608068' />
  </node>
  <node id='198606' version='1' lat='35.64946236949' lon='128.39845279203'>
    <tag k='ele' v='18.62505821449' />
  </node>
  <node id='198607' version='1' lat='35.64949908785' lon='128.39848449705'>
    <tag k='ele' v='18.60435214702' />
  </node>
  <node id='198609' version='1' lat='35.64940017902' lon='128.39849061554'>
    <tag k='ele' v='18.59209607016' />
  </node>
  <node id='198610' version='1' lat='35.64941285847' lon='128.39848204113'>
    <tag k='ele' v='18.60052375946' />
  </node>
  <node id='198611' version='1' lat='35.64942980255' lon='128.39847698992'>
    <tag k='ele' v='18.58674727952' />
  </node>
  <node id='198612' version='1' lat='35.64944271154' lon='128.39847740678'>
    <tag k='ele' v='18.56779859146' />
  </node>
  <node id='198613' version='1' lat='35.6494584503' lon='128.39848447122'>
    <tag k='ele' v='18.53823008765' />
  </node>
  <node id='198614' version='1' lat='35.64948154862' lon='128.39850918582'>
    <tag k='ele' v='18.5134201032' />
  </node>
  <node id='198623' version='1' lat='35.64950472989' lon='128.39848634589'>
    <tag k='ele' v='18.59035474378' />
  </node>
  <node id='198624' version='1' lat='35.64947763701' lon='128.39845409317'>
    <tag k='ele' v='18.62787330812' />
  </node>
  <node id='198625' version='1' lat='35.64945686092' lon='128.39843642536'>
    <tag k='ele' v='18.63999999579' />
  </node>
  <node id='198626' version='1' lat='35.64943682328' lon='128.39842621201'>
    <tag k='ele' v='18.65000001305' />
  </node>
  <node id='198627' version='1' lat='35.64941490141' lon='128.39842156063'>
    <tag k='ele' v='18.66163596765' />
  </node>
  <node id='198628' version='1' lat='35.64939857987' lon='128.39842206426'>
    <tag k='ele' v='18.68512416344' />
  </node>
  <node id='198629' version='1' lat='35.64937173196' lon='128.39842877378'>
    <tag k='ele' v='18.68999999634' />
  </node>
  <node id='198630' version='1' lat='35.64934021304' lon='128.39844863458'>
    <tag k='ele' v='18.6796569896' />
  </node>
  <node id='198632' version='1' lat='35.64952176465' lon='128.39846227063'>
    <tag k='ele' v='18.54199181787' />
  </node>
  <node id='198633' version='1' lat='35.64949139745' lon='128.39843115264'>
    <tag k='ele' v='18.57242245466' />
  </node>
  <node id='198634' version='1' lat='35.64946691184' lon='128.39841102128'>
    <tag k='ele' v='18.59303622438' />
  </node>
  <node id='198635' version='1' lat='35.64944140889' lon='128.3983984205'>
    <tag k='ele' v='18.63290608656' />
  </node>
  <node id='198636' version='1' lat='35.64941428604' lon='128.39839370516'>
    <tag k='ele' v='18.66593070694' />
  </node>
  <node id='198637' version='1' lat='35.6493651104' lon='128.39840120914'>
    <tag k='ele' v='18.69301847321' />
  </node>
  <node id='198638' version='1' lat='35.64932423293' lon='128.39842102675'>
    <tag k='ele' v='18.6579798411' />
  </node>
  <node id='198648' version='1' lat='35.64931510966' lon='128.39816067916'>
    <tag k='ele' v='18.61452081366' />
  </node>
  <node id='198649' version='1' lat='35.6492995023' lon='128.398137824'>
    <tag k='ele' v='18.60619973271' />
  </node>
  <node id='198650' version='1' lat='35.64923034163' lon='128.39807179477'>
    <tag k='ele' v='18.47991475033' />
  </node>
  <node id='198651' version='1' lat='35.64920239296' lon='128.39805695272'>
    <tag k='ele' v='18.43648517344' />
  </node>
  <node id='198658' version='1' lat='35.64799705798' lon='128.40045339978'>
    <tag k='ele' v='18.29646149894' />
  </node>
  <node id='198659' version='1' lat='35.64797632221' lon='128.4004693899'>
    <tag k='ele' v='18.27940196109' />
  </node>
  <node id='198660' version='1' lat='35.64795266732' lon='128.40047215477'>
    <tag k='ele' v='18.28185761693' />
  </node>
  <node id='198661' version='1' lat='35.64792994601' lon='128.400461756'>
    <tag k='ele' v='18.29834657589' />
  </node>
  <node id='198663' version='1' lat='35.64797577146' lon='128.40042469064'>
    <tag k='ele' v='18.279' />
  </node>
  <node id='198664' version='1' lat='35.6479646412' lon='128.40043355552'>
    <tag k='ele' v='18.2570671902' />
  </node>
  <node id='198665' version='1' lat='35.64795363082' lon='128.40043606732'>
    <tag k='ele' v='18.29' />
  </node>
  <node id='198672' version='1' lat='35.6479245213' lon='128.40046801266'>
    <tag k='ele' v='18.301' />
  </node>
  <node id='198673' version='1' lat='35.64792976193' lon='128.40049989919'>
    <tag k='ele' v='18.28682120665' />
  </node>
  <node id='198674' version='1' lat='35.64792195858' lon='128.40053101897'>
    <tag k='ele' v='18.28134921717' />
  </node>
  <node id='198675' version='1' lat='35.64790376095' lon='128.40055849928'>
    <tag k='ele' v='18.28202410338' />
  </node>
  <node id='198677' version='1' lat='35.6478999579' lon='128.40048975166'>
    <tag k='ele' v='18.29' />
  </node>
  <node id='198678' version='1' lat='35.64790191136' lon='128.40050282729'>
    <tag k='ele' v='18.27' />
  </node>
  <node id='198679' version='1' lat='35.64789752957' lon='128.40051294734'>
    <tag k='ele' v='18.26' />
  </node>
  <node id='198680' version='1' lat='35.64788255399' lon='128.4005305358'>
    <tag k='ele' v='18.26544932694' />
  </node>
  <node id='198687' version='1' lat='35.6484118507' lon='128.39890601811'>
    <tag k='ele' v='18.54132452918' />
  </node>
  <node id='198688' version='1' lat='35.64864200091' lon='128.39862374359'>
    <tag k='ele' v='18.57358448995' />
  </node>
  <node id='198690' version='1' lat='35.6484428912' lon='128.39894409952'>
    <tag k='ele' v='18.52656128831' />
  </node>
  <node id='198691' version='1' lat='35.64867344792' lon='128.39866184196'>
    <tag k='ele' v='18.49939391569' />
  </node>
  <node id='198696' version='1' lat='35.64836103804' lon='128.39898992969'>
    <tag k='ele' v='18.60652755653' />
  </node>
  <node id='198697' version='1' lat='35.64835624558' lon='128.39895478196'>
    <tag k='ele' v='18.57854949554' />
  </node>
  <node id='198698' version='1' lat='35.64835874134' lon='128.39893737392'>
    <tag k='ele' v='18.5770050822' />
  </node>
  <node id='198699' version='1' lat='35.64836610922' lon='128.39891671223'>
    <tag k='ele' v='18.59409690386' />
  </node>
  <node id='198700' version='1' lat='35.64839111212' lon='128.39888063188'>
    <tag k='ele' v='18.56398334945' />
  </node>
  <node id='198702' version='1' lat='35.64838868245' lon='128.39897717002'>
    <tag k='ele' v='18.5900000137' />
  </node>
  <node id='198703' version='1' lat='35.64838685351' lon='128.39895545971'>
    <tag k='ele' v='18.56899269144' />
  </node>
  <node id='198704' version='1' lat='35.64839474621' lon='128.39893065105'>
    <tag k='ele' v='18.55091442011' />
  </node>
  <node id='198711' version='1' lat='35.64824320922' lon='128.39906195396'>
    <tag k='ele' v='18.6003764465' />
  </node>
  <node id='198712' version='1' lat='35.64828455363' lon='128.39901694079'>
    <tag k='ele' v='18.59083585285' />
  </node>
  <node id='198713' version='1' lat='35.64830295581' lon='128.39900493941'>
    <tag k='ele' v='18.59043579702' />
  </node>
  <node id='198714' version='1' lat='35.64831796997' lon='128.39899955947'>
    <tag k='ele' v='18.58518057419' />
  </node>
  <node id='198715' version='1' lat='35.64833680058' lon='128.39899874051'>
    <tag k='ele' v='18.608' />
  </node>
  <node id='198716' version='1' lat='35.64835135458' lon='128.39900302156'>
    <tag k='ele' v='18.61133309813' />
  </node>
  <node id='198717' version='1' lat='35.64836490595' lon='128.39901137402'>
    <tag k='ele' v='18.62682125541' />
  </node>
  <node id='198719' version='1' lat='35.64826383719' lon='128.39908720944'>
    <tag k='ele' v='18.56954946974' />
  </node>
  <node id='198720' version='1' lat='35.64829246121' lon='128.39905577962'>
    <tag k='ele' v='18.5572891082' />
  </node>
  <node id='198721' version='1' lat='35.64831454626' lon='128.39904172552'>
    <tag k='ele' v='18.56423254871' />
  </node>
  <node id='198722' version='1' lat='35.64833577945' lon='128.39903969188'>
    <tag k='ele' v='18.60667774656' />
  </node>
  <node id='198723' version='1' lat='35.64834736748' lon='128.39904370752'>
    <tag k='ele' v='18.61' />
  </node>
  <node id='198731' version='1' lat='35.64818981772' lon='128.39969248955'>
    <tag k='ele' v='18.60898362972' />
  </node>
  <node id='198732' version='1' lat='35.64816747127' lon='128.39971255243'>
    <tag k='ele' v='18.59699326385' />
  </node>
  <node id='198733' version='1' lat='35.6481451796' lon='128.39972083407'>
    <tag k='ele' v='18.58236977678' />
  </node>
  <node id='198734' version='1' lat='35.6481229864' lon='128.39971626021'>
    <tag k='ele' v='18.59342575016' />
  </node>
  <node id='198735' version='1' lat='35.64810454672' lon='128.39970032167'>
    <tag k='ele' v='18.69113187485' />
  </node>
  <node id='198737' version='1' lat='35.64817281612' lon='128.39966916239'>
    <tag k='ele' v='18.56015766534' />
  </node>
  <node id='198738' version='1' lat='35.6481577632' lon='128.39968340262'>
    <tag k='ele' v='18.56151115461' />
  </node>
  <node id='198739' version='1' lat='35.64814510591' lon='128.39968939085'>
    <tag k='ele' v='18.57467916396' />
  </node>
  <node id='198740' version='1' lat='35.64813358458' lon='128.39968780883'>
    <tag k='ele' v='18.61' />
  </node>
  <node id='198741' version='1' lat='35.64812243942' lon='128.39967801492'>
    <tag k='ele' v='18.71612880714' />
  </node>
  <node id='198749' version='1' lat='35.64809147134' lon='128.39971739128'>
    <tag k='ele' v='18.69208659729' />
  </node>
  <node id='198750' version='1' lat='35.64809952748' lon='128.39974551635'>
    <tag k='ele' v='18.58742399355' />
  </node>
  <node id='198751' version='1' lat='35.64809852761' lon='128.39977433486'>
    <tag k='ele' v='18.5773698513' />
  </node>
  <node id='198752' version='1' lat='35.64808867312' lon='128.39980127903'>
    <tag k='ele' v='18.58795413929' />
  </node>
  <node id='198754' version='1' lat='35.6480691348' lon='128.39973176574'>
    <tag k='ele' v='18.71952310698' />
  </node>
  <node id='198755' version='1' lat='35.64807453099' lon='128.39974971704'>
    <tag k='ele' v='18.63957858227' />
  </node>
  <node id='198756' version='1' lat='35.64807369186' lon='128.39976853017'>
    <tag k='ele' v='18.5679649196' />
  </node>
  <node id='198757' version='1' lat='35.64806659701' lon='128.39978608569'>
    <tag k='ele' v='18.54378563577' />
  </node>
  <node id='198764' version='1' lat='35.64782120686' lon='128.40032243185'>
    <tag k='ele' v='18.53007849642' />
  </node>
  <node id='198765' version='1' lat='35.64781133482' lon='128.4002981232'>
    <tag k='ele' v='18.58124198371' />
  </node>
  <node id='198766' version='1' lat='35.64780742705' lon='128.40027217982'>
    <tag k='ele' v='18.60094025538' />
  </node>
  <node id='198767' version='1' lat='35.64780993684' lon='128.40024609692'>
    <tag k='ele' v='18.63810678459' />
  </node>
  <node id='198768' version='1' lat='35.64782069762' lon='128.40021603842'>
    <tag k='ele' v='18.65253798992' />
  </node>
  <node id='198769' version='1' lat='35.64783529249' lon='128.40019227581'>
    <tag k='ele' v='18.65505656186' />
  </node>
  <node id='198771' version='1' lat='35.64784643862' lon='128.40030338268'>
    <tag k='ele' v='18.50670532879' />
  </node>
  <node id='198772' version='1' lat='35.64784102885' lon='128.40029054217'>
    <tag k='ele' v='18.5490837019' />
  </node>
  <node id='198773' version='1' lat='35.64783801991' lon='128.40027236416'>
    <tag k='ele' v='18.58465423449' />
  </node>
  <node id='198774' version='1' lat='35.64783970632' lon='128.40025360022'>
    <tag k='ele' v='18.58737520446' />
  </node>
  <node id='198775' version='1' lat='35.64784787316' lon='128.40023275433'>
    <tag k='ele' v='18.60732135389' />
  </node>
  <node id='198783' version='1' lat='35.64829075026' lon='128.3996845651'>
    <tag k='ele' v='18.63084836423' />
  </node>
  <node id='198784' version='1' lat='35.64831537492' lon='128.39967884988'>
    <tag k='ele' v='18.60447845144' />
  </node>
  <node id='198785' version='1' lat='35.64833947648' lon='128.39968725615'>
    <tag k='ele' v='18.59047756144' />
  </node>
  <node id='198786' version='1' lat='35.64836280871' lon='128.39970900846'>
    <tag k='ele' v='18.67006457637' />
  </node>
  <node id='198788' version='1' lat='35.64830159546' lon='128.3997208091'>
    <tag k='ele' v='18.6' />
  </node>
  <node id='198789' version='1' lat='35.64831309687' lon='128.39971718399'>
    <tag k='ele' v='18.61515125417' />
  </node>
  <node id='198790' version='1' lat='35.64832612743' lon='128.39972210447'>
    <tag k='ele' v='18.63322654687' />
  </node>
  <node id='198791' version='1' lat='35.64834085466' lon='128.39973646482'>
    <tag k='ele' v='18.68039127008' />
  </node>
  <node id='198798' version='1' lat='35.6479918969' lon='128.4001079562'>
    <tag k='ele' v='18.60739059906' />
  </node>
  <node id='198799' version='1' lat='35.64798090063' lon='128.4000809181'>
    <tag k='ele' v='18.57000000181' />
  </node>
  <node id='198800' version='1' lat='35.64797930757' lon='128.40005156702'>
    <tag k='ele' v='18.58391300673' />
  </node>
  <node id='198801' version='1' lat='35.64798782206' lon='128.4000240835'>
    <tag k='ele' v='18.61877624484' />
  </node>
  <node id='198803' version='1' lat='35.64801846835' lon='128.40008539707'>
    <tag k='ele' v='18.62992613505' />
  </node>
  <node id='198804' version='1' lat='35.64801212074' lon='128.40007063845'>
    <tag k='ele' v='18.60312180337' />
  </node>
  <node id='198805' version='1' lat='35.64801133729' lon='128.40005693856'>
    <tag k='ele' v='18.58417080669' />
  </node>
  <node id='198806' version='1' lat='35.64801698354' lon='128.40004183135'>
    <tag k='ele' v='18.58389932281' />
  </node>
  <node id='198813' version='1' lat='35.64756145774' lon='128.39996633301'>
    <tag k='ele' v='18.616' />
  </node>
  <node id='198814' version='1' lat='35.64755838981' lon='128.39994799633'>
    <tag k='ele' v='18.61827684334' />
  </node>
  <node id='198815' version='1' lat='35.64755909499' lon='128.39992931876'>
    <tag k='ele' v='18.61652660878' />
  </node>
  <node id='198816' version='1' lat='35.6475705763' lon='128.39989282417'>
    <tag k='ele' v='18.63' />
  </node>
  <node id='198817' version='1' lat='35.64759707193' lon='128.39985288207'>
    <tag k='ele' v='18.61973314367' />
  </node>
  <node id='198819' version='1' lat='35.64759140485' lon='128.39994989225'>
    <tag k='ele' v='18.3418289699' />
  </node>
  <node id='198820' version='1' lat='35.64759145198' lon='128.39992478295'>
    <tag k='ele' v='18.61734136546' />
  </node>
  <node id='198821' version='1' lat='35.64759894341' lon='128.39990435781'>
    <tag k='ele' v='18.61977864622' />
  </node>
  <node id='198822' version='1' lat='35.64761794905' lon='128.39987827903'>
    <tag k='ele' v='18.58997922433' />
  </node>
  <node id='198829' version='1' lat='35.64749504942' lon='128.39998602424'>
    <tag k='ele' v='18.62766735172' />
  </node>
  <node id='198830' version='1' lat='35.64752404093' lon='128.39997359674'>
    <tag k='ele' v='18.62454062156' />
  </node>
  <node id='198831' version='1' lat='35.64753865572' lon='128.39997355288'>
    <tag k='ele' v='18.62262724668' />
  </node>
  <node id='198832' version='1' lat='35.64755277006' lon='128.39997794266'>
    <tag k='ele' v='18.626' />
  </node>
  <node id='198834' version='1' lat='35.64750236813' lon='128.40002582475'>
    <tag k='ele' v='18.63381497257' />
  </node>
  <node id='198835' version='1' lat='35.64752197361' lon='128.40001600103'>
    <tag k='ele' v='18.6327456612' />
  </node>
  <node id='198836' version='1' lat='35.64753979346' lon='128.40001630385'>
    <tag k='ele' v='18.64' />
  </node>
  <node id='198842' version='1' lat='35.64792840924' lon='128.39949799182'>
    <tag k='ele' v='18.57786933609' />
  </node>
  <node id='198844' version='1' lat='35.64795799599' lon='128.39953546973'>
    <tag k='ele' v='18.55228199944' />
  </node>
  <node id='198845' version='1' lat='35.64829439108' lon='128.39912481748'>
    <tag k='ele' v='18.48662159345' />
  </node>
  <node id='198850' version='1' lat='35.6470941852' lon='128.40146815829'>
    <tag k='ele' v='18.36207703449' />
  </node>
  <node id='198851' version='1' lat='35.64706326349' lon='128.40149993538'>
    <tag k='ele' v='18.368' />
  </node>
  <node id='198852' version='1' lat='35.64704712218' lon='128.40150782757'>
    <tag k='ele' v='18.379' />
  </node>
  <node id='198853' version='1' lat='35.64703362794' lon='128.40150986257'>
    <tag k='ele' v='18.42315028729' />
  </node>
  <node id='198854' version='1' lat='35.64702012737' lon='128.40150796298'>
    <tag k='ele' v='18.44209922394' />
  </node>
  <node id='198855' version='1' lat='35.64700388937' lon='128.40150049148'>
    <tag k='ele' v='18.46078046668' />
  </node>
  <node id='198856' version='1' lat='35.6469737577' lon='128.40147125347'>
    <tag k='ele' v='18.48' />
  </node>
  <node id='198858' version='1' lat='35.64707297147' lon='128.40143995335'>
    <tag k='ele' v='18.36766436754' />
  </node>
  <node id='198859' version='1' lat='35.64704674121' lon='128.40146210549'>
    <tag k='ele' v='18.3914641642' />
  </node>
  <node id='198860' version='1' lat='35.64702175026' lon='128.40147125087'>
    <tag k='ele' v='18.39130003505' />
  </node>
  <node id='198861' version='1' lat='35.64701252544' lon='128.40146817383'>
    <tag k='ele' v='18.4024555559' />
  </node>
  <node id='198862' version='1' lat='35.64699497306' lon='128.40144725009'>
    <tag k='ele' v='18.41802821843' />
  </node>
  <node id='198870' version='1' lat='35.64852588243' lon='128.39922451312'>
    <tag k='ele' v='18.64156949209' />
  </node>
  <node id='198871' version='1' lat='35.6485352608' lon='128.39924708049'>
    <tag k='ele' v='18.65137635173' />
  </node>
  <node id='198872' version='1' lat='35.64853789809' lon='128.39926727539'>
    <tag k='ele' v='18.64614615658' />
  </node>
  <node id='198873' version='1' lat='35.64853434719' lon='128.39929127204'>
    <tag k='ele' v='18.67249389321' />
  </node>
  <node id='198874' version='1' lat='35.64852436514' lon='128.39931359075'>
    <tag k='ele' v='18.66684354828' />
  </node>
  <node id='198876' version='1' lat='35.64849536244' lon='128.39923781399'>
    <tag k='ele' v='18.59591279728' />
  </node>
  <node id='198877' version='1' lat='35.64850087965' lon='128.3992676238'>
    <tag k='ele' v='18.60205301565' />
  </node>
  <node id='198878' version='1' lat='35.64849867157' lon='128.39928976875'>
    <tag k='ele' v='18.63764722346' />
  </node>
  <node id='198879' version='1' lat='35.64849280681' lon='128.39930623864'>
    <tag k='ele' v='18.60857441215' />
  </node>
  <node id='198887' version='1' lat='35.64864402114' lon='128.39938233347'>
    <tag k='ele' v='18.59689306673' />
  </node>
  <node id='198888' version='1' lat='35.64863379844' lon='128.39935939766'>
    <tag k='ele' v='18.6' />
  </node>
  <node id='198889' version='1' lat='35.64862969368' lon='128.39933494708'>
    <tag k='ele' v='18.61914888775' />
  </node>
  <node id='198890' version='1' lat='35.6486327195' lon='128.39931043317'>
    <tag k='ele' v='18.66502527143' />
  </node>
  <node id='198891' version='1' lat='35.64864229523' lon='128.39928823272'>
    <tag k='ele' v='18.71' />
  </node>
  <node id='198893' version='1' lat='35.64867771252' lon='128.39937348408'>
    <tag k='ele' v='18.56917844573' />
  </node>
  <node id='198894' version='1' lat='35.64867043738' lon='128.39935702647'>
    <tag k='ele' v='18.45314641385' />
  </node>
  <node id='198895' version='1' lat='35.64866689006' lon='128.39933635184'>
    <tag k='ele' v='18.58998416839' />
  </node>
  <node id='198896' version='1' lat='35.64866862333' lon='128.39931891397'>
    <tag k='ele' v='18.59172350273' />
  </node>
  <node id='198897' version='1' lat='35.64867435976' lon='128.3993046287'>
    <tag k='ele' v='18.58745543577' />
  </node>
  <node id='198905' version='1' lat='35.64883657021' lon='128.3995091333'>
    <tag k='ele' v='18.37703731939' />
  </node>
  <node id='198906' version='1' lat='35.64881368475' lon='128.39952888359'>
    <tag k='ele' v='18.37033465036' />
  </node>
  <node id='198907' version='1' lat='35.64878842633' lon='128.39953651191'>
    <tag k='ele' v='18.36' />
  </node>
  <node id='198908' version='1' lat='35.64876303443' lon='128.39953001523'>
    <tag k='ele' v='18.39007340106' />
  </node>
  <node id='198910' version='1' lat='35.64881541724' lon='128.39948049017'>
    <tag k='ele' v='18.358' />
  </node>
  <node id='198911' version='1' lat='35.64879981897' lon='128.39949622582'>
    <tag k='ele' v='18.35738293034' />
  </node>
  <node id='198912' version='1' lat='35.64878557267' lon='128.39950092026'>
    <tag k='ele' v='18.40231334313' />
  </node>
  <node id='198913' version='1' lat='35.64877376321' lon='128.39949717282'>
    <tag k='ele' v='18.37569860388' />
  </node>
  <node id='198920' version='1' lat='35.64875483918' lon='128.39953703765'>
    <tag k='ele' v='18.39220825625' />
  </node>
  <node id='198921' version='1' lat='35.64876027563' lon='128.39956582835'>
    <tag k='ele' v='18.3775611335' />
  </node>
  <node id='198922' version='1' lat='35.64875435908' lon='128.39959428339'>
    <tag k='ele' v='18.38064124542' />
  </node>
  <node id='198923' version='1' lat='35.64873917787' lon='128.39961833422'>
    <tag k='ele' v='18.36745058856' />
  </node>
  <node id='198925' version='1' lat='35.64872771253' lon='128.39955134365'>
    <tag k='ele' v='18.399684152' />
  </node>
  <node id='198926' version='1' lat='35.64873182651' lon='128.39956905772'>
    <tag k='ele' v='18.37' />
  </node>
  <node id='198927' version='1' lat='35.64872908486' lon='128.39957693901'>
    <tag k='ele' v='18.36890009752' />
  </node>
  <node id='198928' version='1' lat='35.64871756216' lon='128.39958979446'>
    <tag k='ele' v='18.34789324158' />
  </node>
  <node id='198935' version='1' lat='35.64769476035' lon='128.40015580693'>
    <tag k='ele' v='18.69233309969' />
  </node>
  <node id='198936' version='1' lat='35.64770427248' lon='128.40017839287'>
    <tag k='ele' v='18.70480214243' />
  </node>
  <node id='198937' version='1' lat='35.64770736257' lon='128.40019825063'>
    <tag k='ele' v='18.69393929454' />
  </node>
  <node id='198938' version='1' lat='35.64770461524' lon='128.40022198524'>
    <tag k='ele' v='18.71349058499' />
  </node>
  <node id='198939' version='1' lat='35.64769542609' lon='128.40024385704'>
    <tag k='ele' v='18.69' />
  </node>
  <node id='198941' version='1' lat='35.64766545267' lon='128.40016831845'>
    <tag k='ele' v='18.67703276482' />
  </node>
  <node id='198942' version='1' lat='35.6476716791' lon='128.40019474145'>
    <tag k='ele' v='18.67073939089' />
  </node>
  <node id='198943' version='1' lat='35.64766909288' lon='128.40022018111'>
    <tag k='ele' v='18.65235121436' />
  </node>
  <node id='198944' version='1' lat='35.64766215872' lon='128.40023957068'>
    <tag k='ele' v='18.69439175451' />
  </node>
  <node id='198955' version='1' lat='35.6483449131' lon='128.39906422724'>
    <tag k='ele' v='18.6' />
  </node>
  <node id='198967' version='1' lat='35.64840771232' lon='128.39899048278'>
    <tag k='ele' v='18.6' />
  </node>
  <node id='198968' version='1' lat='35.64841283915' lon='128.39898201505'>
    <tag k='ele' v='18.58625672192' />
  </node>
  <node id='198976' version='1' lat='35.64790767724' lon='128.39947262703'>
    <tag k='ele' v='18.61017797138' />
  </node>
  <node id='198980' version='1' lat='35.64779870377' lon='128.39960612165'>
    <tag k='ele' v='18.59969855678' />
  </node>
  <node id='198982' version='1' lat='35.64781879146' lon='128.39963220918'>
    <tag k='ele' v='18.54561533856' />
  </node>
  <node id='198992' version='1' lat='35.64820950335' lon='128.39971884011'>
    <tag k='ele' v='18.64396227795' />
  </node>
  <node id='199011' version='1' lat='35.64862127194' lon='128.39859854835'>
    <tag k='ele' v='18.55437287518' />
  </node>
  <node id='199012' version='1' lat='35.64894428682' lon='128.39820420203'>
    <tag k='ele' v='18.57' />
  </node>
  <node id='199013' version='1' lat='35.64898504912' lon='128.39816650607'>
    <tag k='ele' v='18.58954507654' />
  </node>
  <node id='199014' version='1' lat='35.64901507617' lon='128.39814633803'>
    <tag k='ele' v='18.59142082723' />
  </node>
  <node id='199015' version='1' lat='35.64904774099' lon='128.39813139153'>
    <tag k='ele' v='18.63501509525' />
  </node>
  <node id='199016' version='1' lat='35.64908576245' lon='128.39812203415'>
    <tag k='ele' v='18.6561022585' />
  </node>
  <node id='199017' version='1' lat='35.6491301642' lon='128.39812021226'>
    <tag k='ele' v='18.67793409248' />
  </node>
  <node id='199018' version='1' lat='35.64916607757' lon='128.39812605232'>
    <tag k='ele' v='18.6838340821' />
  </node>
  <node id='199019' version='1' lat='35.64921238948' lon='128.3981416475'>
    <tag k='ele' v='18.69727029197' />
  </node>
  <node id='199020' version='1' lat='35.64923588531' lon='128.39815496089'>
    <tag k='ele' v='18.69960047938' />
  </node>
  <node id='199021' version='1' lat='35.6492595256' lon='128.39817294575'>
    <tag k='ele' v='18.72761902552' />
  </node>
  <node id='199023' version='1' lat='35.64895098168' lon='128.39824515023'>
    <tag k='ele' v='18.54435621449' />
  </node>
  <node id='199024' version='1' lat='35.6489863785' lon='128.398208472'>
    <tag k='ele' v='18.55485981135' />
  </node>
  <node id='199025' version='1' lat='35.64901403473' lon='128.39818642827'>
    <tag k='ele' v='18.57278830692' />
  </node>
  <node id='199026' version='1' lat='35.64905502257' lon='128.39816575155'>
    <tag k='ele' v='18.59902491871' />
  </node>
  <node id='199027' version='1' lat='35.64907751596' lon='128.39815884531'>
    <tag k='ele' v='18.6076516211' />
  </node>
  <node id='199028' version='1' lat='35.64911515607' lon='128.39815489993'>
    <tag k='ele' v='18.62581482842' />
  </node>
  <node id='199029' version='1' lat='35.6491430861' lon='128.39815687284'>
    <tag k='ele' v='18.61114288192' />
  </node>
  <node id='199030' version='1' lat='35.64917608252' lon='128.39816501777'>
    <tag k='ele' v='18.65' />
  </node>
  <node id='199031' version='1' lat='35.64922093108' lon='128.39818665652'>
    <tag k='ele' v='18.62357199548' />
  </node>
  <node id='199032' version='1' lat='35.64924129079' lon='128.39820148924'>
    <tag k='ele' v='18.65550751572' />
  </node>
  <node id='199050' version='1' lat='35.64788630053' lon='128.39960064228'>
    <tag k='ele' v='18.54996334639' />
  </node>
  <node id='199051' version='1' lat='35.64791069135' lon='128.39958571816'>
    <tag k='ele' v='18.538' />
  </node>
  <node id='199052' version='1' lat='35.64792640268' lon='128.39957403103'>
    <tag k='ele' v='18.55225924712' />
  </node>
  <node id='199058' version='1' lat='35.64710235235' lon='128.40165295497'>
    <tag k='ele' v='18.40077192779' />
  </node>
  <node id='199060' version='1' lat='35.64708389821' lon='128.40167338271'>
    <tag k='ele' v='18.37294479525' />
  </node>
  <node id='199066' version='1' lat='35.65327841186' lon='128.3965434836'>
    <tag k='ele' v='18.61882512679' />
  </node>
  <node id='199067' version='1' lat='35.65343585942' lon='128.39631676355'>
    <tag k='ele' v='18.61946570773' />
  </node>
  <node id='199068' version='1' lat='35.65351913799' lon='128.39618901606'>
    <tag k='ele' v='18.6285239782' />
  </node>
  <node id='199070' version='1' lat='35.65330462737' lon='128.3965721446'>
    <tag k='ele' v='18.67802142178' />
  </node>
  <node id='199071' version='1' lat='35.65346279254' lon='128.39634318966'>
    <tag k='ele' v='18.68013405312' />
  </node>
  <node id='199072' version='1' lat='35.65354576913' lon='128.39621356457'>
    <tag k='ele' v='18.68132574966' />
  </node>
  <node id='199078' version='1' lat='35.65264351848' lon='128.39717398668'>
    <tag k='ele' v='18.57485941298' />
  </node>
  <node id='199079' version='1' lat='35.65263556811' lon='128.39718639298'>
    <tag k='ele' v='18.57281949147' />
  </node>
  <node id='199080' version='1' lat='35.65260993428' lon='128.39721016629'>
    <tag k='ele' v='18.57933357083' />
  </node>
  <node id='199081' version='1' lat='35.65257727869' lon='128.3972251364'>
    <tag k='ele' v='18.56643231726' />
  </node>
  <node id='199082' version='1' lat='35.65233308474' lon='128.39731565976'>
    <tag k='ele' v='18.51042881752' />
  </node>
  <node id='199083' version='1' lat='35.65221867627' lon='128.39736981387'>
    <tag k='ele' v='18.48372821823' />
  </node>
  <node id='199085' version='1' lat='35.65261237764' lon='128.39715741889'>
    <tag k='ele' v='18.54028433902' />
  </node>
  <node id='199086' version='1' lat='35.6525960114' lon='128.3971742163'>
    <tag k='ele' v='18.56362500886' />
  </node>
  <node id='199087' version='1' lat='35.65257739515' lon='128.39718552089'>
    <tag k='ele' v='18.57250993974' />
  </node>
  <node id='199088' version='1' lat='35.6523434453' lon='128.39727215571'>
    <tag k='ele' v='18.51664914787' />
  </node>
  <node id='199089' version='1' lat='35.65220642052' lon='128.39733434278'>
    <tag k='ele' v='18.48587511085' />
  </node>
  <node id='199097' version='1' lat='35.65213792526' lon='128.39741475476'>
    <tag k='ele' v='18.46693364264' />
  </node>
  <node id='199098' version='1' lat='35.65205508929' lon='128.3974662495'>
    <tag k='ele' v='18.4501182901' />
  </node>
  <node id='199099' version='1' lat='35.65179706081' lon='128.39764521859'>
    <tag k='ele' v='18.40660547673' />
  </node>
  <node id='199101' version='1' lat='35.65212403227' lon='128.39737956476'>
    <tag k='ele' v='18.46815937337' />
  </node>
  <node id='199102' version='1' lat='35.65203985466' lon='128.39743139006'>
    <tag k='ele' v='18.45163464565' />
  </node>
  <node id='199103' version='1' lat='35.65178036442' lon='128.39761082489'>
    <tag k='ele' v='18.40807508579' />
  </node>
  <node id='199109' version='1' lat='35.65138802731' lon='128.39795280878'>
    <tag k='ele' v='18.37799999942' />
  </node>
  <node id='199111' version='1' lat='35.6513706271' lon='128.3979187261'>
    <tag k='ele' v='18.37842142353' />
  </node>
  <node id='199115' version='1' lat='35.65114082372' lon='128.39814817703'>
    <tag k='ele' v='18.37200000189' />
  </node>
  <node id='199116' version='1' lat='35.65098738603' lon='128.39827519526'>
    <tag k='ele' v='18.37638018064' />
  </node>
  <node id='199118' version='1' lat='35.65112267888' lon='128.39811454406'>
    <tag k='ele' v='18.37154146763' />
  </node>
  <node id='199119' version='1' lat='35.65096827346' lon='128.39824210864'>
    <tag k='ele' v='18.37493495779' />
  </node>
  <node id='199124' version='1' lat='35.65086963663' lon='128.39838405936'>
    <tag k='ele' v='18.38384263969' />
  </node>
  <node id='199125' version='1' lat='35.65077754407' lon='128.39847980563'>
    <tag k='ele' v='18.39200000756' />
  </node>
  <node id='199126' version='1' lat='35.65062230511' lon='128.39865296044'>
    <tag k='ele' v='18.39399999482' />
  </node>
  <node id='199128' version='1' lat='35.65084122216' lon='128.39836004374'>
    <tag k='ele' v='18.38369712645' />
  </node>
  <node id='199129' version='1' lat='35.6507553023' lon='128.39844936508'>
    <tag k='ele' v='18.39221810891' />
  </node>
  <node id='199130' version='1' lat='35.65059982911' lon='128.39862276907'>
    <tag k='ele' v='18.3939013031' />
  </node>
  <node id='199136' version='1' lat='35.65026741569' lon='128.39904949257'>
    <tag k='ele' v='18.39800000266' />
  </node>
  <node id='199138' version='1' lat='35.65024494165' lon='128.39901930271'>
    <tag k='ele' v='18.39810222014' />
  </node>
  <node id='199142' version='1' lat='35.64991252386' lon='128.3994460224'>
    <tag k='ele' v='18.40200000031' />
  </node>
  <node id='199144' version='1' lat='35.64989004749' lon='128.39941582306'>
    <tag k='ele' v='18.40187099493' />
  </node>
  <node id='199148' version='1' lat='35.64955763013' lon='128.39984254498'>
    <tag k='ele' v='18.40599999563' />
  </node>
  <node id='199150' version='1' lat='35.64953515755' lon='128.39981235042'>
    <tag k='ele' v='18.40601019664' />
  </node>
  <node id='199154' version='1' lat='35.64920274822' lon='128.40023905053'>
    <tag k='ele' v='18.41885205817' />
  </node>
  <node id='199156' version='1' lat='35.64918025254' lon='128.40020888706'>
    <tag k='ele' v='18.39980268065' />
  </node>
  <node id='199160' version='1' lat='35.65091031317' lon='128.3989900075'>
    <tag k='ele' v='18.62989737834' />
  </node>
  <node id='199161' version='1' lat='35.65125403562' lon='128.39860702598'>
    <tag k='ele' v='18.57744666811' />
  </node>
  <node id='199163' version='1' lat='35.65093371591' lon='128.39902137677'>
    <tag k='ele' v='18.6405434998' />
  </node>
  <node id='199164' version='1' lat='35.65127710461' lon='128.39863862211'>
    <tag k='ele' v='18.57852057032' />
  </node>
  <node id='199169' version='1' lat='35.65160061123' lon='128.39822799227'>
    <tag k='ele' v='18.55140752763' />
  </node>
  <node id='199171' version='1' lat='35.65162345736' lon='128.39825982683'>
    <tag k='ele' v='18.55121001643' />
  </node>
  <node id='199175' version='1' lat='35.65195369939' lon='128.39785743207'>
    <tag k='ele' v='18.53399589042' />
  </node>
  <node id='199177' version='1' lat='35.65197573444' lon='128.39789002744'>
    <tag k='ele' v='18.53399999927' />
  </node>
  <node id='199181' version='1' lat='35.65231332358' lon='128.39749716362'>
    <tag k='ele' v='18.55560887509' />
  </node>
  <node id='199183' version='1' lat='35.65233517207' lon='128.39752992877'>
    <tag k='ele' v='18.55509666117' />
  </node>
  <node id='199187' version='1' lat='35.65258912533' lon='128.39722091647'>
    <tag k='ele' v='18.57254987288' />
  </node>
  <node id='199188' version='1' lat='35.65263873196' lon='128.3971678133'>
    <tag k='ele' v='18.57697485335' />
  </node>
  <node id='199190' version='1' lat='35.65261096804' lon='128.39725209401'>
    <tag k='ele' v='18.58143525602' />
  </node>
  <node id='199191' version='1' lat='35.65266898969' lon='128.39718714026'>
    <tag k='ele' v='18.61197320214' />
  </node>
  <node id='199196' version='1' lat='35.64773193485' lon='128.40227895696'>
    <tag k='ele' v='18.60654198062' />
  </node>
  <node id='199197' version='1' lat='35.64795358828' lon='128.40218836692'>
    <tag k='ele' v='18.55917220906' />
  </node>
  <node id='199198' version='1' lat='35.64804969004' lon='128.40214157093'>
    <tag k='ele' v='18.50641506602' />
  </node>
  <node id='199199' version='1' lat='35.6481387806' lon='128.40208487193'>
    <tag k='ele' v='18.45234704482' />
  </node>
  <node id='199200' version='1' lat='35.64817661725' lon='128.40205356153'>
    <tag k='ele' v='18.41542061567' />
  </node>
  <node id='199201' version='1' lat='35.64821747599' lon='128.40201140498'>
    <tag k='ele' v='18.39205403417' />
  </node>
  <node id='199203' version='1' lat='35.64774303961' lon='128.4023209833'>
    <tag k='ele' v='18.6121761023' />
  </node>
  <node id='199204' version='1' lat='35.64796619762' lon='128.40222974018'>
    <tag k='ele' v='18.55840231897' />
  </node>
  <node id='199205' version='1' lat='35.64806511175' lon='128.40218125583'>
    <tag k='ele' v='18.50331389351' />
  </node>
  <node id='199206' version='1' lat='35.64815762942' lon='128.40212161819'>
    <tag k='ele' v='18.48036550418' />
  </node>
  <node id='199207' version='1' lat='35.64819061269' lon='128.40209439307'>
    <tag k='ele' v='18.4580193551' />
  </node>
  <node id='199208' version='1' lat='35.64824074313' lon='128.40204277971'>
    <tag k='ele' v='18.43089124196' />
  </node>
  <node id='199217' version='1' lat='35.64987770249' lon='128.39861768881'>
    <tag k='ele' v='18.29335773156' />
  </node>
  <node id='199219' version='1' lat='35.64984950342' lon='128.39857996344'>
    <tag k='ele' v='18.40227790499' />
  </node>
  <node id='199223' version='1' lat='35.64949818041' lon='128.39904362076'>
    <tag k='ele' v='18.32350934554' />
  </node>
  <node id='199225' version='1' lat='35.6496963086' lon='128.39875148996'>
    <tag k='ele' v='18.35064355417' />
  </node>
  <node id='199226' version='1' lat='35.64952884116' lon='128.39892506936'>
    <tag k='ele' v='18.34656045486' />
  </node>
  <node id='199227' version='1' lat='35.64946377759' lon='128.39899760444'>
    <tag k='ele' v='18.39007433596' />
  </node>
  <node id='199231' version='1' lat='35.64911860815' lon='128.39946956662'>
    <tag k='ele' v='18.31251928201' />
  </node>
  <node id='199233' version='1' lat='35.6490842464' lon='128.39942360068'>
    <tag k='ele' v='18.36507962317' />
  </node>
  <node id='199237' version='1' lat='35.64873893062' lon='128.39989532606'>
    <tag k='ele' v='18.27526559939' />
  </node>
  <node id='199239' version='1' lat='35.6487046743' lon='128.39984958368'>
    <tag k='ele' v='18.3201834745' />
  </node>
  <node id='199243' version='1' lat='35.6483596832' lon='128.40032145025'>
    <tag k='ele' v='18.18463791976' />
  </node>
  <node id='199245' version='1' lat='35.64856372269' lon='128.40000835393'>
    <tag k='ele' v='18.30105604151' />
  </node>
  <node id='199246' version='1' lat='35.64837644878' lon='128.40024900745'>
    <tag k='ele' v='18.21070365237' />
  </node>
  <node id='199247' version='1' lat='35.64833799344' lon='128.40029245405'>
    <tag k='ele' v='18.19772027793' />
  </node>
  <node id='199252' version='1' lat='35.64798008148' lon='128.40074736951'>
    <tag k='ele' v='18.1144408191' />
  </node>
  <node id='199254' version='1' lat='35.64795852154' lon='128.40071850503'>
    <tag k='ele' v='18.12038061536' />
  </node>
  <node id='199261' version='1' lat='35.64807664577' lon='128.40087659114'>
    <tag k='ele' v='18.17695174233' />
  </node>
  <node id='199263' version='1' lat='35.64809849641' lon='128.40090581307'>
    <tag k='ele' v='18.1798012173' />
  </node>
  <node id='199267' version='1' lat='35.64845628885' lon='128.40045083204'>
    <tag k='ele' v='18.13727303493' />
  </node>
  <node id='199269' version='1' lat='35.64847806975' lon='128.40047998062'>
    <tag k='ele' v='18.15240071324' />
  </node>
  <node id='199273' version='1' lat='35.64883555159' lon='128.40002461891'>
    <tag k='ele' v='18.31292027843' />
  </node>
  <node id='199275' version='1' lat='35.64885760246' lon='128.40005403582'>
    <tag k='ele' v='18.2731385665' />
  </node>
  <node id='199279' version='1' lat='35.64914958591' lon='128.39964899355'>
    <tag k='ele' v='18.31914839965' />
  </node>
  <node id='199280' version='1' lat='35.64920555676' lon='128.39958610118'>
    <tag k='ele' v='18.32492645099' />
  </node>
  <node id='199282' version='1' lat='35.64923718882' lon='128.39962828374'>
    <tag k='ele' v='18.32037928901' />
  </node>
  <node id='199286' version='1' lat='35.64958516374' lon='128.39916024665'>
    <tag k='ele' v='18.3279258119' />
  </node>
  <node id='199288' version='1' lat='35.64961680551' lon='128.399202545'>
    <tag k='ele' v='18.31048490802' />
  </node>
  <node id='199292' version='1' lat='35.64996453626' lon='128.39873412699'>
    <tag k='ele' v='18.3301637691' />
  </node>
  <node id='199294' version='1' lat='35.64999625683' lon='128.39877653251'>
    <tag k='ele' v='18.32999999866' />
  </node>
  <node id='199301' version='1' lat='35.64883323253' lon='128.40065333182'>
    <tag k='ele' v='18.26775280419' />
  </node>
  <node id='199303' version='1' lat='35.6488107173' lon='128.40062325651'>
    <tag k='ele' v='18.23308169028' />
  </node>
  <node id='199307' version='1' lat='35.64846397293' lon='128.40106797791'>
    <tag k='ele' v='18.41661434289' />
  </node>
  <node id='199309' version='1' lat='35.64844156296' lon='128.40103810878'>
    <tag k='ele' v='18.3754524068' />
  </node>
  <node id='199313' version='1' lat='35.64809451785' lon='128.40148245777'>
    <tag k='ele' v='18.36570420308' />
  </node>
  <node id='199315' version='1' lat='35.64807230132' lon='128.40145271976'>
    <tag k='ele' v='18.33555532186' />
  </node>
  <node id='199319' version='1' lat='35.64772513302' lon='128.40189696874'>
    <tag k='ele' v='18.25491948209' />
  </node>
  <node id='199321' version='1' lat='35.64770291352' lon='128.40186722145'>
    <tag k='ele' v='18.2133945552' />
  </node>
  <node id='199325' version='1' lat='35.64735560153' lon='128.4023111502'>
    <tag k='ele' v='18.57077172894' />
  </node>
  <node id='199327' version='1' lat='35.64733340782' lon='128.4022816937'>
    <tag k='ele' v='18.52998504956' />
  </node>
  <node id='199331' version='1' lat='35.64855411445' lon='128.40163388727'>
    <tag k='ele' v='18.58764657229' />
  </node>
  <node id='199333' version='1' lat='35.64857739421' lon='128.40166504252'>
    <tag k='ele' v='18.58597867263' />
  </node>
  <node id='199337' version='1' lat='35.64889088946' lon='128.40125641019'>
    <tag k='ele' v='18.60996741791' />
  </node>
  <node id='199339' version='1' lat='35.64891413585' lon='128.40128756574'>
    <tag k='ele' v='18.62892827105' />
  </node>
  <node id='199343' version='1' lat='35.649227619' lon='128.40087889097'>
    <tag k='ele' v='18.54996403534' />
  </node>
  <node id='199345' version='1' lat='35.64925078591' lon='128.40090994464'>
    <tag k='ele' v='18.58051236807' />
  </node>
  <node id='199349' version='1' lat='35.64956423856' lon='128.40050125161'>
    <tag k='ele' v='18.60244123477' />
  </node>
  <node id='199351' version='1' lat='35.64958751462' lon='128.40053239859'>
    <tag k='ele' v='18.61084563281' />
  </node>
  <node id='199355' version='1' lat='35.64990076137' lon='128.40012345505'>
    <tag k='ele' v='18.6134840268' />
  </node>
  <node id='199357' version='1' lat='35.64992402575' lon='128.40015458629'>
    <tag k='ele' v='18.62039699587' />
  </node>
  <node id='199361' version='1' lat='35.6502371583' lon='128.3997455175'>
    <tag k='ele' v='18.61996693579' />
  </node>
  <node id='199363' version='1' lat='35.65026049951' lon='128.39977669372'>
    <tag k='ele' v='18.62088215904' />
  </node>
  <node id='199367' version='1' lat='35.65057375564' lon='128.39936779107'>
    <tag k='ele' v='18.63001826703' />
  </node>
  <node id='199369' version='1' lat='35.65059701072' lon='128.39939890499'>
    <tag k='ele' v='18.63000000279' />
  </node>
  <node id='199376' version='1' lat='35.65525820839' lon='128.39434441227'>
    <tag k='ele' v='19.26041010575' />
  </node>
  <node id='199377' version='1' lat='35.65520176844' lon='128.39447783935'>
    <tag k='ele' v='19.14765243464' />
  </node>
  <node id='199379' version='1' lat='35.65525850234' lon='128.3942557069'>
    <tag k='ele' v='19.22070256757' />
  </node>
  <node id='199380' version='1' lat='35.65517319042' lon='128.39445896612'>
    <tag k='ele' v='19.06145981366' />
  </node>
  <node id='199385' version='1' lat='35.65509805654' lon='128.39469879324'>
    <tag k='ele' v='18.99215403764' />
  </node>
  <node id='199387' version='1' lat='35.65511427039' lon='128.39459050893'>
    <tag k='ele' v='19.01628437298' />
  </node>
  <node id='199388' version='1' lat='35.65501689873' lon='128.39479246135'>
    <tag k='ele' v='18.89637559391' />
  </node>
  <node id='199393' version='1' lat='35.64635763292' lon='128.40439717534'>
    <tag k='ele' v='19.47024813244' />
  </node>
  <node id='199394' version='1' lat='35.64631738308' lon='128.40444679875'>
    <tag k='ele' v='19.46434961001' />
  </node>
  <node id='199395' version='1' lat='35.64627486111' lon='128.4044919779'>
    <tag k='ele' v='19.46108600611' />
  </node>
  <node id='199396' version='1' lat='35.64622136287' lon='128.40453965088'>
    <tag k='ele' v='19.44012810922' />
  </node>
  <node id='199397' version='1' lat='35.64614828531' lon='128.40459211394'>
    <tag k='ele' v='19.45247020003' />
  </node>
  <node id='199398' version='1' lat='35.64609677021' lon='128.40462205501'>
    <tag k='ele' v='19.46810091645' />
  </node>
  <node id='199399' version='1' lat='35.64603417999' lon='128.40465035159'>
    <tag k='ele' v='19.46240691543' />
  </node>
  <node id='199400' version='1' lat='35.64597368316' lon='128.40467077407'>
    <tag k='ele' v='19.44481440048' />
  </node>
  <node id='199402' version='1' lat='35.64634407127' lon='128.4043501193'>
    <tag k='ele' v='19.37691966682' />
  </node>
  <node id='199403' version='1' lat='35.64629321168' lon='128.40441418362'>
    <tag k='ele' v='19.47183210128' />
  </node>
  <node id='199404' version='1' lat='35.64623825176' lon='128.40447103925'>
    <tag k='ele' v='19.40255805787' />
  </node>
  <node id='199405' version='1' lat='35.64619377034' lon='128.40450952171'>
    <tag k='ele' v='19.38329465093' />
  </node>
  <node id='199406' version='1' lat='35.64613217456' lon='128.40455301555'>
    <tag k='ele' v='19.41004808035' />
  </node>
  <node id='199407' version='1' lat='35.64606584603' lon='128.40458973072'>
    <tag k='ele' v='19.41390736082' />
  </node>
  <node id='199408' version='1' lat='35.6459653507' lon='128.40462861272'>
    <tag k='ele' v='19.40005997184' />
  </node>
  <node id='199419' version='1' lat='35.64590645989' lon='128.40468665388'>
    <tag k='ele' v='19.47023628402' />
  </node>
  <node id='199420' version='1' lat='35.64584874226' lon='128.40469406158'>
    <tag k='ele' v='19.46540346289' />
  </node>
  <node id='199421' version='1' lat='35.64579235539' lon='128.40469571132'>
    <tag k='ele' v='19.43817988603' />
  </node>
  <node id='199422' version='1' lat='35.64570777428' lon='128.40468844043'>
    <tag k='ele' v='19.45103452577' />
  </node>
  <node id='199423' version='1' lat='35.64564296325' lon='128.40467564608'>
    <tag k='ele' v='19.43204588981' />
  </node>
  <node id='199424' version='1' lat='35.6455697599' lon='128.40465206256'>
    <tag k='ele' v='19.43026105775' />
  </node>
  <node id='199425' version='1' lat='35.64551478548' lon='128.40462732302'>
    <tag k='ele' v='19.42937649613' />
  </node>
  <node id='199426' version='1' lat='35.64545703897' lon='128.40459421622'>
    <tag k='ele' v='19.42125692313' />
  </node>
  <node id='199428' version='1' lat='35.64591035908' lon='128.40464140252'>
    <tag k='ele' v='19.43454295085' />
  </node>
  <node id='199429' version='1' lat='35.64585580438' lon='128.40464896177'>
    <tag k='ele' v='19.41050042173' />
  </node>
  <node id='199430' version='1' lat='35.64578311551' lon='128.40465114416'>
    <tag k='ele' v='19.39832296888' />
  </node>
  <node id='199431' version='1' lat='35.64571257998' lon='128.4046453844'>
    <tag k='ele' v='19.38504467447' />
  </node>
  <node id='199432' version='1' lat='35.64564109731' lon='128.40463050732'>
    <tag k='ele' v='19.37523602961' />
  </node>
  <node id='199433' version='1' lat='35.64560705376' lon='128.40461986136'>
    <tag k='ele' v='19.32742703223' />
  </node>
  <node id='199434' version='1' lat='35.64553918729' lon='128.4045918043'>
    <tag k='ele' v='19.37532111234' />
  </node>
  <node id='199435' version='1' lat='35.64547295728' lon='128.4045550017'>
    <tag k='ele' v='19.34152441128' />
  </node>
  <node id='199446' version='1' lat='35.64540432123' lon='128.40455873013'>
    <tag k='ele' v='19.42883254011' />
  </node>
  <node id='199447' version='1' lat='35.64534365993' lon='128.4045075041'>
    <tag k='ele' v='19.40921235375' />
  </node>
  <node id='199448' version='1' lat='35.64529228454' lon='128.40445526437'>
    <tag k='ele' v='19.40107247412' />
  </node>
  <node id='199449' version='1' lat='35.64524506381' lon='128.40439798757'>
    <tag k='ele' v='19.40507160553' />
  </node>
  <node id='199450' version='1' lat='35.64520241749' lon='128.40433649209'>
    <tag k='ele' v='19.42648957102' />
  </node>
  <node id='199451' version='1' lat='35.64516412048' lon='128.40427002432'>
    <tag k='ele' v='19.41281589775' />
  </node>
  <node id='199452' version='1' lat='35.6451304499' lon='128.40419922111'>
    <tag k='ele' v='19.40025873687' />
  </node>
  <node id='199453' version='1' lat='35.64510241332' lon='128.40412635807'>
    <tag k='ele' v='19.40820075056' />
  </node>
  <node id='199455' version='1' lat='35.64542368532' lon='128.4045211698'>
    <tag k='ele' v='19.31702213454' />
  </node>
  <node id='199456' version='1' lat='35.64536557711' lon='128.40447285622'>
    <tag k='ele' v='19.37182699498' />
  </node>
  <node id='199457' version='1' lat='35.64530764173' lon='128.40441333658'>
    <tag k='ele' v='19.348399277' />
  </node>
  <node id='199458' version='1' lat='35.64527150346' lon='128.40436871876'>
    <tag k='ele' v='19.36880189792' />
  </node>
  <node id='199459' version='1' lat='35.6452248556' lon='128.40430038422'>
    <tag k='ele' v='19.41416339645' />
  </node>
  <node id='199460' version='1' lat='35.64518472361' lon='128.40422748919'>
    <tag k='ele' v='19.36798007615' />
  </node>
  <node id='199461' version='1' lat='35.6451357271' lon='128.40411024584'>
    <tag k='ele' v='19.36084481957' />
  </node>
  <node id='199471' version='1' lat='35.64508144936' lon='128.40405582604'>
    <tag k='ele' v='19.43105510949' />
  </node>
  <node id='199472' version='1' lat='35.64506275918' lon='128.4039713868'>
    <tag k='ele' v='19.40637644453' />
  </node>
  <node id='199473' version='1' lat='35.64504903971' lon='128.40387381712'>
    <tag k='ele' v='19.40660124966' />
  </node>
  <node id='199474' version='1' lat='35.64504445221' lon='128.40380371303'>
    <tag k='ele' v='19.39482498746' />
  </node>
  <node id='199475' version='1' lat='35.64504484463' lon='128.40371679524'>
    <tag k='ele' v='19.4203494518' />
  </node>
  <node id='199476' version='1' lat='35.64505006194' lon='128.40364869612'>
    <tag k='ele' v='19.41155876517' />
  </node>
  <node id='199477' version='1' lat='35.64506347933' lon='128.40355706'>
    <tag k='ele' v='19.41328916377' />
  </node>
  <node id='199478' version='1' lat='35.6450788575' lon='128.40348961668'>
    <tag k='ele' v='19.43092819086' />
  </node>
  <node id='199480' version='1' lat='35.64511562379' lon='128.40404310234'>
    <tag k='ele' v='19.38301195902' />
  </node>
  <node id='199481' version='1' lat='35.64509754722' lon='128.40396234332'>
    <tag k='ele' v='19.44630405122' />
  </node>
  <node id='199482' version='1' lat='35.64508447753' lon='128.4038693597'>
    <tag k='ele' v='19.3964281334' />
  </node>
  <node id='199483' version='1' lat='35.6450802728' lon='128.40380230625'>
    <tag k='ele' v='19.36277321928' />
  </node>
  <node id='199484' version='1' lat='35.64508338477' lon='128.40367722245'>
    <tag k='ele' v='19.36799233881' />
  </node>
  <node id='199485' version='1' lat='35.64509267122' lon='128.40360276207'>
    <tag k='ele' v='19.37229660257' />
  </node>
  <node id='199486' version='1' lat='35.64511354269' lon='128.40350250206'>
    <tag k='ele' v='19.39043809656' />
  </node>
  <node id='199497' version='1' lat='35.64510485382' lon='128.40340366339'>
    <tag k='ele' v='19.41375303251' />
  </node>
  <node id='199498' version='1' lat='35.64513099668' lon='128.4033356277'>
    <tag k='ele' v='19.41700609392' />
  </node>
  <node id='199499' version='1' lat='35.64516612505' lon='128.40326239784'>
    <tag k='ele' v='19.42705357438' />
  </node>
  <node id='199500' version='1' lat='35.64520132499' lon='128.40320115336'>
    <tag k='ele' v='19.44278240405' />
  </node>
  <node id='199501' version='1' lat='35.64524390185' lon='128.40313971601'>
    <tag k='ele' v='19.43142875549' />
  </node>
  <node id='199502' version='1' lat='35.64528449903' lon='128.40308999827'>
    <tag k='ele' v='19.42658844021' />
  </node>
  <node id='199503' version='1' lat='35.64533444354' lon='128.40303782562'>
    <tag k='ele' v='19.45435191584' />
  </node>
  <node id='199504' version='1' lat='35.64539644333' lon='128.40298357345'>
    <tag k='ele' v='19.45362303521' />
  </node>
  <node id='199506' version='1' lat='35.64513754053' lon='128.40342122235'>
    <tag k='ele' v='19.38393311373' />
  </node>
  <node id='199507' version='1' lat='35.64516241561' lon='128.40335620261'>
    <tag k='ele' v='19.38444500761' />
  </node>
  <node id='199508' version='1' lat='35.64519599188' lon='128.40328663696'>
    <tag k='ele' v='19.38628899246' />
  </node>
  <node id='199509' version='1' lat='35.6452334975' lon='128.40322282598'>
    <tag k='ele' v='19.39519109755' />
  </node>
  <node id='199510' version='1' lat='35.64527677658' lon='128.40316099395'>
    <tag k='ele' v='19.39734339687' />
  </node>
  <node id='199511' version='1' lat='35.6453287862' lon='128.40310018991'>
    <tag k='ele' v='19.41496290892' />
  </node>
  <node id='199512' version='1' lat='35.64538560193' lon='128.4030450366'>
    <tag k='ele' v='19.42126779395' />
  </node>
  <node id='199513' version='1' lat='35.64541546266' lon='128.40302096962'>
    <tag k='ele' v='19.40506051927' />
  </node>
  <node id='199524' version='1' lat='35.64545019714' lon='128.4029452632'>
    <tag k='ele' v='19.41714932166' />
  </node>
  <node id='199525' version='1' lat='35.64549742093' lon='128.40291793736'>
    <tag k='ele' v='19.43839241792' />
  </node>
  <node id='199526' version='1' lat='35.64555899679' lon='128.40288945265'>
    <tag k='ele' v='19.44058536048' />
  </node>
  <node id='199527' version='1' lat='35.64564052632' lon='128.40286156628'>
    <tag k='ele' v='19.44' />
  </node>
  <node id='199528' version='1' lat='35.64570690619' lon='128.40284827054'>
    <tag k='ele' v='19.42124832992' />
  </node>
  <node id='199529' version='1' lat='35.64576966589' lon='128.40284213186'>
    <tag k='ele' v='19.41991404004' />
  </node>
  <node id='199530' version='1' lat='35.64583787294' lon='128.40284257765'>
    <tag k='ele' v='19.41843862064' />
  </node>
  <node id='199532' version='1' lat='35.64546669242' lon='128.4029846164'>
    <tag k='ele' v='19.41127219864' />
  </node>
  <node id='199533' version='1' lat='35.64552537129' lon='128.4029510229'>
    <tag k='ele' v='19.38711964285' />
  </node>
  <node id='199534' version='1' lat='35.64559559692' lon='128.40292133998'>
    <tag k='ele' v='19.38115324893' />
  </node>
  <node id='199535' version='1' lat='35.64566437275' lon='128.40290052753'>
    <tag k='ele' v='19.38003100478' />
  </node>
  <node id='199536' version='1' lat='35.64572029276' lon='128.40288994377'>
    <tag k='ele' v='19.37443804367' />
  </node>
  <node id='199537' version='1' lat='35.64578933345' lon='128.40288507815'>
    <tag k='ele' v='19.37366481835' />
  </node>
  <node id='199538' version='1' lat='35.64586201724' lon='128.40288760808'>
    <tag k='ele' v='19.38086877012' />
  </node>
  <node id='199548' version='1' lat='35.64762213242' lon='128.40168320102'>
    <tag k='ele' v='18.27519355002' />
  </node>
  <node id='199549' version='1' lat='35.64796480769' lon='128.40130014603'>
    <tag k='ele' v='18.25833490239' />
  </node>
  <node id='199551' version='1' lat='35.64764021772' lon='128.40170737991'>
    <tag k='ele' v='18.24514553322' />
  </node>
  <node id='199552' version='1' lat='35.64798302782' lon='128.40132467321'>
    <tag k='ele' v='18.25184998364' />
  </node>
  <node id='199557' version='1' lat='35.64830696807' lon='128.4009165385'>
    <tag k='ele' v='18.29993745181' />
  </node>
  <node id='199559' version='1' lat='35.64832513331' lon='128.40094087868'>
    <tag k='ele' v='18.2776655995' />
  </node>
  <node id='199563' version='1' lat='35.6486491177' lon='128.40053287764'>
    <tag k='ele' v='18.19023915292' />
  </node>
  <node id='199565' version='1' lat='35.64866724915' lon='128.40055713353'>
    <tag k='ele' v='18.16358794745' />
  </node>
  <node id='199569' version='1' lat='35.64899114354' lon='128.40014903686'>
    <tag k='ele' v='18.32960591807' />
  </node>
  <node id='199571' version='1' lat='35.64900933068' lon='128.4001733536'>
    <tag k='ele' v='18.30162606833' />
  </node>
  <node id='199575' version='1' lat='35.64933295424' lon='128.39976488862'>
    <tag k='ele' v='18.34130094387' />
  </node>
  <node id='199577' version='1' lat='35.64935138928' lon='128.39978955977'>
    <tag k='ele' v='18.31703838757' />
  </node>
  <node id='199581' version='1' lat='35.64967506197' lon='128.39938114062'>
    <tag k='ele' v='18.3523096824' />
  </node>
  <node id='199583' version='1' lat='35.64969343348' lon='128.3994057402'>
    <tag k='ele' v='18.30285131383' />
  </node>
  <node id='199587' version='1' lat='35.65001724683' lon='128.39899750909'>
    <tag k='ele' v='18.36548172429' />
  </node>
  <node id='199589' version='1' lat='35.65003559273' lon='128.39902205826'>
    <tag k='ele' v='18.33047939084' />
  </node>
  <node id='199593' version='1' lat='35.65035915545' lon='128.39861349918'>
    <tag k='ele' v='18.38011300633' />
  </node>
  <node id='199595' version='1' lat='35.6503775764' lon='128.39863814734'>
    <tag k='ele' v='18.33258865446' />
  </node>
  <node id='199599' version='1' lat='35.65070093381' lon='128.39822921026'>
    <tag k='ele' v='18.53412948828' />
  </node>
  <node id='199601' version='1' lat='35.65071933645' lon='128.39825403966'>
    <tag k='ele' v='18.48100915256' />
  </node>
  <node id='199605' version='1' lat='35.65076891375' lon='128.39815460898'>
    <tag k='ele' v='18.56123556625' />
  </node>
  <node id='199606' version='1' lat='35.65081735334' lon='128.39811425757'>
    <tag k='ele' v='18.46469416827' />
  </node>
  <node id='199607' version='1' lat='35.65085894233' lon='128.39809217199'>
    <tag k='ele' v='18.39660236336' />
  </node>
  <node id='199608' version='1' lat='35.65094789325' lon='128.39806936316'>
    <tag k='ele' v='18.24071129175' />
  </node>
  <node id='199609' version='1' lat='35.65101154872' lon='128.39804333705'>
    <tag k='ele' v='18.22478188312' />
  </node>
  <node id='199610' version='1' lat='35.65104812875' lon='128.39801789552'>
    <tag k='ele' v='18.23786160613' />
  </node>
  <node id='199611' version='1' lat='35.65110004762' lon='128.39796384718'>
    <tag k='ele' v='18.2238221118' />
  </node>
  <node id='199613' version='1' lat='35.65078693145' lon='128.39818340188'>
    <tag k='ele' v='18.55021474202' />
  </node>
  <node id='199614' version='1' lat='35.65083674559' lon='128.39814416104'>
    <tag k='ele' v='18.46755129323' />
  </node>
  <node id='199615' version='1' lat='35.65087328236' lon='128.39812639473'>
    <tag k='ele' v='18.34839927628' />
  </node>
  <node id='199616' version='1' lat='35.65096728208' lon='128.39810217801'>
    <tag k='ele' v='18.25262044173' />
  </node>
  <node id='199617' version='1' lat='35.65102464866' lon='128.39807853147'>
    <tag k='ele' v='18.25606781623' />
  </node>
  <node id='199618' version='1' lat='35.65106681087' lon='128.39804819481'>
    <tag k='ele' v='18.25357319513' />
  </node>
  <node id='199619' version='1' lat='35.65112091907' lon='128.39799238217'>
    <tag k='ele' v='18.248' />
  </node>
  <node id='199629' version='1' lat='35.65144197351' lon='128.3975802023'>
    <tag k='ele' v='18.14999105886' />
  </node>
  <node id='199631' version='1' lat='35.65146325607' lon='128.39760859445'>
    <tag k='ele' v='18.16514624172' />
  </node>
  <node id='199635' version='1' lat='35.6517841906' lon='128.39719653776'>
    <tag k='ele' v='18.22343922713' />
  </node>
  <node id='199637' version='1' lat='35.65180541315' lon='128.39722497063'>
    <tag k='ele' v='18.24113606024' />
  </node>
  <node id='199641' version='1' lat='35.65207078012' lon='128.3968759071'>
    <tag k='ele' v='18.25940341458' />
  </node>
  <node id='199642' version='1' lat='35.65209098951' lon='128.39685956822'>
    <tag k='ele' v='18.26348803854' />
  </node>
  <node id='199643' version='1' lat='35.65211131591' lon='128.3968489327'>
    <tag k='ele' v='18.27566645213' />
  </node>
  <node id='199644' version='1' lat='35.65213202915' lon='128.39684273381'>
    <tag k='ele' v='18.27113506104' />
  </node>
  <node id='199645' version='1' lat='35.65215242979' lon='128.39684209095'>
    <tag k='ele' v='18.28560176325' />
  </node>
  <node id='199647' version='1' lat='35.65209426412' lon='128.39690207369'>
    <tag k='ele' v='18.2617872096' />
  </node>
  <node id='199648' version='1' lat='35.65212025853' lon='128.39688463561'>
    <tag k='ele' v='18.29886281672' />
  </node>
  <node id='199649' version='1' lat='35.65215040173' lon='128.39688005785'>
    <tag k='ele' v='18.30224011034' />
  </node>
  <node id='199656' version='1' lat='35.65218218859' lon='128.39685040487'>
    <tag k='ele' v='18.31431500353' />
  </node>
  <node id='199657' version='1' lat='35.65225224586' lon='128.39689880674'>
    <tag k='ele' v='18.34179177889' />
  </node>
  <node id='199658' version='1' lat='35.6522902105' lon='128.39691025124'>
    <tag k='ele' v='18.33930409174' />
  </node>
  <node id='199659' version='1' lat='35.6523498451' lon='128.39690574473'>
    <tag k='ele' v='18.34734250471' />
  </node>
  <node id='199660' version='1' lat='35.65246017954' lon='128.39687814906'>
    <tag k='ele' v='18.40199570062' />
  </node>
  <node id='199661' version='1' lat='35.65250488119' lon='128.3968711788'>
    <tag k='ele' v='18.42899466443' />
  </node>
  <node id='199662' version='1' lat='35.65255450017' lon='128.39687274407'>
    <tag k='ele' v='18.45530987334' />
  </node>
  <node id='199664' version='1' lat='35.65217506567' lon='128.39688906766'>
    <tag k='ele' v='18.30675723548' />
  </node>
  <node id='199665' version='1' lat='35.65225131017' lon='128.39693997924'>
    <tag k='ele' v='18.36454547563' />
  </node>
  <node id='199666' version='1' lat='35.65228894386' lon='128.39694894859'>
    <tag k='ele' v='18.38836684167' />
  </node>
  <node id='199667' version='1' lat='35.65234755124' lon='128.39694418151'>
    <tag k='ele' v='18.38931651158' />
  </node>
  <node id='199668' version='1' lat='35.65249990461' lon='128.39691059764'>
    <tag k='ele' v='18.41314229581' />
  </node>
  <node id='199669' version='1' lat='35.65254959895' lon='128.39691274172'>
    <tag k='ele' v='18.44103241213' />
  </node>
  <node id='199678' version='1' lat='35.6525987873' lon='128.39688664023'>
    <tag k='ele' v='18.46339486207' />
  </node>
  <node id='199679' version='1' lat='35.65256882637' lon='128.39687583372'>
    <tag k='ele' v='18.45052018611' />
  </node>
  <node id='199680' version='1' lat='35.6525149709' lon='128.39687068091'>
    <tag k='ele' v='18.41985030089' />
  </node>
  <node id='199681' version='1' lat='35.65246799735' lon='128.39687641994'>
    <tag k='ele' v='18.3871795386' />
  </node>
  <node id='199682' version='1' lat='35.65234970676' lon='128.39690576869'>
    <tag k='ele' v='18.34713490652' />
  </node>
  <node id='199683' version='1' lat='35.65228908016' lon='128.39691009218'>
    <tag k='ele' v='18.34574790247' />
  </node>
  <node id='199684' version='1' lat='35.65224815848' lon='128.39689668449'>
    <tag k='ele' v='18.34179177888' />
  </node>
  <node id='199685' version='1' lat='35.65218615056' lon='128.39685269989'>
    <tag k='ele' v='18.31431500352' />
  </node>
  <node id='199686' version='1' lat='35.65216201297' lon='128.3968432971'>
    <tag k='ele' v='18.29054393803' />
  </node>
  <node id='199688' version='1' lat='35.65249467035' lon='128.39683169097'>
    <tag k='ele' v='18.41931200551' />
  </node>
  <node id='199689' version='1' lat='35.65235313497' lon='128.39686594596'>
    <tag k='ele' v='18.31921766111' />
  </node>
  <node id='199690' version='1' lat='35.65229271017' lon='128.39687235022'>
    <tag k='ele' v='18.30319380977' />
  </node>
  <node id='199691' version='1' lat='35.65226663998' lon='128.39686444803'>
    <tag k='ele' v='18.27835635964' />
  </node>
  <node id='199692' version='1' lat='35.65220467795' lon='128.39681747472'>
    <tag k='ele' v='18.29057322962' />
  </node>
  <node id='199693' version='1' lat='35.65216606387' lon='128.39680468496'>
    <tag k='ele' v='18.29045593483' />
  </node>
  <node id='199703' version='1' lat='35.65213690723' lon='128.39684208893'>
    <tag k='ele' v='18.27113506104' />
  </node>
  <node id='199704' version='1' lat='35.65211737779' lon='128.39684664964'>
    <tag k='ele' v='18.27943657182' />
  </node>
  <node id='199705' version='1' lat='35.65209516066' lon='128.39685703127'>
    <tag k='ele' v='18.27268168334' />
  </node>
  <node id='199706' version='1' lat='35.65207535894' lon='128.39687157358'>
    <tag k='ele' v='18.25940341458' />
  </node>
  <node id='199707' version='1' lat='35.6518111474' lon='128.39716631803'>
    <tag k='ele' v='18.22632815988' />
  </node>
  <node id='199709' version='1' lat='35.65213297749' lon='128.39680359334'>
    <tag k='ele' v='18.26883208349' />
  </node>
  <node id='199710' version='1' lat='35.6521086059' lon='128.39680902685'>
    <tag k='ele' v='18.24292247918' />
  </node>
  <node id='199711' version='1' lat='35.65208013881' lon='128.39682149316'>
    <tag k='ele' v='18.24001576487' />
  </node>
  <node id='199712' version='1' lat='35.65206049412' lon='128.3968361491'>
    <tag k='ele' v='18.23320646506' />
  </node>
  <node id='199713' version='1' lat='35.65178979469' lon='128.39713770734'>
    <tag k='ele' v='18.21376022014' />
  </node>
  <node id='199721' version='1' lat='35.6514693499' lon='128.39754938812'>
    <tag k='ele' v='18.14139886464' />
  </node>
  <node id='199723' version='1' lat='35.65144793505' lon='128.3975207821'>
    <tag k='ele' v='18.13192154902' />
  </node>
  <node id='199727' version='1' lat='35.65112781681' lon='128.39793288383'>
    <tag k='ele' v='18.2241674611' />
  </node>
  <node id='199729' version='1' lat='35.65110649172' lon='128.39790433918'>
    <tag k='ele' v='18.20989516983' />
  </node>
  <node id='199733' version='1' lat='35.651060874' lon='128.39800573325'>
    <tag k='ele' v='18.22688313628' />
  </node>
  <node id='199734' version='1' lat='35.65103081281' lon='128.39803177921'>
    <tag k='ele' v='18.23162610988' />
  </node>
  <node id='199735' version='1' lat='35.65096938393' lon='128.39806207231'>
    <tag k='ele' v='18.22904542336' />
  </node>
  <node id='199736' version='1' lat='35.65086551494' lon='128.39808998084'>
    <tag k='ele' v='18.38320933283' />
  </node>
  <node id='199737' version='1' lat='35.65083566118' lon='128.3981028363'>
    <tag k='ele' v='18.45279048702' />
  </node>
  <node id='199738' version='1' lat='35.65078650083' lon='128.39813811963'>
    <tag k='ele' v='18.53152484098' />
  </node>
  <node id='199739' version='1' lat='35.6507287521' lon='128.39819822663'>
    <tag k='ele' v='18.55941124502' />
  </node>
  <node id='199741' version='1' lat='35.65104130672' lon='128.39797579846'>
    <tag k='ele' v='18.21399153537' />
  </node>
  <node id='199742' version='1' lat='35.65101561506' lon='128.3979975339'>
    <tag k='ele' v='18.20999996706' />
  </node>
  <node id='199743' version='1' lat='35.65097828448' lon='128.39801803043'>
    <tag k='ele' v='18.19124052204' />
  </node>
  <node id='199744' version='1' lat='35.65084972487' lon='128.39805592622'>
    <tag k='ele' v='18.39128377463' />
  </node>
  <node id='199745' version='1' lat='35.65081582352' lon='128.39807179722'>
    <tag k='ele' v='18.45564968784' />
  </node>
  <node id='199746' version='1' lat='35.65077699394' lon='128.39810194674'>
    <tag k='ele' v='18.52789744044' />
  </node>
  <node id='199747' version='1' lat='35.65071069326' lon='128.39817384761'>
    <tag k='ele' v='18.51127349234' />
  </node>
  <node id='199757' version='1' lat='35.65038738695' lon='128.39858178509'>
    <tag k='ele' v='18.35837316644' />
  </node>
  <node id='199759' version='1' lat='35.65036905207' lon='128.39855729285'>
    <tag k='ele' v='18.356' />
  </node>
  <node id='199763' version='1' lat='35.65004591675' lon='128.3989653357'>
    <tag k='ele' v='18.35972694343' />
  </node>
  <node id='199765' version='1' lat='35.65002766739' lon='128.39894094734'>
    <tag k='ele' v='18.32325621965' />
  </node>
  <node id='199769' version='1' lat='35.64970415983' lon='128.39934851695'>
    <tag k='ele' v='18.35311830933' />
  </node>
  <node id='199771' version='1' lat='35.6496860305' lon='128.39932424769'>
    <tag k='ele' v='18.31877920661' />
  </node>
  <node id='199775' version='1' lat='35.64936248022' lon='128.39973177436'>
    <tag k='ele' v='18.35995836626' />
  </node>
  <node id='199777' version='1' lat='35.6493444294' lon='128.39970762014'>
    <tag k='ele' v='18.3120020683' />
  </node>
  <node id='199781' version='1' lat='35.64902109233' lon='128.40011540076'>
    <tag k='ele' v='18.34797215937' />
  </node>
  <node id='199783' version='1' lat='35.64900278251' lon='128.40009094884'>
    <tag k='ele' v='18.29588338238' />
  </node>
  <node id='199787' version='1' lat='35.64867948261' lon='128.40049875595'>
    <tag k='ele' v='18.200333013' />
  </node>
  <node id='199789' version='1' lat='35.64866116798' lon='128.4004742925'>
    <tag k='ele' v='18.18231007074' />
  </node>
  <node id='199793' version='1' lat='35.64833775999' lon='128.4008819742'>
    <tag k='ele' v='18.27463006709' />
  </node>
  <node id='199795' version='1' lat='35.64831950242' lon='128.40085755072'>
    <tag k='ele' v='18.266' />
  </node>
  <node id='199799' version='1' lat='35.64799602042' lon='128.40126518081'>
    <tag k='ele' v='18.25912732613' />
  </node>
  <node id='199801' version='1' lat='35.64797781059' lon='128.4012407597'>
    <tag k='ele' v='18.20917348681' />
  </node>
  <node id='199805' version='1' lat='35.64765380969' lon='128.40164766294'>
    <tag k='ele' v='18.28064460755' />
  </node>
  <node id='199807' version='1' lat='35.64763540873' lon='128.40162310502'>
    <tag k='ele' v='18.26088270052' />
  </node>
  <node id='199811' version='1' lat='35.64746838896' lon='128.40185229791'>
    <tag k='ele' v='18.28958481784' />
  </node>
  <node id='199812' version='1' lat='35.64743460825' lon='128.4018824321'>
    <tag k='ele' v='18.29810506424' />
  </node>
  <node id='199813' version='1' lat='35.64740455672' lon='128.40190123088'>
    <tag k='ele' v='18.28994132101' />
  </node>
  <node id='199814' version='1' lat='35.64738768827' lon='128.40190733542'>
    <tag k='ele' v='18.30558363461' />
  </node>
  <node id='199815' version='1' lat='35.64736557887' lon='128.40190960497'>
    <tag k='ele' v='18.29874511173' />
  </node>
  <node id='199816' version='1' lat='35.64732046948' lon='128.40189875144'>
    <tag k='ele' v='18.31375423753' />
  </node>
  <node id='199817' version='1' lat='35.6472842276' lon='128.40187684607'>
    <tag k='ele' v='18.31832384391' />
  </node>
  <node id='199819' version='1' lat='35.64747043649' lon='128.40180550355'>
    <tag k='ele' v='18.25986765211' />
  </node>
  <node id='199820' version='1' lat='35.64742825784' lon='128.40184718117'>
    <tag k='ele' v='18.27220489106' />
  </node>
  <node id='199821' version='1' lat='35.64740711645' lon='128.40186358771'>
    <tag k='ele' v='18.27237093587' />
  </node>
  <node id='199822' version='1' lat='35.64738999166' lon='128.40187144755'>
    <tag k='ele' v='18.27537017566' />
  </node>
  <node id='199823' version='1' lat='35.64736687549' lon='128.40187564599'>
    <tag k='ele' v='18.30388528713' />
  </node>
  <node id='199824' version='1' lat='35.64733518941' lon='128.40186854868'>
    <tag k='ele' v='18.27999993697' />
  </node>
  <node id='199825' version='1' lat='35.64732250926' lon='128.40185925005'>
    <tag k='ele' v='18.28' />
  </node>
  <node id='199826' version='1' lat='35.64731024107' lon='128.40184398417'>
    <tag k='ele' v='18.2899996211' />
  </node>
  <node id='199827' version='1' lat='35.64730305529' lon='128.40182878162'>
    <tag k='ele' v='18.49907982056' />
  </node>
  <node id='199837' version='1' lat='35.65383020426' lon='128.39562528008'>
    <tag k='ele' v='18.63350043504' />
  </node>
  <node id='199838' version='1' lat='35.65392085295' lon='128.39543036107'>
    <tag k='ele' v='18.64008289232' />
  </node>
  <node id='199839' version='1' lat='35.65398507012' lon='128.39527898163'>
    <tag k='ele' v='18.64078313577' />
  </node>
  <node id='199840' version='1' lat='35.65404372605' lon='128.3951299643'>
    <tag k='ele' v='18.65831840133' />
  </node>
  <node id='199842' version='1' lat='35.65387766938' lon='128.39558196699'>
    <tag k='ele' v='18.66684974832' />
  </node>
  <node id='199843' version='1' lat='35.65398181211' lon='128.39534115812'>
    <tag k='ele' v='18.67847349024' />
  </node>
  <node id='199844' version='1' lat='35.6540383989' lon='128.39520326963'>
    <tag k='ele' v='18.68343859215' />
  </node>
  <node id='199845' version='1' lat='35.6540573774' lon='128.39515387288'>
    <tag k='ele' v='18.68054808822' />
  </node>
  <node id='199846' version='1' lat='35.65405945419' lon='128.39514031872'>
    <tag k='ele' v='18.68532980281' />
  </node>
  <node id='199852' version='1' lat='35.65410387967' lon='128.39496658066'>
    <tag k='ele' v='18.66369969534' />
  </node>
  <node id='199853' version='1' lat='35.65416084914' lon='128.39479856527'>
    <tag k='ele' v='18.66244001477' />
  </node>
  <node id='199854' version='1' lat='35.65421539251' lon='128.39462489934'>
    <tag k='ele' v='18.67008616164' />
  </node>
  <node id='199855' version='1' lat='35.65425724714' lon='128.39447771739'>
    <tag k='ele' v='18.65119929244' />
  </node>
  <node id='199857' version='1' lat='35.65406915402' lon='128.39512489479'>
    <tag k='ele' v='18.69124085252' />
  </node>
  <node id='199858' version='1' lat='35.65410478727' lon='128.39504125116'>
    <tag k='ele' v='18.69761680641' />
  </node>
  <node id='199859' version='1' lat='35.65420109864' lon='128.39479954786'>
    <tag k='ele' v='18.72312313491' />
  </node>
  <node id='199860' version='1' lat='35.65424403192' lon='128.39466165528'>
    <tag k='ele' v='18.7373879118' />
  </node>
  <node id='199861' version='1' lat='35.65429209779' lon='128.39449048368'>
    <tag k='ele' v='18.69065563598' />
  </node>
  <node id='199868' version='1' lat='35.65388709167' lon='128.39565709833'>
    <tag k='ele' v='18.7189391777' />
  </node>
  <node id='199869' version='1' lat='35.65397266075' lon='128.39546419568'>
    <tag k='ele' v='18.72848262988' />
  </node>
  <node id='199870' version='1' lat='35.65403287902' lon='128.39531595528'>
    <tag k='ele' v='18.73001140023' />
  </node>
  <node id='199871' version='1' lat='35.65409228698' lon='128.39515816536'>
    <tag k='ele' v='18.72561879052' />
  </node>
  <node id='199878' version='1' lat='35.65415713108' lon='128.3949689586'>
    <tag k='ele' v='18.74015148469' />
  </node>
  <node id='199879' version='1' lat='35.65420978008' lon='128.39479862089'>
    <tag k='ele' v='18.73991871112' />
  </node>
  <node id='199880' version='1' lat='35.65425091421' lon='128.39465276206'>
    <tag k='ele' v='18.73863354808' />
  </node>
  <node id='199886' version='1' lat='35.65393154888' lon='128.39564070306'>
    <tag k='ele' v='18.77216251622' />
  </node>
  <node id='199887' version='1' lat='35.65399283809' lon='128.39550188889'>
    <tag k='ele' v='18.76864840178' />
  </node>
  <node id='199888' version='1' lat='35.65405386656' lon='128.39535356365'>
    <tag k='ele' v='18.76388975933' />
  </node>
  <node id='199889' version='1' lat='35.6541213696' lon='128.39517561295'>
    <tag k='ele' v='18.76169009286' />
  </node>
  <node id='199896' version='1' lat='35.65417318112' lon='128.39502538602'>
    <tag k='ele' v='18.77312309315' />
  </node>
  <node id='199897' version='1' lat='35.65422871302' lon='128.39485021814'>
    <tag k='ele' v='18.77883211093' />
  </node>
  <node id='199898' version='1' lat='35.65428054356' lon='128.39466713348'>
    <tag k='ele' v='18.77533958826' />
  </node>
  <node id='199899' version='1' lat='35.65432267523' lon='128.39450182982'>
    <tag k='ele' v='18.76209801586' />
  </node>
  <node id='199906' version='1' lat='35.65394526723' lon='128.39569175226'>
    <tag k='ele' v='18.79303187592' />
  </node>
  <node id='199907' version='1' lat='35.65401235539' lon='128.39554218249'>
    <tag k='ele' v='18.79197474405' />
  </node>
  <node id='199908' version='1' lat='35.65410144023' lon='128.39532317268'>
    <tag k='ele' v='18.80966404439' />
  </node>
  <node id='199909' version='1' lat='35.65415017978' lon='128.39519295389'>
    <tag k='ele' v='18.81172614375' />
  </node>
  <node id='199916' version='1' lat='35.65420216081' lon='128.39504315492'>
    <tag k='ele' v='18.80017488722' />
  </node>
  <node id='199917' version='1' lat='35.6542648182' lon='128.39484420805'>
    <tag k='ele' v='18.81719936846' />
  </node>
  <node id='199918' version='1' lat='35.65430741232' lon='128.394693689'>
    <tag k='ele' v='18.79637508973' />
  </node>
  <node id='199919' version='1' lat='35.65435336545' lon='128.39451311003'>
    <tag k='ele' v='18.79002855363' />
  </node>
  <node id='199926' version='1' lat='35.65439921907' lon='128.39387800729'>
    <tag k='ele' v='18.68861216551' />
  </node>
  <node id='199928' version='1' lat='35.6544337915' lon='128.39389025581'>
    <tag k='ele' v='18.74026868381' />
  </node>
  <node id='199932' version='1' lat='35.6545410793' lon='128.39327708464'>
    <tag k='ele' v='18.6784434189' />
  </node>
  <node id='199934' version='1' lat='35.65457551877' lon='128.39328928871'>
    <tag k='ele' v='18.73289380721' />
  </node>
  <node id='199938' version='1' lat='35.65464365547' lon='128.39284410511'>
    <tag k='ele' v='18.91026627478' />
  </node>
  <node id='199940' version='1' lat='35.65467458941' lon='128.39287222915'>
    <tag k='ele' v='18.77096489672' />
  </node>
  <node id='199944' version='1' lat='35.65446479897' lon='128.39390123878'>
    <tag k='ele' v='18.78268166889' />
  </node>
  <node id='199948' version='1' lat='35.65460675573' lon='128.393300356'>
    <tag k='ele' v='18.77316034628' />
  </node>
  <node id='199952' version='1' lat='35.65470492319' lon='128.39288523528'>
    <tag k='ele' v='18.76159432046' />
  </node>
  <node id='199956' version='1' lat='35.6544954519' lon='128.39391210178'>
    <tag k='ele' v='18.80809016762' />
  </node>
  <node id='199960' version='1' lat='35.65463754731' lon='128.39331127106'>
    <tag k='ele' v='18.81170151297' />
  </node>
  <node id='199964' version='1' lat='35.65473611091' lon='128.39289652382'>
    <tag k='ele' v='18.70977843092' />
  </node>
  <node id='199968' version='1' lat='35.65504259108' lon='128.39187224056'>
    <tag k='ele' v='20.71275539382' />
  </node>
  <node id='199969' version='1' lat='35.65509311992' lon='128.39181095483'>
    <tag k='ele' v='20.83151694066' />
  </node>
  <node id='199970' version='1' lat='35.6551828391' lon='128.39172095046'>
    <tag k='ele' v='21.05703108984' />
  </node>
  <node id='199971' version='1' lat='35.65528202745' lon='128.3916442968'>
    <tag k='ele' v='21.16833237839' />
  </node>
  <node id='199972' version='1' lat='35.65538829867' lon='128.39158412167'>
    <tag k='ele' v='21.15102829513' />
  </node>
  <node id='199974' version='1' lat='35.6550966524' lon='128.39186899767'>
    <tag k='ele' v='19.03826900433' />
  </node>
  <node id='199975' version='1' lat='35.655142395' lon='128.39181769193'>
    <tag k='ele' v='19.05047766082' />
  </node>
  <node id='199976' version='1' lat='35.65519269158' lon='128.39176825462'>
    <tag k='ele' v='19.09640291596' />
  </node>
  <node id='199977' version='1' lat='35.65524693311' lon='128.3917225152'>
    <tag k='ele' v='19.09067877211' />
  </node>
  <node id='199978' version='1' lat='35.65529113966' lon='128.39169003136'>
    <tag k='ele' v='19.10424387995' />
  </node>
  <node id='199979' version='1' lat='35.65534030361' lon='128.39165881642'>
    <tag k='ele' v='19.09046638475' />
  </node>
  <node id='199980' version='1' lat='35.6554022641' lon='128.39162594478'>
    <tag k='ele' v='19.08827359065' />
  </node>
  <node id='199987' version='1' lat='35.65543502268' lon='128.39156386061'>
    <tag k='ele' v='21.1691580075' />
  </node>
  <node id='199988' version='1' lat='35.65552191075' lon='128.39153426726'>
    <tag k='ele' v='21.19386487302' />
  </node>
  <node id='199989' version='1' lat='35.65564352875' lon='128.39151097992'>
    <tag k='ele' v='21.15948844814' />
  </node>
  <node id='199990' version='1' lat='35.65575713771' lon='128.39150761337'>
    <tag k='ele' v='21.1519104685' />
  </node>
  <node id='199991' version='1' lat='35.65580789536' lon='128.39151189291'>
    <tag k='ele' v='21.15012029663' />
  </node>
  <node id='199992' version='1' lat='35.65589153058' lon='128.39152644188'>
    <tag k='ele' v='21.18068416105' />
  </node>
  <node id='199994' version='1' lat='35.65547248963' lon='128.39159618611'>
    <tag k='ele' v='19.11187760819' />
  </node>
  <node id='199995' version='1' lat='35.65552926593' lon='128.39157817894'>
    <tag k='ele' v='19.11405462497' />
  </node>
  <node id='199996' version='1' lat='35.65559539812' lon='128.39156345916'>
    <tag k='ele' v='19.10978716168' />
  </node>
  <node id='199997' version='1' lat='35.65564630691' lon='128.39155619447'>
    <tag k='ele' v='19.09333366878' />
  </node>
  <node id='199998' version='1' lat='35.65570616796' lon='128.39155235982'>
    <tag k='ele' v='19.09304256722' />
  </node>
  <node id='199999' version='1' lat='35.65576397868' lon='128.39155349391'>
    <tag k='ele' v='19.10140702293' />
  </node>
  <node id='200000' version='1' lat='35.65582895801' lon='128.39156000269'>
    <tag k='ele' v='19.10411879912' />
  </node>
  <node id='200001' version='1' lat='35.65588480511' lon='128.39157070832'>
    <tag k='ele' v='19.10972894279' />
  </node>
  <node id='200010' version='1' lat='35.65596597527' lon='128.39154713549'>
    <tag k='ele' v='21.14519138018' />
  </node>
  <node id='200011' version='1' lat='35.65601871205' lon='128.39156696146'>
    <tag k='ele' v='21.1355574283' />
  </node>
  <node id='200012' version='1' lat='35.65610262763' lon='128.39160812159'>
    <tag k='ele' v='21.17970487358' />
  </node>
  <node id='200013' version='1' lat='35.65614813148' lon='128.39163486282'>
    <tag k='ele' v='21.19666216136' />
  </node>
  <node id='200014' version='1' lat='35.65622655026' lon='128.39169076071'>
    <tag k='ele' v='21.18562232012' />
  </node>
  <node id='200015' version='1' lat='35.65626050911' lon='128.39171987312'>
    <tag k='ele' v='21.21057619458' />
  </node>
  <node id='200016' version='1' lat='35.65634424986' lon='128.39180312253'>
    <tag k='ele' v='21.16730846397' />
  </node>
  <node id='200018' version='1' lat='35.6559415848' lon='128.39158621959'>
    <tag k='ele' v='19.08016896234' />
  </node>
  <node id='200019' version='1' lat='35.65600608115' lon='128.39160958795'>
    <tag k='ele' v='19.0904096944' />
  </node>
  <node id='200020' version='1' lat='35.65605855721' lon='128.39163346691'>
    <tag k='ele' v='19.09939435292' />
  </node>
  <node id='200021' version='1' lat='35.65611580015' lon='128.39166545286'>
    <tag k='ele' v='19.0868988178' />
  </node>
  <node id='200022' version='1' lat='35.65616531269' lon='128.39169844408'>
    <tag k='ele' v='19.08981302218' />
  </node>
  <node id='200023' version='1' lat='35.65622129237' lon='128.39174197151'>
    <tag k='ele' v='19.08261353677' />
  </node>
  <node id='200024' version='1' lat='35.65627257553' lon='128.39178864073'>
    <tag k='ele' v='19.07653676803' />
  </node>
  <node id='200025' version='1' lat='35.65631825983' lon='128.39183659219'>
    <tag k='ele' v='19.07293708529' />
  </node>
  <node id='200033' version='1' lat='35.6564251218' lon='128.391906943'>
    <tag k='ele' v='21.06097996462' />
  </node>
  <node id='200034' version='1' lat='35.65649819618' lon='128.39202738998'>
    <tag k='ele' v='21.08811700232' />
  </node>
  <node id='200035' version='1' lat='35.65652876345' lon='128.39209173313'>
    <tag k='ele' v='21.14034714327' />
  </node>
  <node id='200036' version='1' lat='35.65656051041' lon='128.39216847875'>
    <tag k='ele' v='21.12968900872' />
  </node>
  <node id='200037' version='1' lat='35.65659202975' lon='128.39226599557'>
    <tag k='ele' v='21.13553878337' />
  </node>
  <node id='200038' version='1' lat='35.65660781965' lon='128.39232756151'>
    <tag k='ele' v='21.11866395592' />
  </node>
  <node id='200040' version='1' lat='35.65636932004' lon='128.39189864616'>
    <tag k='ele' v='19.07648488848' />
  </node>
  <node id='200041' version='1' lat='35.65641037926' lon='128.3919560741'>
    <tag k='ele' v='19.09412662791' />
  </node>
  <node id='200042' version='1' lat='35.65644418104' lon='128.3920106083'>
    <tag k='ele' v='19.09235937073' />
  </node>
  <node id='200043' version='1' lat='35.65647497906' lon='128.39206854071'>
    <tag k='ele' v='19.05834061552' />
  </node>
  <node id='200044' version='1' lat='35.65650602524' lon='128.39213556408'>
    <tag k='ele' v='19.06092581054' />
  </node>
  <node id='200045' version='1' lat='35.65652968853' lon='128.39219701598'>
    <tag k='ele' v='19.07119669459' />
  </node>
  <node id='200046' version='1' lat='35.65655361217' lon='128.39227109365'>
    <tag k='ele' v='19.06733376877' />
  </node>
  <node id='200047' version='1' lat='35.65657181397' lon='128.39234003318'>
    <tag k='ele' v='19.04993588323' />
  </node>
  <node id='200056' version='1' lat='35.6566263437' lon='128.39242718361'>
    <tag k='ele' v='21.08323388372' />
  </node>
  <node id='200057' version='1' lat='35.65663488588' lon='128.3924941248'>
    <tag k='ele' v='21.11691399533' />
  </node>
  <node id='200058' version='1' lat='35.65664086732' lon='128.39257781075'>
    <tag k='ele' v='21.13375020793' />
  </node>
  <node id='200059' version='1' lat='35.65664247034' lon='128.39265509141'>
    <tag k='ele' v='21.13858020613' />
  </node>
  <node id='200060' version='1' lat='35.65663290193' lon='128.3927945172'>
    <tag k='ele' v='21.0377932664' />
  </node>
  <node id='200061' version='1' lat='35.65661886144' lon='128.39288845138'>
    <tag k='ele' v='20.95811896025' />
  </node>
  <node id='200062' version='1' lat='35.65660644973' lon='128.39294447256'>
    <tag k='ele' v='20.85842813132' />
  </node>
  <node id='200064' version='1' lat='35.65658673455' lon='128.39241495867'>
    <tag k='ele' v='19.05772704254' />
  </node>
  <node id='200065' version='1' lat='35.65659832817' lon='128.39249866822'>
    <tag k='ele' v='19.06173171936' />
  </node>
  <node id='200066' version='1' lat='35.65660533003' lon='128.39262971449'>
    <tag k='ele' v='19.06796347844' />
  </node>
  <node id='200067' version='1' lat='35.6566031291' lon='128.39270819125'>
    <tag k='ele' v='19.05474590158' />
  </node>
  <node id='200068' version='1' lat='35.65659766586' lon='128.39277419017'>
    <tag k='ele' v='19.06201512478' />
  </node>
  <node id='200069' version='1' lat='35.65658578721' lon='128.39286067158'>
    <tag k='ele' v='19.06835123369' />
  </node>
  <node id='200070' version='1' lat='35.6565714355' lon='128.39293253907'>
    <tag k='ele' v='19.05730171576' />
  </node>
  <node id='200079' version='1' lat='35.65657634669' lon='128.39305724881'>
    <tag k='ele' v='20.65797646749' />
  </node>
  <node id='200080' version='1' lat='35.65654384865' lon='128.39315302912'>
    <tag k='ele' v='20.49973710966' />
  </node>
  <node id='200081' version='1' lat='35.65652102436' lon='128.39321023455'>
    <tag k='ele' v='20.39826306425' />
  </node>
  <node id='200082' version='1' lat='35.65645554531' lon='128.39334729467'>
    <tag k='ele' v='20.13963239233' />
  </node>
  <node id='200083' version='1' lat='35.65637853671' lon='128.39348069139'>
    <tag k='ele' v='19.89366739776' />
  </node>
  <node id='200085' version='1' lat='35.65653698287' lon='128.39305949605'>
    <tag k='ele' v='18.99811211671' />
  </node>
  <node id='200086' version='1' lat='35.65648851501' lon='128.39318866074'>
    <tag k='ele' v='18.9882429692' />
  </node>
  <node id='200087' version='1' lat='35.6564325489' lon='128.39330853727'>
    <tag k='ele' v='18.94372473939' />
  </node>
  <node id='200088' version='1' lat='35.65635003697' lon='128.39345345649'>
    <tag k='ele' v='18.88479001259' />
  </node>
  <node id='200095' version='1' lat='35.6563293209' lon='128.393556205'>
    <tag k='ele' v='19.75044784217' />
  </node>
  <node id='200096' version='1' lat='35.65623001352' lon='128.39369294316'>
    <tag k='ele' v='19.47073205065' />
  </node>
  <node id='200097' version='1' lat='35.65615557923' lon='128.39378516265'>
    <tag k='ele' v='19.25887662619' />
  </node>
  <node id='200098' version='1' lat='35.65605213469' lon='128.39390550552'>
    <tag k='ele' v='18.9169244405' />
  </node>
  <node id='200100' version='1' lat='35.65627748168' lon='128.39356208067'>
    <tag k='ele' v='18.84857634353' />
  </node>
  <node id='200101' version='1' lat='35.65620338271' lon='128.39366166673'>
    <tag k='ele' v='18.82910606672' />
  </node>
  <node id='200102' version='1' lat='35.65602757725' lon='128.39387321862'>
    <tag k='ele' v='18.75147667371' />
  </node>
  <node id='200108' version='1' lat='35.65571039122' lon='128.39429026255'>
    <tag k='ele' v='18.63782600326' />
  </node>
  <node id='200110' version='1' lat='35.65568610346' lon='128.39425774909'>
    <tag k='ele' v='18.70880137485' />
  </node>
  <node id='200114' version='1' lat='35.65536841393' lon='128.39467337537'>
    <tag k='ele' v='18.67382483169' />
  </node>
  <node id='200116' version='1' lat='35.65534432941' lon='128.39464111753'>
    <tag k='ele' v='18.72458219446' />
  </node>
  <node id='200123' version='1' lat='35.6551212603' lon='128.39189567263'>
    <tag k='ele' v='18.75016576266' />
  </node>
  <node id='200124' version='1' lat='35.6551612005' lon='128.39185076252'>
    <tag k='ele' v='18.75348061207' />
  </node>
  <node id='200125' version='1' lat='35.65521128072' lon='128.39180106193'>
    <tag k='ele' v='18.7621993985' />
  </node>
  <node id='200126' version='1' lat='35.6552992416' lon='128.39172983834'>
    <tag k='ele' v='18.75205151264' />
  </node>
  <node id='200127' version='1' lat='35.65535513362' lon='128.39169375862'>
    <tag k='ele' v='18.74016525196' />
  </node>
  <node id='200128' version='1' lat='35.65541418346' lon='128.39166224517'>
    <tag k='ele' v='18.75044328177' />
  </node>
  <node id='200137' version='1' lat='35.65547809772' lon='128.39163562487'>
    <tag k='ele' v='18.75683833315' />
  </node>
  <node id='200138' version='1' lat='35.65553175292' lon='128.3916183209'>
    <tag k='ele' v='18.76159978177' />
  </node>
  <node id='200139' version='1' lat='35.6556010358' lon='128.39160210185'>
    <tag k='ele' v='18.77027889722' />
  </node>
  <node id='200140' version='1' lat='35.65565475835' lon='128.39159441282'>
    <tag k='ele' v='18.77940941617' />
  </node>
  <node id='200141' version='1' lat='35.65571221544' lon='128.39159143113'>
    <tag k='ele' v='18.75647024672' />
  </node>
  <node id='200142' version='1' lat='35.65576534702' lon='128.39159294074'>
    <tag k='ele' v='18.75952754343' />
  </node>
  <node id='200143' version='1' lat='35.65581586999' lon='128.39159800906'>
    <tag k='ele' v='18.76972581753' />
  </node>
  <node id='200144' version='1' lat='35.65587871999' lon='128.39160969872'>
    <tag k='ele' v='18.76756235389' />
  </node>
  <node id='200155' version='1' lat='35.65593751469' lon='128.39162563423'>
    <tag k='ele' v='18.75005531346' />
  </node>
  <node id='200156' version='1' lat='35.65599214724' lon='128.39164527128'>
    <tag k='ele' v='18.74077547656' />
  </node>
  <node id='200157' version='1' lat='35.65605454418' lon='128.3916741479'>
    <tag k='ele' v='18.74298393249' />
  </node>
  <node id='200158' version='1' lat='35.65610112496' lon='128.39170071234'>
    <tag k='ele' v='18.74452699402' />
  </node>
  <node id='200159' version='1' lat='35.65615711814' lon='128.39173819505'>
    <tag k='ele' v='18.75128408137' />
  </node>
  <node id='200160' version='1' lat='35.65620739254' lon='128.39177762877'>
    <tag k='ele' v='18.74189040523' />
  </node>
  <node id='200161' version='1' lat='35.65625068783' lon='128.39181707979'>
    <tag k='ele' v='18.74395573099' />
  </node>
  <node id='200162' version='1' lat='35.65629657323' lon='128.39186531214'>
    <tag k='ele' v='18.7489349312' />
  </node>
  <node id='200173' version='1' lat='35.65633043789' lon='128.39190529001'>
    <tag k='ele' v='18.74016793156' />
  </node>
  <node id='200174' version='1' lat='35.65638043434' lon='128.39197380771'>
    <tag k='ele' v='18.7545688998' />
  </node>
  <node id='200175' version='1' lat='35.65644600453' lon='128.39208635055'>
    <tag k='ele' v='18.73195165679' />
  </node>
  <node id='200176' version='1' lat='35.65647691795' lon='128.39215337542'>
    <tag k='ele' v='18.7282942364' />
  </node>
  <node id='200177' version='1' lat='35.65650229212' lon='128.39221785348'>
    <tag k='ele' v='18.72992553749' />
  </node>
  <node id='200178' version='1' lat='35.65652252938' lon='128.39227923408'>
    <tag k='ele' v='18.71720956063' />
  </node>
  <node id='200179' version='1' lat='35.65654107868' lon='128.39235060254'>
    <tag k='ele' v='18.71830885499' />
  </node>
  <node id='200189' version='1' lat='35.65655570823' lon='128.39242473043'>
    <tag k='ele' v='18.71448630566' />
  </node>
  <node id='200190' version='1' lat='35.65656474088' lon='128.39248916407'>
    <tag k='ele' v='18.71938750097' />
  </node>
  <node id='200191' version='1' lat='35.65657102754' lon='128.39256307808'>
    <tag k='ele' v='18.72205773562' />
  </node>
  <node id='200192' version='1' lat='35.65657296204' lon='128.39262788029'>
    <tag k='ele' v='18.72177297085' />
  </node>
  <node id='200193' version='1' lat='35.65657169749' lon='128.39269355353'>
    <tag k='ele' v='18.71003543304' />
  </node>
  <node id='200194' version='1' lat='35.65656549363' lon='128.39277395575'>
    <tag k='ele' v='18.72109428101' />
  </node>
  <node id='200195' version='1' lat='35.65655478548' lon='128.39284979491'>
    <tag k='ele' v='18.72877055186' />
  </node>
  <node id='200196' version='1' lat='35.65654045672' lon='128.3929219542'>
    <tag k='ele' v='18.74000893348' />
  </node>
  <node id='200206' version='1' lat='35.65650277953' lon='128.3930559872'>
    <tag k='ele' v='18.72231733167' />
  </node>
  <node id='200207' version='1' lat='35.65645822276' lon='128.39317453469'>
    <tag k='ele' v='18.72834390007' />
  </node>
  <node id='200208' version='1' lat='35.65639594239' lon='128.39330560003'>
    <tag k='ele' v='18.73431225225' />
  </node>
  <node id='200209' version='1' lat='35.65632429011' lon='128.39342917392'>
    <tag k='ele' v='18.72987151104' />
  </node>
  <node id='200216' version='1' lat='35.65625305776' lon='128.39353627567'>
    <tag k='ele' v='18.71950784944' />
  </node>
  <node id='200217' version='1' lat='35.65618056457' lon='128.39363379124'>
    <tag k='ele' v='18.71261036776' />
  </node>
  <node id='200218' version='1' lat='35.65600562324' lon='128.39384447908'>
    <tag k='ele' v='18.71613025311' />
  </node>
  <node id='200224' version='1' lat='35.65566425741' lon='128.39422852078'>
    <tag k='ele' v='18.76056485313' />
  </node>
  <node id='200228' version='1' lat='35.65532264067' lon='128.39461208641'>
    <tag k='ele' v='18.78087301724' />
  </node>
  <node id='200234' version='1' lat='35.65514223316' lon='128.39192495806'>
    <tag k='ele' v='18.71002385984' />
  </node>
  <node id='200235' version='1' lat='35.65518400827' lon='128.39187836417'>
    <tag k='ele' v='18.71773657273' />
  </node>
  <node id='200236' version='1' lat='35.6552348483' lon='128.39182830461'>
    <tag k='ele' v='18.72166888251' />
  </node>
  <node id='200237' version='1' lat='35.65532857286' lon='128.39175437639'>
    <tag k='ele' v='18.70984222775' />
  </node>
  <node id='200238' version='1' lat='35.65542632014' lon='128.39169863746'>
    <tag k='ele' v='18.71498819869' />
  </node>
  <node id='200245' version='1' lat='35.65547648426' lon='128.3916771799'>
    <tag k='ele' v='18.72799119916' />
  </node>
  <node id='200246' version='1' lat='35.65553510609' lon='128.39165729366'>
    <tag k='ele' v='18.73051088685' />
  </node>
  <node id='200247' version='1' lat='35.65559227208' lon='128.39164370939'>
    <tag k='ele' v='18.73681780397' />
  </node>
  <node id='200248' version='1' lat='35.65564839215' lon='128.39163531616'>
    <tag k='ele' v='18.73102056202' />
  </node>
  <node id='200249' version='1' lat='35.65571366114' lon='128.39163160473'>
    <tag k='ele' v='18.72081708922' />
  </node>
  <node id='200250' version='1' lat='35.65576296342' lon='128.39163281824'>
    <tag k='ele' v='18.71893944412' />
  </node>
  <node id='200251' version='1' lat='35.65581173149' lon='128.39163720018'>
    <tag k='ele' v='18.72981177801' />
  </node>
  <node id='200252' version='1' lat='35.65587291671' lon='128.39164831887'>
    <tag k='ele' v='18.73145647255' />
  </node>
  <node id='200262' version='1' lat='35.65597776363' lon='128.39168086203'>
    <tag k='ele' v='18.74000000546' />
  </node>
  <node id='200263' version='1' lat='35.65604514844' lon='128.39171255218'>
    <tag k='ele' v='18.71520846954' />
  </node>
  <node id='200264' version='1' lat='35.65609442123' lon='128.39174078127'>
    <tag k='ele' v='18.71864890049' />
  </node>
  <node id='200265' version='1' lat='35.65613469223' lon='128.39176755518'>
    <tag k='ele' v='18.718417492' />
  </node>
  <node id='200266' version='1' lat='35.65618491481' lon='128.39180675949'>
    <tag k='ele' v='18.72025944896' />
  </node>
  <node id='200267' version='1' lat='35.65623417505' lon='128.39185143353'>
    <tag k='ele' v='18.70106927416' />
  </node>
  <node id='200268' version='1' lat='35.6562743362' lon='128.39189351391'>
    <tag k='ele' v='18.72729755707' />
  </node>
  <node id='200278' version='1' lat='35.65631649692' lon='128.3919443859'>
    <tag k='ele' v='18.73582298101' />
  </node>
  <node id='200279' version='1' lat='35.65635236178' lon='128.39199409461'>
    <tag k='ele' v='18.72856144108' />
  </node>
  <node id='200280' version='1' lat='35.65638793497' lon='128.39205051364'>
    <tag k='ele' v='18.72283357395' />
  </node>
  <node id='200281' version='1' lat='35.65641975755' lon='128.39210928951'>
    <tag k='ele' v='18.718449581' />
  </node>
  <node id='200282' version='1' lat='35.65644949648' lon='128.39217388693'>
    <tag k='ele' v='18.71981531303' />
  </node>
  <node id='200283' version='1' lat='35.65647198683' lon='128.39223188869'>
    <tag k='ele' v='18.71000000736' />
  </node>
  <node id='200284' version='1' lat='35.65649345556' lon='128.39229739492'>
    <tag k='ele' v='18.70842151783' />
  </node>
  <node id='200285' version='1' lat='35.65651000095' lon='128.39236147356'>
    <tag k='ele' v='18.70425056615' />
  </node>
  <node id='200295' version='1' lat='35.65652002108' lon='128.3924073945'>
    <tag k='ele' v='18.69337888633' />
  </node>
  <node id='200296' version='1' lat='35.65653217781' lon='128.39248818019'>
    <tag k='ele' v='18.70734009691' />
  </node>
  <node id='200297' version='1' lat='35.65654093948' lon='128.39262559767'>
    <tag k='ele' v='18.6992837199' />
  </node>
  <node id='200298' version='1' lat='35.65653896409' lon='128.39270498289'>
    <tag k='ele' v='18.70078743279' />
  </node>
  <node id='200299' version='1' lat='35.65653374471' lon='128.3927637579'>
    <tag k='ele' v='18.71047050095' />
  </node>
  <node id='200300' version='1' lat='35.65652342938' lon='128.39283866317'>
    <tag k='ele' v='18.70712595789' />
  </node>
  <node id='200301' version='1' lat='35.65650904424' lon='128.39291151798'>
    <tag k='ele' v='18.71026889146' />
  </node>
  <node id='200310' version='1' lat='35.65647300038' lon='128.39304163777'>
    <tag k='ele' v='18.70613747602' />
  </node>
  <node id='200311' version='1' lat='35.65643401496' lon='128.39314563427'>
    <tag k='ele' v='18.7079813699' />
  </node>
  <node id='200312' version='1' lat='35.65637128434' lon='128.39327959335'>
    <tag k='ele' v='18.71615183678' />
  </node>
  <node id='200313' version='1' lat='35.65629885453' lon='128.39340460122'>
    <tag k='ele' v='18.69100571251' />
  </node>
  <node id='200320' version='1' lat='35.65623964637' lon='128.39349441171'>
    <tag k='ele' v='18.69489275857' />
  </node>
  <node id='200321' version='1' lat='35.65616014201' lon='128.39360304997'>
    <tag k='ele' v='18.69958754962' />
  </node>
  <node id='200322' version='1' lat='35.65607225891' lon='128.3937122776'>
    <tag k='ele' v='18.69115010169' />
  </node>
  <node id='200323' version='1' lat='35.65598375026' lon='128.39381575956'>
    <tag k='ele' v='18.69817743179' />
  </node>
  <node id='200329' version='1' lat='35.65564269723' lon='128.39419964494'>
    <tag k='ele' v='18.81006012555' />
  </node>
  <node id='200333' version='1' lat='35.65530099066' lon='128.39458308809'>
    <tag k='ele' v='18.82011524178' />
  </node>
  <node id='200339' version='1' lat='35.65439199338' lon='128.39576991614'>
    <tag k='ele' v='18.67100591895' />
  </node>
  <node id='200341' version='1' lat='35.65436791845' lon='128.39573770407'>
    <tag k='ele' v='18.7212141329' />
  </node>
  <node id='200345' version='1' lat='35.65404013101' lon='128.39616481567'>
    <tag k='ele' v='18.69079962691' />
  </node>
  <node id='200347' version='1' lat='35.65401604247' lon='128.39613264169'>
    <tag k='ele' v='18.72347323715' />
  </node>
  <node id='200351' version='1' lat='35.65368826855' lon='128.3965599047'>
    <tag k='ele' v='18.67813469075' />
  </node>
  <node id='200353' version='1' lat='35.65366419371' lon='128.39652772423'>
    <tag k='ele' v='18.71982507619' />
  </node>
  <node id='200357' version='1' lat='35.65333617357' lon='128.39695477239'>
    <tag k='ele' v='18.6680257271' />
  </node>
  <node id='200359' version='1' lat='35.65331213838' lon='128.39692258143'>
    <tag k='ele' v='18.71103727939' />
  </node>
  <node id='200363' version='1' lat='35.65298421585' lon='128.39734963103'>
    <tag k='ele' v='18.64816014205' />
  </node>
  <node id='200365' version='1' lat='35.6529601602' lon='128.39731743013'>
    <tag k='ele' v='18.70015783631' />
  </node>
  <node id='200369' version='1' lat='35.65263211354' lon='128.39774428942'>
    <tag k='ele' v='18.65603176714' />
  </node>
  <node id='200371' version='1' lat='35.65260820705' lon='128.39771230766'>
    <tag k='ele' v='18.71094895399' />
  </node>
  <node id='200375' version='1' lat='35.65228029531' lon='128.39813930245'>
    <tag k='ele' v='18.60800180332' />
  </node>
  <node id='200377' version='1' lat='35.65225614414' lon='128.3981070231'>
    <tag k='ele' v='18.64322382595' />
  </node>
  <node id='200381' version='1' lat='35.65192861773' lon='128.39853446997'>
    <tag k='ele' v='18.65117385273' />
  </node>
  <node id='200383' version='1' lat='35.65190442778' lon='128.39850218196'>
    <tag k='ele' v='18.68525585144' />
  </node>
  <node id='200387' version='1' lat='35.65157681516' lon='128.39892964323'>
    <tag k='ele' v='18.60332492394' />
  </node>
  <node id='200389' version='1' lat='35.6515526731' lon='128.39889738823'>
    <tag k='ele' v='18.64300741604' />
  </node>
  <node id='200393' version='1' lat='35.65122469901' lon='128.39932446418'>
    <tag k='ele' v='18.68988306738' />
  </node>
  <node id='200395' version='1' lat='35.65120078701' lon='128.39929245692'>
    <tag k='ele' v='18.73165104134' />
  </node>
  <node id='200399' version='1' lat='35.65087268975' lon='128.39971938554'>
    <tag k='ele' v='18.69895638546' />
  </node>
  <node id='200401' version='1' lat='35.6508485901' lon='128.39968708433'>
    <tag k='ele' v='18.73892467949' />
  </node>
  <node id='200405' version='1' lat='35.65052085593' lon='128.40011420561'>
    <tag k='ele' v='18.69089217021' />
  </node>
  <node id='200407' version='1' lat='35.65049685925' lon='128.40008214141'>
    <tag k='ele' v='18.74943792223' />
  </node>
  <node id='200411' version='1' lat='35.6501688885' lon='128.40050915225'>
    <tag k='ele' v='18.69780110896' />
  </node>
  <node id='200413' version='1' lat='35.65014499739' lon='128.40047719828'>
    <tag k='ele' v='18.73856682752' />
  </node>
  <node id='200417' version='1' lat='35.64981694813' lon='128.40090408153'>
    <tag k='ele' v='18.68306060579' />
  </node>
  <node id='200419' version='1' lat='35.64979312906' lon='128.40087221497'>
    <tag k='ele' v='18.73619716601' />
  </node>
  <node id='200423' version='1' lat='35.64946501314' lon='128.40129895086'>
    <tag k='ele' v='18.67128714378' />
  </node>
  <node id='200425' version='1' lat='35.64944107782' lon='128.40126694745'>
    <tag k='ele' v='18.72593457208' />
  </node>
  <node id='200429' version='1' lat='35.64911324242' lon='128.40169405644'>
    <tag k='ele' v='18.69059835418' />
  </node>
  <node id='200431' version='1' lat='35.64908928118' lon='128.40166202928'>
    <tag k='ele' v='18.7363842331' />
  </node>
  <node id='200438' version='1' lat='35.65434615779' lon='128.39570857706'>
    <tag k='ele' v='18.75701286302' />
  </node>
  <node id='200442' version='1' lat='35.65399422909' lon='128.39610348713'>
    <tag k='ele' v='18.76364121599' />
  </node>
  <node id='200446' version='1' lat='35.6536422629' lon='128.39649840894'>
    <tag k='ele' v='18.76800477992' />
  </node>
  <node id='200450' version='1' lat='35.65329040125' lon='128.3968934766'>
    <tag k='ele' v='18.75060731528' />
  </node>
  <node id='200454' version='1' lat='35.65293847813' lon='128.39728841612'>
    <tag k='ele' v='18.74994692746' />
  </node>
  <node id='200458' version='1' lat='35.65258631745' lon='128.39768300576'>
    <tag k='ele' v='18.74077497391' />
  </node>
  <node id='200462' version='1' lat='35.65223433945' lon='128.3980778613'>
    <tag k='ele' v='18.68213067619' />
  </node>
  <node id='200466' version='1' lat='35.65188260267' lon='128.39847306431'>
    <tag k='ele' v='18.70955042622' />
  </node>
  <node id='200470' version='1' lat='35.65153092679' lon='128.39886832576'>
    <tag k='ele' v='18.67957007855' />
  </node>
  <node id='200474' version='1' lat='35.6511789588' lon='128.39926323743'>
    <tag k='ele' v='18.76272145297' />
  </node>
  <node id='200478' version='1' lat='35.65082688423' lon='128.39965800304'>
    <tag k='ele' v='18.77508500838' />
  </node>
  <node id='200482' version='1' lat='35.65047505183' lon='128.40005298661'>
    <tag k='ele' v='18.76849940555' />
  </node>
  <node id='200486' version='1' lat='35.65012312943' lon='128.40044795053'>
    <tag k='ele' v='18.77504146945' />
  </node>
  <node id='200490' version='1' lat='35.64977118308' lon='128.40084286671'>
    <tag k='ele' v='18.75876828363' />
  </node>
  <node id='200494' version='1' lat='35.64941923637' lon='128.4012377254'>
    <tag k='ele' v='18.7428204551' />
  </node>
  <node id='200498' version='1' lat='35.64906741803' lon='128.40163281198'>
    <tag k='ele' v='18.77004089846' />
  </node>
  <node id='200504' version='1' lat='35.65432435767' lon='128.39567941397'>
    <tag k='ele' v='18.8010626526' />
  </node>
  <node id='200508' version='1' lat='35.65397241652' lon='128.396074351'>
    <tag k='ele' v='18.81000000196' />
  </node>
  <node id='200512' version='1' lat='35.65362054289' lon='128.39646936656'>
    <tag k='ele' v='18.82031372585' />
  </node>
  <node id='200516' version='1' lat='35.65326864548' lon='128.3968643409'>
    <tag k='ele' v='18.80127475405' />
  </node>
  <node id='200520' version='1' lat='35.65291666977' lon='128.3972592224'>
    <tag k='ele' v='18.8017410867' />
  </node>
  <node id='200524' version='1' lat='35.65256466572' lon='128.39765404734'>
    <tag k='ele' v='18.79952650935' />
  </node>
  <node id='200528' version='1' lat='35.65221247885' lon='128.39804863133'>
    <tag k='ele' v='18.7289200713' />
  </node>
  <node id='200532' version='1' lat='35.65186086679' lon='128.39844405427'>
    <tag k='ele' v='18.74007486247' />
  </node>
  <node id='200536' version='1' lat='35.65150921748' lon='128.39883931148'>
    <tag k='ele' v='18.73742726573' />
  </node>
  <node id='200540' version='1' lat='35.65115725643' lon='128.39923418659'>
    <tag k='ele' v='18.79291932123' />
  </node>
  <node id='200544' version='1' lat='35.65080516106' lon='128.39962890891'>
    <tag k='ele' v='18.83002128579' />
  </node>
  <node id='200548' version='1' lat='35.65045337464' lon='128.40002402331'>
    <tag k='ele' v='18.82116085588' />
  </node>
  <node id='200552' version='1' lat='35.65010142616' lon='128.40041892243'>
    <tag k='ele' v='18.82922304872' />
  </node>
  <node id='200556' version='1' lat='35.649749504' lon='128.40081384372'>
    <tag k='ele' v='18.80272802217' />
  </node>
  <node id='200560' version='1' lat='35.64939749201' lon='128.40120864356'>
    <tag k='ele' v='18.80069634894' />
  </node>
  <node id='200564' version='1' lat='35.6490456727' lon='128.40160374038'>
    <tag k='ele' v='18.81998725582' />
  </node>
  <node id='200570' version='1' lat='35.64758555359' lon='128.4034083481'>
    <tag k='ele' v='18.69000000107' />
  </node>
  <node id='200572' version='1' lat='35.64756156823' lon='128.40337623968'>
    <tag k='ele' v='18.73421347761' />
  </node>
  <node id='200576' version='1' lat='35.64724028365' lon='128.40379545639'>
    <tag k='ele' v='18.70087649145' />
  </node>
  <node id='200578' version='1' lat='35.64721630099' lon='128.40376337838'>
    <tag k='ele' v='18.73965647896' />
  </node>
  <node id='200582' version='1' lat='35.64689547853' lon='128.40418321583'>
    <tag k='ele' v='18.69950065315' />
  </node>
  <node id='200584' version='1' lat='35.64687087513' lon='128.40415032144'>
    <tag k='ele' v='18.73960636223' />
  </node>
  <node id='200588' version='1' lat='35.64671694244' lon='128.40437971101'>
    <tag k='ele' v='19.18136608972' />
  </node>
  <node id='200589' version='1' lat='35.64665019462' lon='128.40444814087'>
    <tag k='ele' v='19.35022557637' />
  </node>
  <node id='200590' version='1' lat='35.64653230149' lon='128.40456022121'>
    <tag k='ele' v='19.63447880993' />
  </node>
  <node id='200592' version='1' lat='35.64667802281' lon='128.40436234853'>
    <tag k='ele' v='18.79359592903' />
  </node>
  <node id='200593' version='1' lat='35.64659728831' lon='128.40444373606'>
    <tag k='ele' v='18.78038653042' />
  </node>
  <node id='200594' version='1' lat='35.64651062014' lon='128.40452486535'>
    <tag k='ele' v='18.82010186868' />
  </node>
  <node id='200599' version='1' lat='35.64642531359' lon='128.40464955125'>
    <tag k='ele' v='19.92005975978' />
  </node>
  <node id='200600' version='1' lat='35.64630159066' lon='128.40473593991'>
    <tag k='ele' v='20.18164516314' />
  </node>
  <node id='200601' version='1' lat='35.64619054692' lon='128.40479735981'>
    <tag k='ele' v='20.45128506283' />
  </node>
  <node id='200602' version='1' lat='35.64609334835' lon='128.40483948816'>
    <tag k='ele' v='20.6489769285' />
  </node>
  <node id='200604' version='1' lat='35.64639234982' lon='128.40462108031'>
    <tag k='ele' v='18.83652596997' />
  </node>
  <node id='200605' version='1' lat='35.64628506862' lon='128.40469498126'>
    <tag k='ele' v='18.89053032108' />
  </node>
  <node id='200606' version='1' lat='35.64617752639' lon='128.40475527344'>
    <tag k='ele' v='18.96111523141' />
  </node>
  <node id='200607' version='1' lat='35.64608223376' lon='128.40479621658'>
    <tag k='ele' v='18.98094004931' />
  </node>
  <node id='200614' version='1' lat='35.64597035202' lon='128.40487549744'>
    <tag k='ele' v='20.85782206724' />
  </node>
  <node id='200615' version='1' lat='35.64591235131' lon='128.40488578779'>
    <tag k='ele' v='20.94403695868' />
  </node>
  <node id='200616' version='1' lat='35.64584460302' lon='128.40489296428'>
    <tag k='ele' v='21.1486240424' />
  </node>
  <node id='200617' version='1' lat='35.64578965054' lon='128.40489445403'>
    <tag k='ele' v='21.16012679185' />
  </node>
  <node id='200618' version='1' lat='35.64570372303' lon='128.4048882662'>
    <tag k='ele' v='21.17327104602' />
  </node>
  <node id='200619' version='1' lat='35.64565330371' lon='128.40487978813'>
    <tag k='ele' v='21.09073648441' />
  </node>
  <node id='200620' version='1' lat='35.64558506147' lon='128.4048623348'>
    <tag k='ele' v='21.11231561278' />
  </node>
  <node id='200622' version='1' lat='35.64596468666' lon='128.40483140531'>
    <tag k='ele' v='19.04424275968' />
  </node>
  <node id='200623' version='1' lat='35.64589237148' lon='128.40484388443'>
    <tag k='ele' v='19.08101208753' />
  </node>
  <node id='200624' version='1' lat='35.64583488011' lon='128.40484849495'>
    <tag k='ele' v='19.09972221128' />
  </node>
  <node id='200625' version='1' lat='35.6457666676' lon='128.40484837385'>
    <tag k='ele' v='19.07139458685' />
  </node>
  <node id='200626' version='1' lat='35.6457085957' lon='128.40484351782'>
    <tag k='ele' v='19.07773235526' />
  </node>
  <node id='200627' version='1' lat='35.6456602631' lon='128.40483586951'>
    <tag k='ele' v='19.0889907938' />
  </node>
  <node id='200628' version='1' lat='35.64559383473' lon='128.4048195675'>
    <tag k='ele' v='19.0827405889' />
  </node>
  <node id='200638' version='1' lat='35.64548727338' lon='128.40482700647'>
    <tag k='ele' v='21.12941909352' />
  </node>
  <node id='200639' version='1' lat='35.64543064936' lon='128.40479907796'>
    <tag k='ele' v='21.12968840774' />
  </node>
  <node id='200640' version='1' lat='35.64536715438' lon='128.40476191224'>
    <tag k='ele' v='21.12220053919' />
  </node>
  <node id='200641' version='1' lat='35.64529461204' lon='128.40470859953'>
    <tag k='ele' v='21.15065368662' />
  </node>
  <node id='200642' version='1' lat='35.64523960165' lon='128.40465999863'>
    <tag k='ele' v='21.11937399718' />
  </node>
  <node id='200643' version='1' lat='35.64519753946' lon='128.40461808542'>
    <tag k='ele' v='21.14110015582' />
  </node>
  <node id='200644' version='1' lat='35.64514326438' lon='128.40455525465'>
    <tag k='ele' v='21.11506922469' />
  </node>
  <node id='200646' version='1' lat='35.64554345914' lon='128.40480282664'>
    <tag k='ele' v='19.06800109582' />
  </node>
  <node id='200647' version='1' lat='35.6454842044' lon='128.40477763055'>
    <tag k='ele' v='19.03140704605' />
  </node>
  <node id='200648' version='1' lat='35.64541553495' lon='128.40474166053'>
    <tag k='ele' v='19.05933884557' />
  </node>
  <node id='200649' version='1' lat='35.64536593474' lon='128.40470976034'>
    <tag k='ele' v='19.07713701849' />
  </node>
  <node id='200650' version='1' lat='35.645315347' lon='128.40467127957'>
    <tag k='ele' v='19.0464561033' />
  </node>
  <node id='200651' version='1' lat='35.64526240269' lon='128.40462481207'>
    <tag k='ele' v='19.05907998733' />
  </node>
  <node id='200652' version='1' lat='35.64520082205' lon='128.40456122251'>
    <tag k='ele' v='19.05880109102' />
  </node>
  <node id='200653' version='1' lat='35.64516952233' lon='128.40452374232'>
    <tag k='ele' v='19.04943575975' />
  </node>
  <node id='200662' version='1' lat='35.64509404637' lon='128.40448882561'>
    <tag k='ele' v='21.16016487626' />
  </node>
  <node id='200663' version='1' lat='35.64506133756' lon='128.40443747106'>
    <tag k='ele' v='21.16908412822' />
  </node>
  <node id='200664' version='1' lat='35.64501526224' lon='128.40435439881'>
    <tag k='ele' v='21.14100714048' />
  </node>
  <node id='200665' version='1' lat='35.64499688697' lon='128.40431458167'>
    <tag k='ele' v='21.16905155404' />
  </node>
  <node id='200666' version='1' lat='35.6449761928' lon='128.40426684938'>
    <tag k='ele' v='21.10082968019' />
  </node>
  <node id='200667' version='1' lat='35.6449446425' lon='128.40417890638'>
    <tag k='ele' v='21.16069033728' />
  </node>
  <node id='200668' version='1' lat='35.64491769714' lon='128.40408057592'>
    <tag k='ele' v='21.13048858545' />
  </node>
  <node id='200669' version='1' lat='35.64490214407' lon='128.40400396753'>
    <tag k='ele' v='21.51' />
  </node>
  <node id='200671' version='1' lat='35.64512285043' lon='128.40446054462'>
    <tag k='ele' v='19.05567880251' />
  </node>
  <node id='200672' version='1' lat='35.64508010451' lon='128.40439243654'>
    <tag k='ele' v='19.07947361758' />
  </node>
  <node id='200673' version='1' lat='35.64501914393' lon='128.40427030502'>
    <tag k='ele' v='19.07042336878' />
  </node>
  <node id='200674' version='1' lat='35.64497220097' lon='128.40414039064'>
    <tag k='ele' v='19.06968843637' />
  </node>
  <node id='200675' version='1' lat='35.64495302939' lon='128.40406957255'>
    <tag k='ele' v='19.06905131738' />
  </node>
  <node id='200676' version='1' lat='35.64493790899' lon='128.4039952983'>
    <tag k='ele' v='19.05049915922' />
  </node>
  <node id='200686' version='1' lat='35.64489325386' lon='128.4039500442'>
    <tag k='ele' v='21.11170334259' />
  </node>
  <node id='200687' version='1' lat='35.64488366489' lon='128.40384634389'>
    <tag k='ele' v='21.08033974373' />
  </node>
  <node id='200688' version='1' lat='35.64488224535' lon='128.40371553521'>
    <tag k='ele' v='21.05775610378' />
  </node>
  <node id='200689' version='1' lat='35.64488855879' lon='128.403630213'>
    <tag k='ele' v='21.08300898114' />
  </node>
  <node id='200690' version='1' lat='35.64490109405' lon='128.4035367684'>
    <tag k='ele' v='21.07104172031' />
  </node>
  <node id='200691' version='1' lat='35.64491596339' lon='128.40346337265'>
    <tag k='ele' v='21.08945647171' />
  </node>
  <node id='200692' version='1' lat='35.64493695586' lon='128.40338325898'>
    <tag k='ele' v='21.09693346345' />
  </node>
  <node id='200694' version='1' lat='35.64492651508' lon='128.40391717663'>
    <tag k='ele' v='19.03953760411' />
  </node>
  <node id='200695' version='1' lat='35.64491908545' lon='128.40382720768'>
    <tag k='ele' v='19.03618299857' />
  </node>
  <node id='200696' version='1' lat='35.64491788384' lon='128.40375752132'>
    <tag k='ele' v='19.03079434588' />
  </node>
  <node id='200697' version='1' lat='35.64492050665' lon='128.40368577878'>
    <tag k='ele' v='19.04166457541' />
  </node>
  <node id='200698' version='1' lat='35.64492742232' lon='128.4036115373'>
    <tag k='ele' v='19.04886981312' />
  </node>
  <node id='200699' version='1' lat='35.64493876765' lon='128.40353617348'>
    <tag k='ele' v='19.0508203471' />
  </node>
  <node id='200700' version='1' lat='35.64495360302' lon='128.40346522203'>
    <tag k='ele' v='19.03853695794' />
  </node>
  <node id='200701' version='1' lat='35.64497120514' lon='128.40339874078'>
    <tag k='ele' v='19.03166731779' />
  </node>
  <node id='200712' version='1' lat='35.64495158837' lon='128.4033360329'>
    <tag k='ele' v='21.07170723919' />
  </node>
  <node id='200713' version='1' lat='35.64498332759' lon='128.40325371837'>
    <tag k='ele' v='21.11598398913' />
  </node>
  <node id='200714' version='1' lat='35.64501361783' lon='128.4031866428'>
    <tag k='ele' v='21.09164421458' />
  </node>
  <node id='200715' version='1' lat='35.64505849507' lon='128.40310437222'>
    <tag k='ele' v='21.15215293946' />
  </node>
  <node id='200716' version='1' lat='35.64510613901' lon='128.40302971905'>
    <tag k='ele' v='21.1620854605' />
  </node>
  <node id='200717' version='1' lat='35.6451377792' lon='128.40298762906'>
    <tag k='ele' v='21.16010575111' />
  </node>
  <node id='200718' version='1' lat='35.64517830382' lon='128.40293884459'>
    <tag k='ele' v='21.154613988' />
  </node>
  <node id='200719' version='1' lat='35.64523578636' lon='128.40287981881'>
    <tag k='ele' v='21.0752396799' />
  </node>
  <node id='200721' version='1' lat='35.64499472987' lon='128.40332623822'>
    <tag k='ele' v='19.04846905521' />
  </node>
  <node id='200722' version='1' lat='35.64502292583' lon='128.40325585016'>
    <tag k='ele' v='19.06113375995' />
  </node>
  <node id='200723' version='1' lat='35.64508759415' lon='128.40313086788'>
    <tag k='ele' v='19.08995631118' />
  </node>
  <node id='200724' version='1' lat='35.64512094835' lon='128.40307836794'>
    <tag k='ele' v='19.09180945338' />
  </node>
  <node id='200725' version='1' lat='35.64517027357' lon='128.40301133103'>
    <tag k='ele' v='19.09963389053' />
  </node>
  <node id='200726' version='1' lat='35.64521465455' lon='128.4029597809'>
    <tag k='ele' v='19.10871284356' />
  </node>
  <node id='200727' version='1' lat='35.64525856622' lon='128.40291525392'>
    <tag k='ele' v='19.08686618869' />
  </node>
  <node id='200737' version='1' lat='35.64531733837' lon='128.40280938097'>
    <tag k='ele' v='20.88758181642' />
  </node>
  <node id='200738' version='1' lat='35.64542299726' lon='128.40273706788'>
    <tag k='ele' v='20.63692682856' />
  </node>
  <node id='200739' version='1' lat='35.64549659006' lon='128.40269782812'>
    <tag k='ele' v='20.47151561038' />
  </node>
  <node id='200740' version='1' lat='35.6455636021' lon='128.40266730158'>
    <tag k='ele' v='20.32965844619' />
  </node>
  <node id='200741' version='1' lat='35.6456897877' lon='128.40262190993'>
    <tag k='ele' v='20.05264319915' />
  </node>
  <node id='200743' version='1' lat='35.64534385844' lon='128.40284189333'>
    <tag k='ele' v='19.06513637478' />
  </node>
  <node id='200744' version='1' lat='35.64545266252' lon='128.40276922094'>
    <tag k='ele' v='19.0040875315' />
  </node>
  <node id='200745' version='1' lat='35.64556609241' lon='128.40271298558'>
    <tag k='ele' v='18.96980163253' />
  </node>
  <node id='200746' version='1' lat='35.6456984564' lon='128.40266509215'>
    <tag k='ele' v='18.88895614802' />
  </node>
  <node id='200753' version='1' lat='35.64579299692' lon='128.40259475669'>
    <tag k='ele' v='19.85339586693' />
  </node>
  <node id='200754' version='1' lat='35.64589111192' lon='128.40257607413'>
    <tag k='ele' v='19.66775865575' />
  </node>
  <node id='200755' version='1' lat='35.64603585847' lon='128.40255932179'>
    <tag k='ele' v='19.37117986072' />
  </node>
  <node id='200756' version='1' lat='35.64617051607' lon='128.40255038'>
    <tag k='ele' v='19.12982293122' />
  </node>
  <node id='200758' version='1' lat='35.64580794514' lon='128.40263674698'>
    <tag k='ele' v='18.85645630813' />
  </node>
  <node id='200759' version='1' lat='35.64592915958' lon='128.40261522202'>
    <tag k='ele' v='18.82982697776' />
  </node>
  <node id='200760' version='1' lat='35.6460472913' lon='128.40260243931'>
    <tag k='ele' v='18.81067376985' />
  </node>
  <node id='200761' version='1' lat='35.64617195128' lon='128.40259441807'>
    <tag k='ele' v='18.7908958214' />
  </node>
  <node id='200768' version='1' lat='35.64664020328' lon='128.40253841029'>
    <tag k='ele' v='18.69084517442' />
  </node>
  <node id='200770' version='1' lat='35.64664090273' lon='128.4025825536'>
    <tag k='ele' v='18.72005434519' />
  </node>
  <node id='200774' version='1' lat='35.64710831701' lon='128.40252841328'>
    <tag k='ele' v='18.59152588684' />
  </node>
  <node id='200776' version='1' lat='35.64710896041' lon='128.40257229799'>
    <tag k='ele' v='18.65387125113' />
  </node>
  <node id='200780' version='1' lat='35.64735188235' lon='128.40251871459'>
    <tag k='ele' v='18.64556591118' />
  </node>
  <node id='200781' version='1' lat='35.64742616692' lon='128.40250945164'>
    <tag k='ele' v='18.64786537351' />
  </node>
  <node id='200783' version='1' lat='35.64734368663' lon='128.40256388815'>
    <tag k='ele' v='18.71009660663' />
  </node>
  <node id='200784' version='1' lat='35.647469894' lon='128.40254658554'>
    <tag k='ele' v='18.71340458717' />
  </node>
  <node id='200789' version='1' lat='35.64753968609' lon='128.40334692807'>
    <tag k='ele' v='18.7702707605' />
  </node>
  <node id='200793' version='1' lat='35.64719439612' lon='128.40373405876'>
    <tag k='ele' v='18.77777984266' />
  </node>
  <node id='200797' version='1' lat='35.64684920472' lon='128.4041213312'>
    <tag k='ele' v='18.758230411' />
  </node>
  <node id='200801' version='1' lat='35.64663923049' lon='128.40435064035'>
    <tag k='ele' v='18.70999999895' />
  </node>
  <node id='200802' version='1' lat='35.64656092928' lon='128.40442897742'>
    <tag k='ele' v='18.70963880965' />
  </node>
  <node id='200803' version='1' lat='35.64649139912' lon='128.40449300347'>
    <tag k='ele' v='18.70007466001' />
  </node>
  <node id='200808' version='1' lat='35.64638286327' lon='128.40458173797'>
    <tag k='ele' v='18.68033313811' />
  </node>
  <node id='200809' version='1' lat='35.6462805188' lon='128.40465315377'>
    <tag k='ele' v='18.69328237705' />
  </node>
  <node id='200810' version='1' lat='35.64616535801' lon='128.40471901766'>
    <tag k='ele' v='18.7199143946' />
  </node>
  <node id='200811' version='1' lat='35.64607280008' lon='128.40475848062'>
    <tag k='ele' v='18.72110105609' />
  </node>
  <node id='200818' version='1' lat='35.6460000285' lon='128.40478170521'>
    <tag k='ele' v='18.7346564593' />
  </node>
  <node id='200819' version='1' lat='35.64593801783' lon='128.40479603469'>
    <tag k='ele' v='18.73950582782' />
  </node>
  <node id='200820' version='1' lat='35.64588997727' lon='128.40480408155'>
    <tag k='ele' v='18.73875778837' />
  </node>
  <node id='200821' version='1' lat='35.6458308367' lon='128.40480902393'>
    <tag k='ele' v='18.740769993' />
  </node>
  <node id='200822' version='1' lat='35.64576994558' lon='128.40480892298'>
    <tag k='ele' v='18.72960070251' />
  </node>
  <node id='200823' version='1' lat='35.6457108259' lon='128.40480430304'>
    <tag k='ele' v='18.73217480682' />
  </node>
  <node id='200824' version='1' lat='35.64565817997' lon='128.40479588222'>
    <tag k='ele' v='18.73800534597' />
  </node>
  <node id='200825' version='1' lat='35.64560153941' lon='128.40478172437'>
    <tag k='ele' v='18.73903651009' />
  </node>
  <node id='200835' version='1' lat='35.64554719527' lon='128.40476294699'>
    <tag k='ele' v='18.73092845102' />
  </node>
  <node id='200836' version='1' lat='35.64549359297' lon='128.40473929222'>
    <tag k='ele' v='18.71926228177' />
  </node>
  <node id='200837' version='1' lat='35.64544407795' lon='128.40471424035'>
    <tag k='ele' v='18.70012416385' />
  </node>
  <node id='200838' version='1' lat='35.64539474919' lon='128.4046838216'>
    <tag k='ele' v='18.69380392563' />
  </node>
  <node id='200839' version='1' lat='35.64533344186' lon='128.40463823623'>
    <tag k='ele' v='18.70085693059' />
  </node>
  <node id='200840' version='1' lat='35.64528082284' lon='128.4045921278'>
    <tag k='ele' v='18.69630973948' />
  </node>
  <node id='200841' version='1' lat='35.64522892779' lon='128.40453882143'>
    <tag k='ele' v='18.69679792038' />
  </node>
  <node id='200842' version='1' lat='35.64519266836' lon='128.40449612522'>
    <tag k='ele' v='18.70168952704' />
  </node>
  <node id='200853' version='1' lat='35.64515221102' lon='128.40444149636'>
    <tag k='ele' v='18.70707061727' />
  </node>
  <node id='200854' version='1' lat='35.64511796863' lon='128.40438858436'>
    <tag k='ele' v='18.72993543254' />
  </node>
  <node id='200855' version='1' lat='35.64508609894' lon='128.40433243006'>
    <tag k='ele' v='18.70967094842' />
  </node>
  <node id='200856' version='1' lat='35.64505280869' lon='128.40426315217'>
    <tag k='ele' v='18.72650455626' />
  </node>
  <node id='200857' version='1' lat='35.6450059492' lon='128.4041387357'>
    <tag k='ele' v='18.71809761803' />
  </node>
  <node id='200858' version='1' lat='35.64498564742' lon='128.40406435204'>
    <tag k='ele' v='18.72011059398' />
  </node>
  <node id='200859' version='1' lat='35.64496926602' lon='128.40398730922'>
    <tag k='ele' v='18.71121350556' />
  </node>
  <node id='200868' version='1' lat='35.64495849278' lon='128.40391105657'>
    <tag k='ele' v='18.68207102243' />
  </node>
  <node id='200869' version='1' lat='35.64495249734' lon='128.40384383746'>
    <tag k='ele' v='18.6688362252' />
  </node>
  <node id='200870' version='1' lat='35.64494999584' lon='128.40376563111'>
    <tag k='ele' v='18.67857351144' />
  </node>
  <node id='200871' version='1' lat='35.64495171644' lon='128.40369872081'>
    <tag k='ele' v='18.69712852716' />
  </node>
  <node id='200872' version='1' lat='35.64495921169' lon='128.40361560646'>
    <tag k='ele' v='18.71082795098' />
  </node>
  <node id='200873' version='1' lat='35.64496975333' lon='128.40354672302'>
    <tag k='ele' v='18.70205276439' />
  </node>
  <node id='200874' version='1' lat='35.64500130825' lon='128.40341209547'>
    <tag k='ele' v='18.7093062911' />
  </node>
  <node id='200884' version='1' lat='35.6450196133' lon='128.40335568429'>
    <tag k='ele' v='18.68662221694' />
  </node>
  <node id='200885' version='1' lat='35.64504847176' lon='128.40328221511'>
    <tag k='ele' v='18.70289805309' />
  </node>
  <node id='200886' version='1' lat='35.6450781108' lon='128.40321898896'>
    <tag k='ele' v='18.71200944835' />
  </node>
  <node id='200887' version='1' lat='35.64511028918' lon='128.40316104167'>
    <tag k='ele' v='18.71965343294' />
  </node>
  <node id='200888' version='1' lat='35.64514675568' lon='128.40310272082'>
    <tag k='ele' v='18.74120561905' />
  </node>
  <node id='200889' version='1' lat='35.64518334928' lon='128.40305191758'>
    <tag k='ele' v='18.74094417047' />
  </node>
  <node id='200890' version='1' lat='35.64523752694' lon='128.40298764562'>
    <tag k='ele' v='18.7601938168' />
  </node>
  <node id='200891' version='1' lat='35.64527828752' lon='128.40294601804'>
    <tag k='ele' v='18.7438454545' />
  </node>
  <node id='200901' version='1' lat='35.64537367961' lon='128.40286617655'>
    <tag k='ele' v='18.73093862021' />
  </node>
  <node id='200902' version='1' lat='35.64547467734' lon='128.40280095806'>
    <tag k='ele' v='18.73094678611' />
  </node>
  <node id='200903' version='1' lat='35.64558989606' lon='128.40274464922'>
    <tag k='ele' v='18.71815165382' />
  </node>
  <node id='200904' version='1' lat='35.64570637178' lon='128.40270442775'>
    <tag k='ele' v='18.71061244424' />
  </node>
  <node id='200911' version='1' lat='35.64582084538' lon='128.40267512311'>
    <tag k='ele' v='18.69990191149' />
  </node>
  <node id='200912' version='1' lat='35.64590650638' lon='128.40265911149'>
    <tag k='ele' v='18.71045914343' />
  </node>
  <node id='200913' version='1' lat='35.64603832239' lon='128.40264279511'>
    <tag k='ele' v='18.7289233657' />
  </node>
  <node id='200914' version='1' lat='35.64617313192' lon='128.40263417482'>
    <tag k='ele' v='18.72028946567' />
  </node>
  <node id='200921' version='1' lat='35.64664150209' lon='128.40262239389'>
    <tag k='ele' v='18.77052000352' />
  </node>
  <node id='200925' version='1' lat='35.64710950328' lon='128.40261220039'>
    <tag k='ele' v='18.67185050174' />
  </node>
  <node id='200929' version='1' lat='35.64735123839' lon='128.40260209147'>
    <tag k='ele' v='18.74696183975' />
  </node>
  <node id='200930' version='1' lat='35.64745622978' lon='128.40258952445'>
    <tag k='ele' v='18.75492589066' />
  </node>
  <node id='200935' version='1' lat='35.6475179206' lon='128.40331779825'>
    <tag k='ele' v='18.83497694629' />
  </node>
  <node id='200939' version='1' lat='35.64717255094' lon='128.40370483858'>
    <tag k='ele' v='18.83168157541' />
  </node>
  <node id='200943' version='1' lat='35.64682740373' lon='128.40409221724'>
    <tag k='ele' v='18.77475848598' />
  </node>
  <node id='200947' version='1' lat='35.64663095068' lon='128.40430743163'>
    <tag k='ele' v='18.70217591116' />
  </node>
  <node id='200948' version='1' lat='35.64653976968' lon='128.40439920639'>
    <tag k='ele' v='18.67809532637' />
  </node>
  <node id='200949' version='1' lat='35.64647196352' lon='128.40446132933'>
    <tag k='ele' v='18.67162722674' />
  </node>
  <node id='200955' version='1' lat='35.64636467839' lon='128.404549527'>
    <tag k='ele' v='18.66403409333' />
  </node>
  <node id='200956' version='1' lat='35.64626893344' lon='128.40461659636'>
    <tag k='ele' v='18.67564817151' />
  </node>
  <node id='200957' version='1' lat='35.6461556028' lon='128.40468149682'>
    <tag k='ele' v='18.67847798632' />
  </node>
  <node id='200958' version='1' lat='35.64606325507' lon='128.40472111934'>
    <tag k='ele' v='18.69247656257' />
  </node>
  <node id='200965' version='1' lat='35.64599997384' lon='128.40474169861'>
    <tag k='ele' v='18.69999999517' />
  </node>
  <node id='200966' version='1' lat='35.64593421192' lon='128.40475744313'>
    <tag k='ele' v='18.70363815807' />
  </node>
  <node id='200967' version='1' lat='35.64582959535' lon='128.40477004061'>
    <tag k='ele' v='18.71134994467' />
  </node>
  <node id='200968' version='1' lat='35.64577142519' lon='128.40477018751'>
    <tag k='ele' v='18.673287471' />
  </node>
  <node id='200969' version='1' lat='35.64572191055' lon='128.40476614635'>
    <tag k='ele' v='18.68999999428' />
  </node>
  <node id='200970' version='1' lat='35.64560956472' lon='128.40474306365'>
    <tag k='ele' v='18.70033140306' />
  </node>
  <node id='200978' version='1' lat='35.64555535209' lon='128.40472445975'>
    <tag k='ele' v='18.67657159923' />
  </node>
  <node id='200979' version='1' lat='35.64550113901' lon='128.40470098471'>
    <tag k='ele' v='18.6687736142' />
  </node>
  <node id='200980' version='1' lat='35.64540473573' lon='128.40464499228'>
    <tag k='ele' v='18.66243076947' />
  </node>
  <node id='200981' version='1' lat='35.64534583832' lon='128.40460111833'>
    <tag k='ele' v='18.64684590032' />
  </node>
  <node id='200982' version='1' lat='35.64530055887' lon='128.40456158813'>
    <tag k='ele' v='18.66126138497' />
  </node>
  <node id='200983' version='1' lat='35.64524926269' lon='128.40450889321'>
    <tag k='ele' v='18.66265774686' />
  </node>
  <node id='200984' version='1' lat='35.64521565609' lon='128.4044687337'>
    <tag k='ele' v='18.67594030417' />
  </node>
  <node id='200994' version='1' lat='35.64517431693' lon='128.40441286446'>
    <tag k='ele' v='18.65761697284' />
  </node>
  <node id='200995' version='1' lat='35.64514252456' lon='128.4043630517'>
    <tag k='ele' v='18.67475618597' />
  </node>
  <node id='200996' version='1' lat='35.6451134682' lon='128.40431213267'>
    <tag k='ele' v='18.67945155078' />
  </node>
  <node id='200997' version='1' lat='35.64508166411' lon='128.40424636239'>
    <tag k='ele' v='18.68482777284' />
  </node>
  <node id='200998' version='1' lat='35.6450567404' lon='128.40418494032'>
    <tag k='ele' v='18.67690395068' />
  </node>
  <node id='200999' version='1' lat='35.64503282264' lon='128.40411371237'>
    <tag k='ele' v='18.68440068667' />
  </node>
  <node id='201000' version='1' lat='35.64501395879' lon='128.40404304274'>
    <tag k='ele' v='18.68159255351' />
  </node>
  <node id='201001' version='1' lat='35.64500117802' lon='128.40397973634'>
    <tag k='ele' v='18.66191337181' />
  </node>
  <node id='201011' version='1' lat='35.64499108517' lon='128.40391018567'>
    <tag k='ele' v='18.63680330785' />
  </node>
  <node id='201012' version='1' lat='35.64498471561' lon='128.40383841226'>
    <tag k='ele' v='18.64554101399' />
  </node>
  <node id='201013' version='1' lat='35.64498375474' lon='128.40371166351'>
    <tag k='ele' v='18.65996282236' />
  </node>
  <node id='201014' version='1' lat='35.64498923749' lon='128.40364088833'>
    <tag k='ele' v='18.67935528225' />
  </node>
  <node id='201015' version='1' lat='35.64500034637' lon='128.40355943495'>
    <tag k='ele' v='18.67663706897' />
  </node>
  <node id='201016' version='1' lat='35.64501223353' lon='128.40349952436'>
    <tag k='ele' v='18.66853570048' />
  </node>
  <node id='201017' version='1' lat='35.64503153113' lon='128.40342612833'>
    <tag k='ele' v='18.66999999397' />
  </node>
  <node id='201026' version='1' lat='35.64505630122' lon='128.40335176059'>
    <tag k='ele' v='18.67739584472' />
  </node>
  <node id='201027' version='1' lat='35.64507668662' lon='128.40330136349'>
    <tag k='ele' v='18.67033107633' />
  </node>
  <node id='201028' version='1' lat='35.64510365594' lon='128.40324339673'>
    <tag k='ele' v='18.70000000076' />
  </node>
  <node id='201029' version='1' lat='35.64513633836' lon='128.40318323919'>
    <tag k='ele' v='18.67689031546' />
  </node>
  <node id='201030' version='1' lat='35.64517713069' lon='128.40311938586'>
    <tag k='ele' v='18.70220630979' />
  </node>
  <node id='201031' version='1' lat='35.64520845772' lon='128.40307661255'>
    <tag k='ele' v='18.70878787785' />
  </node>
  <node id='201032' version='1' lat='35.64524640125' lon='128.40303087627'>
    <tag k='ele' v='18.71796991892' />
  </node>
  <node id='201033' version='1' lat='35.6452983415' lon='128.40297735992'>
    <tag k='ele' v='18.73157983758' />
  </node>
  <node id='201043' version='1' lat='35.64539173793' lon='128.40289862299'>
    <tag k='ele' v='18.71156679146' />
  </node>
  <node id='201044' version='1' lat='35.64547767396' lon='128.40284250396'>
    <tag k='ele' v='18.70973215127' />
  </node>
  <node id='201045' version='1' lat='35.64558866473' lon='128.40278695765'>
    <tag k='ele' v='18.69881777021' />
  </node>
  <node id='201046' version='1' lat='35.64571398082' lon='128.40274213531'>
    <tag k='ele' v='18.67972202826' />
  </node>
  <node id='201053' version='1' lat='35.64580877724' lon='128.40271705501'>
    <tag k='ele' v='18.6767987104' />
  </node>
  <node id='201054' version='1' lat='35.64592968492' lon='128.40269495362'>
    <tag k='ele' v='18.69211060913' />
  </node>
  <node id='201055' version='1' lat='35.6460611691' lon='128.40268039052'>
    <tag k='ele' v='18.70886643687' />
  </node>
  <node id='201056' version='1' lat='35.64617443965' lon='128.40267344614'>
    <tag k='ele' v='18.70602043544' />
  </node>
  <node id='201063' version='1' lat='35.64664213128' lon='128.40266169496'>
    <tag k='ele' v='18.78069195283' />
  </node>
  <node id='201067' version='1' lat='35.64711012372' lon='128.40265098128'>
    <tag k='ele' v='18.73155033372' />
  </node>
  <node id='201071' version='1' lat='35.64734638395' lon='128.40264160711'>
    <tag k='ele' v='18.78951618055' />
  </node>
  <node id='201072' version='1' lat='35.64748446195' lon='128.40262429489'>
    <tag k='ele' v='18.79' />
  </node>
  <node id='201077' version='1' lat='35.64948131822' lon='128.40085894302'>
    <tag k='ele' v='18.66437550359' />
  </node>
  <node id='201079' version='1' lat='35.64949948244' lon='128.40088119639'>
    <tag k='ele' v='18.7009838716' />
  </node>
  <node id='201083' version='1' lat='35.64987106981' lon='128.40040462079'>
    <tag k='ele' v='18.66322486858' />
  </node>
  <node id='201085' version='1' lat='35.64989533916' lon='128.40043696186'>
    <tag k='ele' v='18.70034426739' />
  </node>
  <node id='201089' version='1' lat='35.6495238691' lon='128.40091382451'>
    <tag k='ele' v='18.7303279523' />
  </node>
  <node id='201093' version='1' lat='35.6499193566' lon='128.4004700142'>
    <tag k='ele' v='18.75954574578' />
  </node>
  <node id='201097' version='1' lat='35.64954640813' lon='128.40094237893'>
    <tag k='ele' v='18.77897835423' />
  </node>
  <node id='201101' version='1' lat='35.64994079398' lon='128.400499672'>
    <tag k='ele' v='18.77849420711' />
  </node>
  <node id='201105' version='1' lat='35.64956864284' lon='128.40097061369'>
    <tag k='ele' v='18.80983072879' />
  </node>
  <node id='201109' version='1' lat='35.64996193438' lon='128.40052881162'>
    <tag k='ele' v='18.81956455716' />
  </node>
  <node id='201113' version='1' lat='35.65021678245' lon='128.40001612054'>
    <tag k='ele' v='18.65287452907' />
  </node>
  <node id='201115' version='1' lat='35.65024121578' lon='128.4000487489'>
    <tag k='ele' v='18.68928896803' />
  </node>
  <node id='201119' version='1' lat='35.65056274031' lon='128.3996279555'>
    <tag k='ele' v='18.62123469612' />
  </node>
  <node id='201121' version='1' lat='35.65058704142' lon='128.39966045697'>
    <tag k='ele' v='18.67927167105' />
  </node>
  <node id='201125' version='1' lat='35.65090874305' lon='128.39923986'>
    <tag k='ele' v='18.63212682885' />
  </node>
  <node id='201127' version='1' lat='35.65093299405' lon='128.39927232169'>
    <tag k='ele' v='18.67538787553' />
  </node>
  <node id='201131' version='1' lat='35.65125456048' lon='128.39885154083'>
    <tag k='ele' v='18.62408030458' />
  </node>
  <node id='201133' version='1' lat='35.65127901101' lon='128.39888424497'>
    <tag k='ele' v='18.65001552548' />
  </node>
  <node id='201137' version='1' lat='35.6516005911' lon='128.39846347612'>
    <tag k='ele' v='18.58428245758' />
  </node>
  <node id='201139' version='1' lat='35.65162490837' lon='128.3984960358'>
    <tag k='ele' v='18.6084427242' />
  </node>
  <node id='201143' version='1' lat='35.65194634999' lon='128.39807507013'>
    <tag k='ele' v='18.59063579493' />
  </node>
  <node id='201145' version='1' lat='35.6519707954' lon='128.39810778747'>
    <tag k='ele' v='18.62104915905' />
  </node>
  <node id='201149' version='1' lat='35.65229222522' lon='128.39768682458'>
    <tag k='ele' v='18.63725222493' />
  </node>
  <node id='201151' version='1' lat='35.6523167649' lon='128.39771964138'>
    <tag k='ele' v='18.6804646434' />
  </node>
  <node id='201155' version='1' lat='35.65263790908' lon='128.39729829493'>
    <tag k='ele' v='18.64627904755' />
  </node>
  <node id='201157' version='1' lat='35.65266262034' lon='128.39733136775'>
    <tag k='ele' v='18.6789012701' />
  </node>
  <node id='201161' version='1' lat='35.65026552623' lon='128.40008124083'>
    <tag k='ele' v='18.72988212714' />
  </node>
  <node id='201165' version='1' lat='35.65061152132' lon='128.39969321249'>
    <tag k='ele' v='18.74130288133' />
  </node>
  <node id='201169' version='1' lat='35.65095752088' lon='128.39930513776'>
    <tag k='ele' v='18.73627981776' />
  </node>
  <node id='201173' version='1' lat='35.651303323' lon='128.39891676586'>
    <tag k='ele' v='18.71577743747' />
  </node>
  <node id='201177' version='1' lat='35.65164931149' lon='128.39852867221'>
    <tag k='ele' v='18.66023203632' />
  </node>
  <node id='201181' version='1' lat='35.6519951369' lon='128.39814036542'>
    <tag k='ele' v='18.6761226151' />
  </node>
  <node id='201185' version='1' lat='35.65234109725' lon='128.39775217042'>
    <tag k='ele' v='18.72980593114' />
  </node>
  <node id='201189' version='1' lat='35.65268694827' lon='128.39736450462'>
    <tag k='ele' v='18.72910115683' />
  </node>
  <node id='201193' version='1' lat='35.65028743326' lon='128.40011048759'>
    <tag k='ele' v='18.78016028526' />
  </node>
  <node id='201197' version='1' lat='35.65063343726' lon='128.3997225229'>
    <tag k='ele' v='18.78050137574' />
  </node>
  <node id='201201' version='1' lat='35.6509793973' lon='128.39933442747'>
    <tag k='ele' v='18.77745629601' />
  </node>
  <node id='201205' version='1' lat='35.65132530279' lon='128.39894616661'>
    <tag k='ele' v='18.75756707248' />
  </node>
  <node id='201209' version='1' lat='35.65167114994' lon='128.39855792853'>
    <tag k='ele' v='18.70515972422' />
  </node>
  <node id='201213' version='1' lat='35.6520170938' lon='128.39816974161'>
    <tag k='ele' v='18.72106733812' />
  </node>
  <node id='201217' version='1' lat='35.65236296651' lon='128.39778143362'>
    <tag k='ele' v='18.74911992635' />
  </node>
  <node id='201221' version='1' lat='35.6527084994' lon='128.39739381214'>
    <tag k='ele' v='18.77038872144' />
  </node>
  <node id='201225' version='1' lat='35.65030902254' lon='128.40013930585'>
    <tag k='ele' v='18.82997528968' />
  </node>
  <node id='201229' version='1' lat='35.65065483841' lon='128.39975112907'>
    <tag k='ele' v='18.81855099773' />
  </node>
  <node id='201233' version='1' lat='35.6510007901' lon='128.3993630736'>
    <tag k='ele' v='18.81774509694' />
  </node>
  <node id='201237' version='1' lat='35.65134676469' lon='128.39897484984'>
    <tag k='ele' v='18.79055777333' />
  </node>
  <node id='201241' version='1' lat='35.65169258368' lon='128.3985866166'>
    <tag k='ele' v='18.73446599732' />
  </node>
  <node id='201245' version='1' lat='35.65203849028' lon='128.39819837945'>
    <tag k='ele' v='18.74945775062' />
  </node>
  <node id='201249' version='1' lat='35.65238453195' lon='128.39781027803'>
    <tag k='ele' v='18.78996283578' />
  </node>
  <node id='201253' version='1' lat='35.65272995414' lon='128.39742280314'>
    <tag k='ele' v='18.79010060184' />
  </node>
  <node id='201257' version='1' lat='35.65483169114' lon='128.39474267447'>
    <tag k='ele' v='18.72994928476' />
  </node>
  <node id='201258' version='1' lat='35.65486510407' lon='128.39463904905'>
    <tag k='ele' v='18.80984282853' />
  </node>
  <node id='201259' version='1' lat='35.65488529615' lon='128.39455947707'>
    <tag k='ele' v='18.77008976804' />
  </node>
  <node id='201260' version='1' lat='35.65489870577' lon='128.39449180387'>
    <tag k='ele' v='18.83069315667' />
  </node>
  <node id='201261' version='1' lat='35.65491061806' lon='128.39441018683'>
    <tag k='ele' v='18.82996819341' />
  </node>
  <node id='201262' version='1' lat='35.65491881699' lon='128.39432344209'>
    <tag k='ele' v='18.82994772611' />
  </node>
  <node id='201263' version='1' lat='35.65492284294' lon='128.39416655873'>
    <tag k='ele' v='18.82184589578' />
  </node>
  <node id='201265' version='1' lat='35.65486516645' lon='128.39475994958'>
    <tag k='ele' v='18.75558907301' />
  </node>
  <node id='201266' version='1' lat='35.65489486716' lon='128.39466733024'>
    <tag k='ele' v='18.83200954884' />
  </node>
  <node id='201267' version='1' lat='35.65491411562' lon='128.39459115187'>
    <tag k='ele' v='18.84963572127' />
  </node>
  <node id='201268' version='1' lat='35.65493258439' lon='128.39450042466'>
    <tag k='ele' v='18.85955480269' />
  </node>
  <node id='201269' version='1' lat='35.65494538147' lon='128.39441603629'>
    <tag k='ele' v='18.85213174518' />
  </node>
  <node id='201270' version='1' lat='35.65495394026' lon='128.39432680777'>
    <tag k='ele' v='18.85942313768' />
  </node>
  <node id='201271' version='1' lat='35.6549582408' lon='128.39424713508'>
    <tag k='ele' v='18.84893132646' />
  </node>
  <node id='201272' version='1' lat='35.65495896146' lon='128.39416533622'>
    <tag k='ele' v='18.85111427446' />
  </node>
  <node id='201282' version='1' lat='35.65492019846' lon='128.39410398433'>
    <tag k='ele' v='18.80853258197' />
  </node>
  <node id='201283' version='1' lat='35.65491066677' lon='128.39401660218'>
    <tag k='ele' v='18.80953697064' />
  </node>
  <node id='201285' version='1' lat='35.65495332637' lon='128.39407851386'>
    <tag k='ele' v='18.8482330146' />
  </node>
  <node id='201286' version='1' lat='35.65494284281' lon='128.39398631519'>
    <tag k='ele' v='18.8498822466' />
  </node>
  <node id='201291' version='1' lat='35.65490185889' lon='128.39475630308'>
    <tag k='ele' v='18.80093607007' />
  </node>
  <node id='201292' version='1' lat='35.65491952724' lon='128.39470142671'>
    <tag k='ele' v='18.83742954995' />
  </node>
  <node id='201293' version='1' lat='35.65494664228' lon='128.39459884927'>
    <tag k='ele' v='18.87936105365' />
  </node>
  <node id='201294' version='1' lat='35.65496493338' lon='128.3945099672'>
    <tag k='ele' v='18.871638059' />
  </node>
  <node id='201295' version='1' lat='35.65497885185' lon='128.39441635582'>
    <tag k='ele' v='18.88845849609' />
  </node>
  <node id='201296' version='1' lat='35.65498660248' lon='128.39432918738'>
    <tag k='ele' v='18.87575112974' />
  </node>
  <node id='201297' version='1' lat='35.65499042622' lon='128.39425527469'>
    <tag k='ele' v='18.88447968859' />
  </node>
  <node id='201298' version='1' lat='35.65498995311' lon='128.39416403272'>
    <tag k='ele' v='18.88999999977' />
  </node>
  <node id='201309' version='1' lat='35.65498428928' lon='128.39407206462'>
    <tag k='ele' v='18.86946061505' />
  </node>
  <node id='201310' version='1' lat='35.65497283109' lon='128.39396852367'>
    <tag k='ele' v='18.88953572147' />
  </node>
  <node id='201315' version='1' lat='35.6549246354' lon='128.39479759644'>
    <tag k='ele' v='18.82095368092' />
  </node>
  <node id='201316' version='1' lat='35.65495107354' lon='128.39471009229'>
    <tag k='ele' v='18.88032886742' />
  </node>
  <node id='201317' version='1' lat='35.65497753466' lon='128.39460901424'>
    <tag k='ele' v='18.89798315863' />
  </node>
  <node id='201318' version='1' lat='35.65499769059' lon='128.39451428235'>
    <tag k='ele' v='18.91695503122' />
  </node>
  <node id='201319' version='1' lat='35.65501100982' lon='128.39442563058'>
    <tag k='ele' v='18.91434396183' />
  </node>
  <node id='201320' version='1' lat='35.65501873946' lon='128.39434675472'>
    <tag k='ele' v='18.91041755872' />
  </node>
  <node id='201321' version='1' lat='35.65502296748' lon='128.39425993598'>
    <tag k='ele' v='18.87969238227' />
  </node>
  <node id='201322' version='1' lat='35.65502226729' lon='128.39416295365'>
    <tag k='ele' v='18.92488024194' />
  </node>
  <node id='201332' version='1' lat='35.65501703263' lon='128.39407233503'>
    <tag k='ele' v='18.86053539192' />
  </node>
  <node id='201333' version='1' lat='35.65500734744' lon='128.39398018977'>
    <tag k='ele' v='18.90136994836' />
  </node>
  <node id='201338' version='1' lat='35.64923196421' lon='128.39906631711'>
    <tag k='ele' v='18.38424821763' />
  </node>
  <node id='201340' version='1' lat='35.64921070922' lon='128.39903784369'>
    <tag k='ele' v='18.35004112605' />
  </node>
  <node id='201344' version='1' lat='35.64731618767' lon='128.40077830105'>
    <tag k='ele' v='18.66058968396' />
  </node>
  <node id='201346' version='1' lat='35.64733582445' lon='128.40080450687'>
    <tag k='ele' v='18.59292612758' />
  </node>
  <node id='201353' version='1' lat='35.64729618353' lon='128.400751605'>
    <tag k='ele' v='18.68339457751' />
  </node>
  <node id='201359' version='1' lat='35.64749909238' lon='128.40101359107'>
    <tag k='ele' v='18.29117670728' />
  </node>
  <node id='201361' version='1' lat='35.6474779188' lon='128.40098534424'>
    <tag k='ele' v='18.26003925176' />
  </node>
  <node id='201365' version='1' lat='35.6483679526' lon='128.40003560879'>
    <tag k='ele' v='18.321' />
  </node>
  <node id='201367' version='1' lat='35.64834662295' lon='128.40000723044'>
    <tag k='ele' v='18.30739614802' />
  </node>
  <node id='201374' version='1' lat='35.64880584978' lon='128.39837291244'>
    <tag k='ele' v='18.5917888723' />
  </node>
  <node id='201375' version='1' lat='35.64847087452' lon='128.39878284215'>
    <tag k='ele' v='18.57973154516' />
  </node>
  <node id='201377' version='1' lat='35.64878601428' lon='128.39834855169'>
    <tag k='ele' v='18.54043866283' />
  </node>
  <node id='201378' version='1' lat='35.64845114119' lon='128.39875868294'>
    <tag k='ele' v='18.52010671398' />
  </node>
  <node id='201383' version='1' lat='35.64813611063' lon='128.3991930583'>
    <tag k='ele' v='18.6' />
  </node>
  <node id='201385' version='1' lat='35.64811623719' lon='128.39916874526'>
    <tag k='ele' v='18.53171814982' />
  </node>
  <node id='201389' version='1' lat='35.64780117931' lon='128.39960309387'>
    <tag k='ele' v='18.60499066098' />
  </node>
  <node id='201391' version='1' lat='35.64778150847' lon='128.39957899025'>
    <tag k='ele' v='18.56502271018' />
  </node>
  <node id='201395' version='1' lat='35.64746618444' lon='128.40001306203'>
    <tag k='ele' v='18.62926768555' />
  </node>
  <node id='201397' version='1' lat='35.64744656738' lon='128.39998896108'>
    <tag k='ele' v='18.56304842391' />
  </node>
  <node id='201401' version='1' lat='35.6471312968' lon='128.40042314516'>
    <tag k='ele' v='18.6301345275' />
  </node>
  <node id='201403' version='1' lat='35.64711148068' lon='128.40039877004'>
    <tag k='ele' v='18.559790134' />
  </node>
  <node id='201407' version='1' lat='35.64692475233' lon='128.40067442557'>
    <tag k='ele' v='18.56056069692' />
  </node>
  <node id='201408' version='1' lat='35.64688990117' lon='128.40072082986'>
    <tag k='ele' v='18.55688005011' />
  </node>
  <node id='201409' version='1' lat='35.64687087477' lon='128.40076244372'>
    <tag k='ele' v='18.5799334277' />
  </node>
  <node id='201410' version='1' lat='35.64684263518' lon='128.40086109488'>
    <tag k='ele' v='18.61978002464' />
  </node>
  <node id='201412' version='1' lat='35.64687033576' lon='128.40069616624'>
    <tag k='ele' v='18.50995706446' />
  </node>
  <node id='201413' version='1' lat='35.64684920909' lon='128.40073890408'>
    <tag k='ele' v='18.50710990552' />
  </node>
  <node id='201414' version='1' lat='35.64681605242' lon='128.40085062374'>
    <tag k='ele' v='18.5689990022' />
  </node>
  <node id='201420' version='1' lat='35.64876542722' lon='128.39832329154'>
    <tag k='ele' v='18.48000032132' />
  </node>
  <node id='201421' version='1' lat='35.64843075012' lon='128.39873366094'>
    <tag k='ele' v='20.90637080988' />
  </node>
  <node id='201426' version='1' lat='35.64809573594' lon='128.3991436605'>
    <tag k='ele' v='18.47' />
  </node>
  <node id='201430' version='1' lat='35.64776104399' lon='128.39955390829'>
    <tag k='ele' v='18.46271616263' />
  </node>
  <node id='201434' version='1' lat='35.64742597216' lon='128.39996369316'>
    <tag k='ele' v='18.4923770797' />
  </node>
  <node id='201438' version='1' lat='35.64709103251' lon='128.40037359719'>
    <tag k='ele' v='18.4763521054' />
  </node>
  <node id='201442' version='1' lat='35.64687780513' lon='128.40063329126'>
    <tag k='ele' v='18.44000876793' />
  </node>
  <node id='201443' version='1' lat='35.64684273537' lon='128.40068551977'>
    <tag k='ele' v='18.48656728885' />
  </node>
  <node id='201444' version='1' lat='35.64682129045' lon='128.40072832606'>
    <tag k='ele' v='18.46765906504' />
  </node>
  <node id='201445' version='1' lat='35.64678934659' lon='128.40084033071'>
    <tag k='ele' v='18.71349238323' />
  </node>
  <node id='201452' version='1' lat='35.64752121691' lon='128.40328513318'>
    <tag k='ele' v='18.85097882536' />
  </node>
  <node id='201454' version='1' lat='35.64754853088' lon='128.40321722619'>
    <tag k='ele' v='18.88170999048' />
  </node>
  <node id='201455' version='1' lat='35.64750514931' lon='128.40325784098'>
    <tag k='ele' v='18.91965754448' />
  </node>
  <node id='201459' version='1' lat='35.64741502626' lon='128.40338615429'>
    <tag k='ele' v='18.86009724598' />
  </node>
  <node id='201461' version='1' lat='35.64738360767' lon='128.40333281791'>
    <tag k='ele' v='18.89821625929' />
  </node>
  <node id='201468' version='1' lat='35.65265886687' lon='128.39727408167'>
    <tag k='ele' v='18.62' />
  </node>
  <node id='201469' version='1' lat='35.65267614192' lon='128.39721950454'>
    <tag k='ele' v='18.5940131731' />
  </node>
  <node id='201470' version='1' lat='35.6526859929' lon='128.39719851336'>
    <tag k='ele' v='18.59153900002' />
  </node>
  <node id='201471' version='1' lat='35.65273864516' lon='128.39712704134'>
    <tag k='ele' v='18.59704756095' />
  </node>
  <node id='201473' version='1' lat='35.65268857783' lon='128.39729820079'>
    <tag k='ele' v='18.66326271161' />
  </node>
  <node id='201474' version='1' lat='35.65271874384' lon='128.39722855362'>
    <tag k='ele' v='18.63286869682' />
  </node>
  <node id='201475' version='1' lat='35.65275709334' lon='128.39717131826'>
    <tag k='ele' v='18.61488362289' />
  </node>
  <node id='201476' version='1' lat='35.6527692621' lon='128.39714781411'>
    <tag k='ele' v='18.59852110821' />
  </node>
  <node id='201482' version='1' lat='35.65275323345' lon='128.3971000232'>
    <tag k='ele' v='18.58' />
  </node>
  <node id='201487' version='1' lat='35.64601825383' lon='128.40283650419'>
    <tag k='ele' v='19.43088706245' />
  </node>
  <node id='201488' version='1' lat='35.64626193184' lon='128.40279847274'>
    <tag k='ele' v='19.47696240238' />
  </node>
  <node id='201490' version='1' lat='35.64596571356' lon='128.40290515753'>
    <tag k='ele' v='19.38175418889' />
  </node>
  <node id='201491' version='1' lat='35.64604784814' lon='128.40290865256'>
    <tag k='ele' v='19.41004079997' />
  </node>
  <node id='201492' version='1' lat='35.64627238313' lon='128.40289249109'>
    <tag k='ele' v='19.41597538642' />
  </node>
  <node id='201499' version='1' lat='35.64630753624' lon='128.40292267328'>
    <tag k='ele' v='19.35165913807' />
  </node>
  <node id='201500' version='1' lat='35.64633286792' lon='128.40290379394'>
    <tag k='ele' v='19.35324567162' />
  </node>
  <node id='201504' version='1' lat='35.6527699864' lon='128.39714847122'>
    <tag k='ele' v='18.59117169245' />
  </node>
  <node id='201506' version='1' lat='35.65279546447' lon='128.39718226665'>
    <tag k='ele' v='18.66281296381' />
  </node>
  <node id='201513' version='1' lat='35.65281999995' lon='128.39721493097'>
    <tag k='ele' v='18.71257884942' />
  </node>
  <node id='201519' version='1' lat='35.65284198418' lon='128.39724408597'>
    <tag k='ele' v='18.75464055131' />
  </node>
  <node id='201525' version='1' lat='35.65286355224' lon='128.39727269294'>
    <tag k='ele' v='18.79220154511' />
  </node>
  <node id='201531' version='1' lat='35.64726349372' lon='128.40266758368'>
    <tag k='ele' v='18.76542467174' />
  </node>
  <node id='201533' version='1' lat='35.64726644438' lon='128.40269679905'>
    <tag k='ele' v='18.799875284' />
  </node>
  <node id='201537' version='1' lat='35.64730115581' lon='128.40266297364'>
    <tag k='ele' v='18.76312646478' />
  </node>
  <node id='201539' version='1' lat='35.64730400299' lon='128.40269188193'>
    <tag k='ele' v='18.79870556874' />
  </node>
  <node id='201546' version='1' lat='35.64707967346' lon='128.40160610399'>
    <tag k='ele' v='18.42574413561' />
  </node>
  <node id='201547' version='1' lat='35.64705707558' lon='128.40158398792'>
    <tag k='ele' v='18.46588158405' />
  </node>
  <node id='201549' version='1' lat='35.64709825004' lon='128.40158544594'>
    <tag k='ele' v='18.4079964957' />
  </node>
  <node id='201550' version='1' lat='35.64708810869' lon='128.40156688792'>
    <tag k='ele' v='18.33135182309' />
  </node>
  <node id='201551' version='1' lat='35.6470846672' lon='128.4015533047'>
    <tag k='ele' v='18.66914181549' />
  </node>
  <node id='201555' version='1' lat='35.64704017947' lon='128.40156070108'>
    <tag k='ele' v='18.48058742791' />
  </node>
  <node id='201557' version='1' lat='35.64708501405' lon='128.40153252833'>
    <tag k='ele' v='18.43615536145' />
  </node>
  <node id='201558' version='1' lat='35.64710379634' lon='128.40148672864'>
    <tag k='ele' v='18.39987034582' />
  </node>
  <node id='201566' version='1' lat='35.64699100141' lon='128.40108622224'>
    <tag k='ele' v='18.66471884363' />
  </node>
  <node id='201568' version='1' lat='35.64697116916' lon='128.40105962955'>
    <tag k='ele' v='18.6483451887' />
  </node>
  <node id='201575' version='1' lat='35.64693877105' lon='128.40107154249'>
    <tag k='ele' v='18.62' />
  </node>
  <node id='201576' version='1' lat='35.64691823025' lon='128.40106885453'>
    <tag k='ele' v='18.6309679826' />
  </node>
  <node id='201577' version='1' lat='35.64689812146' lon='128.4010599175'>
    <tag k='ele' v='18.66117601116' />
  </node>
  <node id='201578' version='1' lat='35.6468758337' lon='128.40104170269'>
    <tag k='ele' v='18.66216457781' />
  </node>
  <node id='201580' version='1' lat='35.64693968807' lon='128.40102802659'>
    <tag k='ele' v='18.56577499402' />
  </node>
  <node id='201581' version='1' lat='35.64692645086' lon='128.40102595673'>
    <tag k='ele' v='18.57999997069' />
  </node>
  <node id='201582' version='1' lat='35.64691354412' lon='128.40102068445'>
    <tag k='ele' v='18.58710529429' />
  </node>
  <node id='201583' version='1' lat='35.64689848709' lon='128.40100827442'>
    <tag k='ele' v='18.50131881107' />
  </node>
  <node id='201590' version='1' lat='35.6468656866' lon='128.40102708166'>
    <tag k='ele' v='18.67809637188' />
  </node>
  <node id='201591' version='1' lat='35.64685732297' lon='128.40100629606'>
    <tag k='ele' v='18.69188579544' />
  </node>
  <node id='201592' version='1' lat='35.64685256604' lon='128.40097576201'>
    <tag k='ele' v='18.70366945648' />
  </node>
  <node id='201594' version='1' lat='35.6468890563' lon='128.40099262446'>
    <tag k='ele' v='18.66835074797' />
  </node>
  <node id='201598' version='1' lat='35.6529290871' lon='128.39690384112'>
    <tag k='ele' v='18.61181123484' />
  </node>
  <node id='201599' version='1' lat='35.65295044301' lon='128.39688134101'>
    <tag k='ele' v='18.58985988456' />
  </node>
  <node id='201601' version='1' lat='35.65294843601' lon='128.3969418025'>
    <tag k='ele' v='18.63705500158' />
  </node>
  <node id='201602' version='1' lat='35.65297271707' lon='128.39692145865'>
    <tag k='ele' v='18.62848621611' />
  </node>
  <node id='201607' version='1' lat='35.65302733266' lon='128.39680138305'>
    <tag k='ele' v='18.59114179936' />
  </node>
  <node id='201608' version='1' lat='35.6531328803' lon='128.39673505907'>
    <tag k='ele' v='18.6467851333' />
  </node>
  <node id='201610' version='1' lat='35.65303787883' lon='128.39686150555'>
    <tag k='ele' v='18.64347257012' />
  </node>
  <node id='201611' version='1' lat='35.6531169625' lon='128.39679954121'>
    <tag k='ele' v='18.66360311468' />
  </node>
  <node id='201612' version='1' lat='35.6531634997' lon='128.39675703206'>
    <tag k='ele' v='18.71917712228' />
  </node>
  <node id='201617' version='1' lat='35.64732696396' lon='128.40234468613'>
    <tag k='ele' v='18.56980428401' />
  </node>
  <node id='201618' version='1' lat='35.64731974938' lon='128.40235771695'>
    <tag k='ele' v='18.57655307338' />
  </node>
  <node id='201619' version='1' lat='35.64731941771' lon='128.40237454245'>
    <tag k='ele' v='18.58653210711' />
  </node>
  <node id='201620' version='1' lat='35.6473278966' lon='128.40239008721'>
    <tag k='ele' v='18.60658338214' />
  </node>
  <node id='201621' version='1' lat='35.64734548678' lon='128.40239547712'>
    <tag k='ele' v='18.6075457363' />
  </node>
  <node id='201622' version='1' lat='35.64742111443' lon='128.40238070832'>
    <tag k='ele' v='18.63431625734' />
  </node>
  <node id='201624' version='1' lat='35.64730119303' lon='128.40231968601'>
    <tag k='ele' v='18.5225808391' />
  </node>
  <node id='201625' version='1' lat='35.64728541837' lon='128.40234702082'>
    <tag k='ele' v='18.54365287857' />
  </node>
  <node id='201626' version='1' lat='35.64728277799' lon='128.40236508746'>
    <tag k='ele' v='18.5657876157' />
  </node>
  <node id='201627' version='1' lat='35.64728484497' lon='128.40238318024'>
    <tag k='ele' v='18.57517355401' />
  </node>
  <node id='201628' version='1' lat='35.64729763646' lon='128.40241219574'>
    <tag k='ele' v='18.6059963465' />
  </node>
  <node id='201629' version='1' lat='35.64731791021' lon='128.40243057791'>
    <tag k='ele' v='18.62509811821' />
  </node>
  <node id='201630' version='1' lat='35.64733518062' lon='128.40243593454'>
    <tag k='ele' v='18.63322712405' />
  </node>
  <node id='201631' version='1' lat='35.64736559309' lon='128.40243540168'>
    <tag k='ele' v='18.63436866042' />
  </node>
  <node id='201632' version='1' lat='35.64742829051' lon='128.40242347069'>
    <tag k='ele' v='18.63600000557' />
  </node>
  <node id='201642' version='1' lat='35.64760640241' lon='128.40232590872'>
    <tag k='ele' v='18.62637997904' />
  </node>
  <node id='201644' version='1' lat='35.64759959326' lon='128.40237436238'>
    <tag k='ele' v='18.6291660955' />
  </node>
  <node id='201648' version='1' lat='35.64727721654' lon='128.40187058977'>
    <tag k='ele' v='18.31974683168' />
  </node>
  <node id='201649' version='1' lat='35.6472977468' lon='128.40188695941'>
    <tag k='ele' v='18.32876005024' />
  </node>
  <node id='201650' version='1' lat='35.64731914021' lon='128.40189823715'>
    <tag k='ele' v='18.31590017481' />
  </node>
  <node id='201651' version='1' lat='35.64735003007' lon='128.40190780445'>
    <tag k='ele' v='18.30003190495' />
  </node>
  <node id='201652' version='1' lat='35.64737369009' lon='128.40190966456'>
    <tag k='ele' v='18.29152671968' />
  </node>
  <node id='201653' version='1' lat='35.6473960934' lon='128.40190463514'>
    <tag k='ele' v='18.28740322872' />
  </node>
  <node id='201654' version='1' lat='35.64741837755' lon='128.40189385416'>
    <tag k='ele' v='18.28530977695' />
  </node>
  <node id='201655' version='1' lat='35.6474446278' lon='128.40187409564'>
    <tag k='ele' v='18.2918105994' />
  </node>
  <node id='201657' version='1' lat='35.64725517887' lon='128.40190121365'>
    <tag k='ele' v='18.30000000628' />
  </node>
  <node id='201658' version='1' lat='35.64731023745' lon='128.40193297541'>
    <tag k='ele' v='18.25797746195' />
  </node>
  <node id='201659' version='1' lat='35.64733780697' lon='128.40194122086'>
    <tag k='ele' v='18.24935110371' />
  </node>
  <node id='201660' version='1' lat='35.64735906054' lon='128.40194305167'>
    <tag k='ele' v='18.25520664126' />
  </node>
  <node id='201661' version='1' lat='35.64738351054' lon='128.40194122104'>
    <tag k='ele' v='18.24102451829' />
  </node>
  <node id='201662' version='1' lat='35.64741399936' lon='128.4019325379'>
    <tag k='ele' v='18.22938323481' />
  </node>
  <node id='201663' version='1' lat='35.64743755514' lon='128.4019205815'>
    <tag k='ele' v='18.24926081475' />
  </node>
  <node id='201664' version='1' lat='35.64746078574' lon='128.40190321302'>
    <tag k='ele' v='18.26051562429' />
  </node>
  <node id='201673' version='1' lat='35.64749582445' lon='128.40182371611'>
    <tag k='ele' v='18.2815146184' />
  </node>
  <node id='201675' version='1' lat='35.64751405111' lon='128.40184882152'>
    <tag k='ele' v='18.22981631199' />
  </node>
  <node id='201682' version='1' lat='35.64958293934' lon='128.39860456021'>
    <tag k='ele' v='18.49' />
  </node>
  <node id='201683' version='1' lat='35.64958890101' lon='128.39863339617'>
    <tag k='ele' v='18.4769081535' />
  </node>
  <node id='201685' version='1' lat='35.64955962529' lon='128.39862251974'>
    <tag k='ele' v='18.48657225888' />
  </node>
  <node id='201686' version='1' lat='35.64956096202' lon='128.39863738393'>
    <tag k='ele' v='18.46055088043' />
  </node>
  <node id='201691' version='1' lat='35.64961219906' lon='128.39863983717'>
    <tag k='ele' v='18.46278858178' />
  </node>
  <node id='201693' version='1' lat='35.64955350985' lon='128.39865347211'>
    <tag k='ele' v='18.43564161016' />
  </node>
  <node id='201698' version='1' lat='35.64722186947' lon='128.40132485888'>
    <tag k='ele' v='18.35013796927' />
  </node>
  <node id='201700' version='1' lat='35.64720089165' lon='128.40129687383'>
    <tag k='ele' v='18.33' />
  </node>
  <node id='201707' version='1' lat='35.64913160053' lon='128.39812030316'>
    <tag k='ele' v='18.67900477062' />
  </node>
  <node id='201708' version='1' lat='35.64908100999' lon='128.39812286361'>
    <tag k='ele' v='18.65179747951' />
  </node>
  <node id='201710' version='1' lat='35.64911848151' lon='128.39806885476'>
    <tag k='ele' v='18.58097431991' />
  </node>
  <node id='201711' version='1' lat='35.64907543494' lon='128.3980682688'>
    <tag k='ele' v='18.52017538693' />
  </node>
  <node id='201716' version='1' lat='35.6490550378' lon='128.3981291406'>
    <tag k='ele' v='18.63905544817' />
  </node>
  <node id='201718' version='1' lat='35.64904231274' lon='128.39807462753'>
    <tag k='ele' v='18.53071459109' />
  </node>
  <node id='201722' version='1' lat='35.64901412073' lon='128.39814683051'>
    <tag k='ele' v='18.5899678782' />
  </node>
  <node id='201723' version='1' lat='35.64897823664' lon='128.39817199702'>
    <tag k='ele' v='18.58' />
  </node>
  <node id='201724' version='1' lat='35.64894973589' lon='128.3981981042'>
    <tag k='ele' v='18.57981286963' />
  </node>
  <node id='201725' version='1' lat='35.64889824462' lon='128.39825990339'>
    <tag k='ele' v='18.56324032136' />
  </node>
  <node id='201727' version='1' lat='35.64902335039' lon='128.39808365564'>
    <tag k='ele' v='18.52252230222' />
  </node>
  <node id='201728' version='1' lat='35.648979377' lon='128.3981174051'>
    <tag k='ele' v='18.52916165285' />
  </node>
  <node id='201729' version='1' lat='35.64895045983' lon='128.39814776273'>
    <tag k='ele' v='18.51749561482' />
  </node>
  <node id='201730' version='1' lat='35.64887833419' lon='128.398235568'>
    <tag k='ele' v='18.51472178356' />
  </node>
  <node id='201737' version='1' lat='35.64887103804' lon='128.39829344808'>
    <tag k='ele' v='18.56986526791' />
  </node>
  <node id='201739' version='1' lat='35.64885102338' lon='128.39826898529'>
    <tag k='ele' v='18.52109779827' />
  </node>
  <node id='201746' version='1' lat='35.64916896399' lon='128.39804676632'>
    <tag k='ele' v='18.51362447555' />
  </node>
  <node id='201747' version='1' lat='35.64912214983' lon='128.39802624364'>
    <tag k='ele' v='18.52980962087' />
  </node>
  <node id='201748' version='1' lat='35.64907188919' lon='128.39803277357'>
    <tag k='ele' v='18.46357369411' />
  </node>
  <node id='201753' version='1' lat='35.64903408139' lon='128.39803936516'>
    <tag k='ele' v='18.43175997034' />
  </node>
  <node id='201757' version='1' lat='35.64899674971' lon='128.39804836032'>
    <tag k='ele' v='18.41000590745' />
  </node>
  <node id='201758' version='1' lat='35.64897532189' lon='128.3980656596'>
    <tag k='ele' v='18.42708359914' />
  </node>
  <node id='201759' version='1' lat='35.64885767053' lon='128.39821027573'>
    <tag k='ele' v='17.22802057367' />
  </node>
  <node id='201766' version='1' lat='35.64883032319' lon='128.39824352625'>
    <tag k='ele' v='18.46118507699' />
  </node>
  <node id='201772' version='1' lat='35.6468338147' lon='128.40090009908'>
    <tag k='ele' v='18.63581526416' />
  </node>
  <node id='201774' version='1' lat='35.6468073781' lon='128.40089047836'>
    <tag k='ele' v='18.58045800776' />
  </node>
  <node id='201778' version='1' lat='35.6468201837' lon='128.40097804205'>
    <tag k='ele' v='18.64365773837' />
  </node>
  <node id='201779' version='1' lat='35.64681670537' lon='128.4010443303'>
    <tag k='ele' v='18.6725235719' />
  </node>
  <node id='201781' version='1' lat='35.64679240888' lon='128.40097270511'>
    <tag k='ele' v='18.58316935841' />
  </node>
  <node id='201782' version='1' lat='35.64678885517' lon='128.40104337684'>
    <tag k='ele' v='18.57226351588' />
  </node>
  <node id='201787' version='1' lat='35.64681654371' lon='128.40106800495'>
    <tag k='ele' v='18.65412177059' />
  </node>
  <node id='201789' version='1' lat='35.64678861214' lon='128.40106748696'>
    <tag k='ele' v='18.58215415232' />
  </node>
  <node id='201793' version='1' lat='35.64681683399' lon='128.40111369342'>
    <tag k='ele' v='18.64007994398' />
  </node>
  <node id='201795' version='1' lat='35.64678922302' lon='128.40111425787'>
    <tag k='ele' v='18.59273371214' />
  </node>
  <node id='201799' version='1' lat='35.64682201913' lon='128.40121689765'>
    <tag k='ele' v='18.6313242577' />
  </node>
  <node id='201800' version='1' lat='35.64683550777' lon='128.40129850821'>
    <tag k='ele' v='18.65000000215' />
  </node>
  <node id='201801' version='1' lat='35.64684820723' lon='128.40134469706'>
    <tag k='ele' v='18.66768421159' />
  </node>
  <node id='201803' version='1' lat='35.64679204758' lon='128.40121132131'>
    <tag k='ele' v='18.62' />
  </node>
  <node id='201804' version='1' lat='35.64680395102' lon='128.4013043747'>
    <tag k='ele' v='18.61333228058' />
  </node>
  <node id='201805' version='1' lat='35.64682114184' lon='128.40136278175'>
    <tag k='ele' v='18.67794034036' />
  </node>
  <node id='201811' version='1' lat='35.6467805159' lon='128.40088118178'>
    <tag k='ele' v='18.50900101969' />
  </node>
  <node id='201815' version='1' lat='35.64677075964' lon='128.40094107782'>
    <tag k='ele' v='18.50438399981' />
  </node>
  <node id='201816' version='1' lat='35.64676589158' lon='128.4010427783'>
    <tag k='ele' v='18.55032840884' />
  </node>
  <node id='201821' version='1' lat='35.64676588201' lon='128.40106741506'>
    <tag k='ele' v='18.54203225951' />
  </node>
  <node id='201825' version='1' lat='35.64676652141' lon='128.40111533037'>
    <tag k='ele' v='18.55506618444' />
  </node>
  <node id='201829' version='1' lat='35.64677623565' lon='128.40122292968'>
    <tag k='ele' v='18.59083330886' />
  </node>
  <node id='201830' version='1' lat='35.6467853104' lon='128.40127655396'>
    <tag k='ele' v='18.6011431728' />
  </node>
  <node id='201831' version='1' lat='35.64679824223' lon='128.40132859773'>
    <tag k='ele' v='18.60937492754' />
  </node>
  <node id='201832' version='1' lat='35.64681792913' lon='128.40137574863'>
    <tag k='ele' v='18.68964453498' />
  </node>
  <node id='1270010103' version='1' lat='35.64653662651' lon='128.4015774153'>
    <tag k='ele' v='18.33878411841' />
  </node>
  <node id='1270010104' version='1' lat='35.64652264346' lon='128.40159286752'>
    <tag k='ele' v='18.35927804073' />
  </node>
  <node id='1270010105' version='1' lat='35.6465104552' lon='128.4016067605'>
    <tag k='ele' v='18.34893614529' />
  </node>
  <node id='1270010106' version='1' lat='35.64649584621' lon='128.40162321112'>
    <tag k='ele' v='18.32978459612' />
  </node>
  <node id='1270010108' version='1' lat='35.64647751504' lon='128.40159795197'>
    <tag k='ele' v='18.36999464231' />
  </node>
  <node id='1270010109' version='1' lat='35.6464907804' lon='128.40158316762'>
    <tag k='ele' v='18.39049693838' />
  </node>
  <node id='1270010110' version='1' lat='35.64650314561' lon='128.40156861081'>
    <tag k='ele' v='18.3903935181' />
  </node>
  <node id='1270010111' version='1' lat='35.64651784362' lon='128.40155193868'>
    <tag k='ele' v='18.35991637465' />
  </node>
  <node id='1270010112' version='1' lat='35.64651784362' lon='128.40155193868'>
    <tag k='ele' v='18.35991637465' />
  </node>
  <node id='1270010114' version='1' lat='35.64682625485' lon='128.40211376019'>
    <tag k='ele' v='18.32061993659' />
  </node>
  <node id='1270010115' version='1' lat='35.64684068374' lon='128.4021336382'>
    <tag k='ele' v='18.37606874341' />
  </node>
  <node id='1270010116' version='1' lat='35.64685501591' lon='128.40215219193'>
    <tag k='ele' v='18.35731968057' />
  </node>
  <node id='1270010117' version='1' lat='35.64686345278' lon='128.40216328122'>
    <tag k='ele' v='18.55207614873' />
  </node>
  <node id='1270010118' version='1' lat='35.64686345278' lon='128.40216328122'>
    <tag k='ele' v='18.55207614873' />
  </node>
  <node id='1270010120' version='1' lat='35.64683665374' lon='128.40219329353'>
    <tag k='ele' v='18.32' />
  </node>
  <node id='1270010121' version='1' lat='35.64683321569' lon='128.40218881412'>
    <tag k='ele' v='18.32543639524' />
  </node>
  <node id='1270010122' version='1' lat='35.64681479143' lon='128.40216474793'>
    <tag k='ele' v='18.37247538237' />
  </node>
  <node id='1270010123' version='1' lat='35.64680072469' lon='128.40214519847'>
    <tag k='ele' v='18.31841616035' />
  </node>
  <node id='1270010125' version='1' lat='35.64684726513' lon='128.40198883215'>
    <tag k='ele' v='18.3' />
  </node>
  <node id='1270010126' version='1' lat='35.64683669029' lon='128.40200094644'>
    <tag k='ele' v='18.40165236331' />
  </node>
  <node id='1270010127' version='1' lat='35.6468275481' lon='128.40201117295'>
    <tag k='ele' v='18.36304352925' />
  </node>
  <node id='1270010128' version='1' lat='35.6468275481' lon='128.40201117295'>
    <tag k='ele' v='18.36304352925' />
  </node>
  <node id='1270010129' version='1' lat='35.6468166144' lon='128.40202362116'>
    <tag k='ele' v='18.37091014894' />
  </node>
  <node id='1270010130' version='1' lat='35.64680496628' lon='128.40203739969'>
    <tag k='ele' v='18.31979632679' />
  </node>
  <node id='1270010132' version='1' lat='35.64678055689' lon='128.40200412518'>
    <tag k='ele' v='18.29700856856' />
  </node>
  <node id='1270010133' version='1' lat='35.64680000246' lon='128.40198156558'>
    <tag k='ele' v='18.36030981565' />
  </node>
  <node id='1270010134' version='1' lat='35.64681227924' lon='128.40196734069'>
    <tag k='ele' v='18.37929445107' />
  </node>
  <node id='1270010135' version='1' lat='35.64682267713' lon='128.40195589023'>
    <tag k='ele' v='18.3' />
  </node>
  <node id='1270010137' version='1' lat='35.6485145251' lon='128.39917449988'>
    <tag k='ele' v='18.61279235721' />
  </node>
  <node id='1270010138' version='1' lat='35.64850179057' lon='128.39918903811'>
    <tag k='ele' v='18.66169359203' />
  </node>
  <node id='1270010139' version='1' lat='35.64848200318' lon='128.39921162351'>
    <tag k='ele' v='18.60040938349' />
  </node>
  <node id='1270010141' version='1' lat='35.64847015041' lon='128.39919514934'>
    <tag k='ele' v='18.60320401383' />
  </node>
  <node id='1270010142' version='1' lat='35.64848912229' lon='128.39917349756'>
    <tag k='ele' v='18.66158633631' />
  </node>
  <node id='1270010143' version='1' lat='35.64850263908' lon='128.3991585891'>
    <tag k='ele' v='18.61452764265' />
  </node>
  <node id='1270010144' version='1' lat='35.64850263908' lon='128.3991585891'>
    <tag k='ele' v='18.61452764265' />
  </node>
  <node id='1270010146' version='1' lat='35.64853598237' lon='128.39918132877'>
    <tag k='ele' v='18.6582752613' />
  </node>
  <node id='1270010147' version='1' lat='35.6485334818' lon='128.39918413007'>
    <tag k='ele' v='18.60384168929' />
  </node>
  <node id='1270010148' version='1' lat='35.64851352207' lon='128.39920649593'>
    <tag k='ele' v='18.65278345718' />
  </node>
  <node id='1270010149' version='1' lat='35.64849736315' lon='128.39922473676'>
    <tag k='ele' v='18.60642670359' />
  </node>
  <node id='1270010150' version='1' lat='35.64849736315' lon='128.39922473676'>
    <tag k='ele' v='18.60642670359' />
  </node>
  <node id='1270010152' version='1' lat='35.64848510494' lon='128.3992082877'>
    <tag k='ele' v='18.60931902167' />
  </node>
  <node id='1270010153' version='1' lat='35.64850366485' lon='128.39918715798'>
    <tag k='ele' v='18.64454158316' />
  </node>
  <node id='1270010154' version='1' lat='35.64852347938' lon='128.39916459445'>
    <tag k='ele' v='18.60029434788' />
  </node>
  <node id='1270010156' version='1' lat='35.64929453477' lon='128.39825484037'>
    <tag k='ele' v='18.64032407679' />
  </node>
  <node id='1270010157' version='1' lat='35.64931401963' lon='128.39823307388'>
    <tag k='ele' v='18.69863330502' />
  </node>
  <node id='1270010158' version='1' lat='35.64932736462' lon='128.39821807805'>
    <tag k='ele' v='18.64610726382' />
  </node>
  <node id='1270010160' version='1' lat='35.64933951372' lon='128.3982343071'>
    <tag k='ele' v='18.65212896914' />
  </node>
  <node id='1270010161' version='1' lat='35.64932689487' lon='128.39824852454'>
    <tag k='ele' v='18.68960624061' />
  </node>
  <node id='1270010162' version='1' lat='35.64930698979' lon='128.39827096775'>
    <tag k='ele' v='18.65264406066' />
  </node>
  <node id='1270010164' version='1' lat='35.64930979411' lon='128.3982676341'>
    <tag k='ele' v='18.65858040048' />
  </node>
  <node id='1270010165' version='1' lat='35.64932858855' lon='128.39824657948'>
    <tag k='ele' v='18.69024609447' />
  </node>
  <node id='1270010166' version='1' lat='35.64934855716' lon='128.39822422413'>
    <tag k='ele' v='18.60974227641' />
  </node>
  <node id='1270010167' version='1' lat='35.64934855716' lon='128.39822422413'>
    <tag k='ele' v='18.60974227641' />
  </node>
  <node id='1270010169' version='1' lat='35.64936024468' lon='128.39824187003'>
    <tag k='ele' v='18.63' />
  </node>
  <node id='1270010170' version='1' lat='35.64935861331' lon='128.39824366004'>
    <tag k='ele' v='18.61904288364' />
  </node>
  <node id='1270010171' version='1' lat='35.64933852665' lon='128.3982658396'>
    <tag k='ele' v='18.70021522955' />
  </node>
  <node id='1270010172' version='1' lat='35.64932230331' lon='128.39828378316'>
    <tag k='ele' v='18.6560068825' />
  </node>
  <node id='1270010174' version='1' lat='35.64862534758' lon='128.39916591859'>
    <tag k='ele' v='18.62' />
  </node>
  <node id='1270010175' version='1' lat='35.64862617327' lon='128.39916702765'>
    <tag k='ele' v='18.61992127315' />
  </node>
  <node id='1270010176' version='1' lat='35.64864437502' lon='128.39919153703'>
    <tag k='ele' v='18.6699582242' />
  </node>
  <node id='1270010177' version='1' lat='35.64866258579' lon='128.39921604635'>
    <tag k='ele' v='18.70256164943' />
  </node>
  <node id='1270010178' version='1' lat='35.64868079654' lon='128.39924055569'>
    <tag k='ele' v='18.65007521163' />
  </node>
  <node id='1270010179' version='1' lat='35.64869900724' lon='128.399265054'>
    <tag k='ele' v='18.59869391036' />
  </node>
  <node id='1270010180' version='1' lat='35.64869900724' lon='128.399265054'>
    <tag k='ele' v='18.59869391036' />
  </node>
  <node id='1270010182' version='1' lat='35.64868567036' lon='128.39927989489'>
    <tag k='ele' v='18.60811502531' />
  </node>
  <node id='1270010183' version='1' lat='35.64868533464' lon='128.39927944468'>
    <tag k='ele' v='18.61' />
  </node>
  <node id='1270010184' version='1' lat='35.64866709707' lon='128.3992549797'>
    <tag k='ele' v='18.67079771769' />
  </node>
  <node id='1270010185' version='1' lat='35.64864886857' lon='128.39923052571'>
    <tag k='ele' v='18.72630869897' />
  </node>
  <node id='1270010186' version='1' lat='35.64864849653' lon='128.39923002056'>
    <tag k='ele' v='18.72' />
  </node>
  <node id='1270010187' version='1' lat='35.64863029478' lon='128.39920551117'>
    <tag k='ele' v='18.68078035696' />
  </node>
  <node id='1270010188' version='1' lat='35.64861210205' lon='128.39918100172'>
    <tag k='ele' v='18.62426310776' />
  </node>
  <node id='1270010190' version='1' lat='35.6486357351' lon='128.39914702529'>
    <tag k='ele' v='18.6' />
  </node>
  <node id='1270010191' version='1' lat='35.64863900159' lon='128.39915141762'>
    <tag k='ele' v='18.60066598071' />
  </node>
  <node id='1270010192' version='1' lat='35.64865723022' lon='128.39917589367'>
    <tag k='ele' v='18.65585270031' />
  </node>
  <node id='1270010193' version='1' lat='35.6486754589' lon='128.39920038078'>
    <tag k='ele' v='18.71' />
  </node>
  <node id='1270010194' version='1' lat='35.64869143813' lon='128.39922200279'>
    <tag k='ele' v='18.66258143242' />
  </node>
  <node id='1270010195' version='1' lat='35.64870958613' lon='128.39924657886'>
    <tag k='ele' v='18.61040017069' />
  </node>
  <node id='1270010196' version='1' lat='35.64870958613' lon='128.39924657886'>
    <tag k='ele' v='18.61040017069' />
  </node>
  <node id='1270010198' version='1' lat='35.64869643697' lon='128.39926110917'>
    <tag k='ele' v='18.6' />
  </node>
  <node id='1270010199' version='1' lat='35.64869555682' lon='128.39925992323'>
    <tag k='ele' v='18.60341981318' />
  </node>
  <node id='1270010200' version='1' lat='35.64867730128' lon='128.39923546943'>
    <tag k='ele' v='18.65869932645' />
  </node>
  <node id='1270010201' version='1' lat='35.64865904574' lon='128.39921101564'>
    <tag k='ele' v='18.70918858533' />
  </node>
  <node id='1270010202' version='1' lat='35.64864079024' lon='128.3991865729'>
    <tag k='ele' v='18.68142856988' />
  </node>
  <node id='1270010203' version='1' lat='35.64862253474' lon='128.39916213017'>
    <tag k='ele' v='18.59695657655' />
  </node>
  <node id='1270010205' version='1' lat='35.64930625838' lon='128.39840780645'>
    <tag k='ele' v='18.61' />
  </node>
  <node id='1270010206' version='1' lat='35.64930712024' lon='128.39840893732'>
    <tag k='ele' v='18.61338707299' />
  </node>
  <node id='1270010207' version='1' lat='35.64932551931' lon='128.39843322441'>
    <tag k='ele' v='18.66251587496' />
  </node>
  <node id='1270010208' version='1' lat='35.64934391838' lon='128.39845751152'>
    <tag k='ele' v='18.68000000425' />
  </node>
  <node id='1270010209' version='1' lat='35.64936230849' lon='128.39848180975'>
    <tag k='ele' v='18.61991079673' />
  </node>
  <node id='1270010210' version='1' lat='35.64938070761' lon='128.39850610792'>
    <tag k='ele' v='18.56997844106' />
  </node>
  <node id='1270010211' version='1' lat='35.64938070761' lon='128.39850610792'>
    <tag k='ele' v='18.56997844106' />
  </node>
  <node id='1270010213' version='1' lat='35.64936755992' lon='128.39852091451'>
    <tag k='ele' v='18.55448223862' />
  </node>
  <node id='1270010214' version='1' lat='35.64936431198' lon='128.39851663245'>
    <tag k='ele' v='18.57788902666' />
  </node>
  <node id='1270010215' version='1' lat='35.64934588611' lon='128.3984923897'>
    <tag k='ele' v='18.61967155832' />
  </node>
  <node id='1270010216' version='1' lat='35.64932746017' lon='128.39846813591'>
    <tag k='ele' v='18.67' />
  </node>
  <node id='1270010217' version='1' lat='35.64932413052' lon='128.39846373301'>
    <tag k='ele' v='18.67152651654' />
  </node>
  <node id='1270010218' version='1' lat='35.64930573151' lon='128.39843945695'>
    <tag k='ele' v='18.63884787347' />
  </node>
  <node id='1270010219' version='1' lat='35.64929301217' lon='128.39842273525'>
    <tag k='ele' v='18.58940271919' />
  </node>
  <node id='1270010221' version='1' lat='35.64931679241' lon='128.39838939765'>
    <tag k='ele' v='18.61857985972' />
  </node>
  <node id='1270010222' version='1' lat='35.64931721874' lon='128.39838994655'>
    <tag k='ele' v='18.62' />
  </node>
  <node id='1270010223' version='1' lat='35.64933565371' lon='128.39841420025'>
    <tag k='ele' v='18.66847323337' />
  </node>
  <node id='1270010224' version='1' lat='35.64935408867' lon='128.39843845396'>
    <tag k='ele' v='18.68759039525' />
  </node>
  <node id='1270010225' version='1' lat='35.64935454226' lon='128.39843904683'>
    <tag k='ele' v='18.68' />
  </node>
  <node id='1270010226' version='1' lat='35.64937297722' lon='128.39846330055'>
    <tag k='ele' v='18.65088876211' />
  </node>
  <node id='1270010227' version='1' lat='35.64939141211' lon='128.39848754324'>
    <tag k='ele' v='18.58175529579' />
  </node>
  <node id='1270010228' version='1' lat='35.64939141211' lon='128.39848754324'>
    <tag k='ele' v='18.58175529579' />
  </node>
  <node id='1270010230' version='1' lat='35.64937780402' lon='128.39850219871'>
    <tag k='ele' v='18.58' />
  </node>
  <node id='1270010231' version='1' lat='35.64937712357' lon='128.39850129836'>
    <tag k='ele' v='18.57304937944' />
  </node>
  <node id='1270010232' version='1' lat='35.64935872451' lon='128.39847701123'>
    <tag k='ele' v='18.6418600977' />
  </node>
  <node id='1270010233' version='1' lat='35.64934032544' lon='128.39845272412'>
    <tag k='ele' v='18.67999999097' />
  </node>
  <node id='1270010234' version='1' lat='35.64932191741' lon='128.39842844812'>
    <tag k='ele' v='18.65825984079' />
  </node>
  <node id='1270010235' version='1' lat='35.64930351834' lon='128.39840416103'>
    <tag k='ele' v='18.58990617426' />
  </node>
  <node id='1270010237' version='1' lat='35.64952233004' lon='128.39847118015'>
    <tag k='ele' v='18.5594139466' />
  </node>
  <node id='1270010238' version='1' lat='35.64950298514' lon='128.39849210639'>
    <tag k='ele' v='18.60908985342' />
  </node>
  <node id='1270010239' version='1' lat='35.64948271698' lon='128.39851404437'>
    <tag k='ele' v='18.53432366859' />
  </node>
  <node id='1270010240' version='1' lat='35.64948271698' lon='128.39851404437'>
    <tag k='ele' v='18.53432366859' />
  </node>
  <node id='1270010242' version='1' lat='35.6494706095' lon='128.39849711928'>
    <tag k='ele' v='18.55' />
  </node>
  <node id='1270010243' version='1' lat='35.64947086058' lon='128.39849686343'>
    <tag k='ele' v='18.54198180992' />
  </node>
  <node id='1270010244' version='1' lat='35.64947270731' lon='128.39849488409'>
    <tag k='ele' v='18.53165308483' />
  </node>
  <node id='1270010245' version='1' lat='35.64949313879' lon='128.39847316573'>
    <tag k='ele' v='18.5914295931' />
  </node>
  <node id='1270010246' version='1' lat='35.6495103605' lon='128.39845480613'>
    <tag k='ele' v='18.5568658594' />
  </node>
  <node id='1270010248' version='1' lat='35.64953751836' lon='128.39848419533'>
    <tag k='ele' v='18.52810210546' />
  </node>
  <node id='1270010249' version='1' lat='35.64951718673' lon='128.3985060565'>
    <tag k='ele' v='18.61' />
  </node>
  <node id='1270010250' version='1' lat='35.64950394621' lon='128.39852032276'>
    <tag k='ele' v='18.56034800648' />
  </node>
  <node id='1270010252' version='1' lat='35.64949209483' lon='128.39850414661'>
    <tag k='ele' v='18.58144294207' />
  </node>
  <node id='1270010253' version='1' lat='35.64951232661' lon='128.39848214265'>
    <tag k='ele' v='18.54689709442' />
  </node>
  <node id='1270010254' version='1' lat='35.64952545892' lon='128.39846786615'>
    <tag k='ele' v='18.5389437544' />
  </node>
  <node id='1270010256' version='1' lat='35.64854443614' lon='128.39943790263'>
    <tag k='ele' v='18.6' />
  </node>
  <node id='1270010257' version='1' lat='35.64854356495' lon='128.39943670557'>
    <tag k='ele' v='18.61137808936' />
  </node>
  <node id='1270010258' version='1' lat='35.6485255425' lon='128.39941199607'>
    <tag k='ele' v='18.65621517274' />
  </node>
  <node id='1270010259' version='1' lat='35.64850751999' lon='128.39938727553'>
    <tag k='ele' v='18.69' />
  </node>
  <node id='1270010260' version='1' lat='35.64848950655' lon='128.39936256598'>
    <tag k='ele' v='18.66144847979' />
  </node>
  <node id='1270010261' version='1' lat='35.64847148408' lon='128.39933785651'>
    <tag k='ele' v='18.59565654711' />
  </node>
  <node id='1270010262' version='1' lat='35.64847148408' lon='128.39933785651'>
    <tag k='ele' v='18.59565654711' />
  </node>
  <node id='1270010264' version='1' lat='35.64848524902' lon='128.39932390686'>
    <tag k='ele' v='18.60291251435' />
  </node>
  <node id='1270010265' version='1' lat='35.64850324461' lon='128.39934864966'>
    <tag k='ele' v='18.6588234739' />
  </node>
  <node id='1270010266' version='1' lat='35.64852124921' lon='128.39937339241'>
    <tag k='ele' v='18.7' />
  </node>
  <node id='1270010267' version='1' lat='35.64852150332' lon='128.39937374385'>
    <tag k='ele' v='18.7' />
  </node>
  <node id='1270010268' version='1' lat='35.64853954375' lon='128.39939844217'>
    <tag k='ele' v='18.6600132899' />
  </node>
  <node id='1270010269' version='1' lat='35.64855757521' lon='128.39942315161'>
    <tag k='ele' v='18.62064561291' />
  </node>
  <node id='1270010271' version='1' lat='35.6485339846' lon='128.39945661967'>
    <tag k='ele' v='18.57908331992' />
  </node>
  <node id='1270010272' version='1' lat='35.64851609999' lon='128.39943243915'>
    <tag k='ele' v='18.64396955551' />
  </node>
  <node id='1270010273' version='1' lat='35.64851277861' lon='128.3994278816'>
    <tag k='ele' v='18.65156600087' />
  </node>
  <node id='1270010274' version='1' lat='35.64849476517' lon='128.39940317204'>
    <tag k='ele' v='18.68' />
  </node>
  <node id='1270010275' version='1' lat='35.64849192475' lon='128.3993992734'>
    <tag k='ele' v='18.67180253474' />
  </node>
  <node id='1270010276' version='1' lat='35.64847390235' lon='128.39937457496'>
    <tag k='ele' v='18.64062081575' />
  </node>
  <node id='1270010277' version='1' lat='35.64846088732' lon='128.39935636484'>
    <tag k='ele' v='18.58868208584' />
  </node>
  <node id='1270010278' version='1' lat='35.64846088732' lon='128.39935636484'>
    <tag k='ele' v='18.58868208584' />
  </node>
  <node id='1270010280' version='1' lat='35.64847413469' lon='128.39934164614'>
    <tag k='ele' v='18.59970506929' />
  </node>
  <node id='1270010281' version='1' lat='35.64848954397' lon='128.39936284175'>
    <tag k='ele' v='18.66' />
  </node>
  <node id='1270010282' version='1' lat='35.64850753055' lon='128.39938758463'>
    <tag k='ele' v='18.68996720423' />
  </node>
  <node id='1270010283' version='1' lat='35.6485109426' lon='128.39939225192'>
    <tag k='ele' v='18.7023233404' />
  </node>
  <node id='1270010284' version='1' lat='35.64852897401' lon='128.3994169503'>
    <tag k='ele' v='18.65042098251' />
  </node>
  <node id='1270010285' version='1' lat='35.64854700547' lon='128.39944165974'>
    <tag k='ele' v='18.59855921966' />
  </node>
  <node id='1270010287' version='1' lat='35.64868545542' lon='128.3993958262'>
    <tag k='ele' v='18.52179609227' />
  </node>
  <node id='1270010288' version='1' lat='35.64866573161' lon='128.39941671067'>
    <tag k='ele' v='18.53112526425' />
  </node>
  <node id='1270010289' version='1' lat='35.64864528176' lon='128.39943839557'>
    <tag k='ele' v='18.51141873142' />
  </node>
  <node id='1270010291' version='1' lat='35.64863335747' lon='128.39942203229'>
    <tag k='ele' v='18.55652434328' />
  </node>
  <node id='1270010292' version='1' lat='35.64863581392' lon='128.39941941904'>
    <tag k='ele' v='18.55605582643' />
  </node>
  <node id='1270010293' version='1' lat='35.64865629097' lon='128.39939776705'>
    <tag k='ele' v='18.56007037219' />
  </node>
  <node id='1270010294' version='1' lat='35.64867346023' lon='128.39937970637'>
    <tag k='ele' v='18.53573400949' />
  </node>
  <node id='1270010295' version='1' lat='35.64867346023' lon='128.39937970637'>
    <tag k='ele' v='18.53573400949' />
  </node>
  <node id='1270010297' version='1' lat='35.64864850953' lon='128.3994350257'>
    <tag k='ele' v='18.51320059328' />
  </node>
  <node id='1270010298' version='1' lat='35.64866800084' lon='128.39941450737'>
    <tag k='ele' v='18.53803312177' />
  </node>
  <node id='1270010299' version='1' lat='35.64868853234' lon='128.39939293226'>
    <tag k='ele' v='18.52923998706' />
  </node>
  <node id='1270010301' version='1' lat='35.64870043861' lon='128.39940929568'>
    <tag k='ele' v='18.50069990256' />
  </node>
  <node id='1270010302' version='1' lat='35.64868113574' lon='128.39942964698'>
    <tag k='ele' v='18.5025553511' />
  </node>
  <node id='1270010303' version='1' lat='35.64866064061' lon='128.39945128806'>
    <tag k='ele' v='18.49898678077' />
  </node>
  <node id='1270010304' version='1' lat='35.64866064061' lon='128.39945128806'>
    <tag k='ele' v='18.49898678077' />
  </node>
  <node id='1270010306' version='1' lat='35.64763974064' lon='128.40012693758'>
    <tag k='ele' v='18.65833872945' />
  </node>
  <node id='1270010307' version='1' lat='35.64765911133' lon='128.40010570286'>
    <tag k='ele' v='18.72425554067' />
  </node>
  <node id='1270010308' version='1' lat='35.64767253878' lon='128.40009092787'>
    <tag k='ele' v='18.65562129784' />
  </node>
  <node id='1270010310' version='1' lat='35.64768459712' lon='128.40010708027'>
    <tag k='ele' v='18.67179332576' />
  </node>
  <node id='1270010311' version='1' lat='35.64766977227' lon='128.40012357718'>
    <tag k='ele' v='18.71367558849' />
  </node>
  <node id='1270010312' version='1' lat='35.64765184409' lon='128.40014310067'>
    <tag k='ele' v='18.65902516545' />
  </node>
  <node id='1270010314' version='1' lat='35.64786616385' lon='128.40019328484'>
    <tag k='ele' v='18.5916742047' />
  </node>
  <node id='1270010315' version='1' lat='35.64785417025' lon='128.40017746317'>
    <tag k='ele' v='18.63872635075' />
  </node>
  <node id='1270010316' version='1' lat='35.64783576257' lon='128.40015318722'>
    <tag k='ele' v='18.70990847447' />
  </node>
  <node id='1270010317' version='1' lat='35.64782832359' lon='128.40014343766'>
    <tag k='ele' v='18.71513752538' />
  </node>
  <node id='1270010318' version='1' lat='35.64780986215' lon='128.40011922837'>
    <tag k='ele' v='18.68787854894' />
  </node>
  <node id='1270010319' version='1' lat='35.6477913917' lon='128.40009501917'>
    <tag k='ele' v='18.60232236421' />
  </node>
  <node id='1270010320' version='1' lat='35.6477913917' lon='128.40009501917'>
    <tag k='ele' v='18.60232236421' />
  </node>
  <node id='1270010322' version='1' lat='35.64780468412' lon='128.40008027829'>
    <tag k='ele' v='18.60605136424' />
  </node>
  <node id='1270010323' version='1' lat='35.64780779577' lon='128.40008435156'>
    <tag k='ele' v='18.61900743415' />
  </node>
  <node id='1270010324' version='1' lat='35.64782628419' lon='128.40010854959'>
    <tag k='ele' v='18.6732543278' />
  </node>
  <node id='1270010325' version='1' lat='35.6478447636' lon='128.4001327477'>
    <tag k='ele' v='18.71' />
  </node>
  <node id='1270010326' version='1' lat='35.64784809281' lon='128.4001370733'>
    <tag k='ele' v='18.68979476815' />
  </node>
  <node id='1270010327' version='1' lat='35.64786663491' lon='128.40016119366'>
    <tag k='ele' v='18.64076571993' />
  </node>
  <node id='1270010328' version='1' lat='35.64787956311' lon='128.40017827816'>
    <tag k='ele' v='18.59176366134' />
  </node>
  <node id='1270010330' version='1' lat='35.64785546841' lon='128.40021191512'>
    <tag k='ele' v='18.57194423057' />
  </node>
  <node id='1270010331' version='1' lat='35.64785486057' lon='128.4002111136'>
    <tag k='ele' v='18.58' />
  </node>
  <node id='1270010332' version='1' lat='35.64783635442' lon='128.40018697088'>
    <tag k='ele' v='18.66026217298' />
  </node>
  <node id='1270010333' version='1' lat='35.64781785721' lon='128.40016281707'>
    <tag k='ele' v='18.71278337444' />
  </node>
  <node id='1270010334' version='1' lat='35.6478174399' lon='128.40016226809'>
    <tag k='ele' v='18.71' />
  </node>
  <node id='1270010335' version='1' lat='35.64779904117' lon='128.40013798105'>
    <tag k='ele' v='18.68944311812' />
  </node>
  <node id='1270010336' version='1' lat='35.64778064243' lon='128.40011369401'>
    <tag k='ele' v='18.63175466272' />
  </node>
  <node id='1270010338' version='1' lat='35.64779418604' lon='128.40009871938'>
    <tag k='ele' v='18.62722724704' />
  </node>
  <node id='1270010339' version='1' lat='35.64781238431' lon='128.40012256624'>
    <tag k='ele' v='18.6783989269' />
  </node>
  <node id='1270010340' version='1' lat='35.64783086377' lon='128.40014677539'>
    <tag k='ele' v='18.71912646181' />
  </node>
  <node id='1270010341' version='1' lat='35.64784934323' lon='128.40017098455'>
    <tag k='ele' v='18.67318706639' />
  </node>
  <node id='1270010342' version='1' lat='35.64785040471' lon='128.40017238998'>
    <tag k='ele' v='18.65066052061' />
  </node>
  <node id='1270010343' version='1' lat='35.64786875865' lon='128.40019673259'>
    <tag k='ele' v='18.57934489225' />
  </node>
  <node id='1270010345' version='1' lat='35.64765480387' lon='128.40014020767'>
    <tag k='ele' v='18.66462111083' />
  </node>
  <node id='1270010346' version='1' lat='35.6476678101' lon='128.40012591064'>
    <tag k='ele' v='18.70824556061' />
  </node>
  <node id='1270010347' version='1' lat='35.64768795158' lon='128.40010380889'>
    <tag k='ele' v='18.65337711684' />
  </node>
  <node id='1270010348' version='1' lat='35.64768795158' lon='128.40010380889'>
    <tag k='ele' v='18.65337711684' />
  </node>
  <node id='1270010350' version='1' lat='35.6477002006' lon='128.40012024695'>
    <tag k='ele' v='18.65802836811' />
  </node>
  <node id='1270010351' version='1' lat='35.64768353657' lon='128.40013843597'>
    <tag k='ele' v='18.68829614856' />
  </node>
  <node id='1270010352' version='1' lat='35.64766708807' lon='128.4001564688'>
    <tag k='ele' v='18.66820496896' />
  </node>
  <node id='1270010354' version='1' lat='35.64686792691' lon='128.40108829155'>
    <tag k='ele' v='18.68971026088' />
  </node>
  <node id='1270010355' version='1' lat='35.6468422485' lon='128.40108986342'>
    <tag k='ele' v='18.69041609851' />
  </node>
  <node id='1270010356' version='1' lat='35.64681524572' lon='128.4010915335'>
    <tag k='ele' v='18.63995741347' />
  </node>
  <node id='1270010357' version='1' lat='35.64681524572' lon='128.4010915335'>
    <tag k='ele' v='18.63995741347' />
  </node>
  <node id='1270010359' version='1' lat='35.64681481146' lon='128.40106945331'>
    <tag k='ele' v='18.64078164444' />
  </node>
  <node id='1270010360' version='1' lat='35.6468402745' lon='128.40106807075'>
    <tag k='ele' v='18.6984682316' />
  </node>
  <node id='1270010361' version='1' lat='35.64686729641' lon='128.40106662135'>
    <tag k='ele' v='18.69190969513' />
  </node>
  <node id='1270010363' version='1' lat='35.64691695118' lon='128.40102750528'>
    <tag k='ele' v='18.58823367754' />
  </node>
  <node id='1270010364' version='1' lat='35.64691197259' lon='128.40104672194'>
    <tag k='ele' v='18.60940025992' />
  </node>
  <node id='1270010365' version='1' lat='35.64690860817' lon='128.40106068172'>
    <tag k='ele' v='18.605955172' />
  </node>
  <node id='1270010367' version='1' lat='35.64689137961' lon='128.40105418527'>
    <tag k='ele' v='18.63' />
  </node>
  <node id='1270010368' version='1' lat='35.64689244612' lon='128.40104935207'>
    <tag k='ele' v='18.62727684' />
  </node>
  <node id='1270010369' version='1' lat='35.64689596287' lon='128.40103521449'>
    <tag k='ele' v='18.62471355658' />
  </node>
  <node id='1270010370' version='1' lat='35.64689968668' lon='128.4010210312'>
    <tag k='ele' v='18.62270556727' />
  </node>
  <node id='1270010371' version='1' lat='35.64689968668' lon='128.4010210312'>
    <tag k='ele' v='18.62270556727' />
  </node>
  <node id='1270010373' version='1' lat='35.64693522843' lon='128.40102921283'>
    <tag k='ele' v='18.57' />
  </node>
  <node id='1270010374' version='1' lat='35.64693476847' lon='128.40103096085'>
    <tag k='ele' v='18.58000000106' />
  </node>
  <node id='1270010375' version='1' lat='35.64692650751' lon='128.40106251355'>
    <tag k='ele' v='18.61484053644' />
  </node>
  <node id='1270010377' version='1' lat='35.6469098647' lon='128.40105600168'>
    <tag k='ele' v='18.61438275998' />
  </node>
  <node id='1270010378' version='1' lat='35.64691375861' lon='128.4010397744'>
    <tag k='ele' v='18.61699968242' />
  </node>
  <node id='1270010379' version='1' lat='35.64691811995' lon='128.4010233007'>
    <tag k='ele' v='18.58524525724' />
  </node>
  <node id='1270010381' version='1' lat='35.64681915786' lon='128.40109165889'>
    <tag k='ele' v='18.65335891006' />
  </node>
  <node id='1270010382' version='1' lat='35.64684491666' lon='128.40108994288'>
    <tag k='ele' v='18.6953512701' />
  </node>
  <node id='1270010383' version='1' lat='35.64687192791' lon='128.40108816231'>
    <tag k='ele' v='18.67020654333' />
  </node>
  <node id='1270010385' version='1' lat='35.64687271337' lon='128.4011101847'>
    <tag k='ele' v='18.666120032' />
  </node>
  <node id='1270010386' version='1' lat='35.64684754817' lon='128.40111165335'>
    <tag k='ele' v='18.68516076323' />
  </node>
  <node id='1270010387' version='1' lat='35.64684699853' lon='128.40111167954'>
    <tag k='ele' v='18.68709140083' />
  </node>
  <node id='1270010388' version='1' lat='35.64681998667' lon='128.40111333864'>
    <tag k='ele' v='18.66447282104' />
  </node>
  <node id='1270010389' version='1' lat='35.64681998667' lon='128.40111333864'>
    <tag k='ele' v='18.66447282104' />
  </node>
  <node id='1270010391' version='1' lat='35.64691750643' lon='128.40111560313'>
    <tag k='ele' v='18.62868923912' />
  </node>
  <node id='1270010392' version='1' lat='35.64691949305' lon='128.40111818312'>
    <tag k='ele' v='18.63' />
  </node>
  <node id='1270010393' version='1' lat='35.64692256812' lon='128.40112215727'>
    <tag k='ele' v='18.63084153022' />
  </node>
  <node id='1270010394' version='1' lat='35.64694111904' lon='128.40114627752'>
    <tag k='ele' v='18.65' />
  </node>
  <node id='1270010395' version='1' lat='35.64694414811' lon='128.40115006432'>
    <tag k='ele' v='18.64884225473' />
  </node>
  <node id='1270010396' version='1' lat='35.64696303952' lon='128.40117378453'>
    <tag k='ele' v='18.60966567804' />
  </node>
  <node id='1270010397' version='1' lat='35.64697652035' lon='128.40119147218'>
    <tag k='ele' v='18.57147660168' />
  </node>
  <node id='1270010399' version='1' lat='35.64696313788' lon='128.40120625756'>
    <tag k='ele' v='18.56' />
  </node>
  <node id='1270010400' version='1' lat='35.64696223995' lon='128.40120511592'>
    <tag k='ele' v='18.55455085774' />
  </node>
  <node id='1270010401' version='1' lat='35.64694353676' lon='128.40118118449'>
    <tag k='ele' v='18.62647912673' />
  </node>
  <node id='1270010402' version='1' lat='35.6469248156' lon='128.40115726426'>
    <tag k='ele' v='18.65100887407' />
  </node>
  <node id='1270010403' version='1' lat='35.6469061035' lon='128.40113335501'>
    <tag k='ele' v='18.63991537799' />
  </node>
  <node id='1270010404' version='1' lat='35.64690412645' lon='128.40113088538'>
    <tag k='ele' v='18.63837330667' />
  </node>
  <node id='1270010406' version='1' lat='35.64695275849' lon='128.40122503971'>
    <tag k='ele' v='18.55004256704' />
  </node>
  <node id='1270010407' version='1' lat='35.64693406421' lon='128.40120108614'>
    <tag k='ele' v='18.6085626079' />
  </node>
  <node id='1270010408' version='1' lat='35.64691537894' lon='128.40117713251'>
    <tag k='ele' v='18.63740607055' />
  </node>
  <node id='1270010409' version='1' lat='35.64691461701' lon='128.40117615548'>
    <tag k='ele' v='18.64' />
  </node>
  <node id='1270010410' version='1' lat='35.64689926992' lon='128.4011565274'>
    <tag k='ele' v='18.6476146014' />
  </node>
  <node id='1270010412' version='1' lat='35.64691211229' lon='128.40114187855'>
    <tag k='ele' v='18.63772141153' />
  </node>
  <node id='1270010413' version='1' lat='35.64693094095' lon='128.40116566548'>
    <tag k='ele' v='18.6390548312' />
  </node>
  <node id='1270010414' version='1' lat='35.6469497696' lon='128.40118945241'>
    <tag k='ele' v='18.61188495949' />
  </node>
  <node id='1270010415' version='1' lat='35.64696586823' lon='128.40120978158'>
    <tag k='ele' v='18.54976711373' />
  </node>
  <node id='1270010417' version='1' lat='35.64771482527' lon='128.40036941827'>
    <tag k='ele' v='18.6' />
  </node>
  <node id='1270010418' version='1' lat='35.64771390886' lon='128.40036818843'>
    <tag k='ele' v='18.61136391713' />
  </node>
  <node id='1270010419' version='1' lat='35.64769561771' lon='128.4003437791'>
    <tag k='ele' v='18.67082422764' />
  </node>
  <node id='1270010420' version='1' lat='35.64767732651' lon='128.40031935875'>
    <tag k='ele' v='18.69074716411' />
  </node>
  <node id='1270010421' version='1' lat='35.64765903535' lon='128.40029494944'>
    <tag k='ele' v='18.69799167896' />
  </node>
  <node id='1270010422' version='1' lat='35.64764075326' lon='128.40027055113'>
    <tag k='ele' v='18.63802529847' />
  </node>
  <node id='1270010424' version='1' lat='35.6476543785' lon='128.40025567532'>
    <tag k='ele' v='18.66' />
  </node>
  <node id='1270010425' version='1' lat='35.64765519506' lon='128.40025676235'>
    <tag k='ele' v='18.64922802068' />
  </node>
  <node id='1270010426' version='1' lat='35.64767344143' lon='128.40028122719'>
    <tag k='ele' v='18.69066352823' />
  </node>
  <node id='1270010427' version='1' lat='35.6476916878' lon='128.40030569204'>
    <tag k='ele' v='18.70989932813' />
  </node>
  <node id='1270010428' version='1' lat='35.64770993417' lon='128.4003301569'>
    <tag k='ele' v='18.67006206546' />
  </node>
  <node id='1270010429' version='1' lat='35.64772818954' lon='128.4003546217'>
    <tag k='ele' v='18.62332712459' />
  </node>
  <node id='1270010431' version='1' lat='35.64764366641' lon='128.40027458171'>
    <tag k='ele' v='18.64015731459' />
  </node>
  <node id='1270010432' version='1' lat='35.64766195751' lon='128.40029897996'>
    <tag k='ele' v='18.68671899901' />
  </node>
  <node id='1270010433' version='1' lat='35.64768024861' lon='128.40032337822'>
    <tag k='ele' v='18.7087481069' />
  </node>
  <node id='1270010434' version='1' lat='35.64769854877' lon='128.40034778747'>
    <tag k='ele' v='18.65911720772' />
  </node>
  <node id='1270010435' version='1' lat='35.64771684893' lon='128.40037219673'>
    <tag k='ele' v='18.6' />
  </node>
  <node id='1270010436' version='1' lat='35.64771757481' lon='128.40037317403'>
    <tag k='ele' v='18.5981319689' />
  </node>
  <node id='1270010438' version='1' lat='35.64770418427' lon='128.40038812537'>
    <tag k='ele' v='18.58266350736' />
  </node>
  <node id='1270010439' version='1' lat='35.64768594687' lon='128.40036364939'>
    <tag k='ele' v='18.63915234128' />
  </node>
  <node id='1270010440' version='1' lat='35.64766770051' lon='128.40033918453'>
    <tag k='ele' v='18.70270458366' />
  </node>
  <node id='1270010441' version='1' lat='35.6476494631' lon='128.40031470857'>
    <tag k='ele' v='18.67907123751' />
  </node>
  <node id='1270010442' version='1' lat='35.64763121673' lon='128.40029024374'>
    <tag k='ele' v='18.62451731687' />
  </node>
  <node id='1270010443' version='1' lat='35.64763050904' lon='128.40028929943'>
    <tag k='ele' v='18.63' />
  </node>
  <node id='1270010445' version='1' lat='35.64787049548' lon='128.40034100365'>
    <tag k='ele' v='18.45099558811' />
  </node>
  <node id='1270010446' version='1' lat='35.64785114387' lon='128.40036245906'>
    <tag k='ele' v='18.47737976774' />
  </node>
  <node id='1270010447' version='1' lat='35.64783105302' lon='128.40038387582'>
    <tag k='ele' v='18.45182370007' />
  </node>
  <node id='1270010449' version='1' lat='35.64781900252' lon='128.40036748037'>
    <tag k='ele' v='18.47492916272' />
  </node>
  <node id='1270010450' version='1' lat='35.64783916216' lon='128.40034540059'>
    <tag k='ele' v='18.51865394693' />
  </node>
  <node id='1270010451' version='1' lat='35.64785814773' lon='128.40032464355'>
    <tag k='ele' v='18.49726662035' />
  </node>
  <node id='1270010453' version='1' lat='35.64785513425' lon='128.40032761425'>
    <tag k='ele' v='18.49888627769' />
  </node>
  <node id='1270010454' version='1' lat='35.64783584336' lon='128.40034859441'>
    <tag k='ele' v='18.51801821382' />
  </node>
  <node id='1270010455' version='1' lat='35.64781562931' lon='128.40037060834'>
    <tag k='ele' v='18.42901751328' />
  </node>
  <node id='1270010457' version='1' lat='35.64780373163' lon='128.40035413447'>
    <tag k='ele' v='18.50646586813' />
  </node>
  <node id='1270010458' version='1' lat='35.64780618794' lon='128.40035148815'>
    <tag k='ele' v='18.48958706673' />
  </node>
  <node id='1270010459' version='1' lat='35.64782651992' lon='128.40032962792'>
    <tag k='ele' v='18.52999998261' />
  </node>
  <node id='1270010460' version='1' lat='35.64784307605' lon='128.40031148387'>
    <tag k='ele' v='18.51304083132' />
  </node>
  <node id='1270010461' version='1' lat='35.64851569959' lon='128.39936151197'>
    <tag k='ele' v='24.30540484674' />
  </node>
  <node id='1270010462' version='1' lat='35.64850774643' lon='128.39934921994'>
    <tag k='ele' v='24.30540484674' />
  </node>
  <node id='1270010464' version='1' lat='35.64849916905' lon='128.39933596317'>
    <tag k='ele' v='24.31170223416' />
  </node>
  <node id='1270010465' version='1' lat='35.64849121588' lon='128.39932367115'>
    <tag k='ele' v='24.31170223416' />
  </node>
  <node id='1270010468' version='1' lat='35.64851569462' lon='128.3993590148'>
    <tag k='color' v='red' />
    <tag k='ele' v='24.48290484674' />
  </node>
  <node id='1270010469' version='1' lat='35.64851370633' lon='128.3993559418'>
    <tag k='color' v='yellow' />
    <tag k='ele' v='24.48290484674' />
  </node>
  <node id='1270010470' version='1' lat='35.64851171804' lon='128.39935286879'>
    <tag k='arrow' v='left' />
    <tag k='color' v='green' />
    <tag k='ele' v='24.48290484674' />
  </node>
  <node id='1270010471' version='1' lat='35.64850972975' lon='128.39934979578'>
    <tag k='color' v='green' />
    <tag k='ele' v='24.48290484674' />
  </node>
  <node id='1270010474' version='1' lat='35.64849916408' lon='128.39933346601'>
    <tag k='color' v='red' />
    <tag k='ele' v='24.48920223416' />
  </node>
  <node id='1270010475' version='1' lat='35.64849717579' lon='128.399330393'>
    <tag k='color' v='yellow' />
    <tag k='ele' v='24.48920223416' />
  </node>
  <node id='1270010476' version='1' lat='35.6484951875' lon='128.39932732'>
    <tag k='arrow' v='left' />
    <tag k='color' v='green' />
    <tag k='ele' v='24.48920223416' />
  </node>
  <node id='1270010477' version='1' lat='35.6484931992' lon='128.39932424699'>
    <tag k='color' v='green' />
    <tag k='ele' v='24.48920223416' />
  </node>
  <node id='1270010479' version='1' lat='35.64869378248' lon='128.39917704439'>
    <tag k='ele' v='18.77435214386' />
  </node>
  <node id='1270010480' version='1' lat='35.64867685039' lon='128.39915411553'>
    <tag k='ele' v='18.65138743573' />
  </node>
  <node id='1270010481' version='1' lat='35.64867369265' lon='128.39914984385'>
    <tag k='ele' v='18.63939045032' />
  </node>
  <node id='1270010482' version='1' lat='35.64865474389' lon='128.39912373898'>
    <tag k='ele' v='18.58014520126' />
  </node>
  <node id='1270010484' version='1' lat='35.64863982754' lon='128.39927264679'>
    <tag k='ele' v='24.27533374842' />
  </node>
  <node id='1270010485' version='1' lat='35.64864863484' lon='128.39928403128'>
    <tag k='ele' v='24.27533374842' />
  </node>
  <node id='1270010487' version='1' lat='35.64865715351' lon='128.3992950427'>
    <tag k='ele' v='24.30955851931' />
  </node>
  <node id='1270010488' version='1' lat='35.64866596081' lon='128.39930642719'>
    <tag k='ele' v='24.30955851931' />
  </node>
  <node id='1270010491' version='1' lat='35.64864001231' lon='128.39927513368'>
    <tag k='color' v='red' />
    <tag k='ele' v='24.45283374842' />
  </node>
  <node id='1270010492' version='1' lat='35.64864221414' lon='128.39927797981'>
    <tag k='color' v='yellow' />
    <tag k='ele' v='24.45283374842' />
  </node>
  <node id='1270010493' version='1' lat='35.64864441596' lon='128.39928082593'>
    <tag k='arrow' v='left' />
    <tag k='color' v='green' />
    <tag k='ele' v='24.45283374842' />
  </node>
  <node id='1270010494' version='1' lat='35.64864661778' lon='128.39928367205'>
    <tag k='color' v='green' />
    <tag k='ele' v='24.45283374842' />
  </node>
  <node id='1270010497' version='1' lat='35.64865733828' lon='128.39929752959'>
    <tag k='color' v='red' />
    <tag k='ele' v='24.48705851931' />
  </node>
  <node id='1270010498' version='1' lat='35.64865954011' lon='128.39930037572'>
    <tag k='color' v='yellow' />
    <tag k='ele' v='24.48705851931' />
  </node>
  <node id='1270010499' version='1' lat='35.64866174193' lon='128.39930322184'>
    <tag k='arrow' v='left' />
    <tag k='color' v='green' />
    <tag k='ele' v='24.48705851931' />
  </node>
  <node id='1270010500' version='1' lat='35.64866394375' lon='128.39930606796'>
    <tag k='color' v='green' />
    <tag k='ele' v='24.48705851931' />
  </node>
  <node id='1270010502' version='1' lat='35.6484769252' lon='128.39942770827'>
    <tag k='ele' v='18.68117559551' />
  </node>
  <node id='1270010503' version='1' lat='35.64849432627' lon='128.39945071091'>
    <tag k='ele' v='18.65014424831' />
  </node>
  <node id='1270010504' version='1' lat='35.64851502942' lon='128.3994780173'>
    <tag k='ele' v='18.58001473313' />
  </node>
  <node id='1270010505' version='1' lat='35.64851645361' lon='128.39947986169'>
    <tag k='ele' v='18.58969755935' />
  </node>
  <node id='1270010507' version='1' lat='35.64782505333' lon='128.40032280086'>
    <tag k='ele' v='24.36723003562' />
  </node>
  <node id='1270010508' version='1' lat='35.6478162225' lon='128.40033415784'>
    <tag k='ele' v='24.36723003562' />
  </node>
  <node id='1270010510' version='1' lat='35.64781294568' lon='128.40033837203'>
    <tag k='ele' v='24.46298635236' />
  </node>
  <node id='1270010511' version='1' lat='35.64780411485' lon='128.40034972901'>
    <tag k='ele' v='24.46298635236' />
  </node>
  <node id='1270010514' version='1' lat='35.64782303554' lon='128.40032315382'>
    <tag k='color' v='red' />
    <tag k='ele' v='24.54473003562' />
  </node>
  <node id='1270010515' version='1' lat='35.64782082783' lon='128.40032599307'>
    <tag k='color' v='yellow' />
    <tag k='ele' v='24.54473003562' />
  </node>
  <node id='1270010516' version='1' lat='35.64781862013' lon='128.40032883231'>
    <tag k='arrow' v='left' />
    <tag k='color' v='green' />
    <tag k='ele' v='24.54473003562' />
  </node>
  <node id='1270010517' version='1' lat='35.64781641242' lon='128.40033167156'>
    <tag k='color' v='green' />
    <tag k='ele' v='24.54473003562' />
  </node>
  <node id='1270010520' version='1' lat='35.64781092789' lon='128.40033872499'>
    <tag k='color' v='red' />
    <tag k='ele' v='24.64048635236' />
  </node>
  <node id='1270010521' version='1' lat='35.64780872018' lon='128.40034156423'>
    <tag k='color' v='yellow' />
    <tag k='ele' v='24.64048635236' />
  </node>
  <node id='1270010522' version='1' lat='35.64780651247' lon='128.40034440348'>
    <tag k='arrow' v='left' />
    <tag k='color' v='green' />
    <tag k='ele' v='24.64048635236' />
  </node>
  <node id='1270010523' version='1' lat='35.64780430477' lon='128.40034724272'>
    <tag k='color' v='green' />
    <tag k='ele' v='24.64048635236' />
  </node>
  <node id='1270010525' version='1' lat='35.64763891137' lon='128.40007987244'>
    <tag k='ele' v='18.68035551328' />
  </node>
  <node id='1270010526' version='1' lat='35.64761775382' lon='128.40010244554'>
    <tag k='ele' v='18.67107350644' />
  </node>
  <node id='1270010528' version='1' lat='35.6494775313' lon='128.39836617341'>
    <tag k='ele' v='24.27336536023' />
  </node>
  <node id='1270010529' version='1' lat='35.64948403529' lon='128.39837482802'>
    <tag k='ele' v='24.27336536023' />
  </node>
  <node id='1270010531' version='1' lat='35.64946002946' lon='128.39834288439'>
    <tag k='ele' v='24.39642351877' />
  </node>
  <node id='1270010532' version='1' lat='35.64946653345' lon='128.39835153899'>
    <tag k='ele' v='24.39642351877' />
  </node>
  <node id='1270010535' version='1' lat='35.6494776867' lon='128.39836866335'>
    <tag k='color' v='red' />
    <tag k='ele' v='24.45086536023' />
  </node>
  <node id='1270010536' version='1' lat='35.6494798547' lon='128.39837154821'>
    <tag k='color' v='yellow' />
    <tag k='ele' v='24.45086536023' />
  </node>
  <node id='1270010537' version='1' lat='35.64948202269' lon='128.39837443308'>
    <tag k='color' v='green' />
    <tag k='ele' v='24.45086536023' />
  </node>
  <node id='1270010540' version='1' lat='35.64946018486' lon='128.39834537432'>
    <tag k='color' v='red' />
    <tag k='ele' v='24.57392351877' />
  </node>
  <node id='1270010541' version='1' lat='35.64946235285' lon='128.39834825919'>
    <tag k='color' v='yellow' />
    <tag k='ele' v='24.57392351877' />
  </node>
  <node id='1270010542' version='1' lat='35.64946452085' lon='128.39835114406'>
    <tag k='color' v='green' />
    <tag k='ele' v='24.57392351877' />
  </node>
  <node id='1270010544' version='1' lat='35.64930902812' lon='128.39849318499'>
    <tag k='ele' v='18.65982274804' />
  </node>
  <node id='1270010545' version='1' lat='35.64932616933' lon='128.39851645462'>
    <tag k='ele' v='18.61961860429' />
  </node>
  <node id='1270010546' version='1' lat='35.6493492801' lon='128.39854757459'>
    <tag k='ele' v='18.52453311161' />
  </node>
  <node id='1270010548' version='1' lat='35.64936604395' lon='128.3982982298'>
    <tag k='ele' v='24.29549455108' />
  </node>
  <node id='1270010549' version='1' lat='35.64937304785' lon='128.39829018207'>
    <tag k='ele' v='24.29549455108' />
  </node>
  <node id='1270010551' version='1' lat='35.64937944104' lon='128.39828283607'>
    <tag k='ele' v='24.33751201441' />
  </node>
  <node id='1270010552' version='1' lat='35.64938644493' lon='128.39827478834'>
    <tag k='ele' v='24.33751201441' />
  </node>
  <node id='1270010555' version='1' lat='35.64936807475' lon='128.39829801652'>
    <tag k='color' v='red' />
    <tag k='ele' v='24.47299455108' />
  </node>
  <node id='1270010556' version='1' lat='35.64937040939' lon='128.39829533395'>
    <tag k='color' v='yellow' />
    <tag k='ele' v='24.47299455108' />
  </node>
  <node id='1270010557' version='1' lat='35.64937274402' lon='128.39829265137'>
    <tag k='color' v='green' />
    <tag k='ele' v='24.47299455108' />
  </node>
  <node id='1270010560' version='1' lat='35.64938147184' lon='128.39828262279'>
    <tag k='color' v='red' />
    <tag k='ele' v='24.51501201441' />
  </node>
  <node id='1270010561' version='1' lat='35.64938380647' lon='128.39827994021'>
    <tag k='color' v='yellow' />
    <tag k='ele' v='24.51501201441' />
  </node>
  <node id='1270010562' version='1' lat='35.6493861411' lon='128.39827725764'>
    <tag k='color' v='green' />
    <tag k='ele' v='24.51501201441' />
  </node>
  <node id='1270010564' version='1' lat='35.64955911995' lon='128.39850908791'>
    <tag k='ele' v='18.52743901836' />
  </node>
  <node id='1270010565' version='1' lat='35.64953690228' lon='128.39853227722'>
    <tag k='ele' v='18.53062434142' />
  </node>
  <node id='1270010567' version='1' lat='35.6485243957' lon='128.3991910749'>
    <tag k='ele' v='24.40752003024' />
  </node>
  <node id='1270010568' version='1' lat='35.64853555084' lon='128.39918337709'>
    <tag k='ele' v='24.40752003024' />
  </node>
  <node id='1270010570' version='1' lat='35.64850918954' lon='128.3992015682'>
    <tag k='ele' v='24.34914681859' />
  </node>
  <node id='1270010571' version='1' lat='35.64852034468' lon='128.39919387039'>
    <tag k='ele' v='24.34914681859' />
  </node>
  <node id='1270010574' version='1' lat='35.64852640956' lon='128.39919146011'>
    <tag k='color' v='red' />
    <tag k='ele' v='24.58502003024' />
  </node>
  <node id='1270010575' version='1' lat='35.64852919834' lon='128.39918953565'>
    <tag k='color' v='yellow' />
    <tag k='ele' v='24.58502003024' />
  </node>
  <node id='1270010576' version='1' lat='35.64853198713' lon='128.3991876112'>
    <tag k='arrow' v='left' />
    <tag k='color' v='green' />
    <tag k='ele' v='24.58502003024' />
  </node>
  <node id='1270010577' version='1' lat='35.64853477591' lon='128.39918568675'>
    <tag k='color' v='green' />
    <tag k='ele' v='24.58502003024' />
  </node>
  <node id='1270010580' version='1' lat='35.64851120339' lon='128.3992019534'>
    <tag k='color' v='red' />
    <tag k='ele' v='24.52664681859' />
  </node>
  <node id='1270010581' version='1' lat='35.64851399218' lon='128.39920002895'>
    <tag k='color' v='yellow' />
    <tag k='ele' v='24.52664681859' />
  </node>
  <node id='1270010582' version='1' lat='35.64851678096' lon='128.3991981045'>
    <tag k='arrow' v='left' />
    <tag k='color' v='green' />
    <tag k='ele' v='24.52664681859' />
  </node>
  <node id='1270010583' version='1' lat='35.64851956975' lon='128.39919618004'>
    <tag k='color' v='green' />
    <tag k='ele' v='24.52664681859' />
  </node>
  <node id='1270010585' version='1' lat='35.64870013826' lon='128.39945750721'>
    <tag k='ele' v='18.49941076935' />
  </node>
  <node id='1270010586' version='1' lat='35.64872153839' lon='128.39943299947'>
    <tag k='ele' v='18.47141578299' />
  </node>
  <node id='1270010588' version='1' lat='35.64865778589' lon='128.39939893189'>
    <tag k='ele' v='24.12132088894' />
  </node>
  <node id='1270010589' version='1' lat='35.64864755439' lon='128.39940836091'>
    <tag k='ele' v='24.12132088894' />
  </node>
  <node id='1270010591' version='1' lat='35.64864460679' lon='128.39941107732'>
    <tag k='ele' v='24.15366564781' />
  </node>
  <node id='1270010592' version='1' lat='35.64863437529' lon='128.39942050635'>
    <tag k='ele' v='24.15366564781' />
  </node>
  <node id='1270010595' version='1' lat='35.64865574818' lon='128.39939887465'>
    <tag k='color' v='red' />
    <tag k='ele' v='24.29882088894' />
  </node>
  <node id='1270010596' version='1' lat='35.6486531903' lon='128.39940123191'>
    <tag k='color' v='yellow' />
    <tag k='ele' v='24.29882088894' />
  </node>
  <node id='1270010597' version='1' lat='35.64865063242' lon='128.39940358916'>
    <tag k='arrow' v='left' />
    <tag k='color' v='green' />
    <tag k='ele' v='24.29882088894' />
  </node>
  <node id='1270010598' version='1' lat='35.64864807455' lon='128.39940594642'>
    <tag k='color' v='green' />
    <tag k='ele' v='24.29882088894' />
  </node>
  <node id='1270010601' version='1' lat='35.64864256908' lon='128.39941102009'>
    <tag k='color' v='red' />
    <tag k='ele' v='24.33116564781' />
  </node>
  <node id='1270010602' version='1' lat='35.6486400112' lon='128.39941337734'>
    <tag k='color' v='yellow' />
    <tag k='ele' v='24.33116564781' />
  </node>
  <node id='1270010603' version='1' lat='35.64863745333' lon='128.3994157346'>
    <tag k='arrow' v='left' />
    <tag k='color' v='green' />
    <tag k='ele' v='24.33116564781' />
  </node>
  <node id='1270010604' version='1' lat='35.64863489545' lon='128.39941809186'>
    <tag k='color' v='green' />
    <tag k='ele' v='24.33116564781' />
  </node>
  <node id='1270010606' version='1' lat='35.64846944172' lon='128.39914703384'>
    <tag k='ele' v='18.66459858262' />
  </node>
  <node id='1270010607' version='1' lat='35.64844959081' lon='128.39916953138'>
    <tag k='ele' v='18.58523859718' />
  </node>
  <node id='1270010608' version='1' lat='35.64844837201' lon='128.39917092075'>
    <tag k='ele' v='18.58895169242' />
  </node>
  <node id='1270010610' version='1' lat='35.64769271855' lon='128.40012055622'>
    <tag k='ele' v='24.45150229092' />
  </node>
  <node id='1270010611' version='1' lat='35.64770360695' lon='128.40011230511'>
    <tag k='ele' v='24.45150229092' />
  </node>
  <node id='1270010613' version='1' lat='35.64767853202' lon='128.4001313066'>
    <tag k='ele' v='24.49265108905' />
  </node>
  <node id='1270010614' version='1' lat='35.64768942042' lon='128.4001230555'>
    <tag k='ele' v='24.49265108905' />
  </node>
  <node id='1270010617' version='1' lat='35.6476947436' lon='128.40012084002'>
    <tag k='color' v='red' />
    <tag k='ele' v='24.62900229092' />
  </node>
  <node id='1270010618' version='1' lat='35.6476974657' lon='128.40011877725'>
    <tag k='color' v='yellow' />
    <tag k='ele' v='24.62900229092' />
  </node>
  <node id='1270010619' version='1' lat='35.6477001878' lon='128.40011671447'>
    <tag k='arrow' v='left' />
    <tag k='color' v='green' />
    <tag k='ele' v='24.62900229092' />
  </node>
  <node id='1270010620' version='1' lat='35.6477029099' lon='128.40011465169'>
    <tag k='color' v='green' />
    <tag k='ele' v='24.62900229092' />
  </node>
  <node id='1270010623' version='1' lat='35.64768055706' lon='128.40013159041'>
    <tag k='color' v='red' />
    <tag k='ele' v='24.67015108905' />
  </node>
  <node id='1270010624' version='1' lat='35.64768327916' lon='128.40012952764'>
    <tag k='color' v='yellow' />
    <tag k='ele' v='24.67015108905' />
  </node>
  <node id='1270010625' version='1' lat='35.64768600126' lon='128.40012746486'>
    <tag k='arrow' v='left' />
    <tag k='color' v='green' />
    <tag k='ele' v='24.67015108905' />
  </node>
  <node id='1270010626' version='1' lat='35.64768872336' lon='128.40012540209'>
    <tag k='color' v='green' />
    <tag k='ele' v='24.67015108905' />
  </node>
  <node id='1270010628' version='1' lat='35.64786998565' lon='128.40038885186'>
    <tag k='ele' v='18.42928439925' />
  </node>
  <node id='1270010629' version='1' lat='35.64789173455' lon='128.40036556767'>
    <tag k='ele' v='18.41870142753' />
  </node>
  <node id='1270010631' version='1' lat='35.64781736946' lon='128.40018439977'>
    <tag k='ele' v='24.32942943679' />
  </node>
  <node id='1270010632' version='1' lat='35.64782566736' lon='128.40019634475'>
    <tag k='ele' v='24.32942943679' />
  </node>
  <node id='1270010634' version='1' lat='35.64783431769' lon='128.40020879705'>
    <tag k='ele' v='24.25863973306' />
  </node>
  <node id='1270010635' version='1' lat='35.64784261559' lon='128.40022074203'>
    <tag k='ele' v='24.25863973306' />
  </node>
  <node id='1270010638' version='1' lat='35.64781744545' lon='128.40018689518'>
    <tag k='color' v='red' />
    <tag k='ele' v='24.50692943679' />
  </node>
  <node id='1270010639' version='1' lat='35.64781951992' lon='128.40018988143'>
    <tag k='color' v='yellow' />
    <tag k='ele' v='24.50692943679' />
  </node>
  <node id='1270010640' version='1' lat='35.6478215944' lon='128.40019286767'>
    <tag k='arrow' v='left' />
    <tag k='color' v='green' />
    <tag k='ele' v='24.50692943679' />
  </node>
  <node id='1270010641' version='1' lat='35.64782366887' lon='128.40019585392'>
    <tag k='color' v='green' />
    <tag k='ele' v='24.50692943679' />
  </node>
  <node id='1270010644' version='1' lat='35.64783439367' lon='128.40021129246'>
    <tag k='color' v='red' />
    <tag k='ele' v='24.43613973306' />
  </node>
  <node id='1270010645' version='1' lat='35.64783646815' lon='128.40021427871'>
    <tag k='color' v='yellow' />
    <tag k='ele' v='24.43613973306' />
  </node>
  <node id='1270010646' version='1' lat='35.64783854262' lon='128.40021726496'>
    <tag k='arrow' v='left' />
    <tag k='color' v='green' />
    <tag k='ele' v='24.43613973306' />
  </node>
  <node id='1270010647' version='1' lat='35.6478406171' lon='128.4002202512'>
    <tag k='color' v='green' />
    <tag k='ele' v='24.43613973306' />
  </node>
  <node id='1270010649' version='1' lat='35.64764839823' lon='128.4003560682'>
    <tag k='ele' v='18.71670728821' />
  </node>
  <node id='1270010650' version='1' lat='35.64768853261' lon='128.40040872494'>
    <tag k='ele' v='18.59267052988' />
  </node>
  <node id='1270010652' version='1' lat='35.64766391522' lon='128.40027107417'>
    <tag k='ele' v='24.44137839665' />
  </node>
  <node id='1270010653' version='1' lat='35.64765517649' lon='128.40025961077'>
    <tag k='ele' v='24.44137839665' />
  </node>
  <node id='1270010655' version='1' lat='35.64768229502' lon='128.40029518467'>
    <tag k='ele' v='24.48861467612' />
  </node>
  <node id='1270010656' version='1' lat='35.6476735563' lon='128.40028372127'>
    <tag k='ele' v='24.48861467612' />
  </node>
  <node id='1270010659' version='1' lat='35.64766374538' lon='128.4002685857'>
    <tag k='color' v='red' />
    <tag k='ele' v='24.61887839665' />
  </node>
  <node id='1270010660' version='1' lat='35.6476615607' lon='128.40026571985'>
    <tag k='color' v='yellow' />
    <tag k='ele' v='24.61887839665' />
  </node>
  <node id='1270010661' version='1' lat='35.64765937602' lon='128.40026285401'>
    <tag k='arrow' v='left' />
    <tag k='color' v='green' />
    <tag k='ele' v='24.61887839665' />
  </node>
  <node id='1270010662' version='1' lat='35.64765719133' lon='128.40025998816'>
    <tag k='color' v='green' />
    <tag k='ele' v='24.61887839665' />
  </node>
  <node id='1270010665' version='1' lat='35.64768212518' lon='128.40029269621'>
    <tag k='color' v='red' />
    <tag k='ele' v='24.66611467612' />
  </node>
  <node id='1270010666' version='1' lat='35.6476799405' lon='128.40028983036'>
    <tag k='color' v='yellow' />
    <tag k='ele' v='24.66611467612' />
  </node>
  <node id='1270010667' version='1' lat='35.64767775582' lon='128.40028696451'>
    <tag k='arrow' v='left' />
    <tag k='color' v='green' />
    <tag k='ele' v='24.66611467612' />
  </node>
  <node id='1270010668' version='1' lat='35.64767557114' lon='128.40028409866'>
    <tag k='color' v='green' />
    <tag k='ele' v='24.66611467612' />
  </node>
  <node id='1270010670' version='1' lat='35.64786023776' lon='128.40011090163'>
    <tag k='ele' v='18.69976560221' />
  </node>
  <node id='1270010671' version='1' lat='35.64784054948' lon='128.40008465877'>
    <tag k='ele' v='18.66010702942' />
  </node>
  <node id='1270010672' version='1' lat='35.64782340225' lon='128.40006193033'>
    <tag k='ele' v='18.61999999919' />
  </node>
  <way id='196603' version='1'>
    <nd ref='196604' />
    <nd ref='196605' />
    <nd ref='196606' />
    <nd ref='196607' />
    <nd ref='196608' />
    <tag k='type' v='virtual' />
  </way>
  <way id='196609' version='1'>
    <nd ref='196610' />
    <nd ref='196611' />
    <nd ref='196612' />
    <tag k='subtype' v='solid' />
    <tag k='type' v='line_thin' />
  </way>
  <way id='196618' version='1'>
    <nd ref='196604' />
    <nd ref='196619' />
    <nd ref='196620' />
    <nd ref='196621' />
    <nd ref='196622' />
    <tag k='subtype' v='solid' />
    <tag k='type' v='line_thin' />
  </way>
  <way id='196623' version='1'>
    <nd ref='196610' />
    <nd ref='196624' />
    <nd ref='196625' />
    <nd ref='196626' />
    <nd ref='196627' />
    <nd ref='196628' />
    <nd ref='196629' />
    <tag k='type' v='virtual' />
  </way>
  <way id='196635' version='1'>
    <nd ref='196608' />
    <nd ref='196636' />
    <nd ref='196637' />
    <nd ref='196638' />
    <nd ref='196622' />
    <tag k='type' v='virtual' />
  </way>
  <way id='196639' version='1'>
    <nd ref='196640' />
    <nd ref='196641' />
    <nd ref='196642' />
    <nd ref='196629' />
    <tag k='subtype' v='solid' />
    <tag k='type' v='line_thin' />
  </way>
  <way id='196647' version='1'>
    <nd ref='196648' />
    <nd ref='196649' />
    <nd ref='196650' />
    <nd ref='196604' />
    <tag k='type' v='virtual' />
  </way>
  <way id='196651' version='1'>
    <nd ref='196652' />
    <nd ref='196653' />
    <nd ref='196610' />
    <tag k='subtype' v='solid' />
    <tag k='type' v='line_thin' />
  </way>
  <way id='196657' version='1'>
    <nd ref='196658' />
    <nd ref='196659' />
    <nd ref='196660' />
    <nd ref='196661' />
    <nd ref='196662' />
    <tag k='type' v='virtual' />
  </way>
  <way id='196663' version='1'>
    <nd ref='196664' />
    <nd ref='196665' />
    <nd ref='196666' />
    <tag k='subtype' v='solid' />
    <tag k='type' v='line_thin' />
  </way>
  <way id='196671' version='1'>
    <nd ref='196672' />
    <nd ref='196673' />
    <nd ref='196658' />
    <tag k='type' v='virtual' />
  </way>
  <way id='196674' version='1'>
    <nd ref='196675' />
    <nd ref='196664' />
    <tag k='subtype' v='solid' />
    <tag k='type' v='line_thin' />
  </way>
  <way id='196679' version='1'>
    <nd ref='196658' />
    <nd ref='196680' />
    <nd ref='196681' />
    <nd ref='196682' />
    <nd ref='196604' />
    <tag k='subtype' v='solid' />
    <tag k='type' v='line_thin' />
  </way>
  <way id='196683' version='1'>
    <nd ref='196664' />
    <nd ref='196684' />
    <nd ref='196685' />
    <nd ref='196686' />
    <nd ref='196687' />
    <nd ref='196688' />
    <nd ref='196610' />
    <tag k='type' v='virtual' />
  </way>
  <way id='196693' version='1'>
    <nd ref='196622' />
    <nd ref='196694' />
    <nd ref='196695' />
    <nd ref='196696' />
    <nd ref='196697' />
    <tag k='subtype' v='solid' />
    <tag k='type' v='line_thin' />
  </way>
  <way id='196698' version='1'>
    <nd ref='196629' />
    <nd ref='196699' />
    <nd ref='196700' />
    <nd ref='196701' />
    <nd ref='196702' />
    <nd ref='196703' />
    <nd ref='196704' />
    <nd ref='196705' />
    <nd ref='196706' />
    <tag k='type' v='virtual' />
  </way>
  <way id='196712' version='1'>
    <nd ref='196697' />
    <nd ref='196713' />
    <nd ref='196714' />
    <nd ref='196715' />
    <tag k='type' v='virtual' />
  </way>
  <way id='196716' version='1'>
    <nd ref='196706' />
    <nd ref='196717' />
    <tag k='subtype' v='solid' />
    <tag k='type' v='line_thin' />
  </way>
  <way id='196721' version='1'>
    <nd ref='196697' />
    <nd ref='196722' />
    <nd ref='196723' />
    <nd ref='196724' />
    <nd ref='196658' />
    <tag k='subtype' v='solid' />
    <tag k='type' v='line_thin' />
  </way>
  <way id='196725' version='1'>
    <nd ref='196706' />
    <nd ref='196726' />
    <nd ref='196727' />
    <nd ref='196728' />
    <nd ref='196729' />
    <nd ref='196730' />
    <nd ref='196731' />
    <nd ref='196732' />
    <nd ref='196664' />
    <tag k='type' v='virtual' />
  </way>
  <way id='196737' version='1'>
    <nd ref='196738' />
    <nd ref='196739' />
    <nd ref='196697' />
    <tag k='type' v='virtual' />
  </way>
  <way id='196740' version='1'>
    <nd ref='196741' />
    <nd ref='196706' />
    <tag k='subtype' v='solid' />
    <tag k='type' v='line_thin' />
  </way>
  <way id='196744' version='1'>
    <nd ref='196622' />
    <nd ref='196745' />
    <nd ref='196746' />
    <tag k='type' v='virtual' />
  </way>
  <way id='196747' version='1'>
    <nd ref='196629' />
    <nd ref='196748' />
    <tag k='subtype' v='solid' />
    <tag k='type' v='line_thin' />
  </way>
  <way id='196751' version='1'>
    <nd ref='196752' />
    <nd ref='196753' />
    <nd ref='196754' />
    <nd ref='196755' />
    <nd ref='196756' />
    <tag k='type' v='virtual' />
  </way>
  <way id='196757' version='1'>
    <nd ref='196758' />
    <nd ref='196759' />
    <nd ref='196760' />
    <nd ref='196761' />
    <tag k='subtype' v='solid' />
    <tag k='type' v='line_thin' />
  </way>
  <way id='196767' version='1'>
    <nd ref='196768' />
    <nd ref='196769' />
    <nd ref='196770' />
    <tag k='type' v='virtual' />
  </way>
  <way id='196771' version='1'>
    <nd ref='196772' />
    <nd ref='196773' />
    <nd ref='196774' />
    <nd ref='196775' />
    <nd ref='196776' />
    <tag k='subtype' v='solid' />
    <tag k='type' v='line_thin' />
  </way>
  <way id='196781' version='1'>
    <nd ref='196782' />
    <nd ref='196783' />
    <nd ref='196784' />
    <nd ref='196785' />
    <tag k='subtype' v='solid' />
    <tag k='type' v='line_thin' />
  </way>
  <way id='196786' version='1'>
    <nd ref='196787' />
    <nd ref='196788' />
    <tag k='subtype' v='solid' />
    <tag k='type' v='line_thin' />
  </way>
  <way id='196793' version='1'>
    <nd ref='196770' />
    <nd ref='196794' />
    <nd ref='196795' />
    <nd ref='196796' />
    <nd ref='196797' />
    <nd ref='196798' />
    <nd ref='196799' />
    <tag k='subtype' v='solid' />
    <tag k='type' v='line_thin' />
  </way>
  <way id='196800' version='1'>
    <nd ref='196776' />
    <nd ref='196801' />
    <nd ref='196802' />
    <nd ref='196803' />
    <nd ref='196804' />
    <tag k='subtype' v='solid' />
    <tag k='type' v='line_thin' />
  </way>
  <way id='196810' version='1'>
    <nd ref='196811' />
    <nd ref='196812' />
    <nd ref='196813' />
    <nd ref='196814' />
    <nd ref='196815' />
    <nd ref='196816' />
    <nd ref='196817' />
    <nd ref='196818' />
    <nd ref='196819' />
    <nd ref='196820' />
    <tag k='subtype' v='solid' />
    <tag k='type' v='line_thin' />
  </way>
  <way id='196821' version='1'>
    <nd ref='196822' />
    <nd ref='196823' />
    <nd ref='196824' />
    <nd ref='196825' />
    <nd ref='196826' />
    <nd ref='196827' />
    <nd ref='196828' />
    <nd ref='196829' />
    <nd ref='196830' />
    <tag k='subtype' v='solid' />
    <tag k='type' v='line_thin' />
  </way>
  <way id='196841' version='1'>
    <nd ref='196799' />
    <nd ref='196842' />
    <nd ref='196843' />
    <nd ref='196844' />
    <nd ref='196845' />
    <nd ref='196846' />
    <tag k='subtype' v='solid' />
    <tag k='type' v='line_thin' />
  </way>
  <way id='196847' version='1'>
    <nd ref='196804' />
    <nd ref='196848' />
    <nd ref='196849' />
    <nd ref='196850' />
    <nd ref='196851' />
    <nd ref='196852' />
    <nd ref='196853' />
    <tag k='subtype' v='solid' />
    <tag k='type' v='line_thin' />
  </way>
  <way id='196859' version='1'>
    <nd ref='196860' />
    <nd ref='196811' />
    <tag k='subtype' v='solid' />
    <tag k='type' v='line_thin' />
  </way>
  <way id='196861' version='1'>
    <nd ref='196862' />
    <nd ref='196822' />
    <tag k='subtype' v='solid' />
    <tag k='type' v='line_thin' />
  </way>
  <way id='196865' version='1'>
    <nd ref='196846' />
    <nd ref='196866' />
    <tag k='subtype' v='solid' />
    <tag k='type' v='line_thin' />
  </way>
  <way id='196867' version='1'>
    <nd ref='196853' />
    <nd ref='196868' />
    <tag k='subtype' v='solid' />
    <tag k='type' v='line_thin' />
  </way>
  <way id='196871' version='1'>
    <nd ref='196872' />
    <nd ref='196873' />
    <nd ref='196874' />
    <nd ref='196875' />
    <nd ref='196876' />
    <nd ref='196877' />
    <tag k='subtype' v='dashed' />
    <tag k='type' v='line_thin' />
  </way>
  <way id='196878' version='1'>
    <nd ref='196879' />
    <nd ref='196880' />
    <nd ref='196881' />
    <nd ref='196882' />
    <nd ref='196883' />
    <nd ref='196884' />
    <tag k='subtype' v='dashed' />
    <tag k='type' v='line_thin' />
  </way>
  <way id='196891' version='1'>
    <nd ref='196877' />
    <nd ref='196892' />
    <tag k='subtype' v='solid' />
    <tag k='type' v='line_thin' />
  </way>
  <way id='196893' version='1'>
    <nd ref='196884' />
    <nd ref='196894' />
    <tag k='subtype' v='dashed' />
    <tag k='type' v='line_thin' />
  </way>
  <way id='196897' version='1'>
    <nd ref='196892' />
    <nd ref='196898' />
    <tag k='type' v='virtual' />
  </way>
  <way id='196899' version='1'>
    <nd ref='196894' />
    <nd ref='196900' />
    <tag k='subtype' v='dashed' />
    <tag k='type' v='line_thin' />
  </way>
  <way id='196903' version='1'>
    <nd ref='196904' />
    <nd ref='196905' />
    <nd ref='196906' />
    <nd ref='196907' />
    <nd ref='196908' />
    <tag k='subtype' v='dashed' />
    <tag k='type' v='line_thin' />
  </way>
  <way id='196909' version='1'>
    <nd ref='196910' />
    <nd ref='196911' />
    <nd ref='196912' />
    <nd ref='196913' />
    <nd ref='196914' />
    <tag k='subtype' v='dashed' />
    <tag k='type' v='line_thin' />
  </way>
  <way id='196921' version='1'>
    <nd ref='196898' />
    <nd ref='196922' />
    <nd ref='196923' />
    <nd ref='196924' />
    <nd ref='196925' />
    <nd ref='196926' />
    <nd ref='196927' />
    <nd ref='196928' />
    <nd ref='196904' />
    <tag k='subtype' v='solid' />
    <tag k='type' v='line_thin' />
  </way>
  <way id='196929' version='1'>
    <nd ref='196900' />
    <nd ref='196930' />
    <nd ref='196931' />
    <nd ref='196932' />
    <nd ref='196933' />
    <nd ref='196934' />
    <nd ref='196935' />
    <nd ref='196936' />
    <nd ref='196910' />
    <tag k='subtype' v='dashed' />
    <tag k='type' v='line_thin' />
  </way>
  <way id='196945' version='1'>
    <nd ref='196946' />
    <nd ref='196947' />
    <tag k='subtype' v='solid' />
    <tag k='type' v='line_thin' />
  </way>
  <way id='196948' version='1'>
    <nd ref='196949' />
    <nd ref='196950' />
    <nd ref='196951' />
    <nd ref='196952' />
    <nd ref='196953' />
    <nd ref='196954' />
    <tag k='subtype' v='solid' />
    <tag k='type' v='line_thin' />
  </way>
  <way id='196961' version='1'>
    <nd ref='196947' />
    <nd ref='196962' />
    <nd ref='196908' />
    <tag k='subtype' v='solid' />
    <tag k='type' v='line_thin' />
  </way>
  <way id='196963' version='1'>
    <nd ref='196954' />
    <nd ref='196964' />
    <nd ref='196965' />
    <nd ref='196966' />
    <nd ref='196914' />
    <tag k='type' v='virtual' />
  </way>
  <way id='196970' version='1'>
    <nd ref='196971' />
    <nd ref='196972' />
    <nd ref='196973' />
    <tag k='subtype' v='solid' />
    <tag k='type' v='line_thin' />
  </way>
  <way id='196974' version='1'>
    <nd ref='196975' />
    <nd ref='196976' />
    <nd ref='196977' />
    <nd ref='196978' />
    <nd ref='196979' />
    <nd ref='196980' />
    <tag k='subtype' v='solid' />
    <tag k='type' v='line_thin' />
  </way>
  <way id='196986' version='1'>
    <nd ref='196987' />
    <nd ref='196988' />
    <nd ref='196989' />
    <nd ref='196990' />
    <tag k='type' v='virtual' />
  </way>
  <way id='196991' version='1'>
    <nd ref='196992' />
    <nd ref='196993' />
    <nd ref='196994' />
    <tag k='subtype' v='solid' />
    <tag k='type' v='line_thin' />
  </way>
  <way id='196999' version='1'>
    <nd ref='196990' />
    <nd ref='197000' />
    <nd ref='197001' />
    <nd ref='197002' />
    <nd ref='197003' />
    <tag k='subtype' v='solid' />
    <tag k='type' v='line_thin' />
  </way>
  <way id='197004' version='1'>
    <nd ref='196994' />
    <nd ref='197005' />
    <nd ref='197006' />
    <nd ref='197007' />
    <nd ref='197008' />
    <tag k='type' v='virtual' />
  </way>
  <way id='197014' version='1'>
    <nd ref='196990' />
    <nd ref='197015' />
    <nd ref='197016' />
    <nd ref='197017' />
    <nd ref='196782' />
    <tag k='type' v='virtual' />
  </way>
  <way id='197018' version='1'>
    <nd ref='196994' />
    <nd ref='197019' />
    <nd ref='196787' />
    <tag k='subtype' v='solid' />
    <tag k='type' v='line_thin' />
  </way>
  <way id='197022' version='1'>
    <nd ref='197023' />
    <nd ref='197024' />
    <nd ref='197025' />
    <nd ref='197026' />
    <tag k='type' v='virtual' />
  </way>
  <way id='197027' version='1'>
    <nd ref='197028' />
    <nd ref='197029' />
    <nd ref='197030' />
    <tag k='subtype' v='solid' />
    <tag k='type' v='line_thin' />
  </way>
  <way id='197035' version='1'>
    <nd ref='197026' />
    <nd ref='197036' />
    <nd ref='197037' />
    <nd ref='197038' />
    <nd ref='197039' />
    <nd ref='197040' />
    <nd ref='197041' />
    <tag k='type' v='virtual' />
  </way>
  <way id='197042' version='1'>
    <nd ref='197030' />
    <nd ref='197043' />
    <nd ref='197044' />
    <nd ref='197045' />
    <tag k='subtype' v='solid' />
    <tag k='type' v='line_thin' />
  </way>
  <way id='197051' version='1'>
    <nd ref='197052' />
    <nd ref='197053' />
    <nd ref='197054' />
    <nd ref='197055' />
    <nd ref='197003' />
    <tag k='type' v='virtual' />
  </way>
  <way id='197056' version='1'>
    <nd ref='197057' />
    <nd ref='197058' />
    <nd ref='197008' />
    <tag k='subtype' v='solid' />
    <tag k='type' v='line_thin' />
  </way>
  <way id='197062' version='1'>
    <nd ref='197003' />
    <nd ref='197063' />
    <nd ref='197026' />
    <tag k='subtype' v='solid' />
    <tag k='type' v='line_thin' />
  </way>
  <way id='197064' version='1'>
    <nd ref='197008' />
    <nd ref='197065' />
    <nd ref='197030' />
    <tag k='type' v='virtual' />
  </way>
  <way id='197068' version='1'>
    <nd ref='197026' />
    <nd ref='197069' />
    <nd ref='197070' />
    <nd ref='197071' />
    <nd ref='197072' />
    <nd ref='197073' />
    <nd ref='197074' />
    <nd ref='197075' />
    <nd ref='197076' />
    <tag k='subtype' v='solid' />
    <tag k='type' v='line_thin' />
  </way>
  <way id='197077' version='1'>
    <nd ref='197030' />
    <nd ref='197078' />
    <nd ref='197079' />
    <nd ref='197080' />
    <nd ref='197081' />
    <nd ref='197082' />
    <nd ref='197083' />
    <nd ref='197084' />
    <nd ref='197085' />
    <nd ref='197086' />
    <nd ref='197087' />
    <nd ref='197088' />
    <nd ref='197089' />
    <nd ref='197090' />
    <tag k='subtype' v='solid' />
    <tag k='type' v='line_thin' />
  </way>
  <way id='197100' version='1'>
    <nd ref='197076' />
    <nd ref='197101' />
    <nd ref='197102' />
    <nd ref='197103' />
    <nd ref='197104' />
    <tag k='type' v='virtual' />
  </way>
  <way id='197105' version='1'>
    <nd ref='197090' />
    <nd ref='197106' />
    <nd ref='197107' />
    <tag k='subtype' v='solid' />
    <tag k='type' v='line_thin' />
  </way>
  <way id='197112' version='1'>
    <nd ref='197076' />
    <nd ref='197113' />
    <nd ref='197114' />
    <nd ref='197115' />
    <nd ref='196990' />
    <tag k='subtype' v='solid' />
    <tag k='type' v='line_thin' />
  </way>
  <way id='197116' version='1'>
    <nd ref='197090' />
    <nd ref='197117' />
    <nd ref='197118' />
    <nd ref='197119' />
    <nd ref='197120' />
    <nd ref='196994' />
    <tag k='type' v='virtual' />
  </way>
  <way id='197125' version='1'>
    <nd ref='196715' />
    <nd ref='197126' />
    <nd ref='197127' />
    <tag k='subtype' v='solid' />
    <tag k='type' v='line_thin' />
  </way>
  <way id='197128' version='1'>
    <nd ref='196717' />
    <nd ref='197129' />
    <nd ref='197130' />
    <nd ref='197131' />
    <tag k='subtype' v='solid' />
    <tag k='type' v='line_thin' />
  </way>
  <way id='197135' version='1'>
    <nd ref='197136' />
    <nd ref='197137' />
    <nd ref='197138' />
    <nd ref='197052' />
    <tag k='subtype' v='solid' />
    <tag k='type' v='line_thin' />
  </way>
  <way id='197139' version='1'>
    <nd ref='197140' />
    <nd ref='197057' />
    <tag k='subtype' v='solid' />
    <tag k='type' v='line_thin' />
  </way>
  <way id='197143' version='1'>
    <nd ref='197144' />
    <nd ref='197145' />
    <nd ref='197146' />
    <nd ref='197147' />
    <nd ref='197148' />
    <nd ref='197149' />
    <nd ref='197150' />
    <nd ref='197151' />
    <nd ref='197152' />
    <nd ref='197153' />
    <nd ref='197154' />
    <nd ref='197155' />
    <tag k='subtype' v='solid' />
    <tag k='type' v='line_thin' />
  </way>
  <way id='197156' version='1'>
    <nd ref='197157' />
    <nd ref='197158' />
    <nd ref='197159' />
    <nd ref='197160' />
    <nd ref='197161' />
    <nd ref='197162' />
    <nd ref='197163' />
    <nd ref='197164' />
    <nd ref='197165' />
    <nd ref='197166' />
    <nd ref='197167' />
    <nd ref='197168' />
    <nd ref='197169' />
    <nd ref='197170' />
    <nd ref='197171' />
    <tag k='subtype' v='solid' />
    <tag k='type' v='line_thin' />
  </way>
  <way id='197185' version='1'>
    <nd ref='197186' />
    <nd ref='197187' />
    <nd ref='196672' />
    <tag k='subtype' v='solid' />
    <tag k='type' v='line_thin' />
  </way>
  <way id='197188' version='1'>
    <nd ref='197189' />
    <nd ref='197190' />
    <nd ref='196675' />
    <tag k='subtype' v='solid' />
    <tag k='type' v='line_thin' />
  </way>
  <way id='197194' version='1'>
    <nd ref='197195' />
    <nd ref='197196' />
    <nd ref='197197' />
    <nd ref='197198' />
    <nd ref='197199' />
    <nd ref='197200' />
    <nd ref='197201' />
    <nd ref='197186' />
    <tag k='subtype' v='solid' />
    <tag k='type' v='line_thin' />
  </way>
  <way id='197202' version='1'>
    <nd ref='197203' />
    <nd ref='197204' />
    <nd ref='197205' />
    <nd ref='197206' />
    <nd ref='197207' />
    <nd ref='197208' />
    <nd ref='197209' />
    <nd ref='197189' />
    <tag k='subtype' v='solid' />
    <tag k='type' v='line_thin' />
  </way>
  <way id='197218' version='1'>
    <nd ref='197127' />
    <nd ref='197219' />
    <nd ref='197220' />
    <nd ref='197221' />
    <nd ref='197222' />
    <nd ref='197223' />
    <nd ref='197224' />
    <tag k='subtype' v='solid' />
    <tag k='type' v='line_thin' />
  </way>
  <way id='197225' version='1'>
    <nd ref='197131' />
    <nd ref='197226' />
    <nd ref='197227' />
    <nd ref='197228' />
    <nd ref='197229' />
    <nd ref='197230' />
    <nd ref='197231' />
    <tag k='subtype' v='solid' />
    <tag k='type' v='line_thin' />
  </way>
  <way id='197238' version='1'>
    <nd ref='196866' />
    <nd ref='197239' />
    <nd ref='197240' />
    <nd ref='197241' />
    <nd ref='197242' />
    <nd ref='197243' />
    <nd ref='197244' />
    <nd ref='197245' />
    <nd ref='196860' />
    <tag k='subtype' v='solid' />
    <tag k='type' v='line_thin' />
  </way>
  <way id='197246' version='1'>
    <nd ref='196868' />
    <nd ref='197247' />
    <nd ref='197248' />
    <nd ref='197249' />
    <nd ref='197250' />
    <nd ref='197251' />
    <nd ref='197252' />
    <nd ref='197253' />
    <nd ref='197254' />
    <nd ref='197255' />
    <nd ref='197256' />
    <nd ref='197257' />
    <nd ref='196862' />
    <tag k='subtype' v='solid' />
    <tag k='type' v='line_thin' />
  </way>
  <way id='197266' version='1'>
    <nd ref='197267' />
    <nd ref='197268' />
    <nd ref='197269' />
    <nd ref='197270' />
    <nd ref='197271' />
    <nd ref='197272' />
    <nd ref='197273' />
    <tag k='type' v='virtual' />
  </way>
  <way id='197274' version='1'>
    <nd ref='197275' />
    <nd ref='197276' />
    <nd ref='197277' />
    <nd ref='197278' />
    <nd ref='197279' />
    <nd ref='197280' />
    <nd ref='197281' />
    <tag k='type' v='virtual' />
  </way>
  <way id='197288' version='1'>
    <nd ref='197289' />
    <nd ref='197290' />
    <nd ref='197291' />
    <nd ref='197292' />
    <nd ref='197293' />
    <nd ref='197294' />
    <nd ref='197295' />
    <tag k='type' v='virtual' />
  </way>
  <way id='197304' version='1'>
    <nd ref='197305' />
    <nd ref='197306' />
    <nd ref='197307' />
    <nd ref='197308' />
    <nd ref='197309' />
    <tag k='type' v='virtual' />
  </way>
  <way id='197316' version='1'>
    <nd ref='197317' />
    <nd ref='197318' />
    <nd ref='197319' />
    <nd ref='197320' />
    <nd ref='197321' />
    <nd ref='197322' />
    <nd ref='197323' />
    <tag k='subtype' v='dashed' />
    <tag k='type' v='line_thin' />
  </way>
  <way id='197330' version='1'>
    <nd ref='197275' />
    <nd ref='197331' />
    <tag k='type' v='virtual' />
  </way>
  <way id='197332' version='1'>
    <nd ref='197289' />
    <nd ref='197333' />
    <tag k='type' v='virtual' />
  </way>
  <way id='197336' version='1'>
    <nd ref='197305' />
    <nd ref='197337' />
    <tag k='type' v='virtual' />
  </way>
  <way id='197340' version='1'>
    <nd ref='197317' />
    <nd ref='197341' />
    <tag k='subtype' v='solid' />
    <tag k='type' v='line_thin' />
  </way>
  <way id='197344' version='1'>
    <nd ref='197345' />
    <nd ref='197346' />
    <tag k='subtype' v='solid' />
    <tag k='type' v='line_thin' />
  </way>
  <way id='197347' version='1'>
    <nd ref='197348' />
    <nd ref='197349' />
    <tag k='subtype' v='dashed' />
    <tag k='type' v='line_thin' />
  </way>
  <way id='197353' version='1'>
    <nd ref='197354' />
    <nd ref='196756' />
    <tag k='subtype' v='dashed' />
    <tag k='type' v='line_thin' />
  </way>
  <way id='197358' version='1'>
    <nd ref='197359' />
    <nd ref='196761' />
    <tag k='subtype' v='dashed' />
    <tag k='type' v='line_thin' />
  </way>
  <way id='197362' version='1'>
    <nd ref='197363' />
    <nd ref='197364' />
    <tag k='subtype' v='solid' />
    <tag k='type' v='line_thin' />
  </way>
  <way id='197365' version='1'>
    <nd ref='197366' />
    <nd ref='197367' />
    <tag k='subtype' v='dashed' />
    <tag k='type' v='line_thin' />
  </way>
  <way id='197371' version='1'>
    <nd ref='197372' />
    <nd ref='197373' />
    <tag k='subtype' v='dashed' />
    <tag k='type' v='line_thin' />
  </way>
  <way id='197377' version='1'>
    <nd ref='197378' />
    <nd ref='197379' />
    <tag k='subtype' v='dashed' />
    <tag k='type' v='line_thin' />
  </way>
  <way id='197383' version='1'>
    <nd ref='197378' />
    <nd ref='197384' />
    <nd ref='197385' />
    <tag k='subtype' v='solid' />
    <tag k='type' v='line_thin' />
  </way>
  <way id='197389' version='1'>
    <nd ref='197364' />
    <nd ref='197390' />
    <tag k='subtype' v='solid' />
    <tag k='type' v='line_thin' />
  </way>
  <way id='197391' version='1'>
    <nd ref='197367' />
    <nd ref='197392' />
    <tag k='subtype' v='dashed' />
    <tag k='type' v='line_thin' />
  </way>
  <way id='197395' version='1'>
    <nd ref='197373' />
    <nd ref='197396' />
    <tag k='subtype' v='dashed' />
    <tag k='type' v='line_thin' />
  </way>
  <way id='197399' version='1'>
    <nd ref='197379' />
    <nd ref='197400' />
    <tag k='subtype' v='dashed' />
    <tag k='type' v='line_thin' />
  </way>
  <way id='197403' version='1'>
    <nd ref='197385' />
    <nd ref='197404' />
    <tag k='subtype' v='solid' />
    <tag k='type' v='line_thin' />
  </way>
  <way id='197407' version='1'>
    <nd ref='197408' />
    <nd ref='197409' />
    <nd ref='197410' />
    <nd ref='197411' />
    <nd ref='197412' />
    <nd ref='197413' />
    <nd ref='197414' />
    <nd ref='197415' />
    <tag k='subtype' v='solid' />
    <tag k='type' v='line_thin' />
  </way>
  <way id='197416' version='1'>
    <nd ref='197417' />
    <nd ref='197418' />
    <nd ref='197419' />
    <nd ref='197420' />
    <nd ref='197421' />
    <nd ref='197422' />
    <nd ref='197423' />
    <nd ref='197424' />
    <nd ref='197425' />
    <tag k='subtype' v='dashed' />
    <tag k='type' v='line_thin' />
  </way>
  <way id='197435' version='1'>
    <nd ref='197436' />
    <nd ref='197437' />
    <nd ref='197438' />
    <nd ref='197439' />
    <nd ref='197440' />
    <nd ref='197441' />
    <nd ref='197442' />
    <nd ref='197443' />
    <nd ref='197444' />
    <tag k='subtype' v='dashed' />
    <tag k='type' v='line_thin' />
  </way>
  <way id='197454' version='1'>
    <nd ref='197455' />
    <nd ref='197456' />
    <nd ref='197457' />
    <nd ref='197458' />
    <nd ref='197459' />
    <nd ref='197460' />
    <nd ref='197461' />
    <nd ref='197462' />
    <nd ref='197463' />
    <tag k='subtype' v='dashed' />
    <tag k='type' v='line_thin' />
  </way>
  <way id='197473' version='1'>
    <nd ref='197474' />
    <nd ref='197475' />
    <nd ref='197476' />
    <nd ref='197477' />
    <nd ref='197478' />
    <nd ref='197479' />
    <nd ref='197480' />
    <nd ref='197481' />
    <nd ref='197463' />
    <tag k='subtype' v='solid' />
    <tag k='type' v='line_thin' />
  </way>
  <way id='197490' version='1'>
    <nd ref='197415' />
    <nd ref='197491' />
    <nd ref='197492' />
    <nd ref='197493' />
    <nd ref='197494' />
    <tag k='subtype' v='solid' />
    <tag k='type' v='line_thin' />
  </way>
  <way id='197495' version='1'>
    <nd ref='197425' />
    <nd ref='197496' />
    <nd ref='197497' />
    <nd ref='197498' />
    <nd ref='197499' />
    <tag k='subtype' v='dashed' />
    <tag k='type' v='line_thin' />
  </way>
  <way id='197505' version='1'>
    <nd ref='197444' />
    <nd ref='197506' />
    <nd ref='197507' />
    <nd ref='197508' />
    <nd ref='197509' />
    <tag k='subtype' v='dashed' />
    <tag k='type' v='line_thin' />
  </way>
  <way id='197515' version='1'>
    <nd ref='197463' />
    <nd ref='197516' />
    <nd ref='197517' />
    <nd ref='197518' />
    <nd ref='197519' />
    <tag k='subtype' v='solid' />
    <tag k='type' v='line_thin' />
  </way>
  <way id='197525' version='1'>
    <nd ref='197526' />
    <nd ref='197527' />
    <nd ref='197528' />
    <nd ref='197529' />
    <nd ref='197530' />
    <nd ref='197531' />
    <nd ref='197532' />
    <nd ref='197533' />
    <tag k='subtype' v='solid' />
    <tag k='type' v='line_thin' />
  </way>
  <way id='197534' version='1'>
    <nd ref='197535' />
    <nd ref='197536' />
    <nd ref='197537' />
    <nd ref='197538' />
    <nd ref='197539' />
    <nd ref='197540' />
    <nd ref='197541' />
    <tag k='type' v='virtual' />
  </way>
  <way id='197548' version='1'>
    <nd ref='197549' />
    <nd ref='197550' />
    <nd ref='197551' />
    <nd ref='197552' />
    <nd ref='197553' />
    <nd ref='197554' />
    <nd ref='197555' />
    <nd ref='197556' />
    <tag k='type' v='virtual' />
  </way>
  <way id='197564' version='1'>
    <nd ref='197565' />
    <nd ref='197566' />
    <nd ref='197567' />
    <nd ref='197568' />
    <nd ref='197569' />
    <nd ref='197570' />
    <nd ref='197571' />
    <nd ref='197572' />
    <tag k='subtype' v='dashed' />
    <tag k='type' v='line_thin' />
  </way>
  <way id='197582' version='1'>
    <nd ref='197400' />
    <nd ref='197583' />
    <tag k='subtype' v='solid' />
    <tag k='type' v='line_thin' />
  </way>
  <way id='197584' version='1'>
    <nd ref='197404' />
    <nd ref='197585' />
    <tag k='subtype' v='solid' />
    <tag k='type' v='line_thin' />
  </way>
  <way id='197588' version='1'>
    <nd ref='197589' />
    <nd ref='197590' />
    <nd ref='197591' />
    <nd ref='197592' />
    <nd ref='197593' />
    <nd ref='197594' />
    <nd ref='197595' />
    <nd ref='197596' />
    <nd ref='197533' />
    <tag k='type' v='virtual' />
  </way>
  <way id='197597' version='1'>
    <nd ref='197598' />
    <nd ref='197599' />
    <nd ref='197600' />
    <nd ref='197601' />
    <nd ref='197602' />
    <nd ref='197603' />
    <nd ref='197604' />
    <nd ref='197605' />
    <nd ref='197541' />
    <tag k='type' v='virtual' />
  </way>
  <way id='197615' version='1'>
    <nd ref='197616' />
    <nd ref='197617' />
    <nd ref='197618' />
    <nd ref='197619' />
    <nd ref='197620' />
    <nd ref='197621' />
    <nd ref='197622' />
    <nd ref='197623' />
    <nd ref='197556' />
    <tag k='type' v='virtual' />
  </way>
  <way id='197633' version='1'>
    <nd ref='197634' />
    <nd ref='197635' />
    <nd ref='197636' />
    <nd ref='197637' />
    <nd ref='197638' />
    <nd ref='197639' />
    <nd ref='197640' />
    <nd ref='197641' />
    <nd ref='197572' />
    <tag k='subtype' v='solid' />
    <tag k='type' v='line_thin' />
  </way>
  <way id='197651' version='1'>
    <nd ref='197331' />
    <nd ref='197652' />
    <tag k='subtype' v='solid' />
    <tag k='type' v='line_thin' />
  </way>
  <way id='197653' version='1'>
    <nd ref='197333' />
    <nd ref='197654' />
    <tag k='subtype' v='dashed' />
    <tag k='type' v='line_thin' />
  </way>
  <way id='197657' version='1'>
    <nd ref='197337' />
    <nd ref='197658' />
    <tag k='subtype' v='dashed' />
    <tag k='type' v='line_thin' />
  </way>
  <way id='197661' version='1'>
    <nd ref='197341' />
    <nd ref='197662' />
    <tag k='subtype' v='solid' />
    <tag k='type' v='line_thin' />
  </way>
  <way id='197665' version='1'>
    <nd ref='197666' />
    <nd ref='197667' />
    <nd ref='197668' />
    <nd ref='197669' />
    <nd ref='197670' />
    <tag k='subtype' v='solid' />
    <tag k='type' v='line_thin' />
  </way>
  <way id='197671' version='1'>
    <nd ref='197672' />
    <nd ref='197673' />
    <nd ref='197674' />
    <nd ref='197675' />
    <nd ref='197676' />
    <tag k='subtype' v='dashed' />
    <tag k='type' v='line_thin' />
  </way>
  <way id='197683' version='1'>
    <nd ref='196768' />
    <nd ref='197684' />
    <nd ref='197685' />
    <nd ref='197686' />
    <nd ref='197687' />
    <tag k='subtype' v='dashed' />
    <tag k='type' v='line_thin' />
  </way>
  <way id='197694' version='1'>
    <nd ref='196772' />
    <nd ref='197695' />
    <nd ref='197696' />
    <nd ref='197697' />
    <nd ref='197698' />
    <tag k='type' v='virtual' />
  </way>
  <way id='197704' version='1'>
    <nd ref='197652' />
    <nd ref='197705' />
    <tag k='subtype' v='dashed' />
    <tag k='type' v='line_thin' />
  </way>
  <way id='197706' version='1'>
    <nd ref='197654' />
    <nd ref='197707' />
    <tag k='subtype' v='dashed' />
    <tag k='type' v='line_thin' />
  </way>
  <way id='197710' version='1'>
    <nd ref='197658' />
    <nd ref='197711' />
    <tag k='subtype' v='dashed' />
    <tag k='type' v='line_thin' />
  </way>
  <way id='197714' version='1'>
    <nd ref='197662' />
    <nd ref='197715' />
    <tag k='subtype' v='solid' />
    <tag k='type' v='line_thin' />
  </way>
  <way id='197718' version='1'>
    <nd ref='197705' />
    <nd ref='197666' />
    <tag k='subtype' v='solid' />
    <tag k='type' v='line_thin' />
  </way>
  <way id='197719' version='1'>
    <nd ref='197707' />
    <nd ref='197672' />
    <tag k='subtype' v='dashed' />
    <tag k='type' v='line_thin' />
  </way>
  <way id='197721' version='1'>
    <nd ref='197711' />
    <nd ref='196768' />
    <tag k='subtype' v='dashed' />
    <tag k='type' v='line_thin' />
  </way>
  <way id='197723' version='1'>
    <nd ref='197715' />
    <nd ref='196772' />
    <tag k='subtype' v='solid' />
    <tag k='type' v='line_thin' />
  </way>
  <way id='197725' version='1'>
    <nd ref='197726' />
    <nd ref='197727' />
    <nd ref='197728' />
    <nd ref='197729' />
    <nd ref='197589' />
    <tag k='subtype' v='dashed' />
    <tag k='type' v='line_thin' />
  </way>
  <way id='197730' version='1'>
    <nd ref='197731' />
    <nd ref='197732' />
    <nd ref='197733' />
    <nd ref='197734' />
    <nd ref='197598' />
    <tag k='subtype' v='dashed' />
    <tag k='type' v='line_thin' />
  </way>
  <way id='197740' version='1'>
    <nd ref='197741' />
    <nd ref='197742' />
    <nd ref='197743' />
    <nd ref='197744' />
    <nd ref='197616' />
    <tag k='subtype' v='dashed' />
    <tag k='type' v='line_thin' />
  </way>
  <way id='197750' version='1'>
    <nd ref='197751' />
    <nd ref='197752' />
    <nd ref='197753' />
    <nd ref='197754' />
    <nd ref='197634' />
    <tag k='subtype' v='solid' />
    <tag k='type' v='line_thin' />
  </way>
  <way id='197760' version='1'>
    <nd ref='197761' />
    <nd ref='196608' />
    <tag k='subtype' v='dashed' />
    <tag k='type' v='line_thin' />
  </way>
  <way id='197762' version='1'>
    <nd ref='197763' />
    <nd ref='197764' />
    <nd ref='196640' />
    <tag k='subtype' v='solid' />
    <tag k='type' v='line_thin' />
  </way>
  <way id='197768' version='1'>
    <nd ref='196608' />
    <nd ref='197769' />
    <tag k='subtype' v='dashed' />
    <tag k='type' v='line_thin' />
  </way>
  <way id='197770' version='1'>
    <nd ref='196612' />
    <nd ref='197771' />
    <nd ref='197772' />
    <tag k='subtype' v='solid' />
    <tag k='type' v='line_thin' />
  </way>
  <way id='197775' version='1'>
    <nd ref='197776' />
    <nd ref='197761' />
    <tag k='type' v='virtual' />
  </way>
  <way id='197777' version='1'>
    <nd ref='197778' />
    <nd ref='197763' />
    <tag k='subtype' v='solid' />
    <tag k='type' v='line_thin' />
  </way>
  <way id='197781' version='1'>
    <nd ref='197776' />
    <nd ref='197782' />
    <nd ref='197783' />
    <nd ref='197784' />
    <nd ref='197785' />
    <nd ref='197786' />
    <nd ref='197787' />
    <tag k='subtype' v='dashed' />
    <tag k='type' v='line_thin' />
  </way>
  <way id='197788' version='1'>
    <nd ref='197778' />
    <nd ref='197789' />
    <nd ref='197790' />
    <nd ref='197791' />
    <nd ref='197792' />
    <nd ref='197793' />
    <nd ref='197794' />
    <nd ref='197795' />
    <tag k='type' v='virtual' />
  </way>
  <way id='197803' version='1'>
    <nd ref='197769' />
    <nd ref='197804' />
    <tag k='type' v='virtual' />
  </way>
  <way id='197805' version='1'>
    <nd ref='197772' />
    <nd ref='197806' />
    <tag k='type' v='virtual' />
  </way>
  <way id='197809' version='1'>
    <nd ref='197769' />
    <nd ref='197810' />
    <nd ref='197811' />
    <nd ref='197812' />
    <nd ref='197813' />
    <nd ref='197814' />
    <nd ref='197787' />
    <tag k='subtype' v='dashed' />
    <tag k='type' v='line_thin' />
  </way>
  <way id='197815' version='1'>
    <nd ref='197772' />
    <nd ref='197816' />
    <nd ref='197817' />
    <nd ref='197818' />
    <nd ref='197795' />
    <tag k='subtype' v='solid' />
    <tag k='type' v='line_thin' />
  </way>
  <way id='197823' version='1'>
    <nd ref='197824' />
    <nd ref='197825' />
    <nd ref='197826' />
    <nd ref='197827' />
    <nd ref='197828' />
    <nd ref='197829' />
    <nd ref='197804' />
    <tag k='subtype' v='dashed' />
    <tag k='type' v='line_thin' />
  </way>
  <way id='197830' version='1'>
    <nd ref='197831' />
    <nd ref='197832' />
    <nd ref='197833' />
    <nd ref='197834' />
    <nd ref='197835' />
    <nd ref='197806' />
    <tag k='subtype' v='solid' />
    <tag k='type' v='line_thin' />
  </way>
  <way id='197842' version='1'>
    <nd ref='197824' />
    <nd ref='197843' />
    <nd ref='197844' />
    <nd ref='197845' />
    <nd ref='197846' />
    <nd ref='197847' />
    <nd ref='197761' />
    <tag k='subtype' v='dashed' />
    <tag k='type' v='line_thin' />
  </way>
  <way id='197848' version='1'>
    <nd ref='197831' />
    <nd ref='197849' />
    <nd ref='197850' />
    <nd ref='197851' />
    <nd ref='197852' />
    <nd ref='197853' />
    <nd ref='197763' />
    <tag k='type' v='virtual' />
  </way>
  <way id='197860' version='1'>
    <nd ref='197861' />
    <nd ref='197824' />
    <tag k='subtype' v='dashed' />
    <tag k='type' v='line_thin' />
  </way>
  <way id='197862' version='1'>
    <nd ref='197863' />
    <nd ref='197831' />
    <tag k='subtype' v='solid' />
    <tag k='type' v='line_thin' />
  </way>
  <way id='197866' version='1'>
    <nd ref='197787' />
    <nd ref='197867' />
    <tag k='subtype' v='dashed' />
    <tag k='type' v='line_thin' />
  </way>
  <way id='197868' version='1'>
    <nd ref='197795' />
    <nd ref='197869' />
    <tag k='subtype' v='solid' />
    <tag k='type' v='line_thin' />
  </way>
  <way id='197872' version='1'>
    <nd ref='197273' />
    <nd ref='197873' />
    <nd ref='197874' />
    <tag k='subtype' v='solid' />
    <tag k='type' v='line_thin' />
  </way>
  <way id='197875' version='1'>
    <nd ref='197281' />
    <nd ref='197876' />
    <nd ref='197877' />
    <tag k='subtype' v='dashed' />
    <tag k='type' v='line_thin' />
  </way>
  <way id='197881' version='1'>
    <nd ref='197295' />
    <nd ref='197882' />
    <nd ref='197883' />
    <tag k='subtype' v='dashed' />
    <tag k='type' v='line_thin' />
  </way>
  <way id='197887' version='1'>
    <nd ref='197309' />
    <nd ref='197888' />
    <nd ref='197889' />
    <tag k='subtype' v='dashed' />
    <tag k='type' v='line_thin' />
  </way>
  <way id='197893' version='1'>
    <nd ref='197323' />
    <nd ref='197894' />
    <nd ref='197895' />
    <tag k='subtype' v='solid' />
    <tag k='type' v='line_thin' />
  </way>
  <way id='197899' version='1'>
    <nd ref='197900' />
    <nd ref='197776' />
    <tag k='subtype' v='dashed' />
    <tag k='type' v='line_thin' />
  </way>
  <way id='197901' version='1'>
    <nd ref='197902' />
    <nd ref='197778' />
    <tag k='subtype' v='solid' />
    <tag k='type' v='line_thin' />
  </way>
  <way id='197905' version='1'>
    <nd ref='197906' />
    <nd ref='197907' />
    <tag k='subtype' v='solid' />
    <tag k='type' v='line_thin' />
  </way>
  <way id='197908' version='1'>
    <nd ref='197909' />
    <nd ref='197910' />
    <tag k='subtype' v='solid' />
    <tag k='type' v='line_thin' />
  </way>
  <way id='197914' version='1'>
    <nd ref='197915' />
    <nd ref='197916' />
    <nd ref='197917' />
    <nd ref='197918' />
    <nd ref='197919' />
    <tag k='subtype' v='solid' />
    <tag k='type' v='line_thin' />
  </way>
  <way id='197920' version='1'>
    <nd ref='197921' />
    <nd ref='197922' />
    <nd ref='197923' />
    <nd ref='197924' />
    <nd ref='197925' />
    <tag k='subtype' v='solid' />
    <tag k='type' v='line_thin' />
  </way>
  <way id='197932' version='1'>
    <nd ref='197933' />
    <nd ref='197934' />
    <tag k='subtype' v='dashed' />
    <tag k='type' v='line_thin' />
  </way>
  <way id='197935' version='1'>
    <nd ref='197936' />
    <nd ref='197937' />
    <tag k='subtype' v='solid' />
    <tag k='type' v='line_thin' />
  </way>
  <way id='197941' version='1'>
    <nd ref='197942' />
    <nd ref='197943' />
    <tag k='subtype' v='solid' />
    <tag k='type' v='line_thin' />
  </way>
  <way id='197944' version='1'>
    <nd ref='197945' />
    <nd ref='197946' />
    <tag k='subtype' v='solid' />
    <tag k='type' v='line_thin' />
  </way>
  <way id='197950' version='1'>
    <nd ref='197951' />
    <nd ref='197952' />
    <tag k='subtype' v='solid' />
    <tag k='type' v='line_thin' />
  </way>
  <way id='197953' version='1'>
    <nd ref='197954' />
    <nd ref='197955' />
    <tag k='subtype' v='solid' />
    <tag k='type' v='line_thin' />
  </way>
  <way id='197959' version='1'>
    <nd ref='197960' />
    <nd ref='197961' />
    <tag k='subtype' v='dashed' />
    <tag k='type' v='line_thin' />
  </way>
  <way id='197962' version='1'>
    <nd ref='197963' />
    <nd ref='197964' />
    <tag k='subtype' v='solid' />
    <tag k='type' v='line_thin' />
  </way>
  <way id='197968' version='1'>
    <nd ref='197969' />
    <nd ref='197970' />
    <tag k='subtype' v='dashed' />
    <tag k='type' v='line_thin' />
  </way>
  <way id='197971' version='1'>
    <nd ref='197972' />
    <nd ref='197973' />
    <tag k='subtype' v='solid' />
    <tag k='type' v='line_thin' />
  </way>
  <way id='197977' version='1'>
    <nd ref='197978' />
    <nd ref='197979' />
    <tag k='subtype' v='solid' />
    <tag k='type' v='line_thin' />
  </way>
  <way id='197980' version='1'>
    <nd ref='197981' />
    <nd ref='197982' />
    <tag k='subtype' v='solid' />
    <tag k='type' v='line_thin' />
  </way>
  <way id='197986' version='1'>
    <nd ref='197987' />
    <nd ref='197988' />
    <tag k='subtype' v='solid' />
    <tag k='type' v='line_thin' />
  </way>
  <way id='197989' version='1'>
    <nd ref='197990' />
    <nd ref='197991' />
    <tag k='subtype' v='solid' />
    <tag k='type' v='line_thin' />
  </way>
  <way id='197995' version='1'>
    <nd ref='197996' />
    <nd ref='197997' />
    <nd ref='197998' />
    <tag k='subtype' v='dashed' />
    <tag k='type' v='line_thin' />
  </way>
  <way id='197999' version='1'>
    <nd ref='198000' />
    <nd ref='198001' />
    <nd ref='198002' />
    <nd ref='198003' />
    <nd ref='198004' />
    <nd ref='197998' />
    <tag k='subtype' v='solid' />
    <tag k='type' v='line_thin' />
  </way>
  <way id='198008' version='1'>
    <nd ref='198009' />
    <nd ref='198010' />
    <nd ref='198011' />
    <tag k='subtype' v='solid' />
    <tag k='type' v='line_thin' />
  </way>
  <way id='198015' version='1'>
    <nd ref='198016' />
    <nd ref='198017' />
    <tag k='subtype' v='dashed' />
    <tag k='type' v='line_thin' />
  </way>
  <way id='198018' version='1'>
    <nd ref='198019' />
    <nd ref='198020' />
    <tag k='subtype' v='solid' />
    <tag k='type' v='line_thin' />
  </way>
  <way id='198024' version='1'>
    <nd ref='198025' />
    <nd ref='198026' />
    <nd ref='198027' />
    <nd ref='198028' />
    <nd ref='197906' />
    <tag k='subtype' v='solid' />
    <tag k='type' v='line_thin' />
  </way>
  <way id='198029' version='1'>
    <nd ref='198030' />
    <nd ref='198031' />
    <nd ref='198032' />
    <nd ref='198033' />
    <nd ref='198034' />
    <nd ref='197909' />
    <tag k='subtype' v='dashed' />
    <tag k='type' v='line_thin' />
  </way>
  <way id='198040' version='1'>
    <nd ref='198041' />
    <nd ref='198042' />
    <tag k='subtype' v='solid' />
    <tag k='type' v='line_thin' />
  </way>
  <way id='198043' version='1'>
    <nd ref='198044' />
    <nd ref='198045' />
    <nd ref='198046' />
    <tag k='subtype' v='solid' />
    <tag k='type' v='line_thin' />
  </way>
  <way id='198050' version='1'>
    <nd ref='198051' />
    <nd ref='198052' />
    <tag k='subtype' v='solid' />
    <tag k='type' v='line_thin' />
  </way>
  <way id='198053' version='1'>
    <nd ref='198054' />
    <nd ref='198055' />
    <tag k='subtype' v='solid' />
    <tag k='type' v='line_thin' />
  </way>
  <way id='198059' version='1'>
    <nd ref='198060' />
    <nd ref='198061' />
    <tag k='subtype' v='solid' />
    <tag k='type' v='line_thin' />
  </way>
  <way id='198062' version='1'>
    <nd ref='198063' />
    <nd ref='198064' />
    <tag k='subtype' v='solid' />
    <tag k='type' v='line_thin' />
  </way>
  <way id='198068' version='1'>
    <nd ref='198069' />
    <nd ref='198070' />
    <tag k='subtype' v='solid' />
    <tag k='type' v='line_thin' />
  </way>
  <way id='198071' version='1'>
    <nd ref='198072' />
    <nd ref='198073' />
    <nd ref='198074' />
    <tag k='subtype' v='solid' />
    <tag k='type' v='line_thin' />
  </way>
  <way id='198078' version='1'>
    <nd ref='198079' />
    <nd ref='198080' />
    <tag k='subtype' v='solid_solid' />
    <tag k='type' v='line_thin' />
  </way>
  <way id='198084' version='1'>
    <nd ref='198085' />
    <nd ref='198086' />
    <tag k='subtype' v='solid' />
    <tag k='type' v='line_thin' />
  </way>
  <way id='198087' version='1'>
    <nd ref='198088' />
    <nd ref='198089' />
    <tag k='subtype' v='solid' />
    <tag k='type' v='line_thin' />
  </way>
  <way id='198093' version='1'>
    <nd ref='198086' />
    <nd ref='198094' />
    <tag k='subtype' v='solid' />
    <tag k='type' v='line_thin' />
  </way>
  <way id='198095' version='1'>
    <nd ref='198096' />
    <nd ref='198097' />
    <tag k='subtype' v='solid' />
    <tag k='type' v='line_thin' />
  </way>
  <way id='198101' version='1'>
    <nd ref='198102' />
    <nd ref='198103' />
    <tag k='subtype' v='solid_solid' />
    <tag k='type' v='line_thin' />
  </way>
  <way id='198107' version='1'>
    <nd ref='198108' />
    <nd ref='198109' />
    <tag k='subtype' v='solid_solid' />
    <tag k='type' v='line_thin' />
  </way>
  <way id='198110' version='1'>
    <nd ref='198111' />
    <nd ref='198112' />
    <tag k='subtype' v='dashed' />
    <tag k='type' v='line_thin' />
  </way>
  <way id='198116' version='1'>
    <nd ref='198117' />
    <nd ref='198118' />
    <tag k='subtype' v='solid' />
    <tag k='type' v='line_thin' />
  </way>
  <way id='198122' version='1'>
    <nd ref='198123' />
    <nd ref='198124' />
    <tag k='subtype' v='solid_solid' />
    <tag k='type' v='line_thin' />
  </way>
  <way id='198128' version='1'>
    <nd ref='198129' />
    <nd ref='198130' />
    <tag k='subtype' v='solid_solid' />
    <tag k='type' v='line_thin' />
  </way>
  <way id='198134' version='1'>
    <nd ref='198135' />
    <nd ref='198025' />
    <tag k='subtype' v='solid' />
    <tag k='type' v='line_thin' />
  </way>
  <way id='198136' version='1'>
    <nd ref='198137' />
    <nd ref='198030' />
    <tag k='subtype' v='solid' />
    <tag k='type' v='line_thin' />
  </way>
  <way id='198140' version='1'>
    <nd ref='198141' />
    <nd ref='198142' />
    <tag k='type' v='virtual' />
  </way>
  <way id='198146' version='1'>
    <nd ref='198142' />
    <nd ref='198147' />
    <nd ref='198148' />
    <nd ref='198149' />
    <nd ref='198150' />
    <nd ref='197909' />
    <tag k='subtype' v='solid' />
    <tag k='type' v='line_thin' />
  </way>
  <way id='198155' version='1'>
    <nd ref='198017' />
    <nd ref='198156' />
    <nd ref='198157' />
    <tag k='subtype' v='solid' />
    <tag k='type' v='line_thin' />
  </way>
  <way id='198158' version='1'>
    <nd ref='198020' />
    <nd ref='198159' />
    <tag k='subtype' v='solid' />
    <tag k='type' v='line_thin' />
  </way>
  <way id='198162' version='1'>
    <nd ref='198163' />
    <nd ref='198164' />
    <nd ref='198165' />
    <nd ref='198166' />
    <nd ref='198167' />
    <nd ref='198168' />
    <nd ref='198169' />
    <nd ref='198009' />
    <tag k='subtype' v='dashed' />
    <tag k='type' v='line_thin' />
  </way>
  <way id='198170' version='1'>
    <nd ref='198171' />
    <nd ref='198172' />
    <nd ref='198173' />
    <nd ref='198174' />
    <nd ref='198175' />
    <nd ref='198176' />
    <nd ref='198177' />
    <nd ref='197996' />
    <tag k='type' v='virtual' />
  </way>
  <way id='198186' version='1'>
    <nd ref='198187' />
    <nd ref='198188' />
    <nd ref='198189' />
    <nd ref='198190' />
    <nd ref='198191' />
    <nd ref='198135' />
    <tag k='type' v='virtual' />
  </way>
  <way id='198192' version='1'>
    <nd ref='198193' />
    <nd ref='198194' />
    <nd ref='198195' />
    <nd ref='198196' />
    <nd ref='198137' />
    <tag k='type' v='virtual' />
  </way>
  <way id='198202' version='1'>
    <nd ref='198193' />
    <nd ref='198203' />
    <nd ref='198204' />
    <nd ref='198205' />
    <nd ref='198206' />
    <nd ref='198141' />
    <tag k='type' v='virtual' />
  </way>
  <way id='198211' version='1'>
    <nd ref='198193' />
    <nd ref='198212' />
    <nd ref='198213' />
    <nd ref='198214' />
    <nd ref='198215' />
    <nd ref='198216' />
    <tag k='subtype' v='solid' />
    <tag k='type' v='line_thin' />
  </way>
  <way id='198217' version='1'>
    <nd ref='198193' />
    <nd ref='198218' />
    <nd ref='198219' />
    <nd ref='198220' />
    <nd ref='198221' />
    <nd ref='198222' />
    <nd ref='198223' />
    <tag k='type' v='virtual' />
  </way>
  <way id='198230' version='1'>
    <nd ref='198187' />
    <nd ref='198231' />
    <nd ref='198232' />
    <nd ref='198233' />
    <nd ref='198234' />
    <nd ref='198235' />
    <nd ref='198236' />
    <nd ref='198237' />
    <tag k='type' v='virtual' />
  </way>
  <way id='198243' version='1'>
    <nd ref='198042' />
    <nd ref='198060' />
    <tag k='type' v='virtual' />
  </way>
  <way id='198244' version='1'>
    <nd ref='198046' />
    <nd ref='198063' />
    <tag k='type' v='virtual' />
  </way>
  <way id='198246' version='1'>
    <nd ref='198052' />
    <nd ref='198069' />
    <tag k='type' v='virtual' />
  </way>
  <way id='198247' version='1'>
    <nd ref='198055' />
    <nd ref='198072' />
    <tag k='type' v='virtual' />
  </way>
  <way id='198249' version='1'>
    <nd ref='198052' />
    <nd ref='198250' />
    <nd ref='198251' />
    <nd ref='198252' />
    <nd ref='198253' />
    <nd ref='198254' />
    <nd ref='198255' />
    <nd ref='198256' />
    <nd ref='198079' />
    <tag k='subtype' v='dashed' />
    <tag k='type' v='line_thin' />
  </way>
  <way id='198257' version='1'>
    <nd ref='198055' />
    <nd ref='198258' />
    <nd ref='198259' />
    <nd ref='198260' />
    <nd ref='198261' />
    <nd ref='198262' />
    <nd ref='198263' />
    <nd ref='198264' />
    <nd ref='198016' />
    <tag k='type' v='virtual' />
  </way>
  <way id='198273' version='1'>
    <nd ref='198274' />
    <nd ref='198275' />
    <nd ref='198276' />
    <nd ref='198277' />
    <nd ref='198278' />
    <nd ref='198279' />
    <nd ref='198280' />
    <nd ref='198069' />
    <tag k='subtype' v='dashed' />
    <tag k='type' v='line_thin' />
  </way>
  <way id='198281' version='1'>
    <nd ref='198282' />
    <nd ref='198283' />
    <nd ref='198284' />
    <nd ref='198285' />
    <nd ref='198286' />
    <nd ref='198287' />
    <nd ref='198288' />
    <nd ref='198289' />
    <nd ref='198072' />
    <tag k='type' v='virtual' />
  </way>
  <way id='198298' version='1'>
    <nd ref='198274' />
    <nd ref='198299' />
    <tag k='type' v='virtual' />
  </way>
  <way id='198300' version='1'>
    <nd ref='198282' />
    <nd ref='198301' />
    <tag k='type' v='virtual' />
  </way>
  <way id='198304' version='1'>
    <nd ref='198282' />
    <nd ref='198305' />
    <nd ref='198306' />
    <nd ref='198307' />
    <nd ref='198308' />
    <nd ref='198309' />
    <nd ref='198310' />
    <nd ref='198060' />
    <tag k='type' v='virtual' />
  </way>
  <way id='198311' version='1'>
    <nd ref='198312' />
    <nd ref='198313' />
    <nd ref='198314' />
    <nd ref='198315' />
    <nd ref='198316' />
    <nd ref='198317' />
    <nd ref='198063' />
    <tag k='subtype' v='solid' />
    <tag k='type' v='line_thin' />
  </way>
  <way id='198324' version='1'>
    <nd ref='198312' />
    <nd ref='198325' />
    <tag k='type' v='virtual' />
  </way>
  <way id='198328' version='1'>
    <nd ref='197970' />
    <nd ref='198329' />
    <nd ref='198330' />
    <nd ref='198331' />
    <nd ref='198332' />
    <nd ref='198333' />
    <nd ref='198334' />
    <nd ref='198069' />
    <tag k='type' v='virtual' />
  </way>
  <way id='198335' version='1'>
    <nd ref='197973' />
    <nd ref='198336' />
    <nd ref='198337' />
    <nd ref='198338' />
    <nd ref='198339' />
    <nd ref='198072' />
    <tag k='subtype' v='solid' />
    <tag k='type' v='line_thin' />
  </way>
  <way id='198345' version='1'>
    <nd ref='197970' />
    <nd ref='198016' />
    <tag k='type' v='virtual' />
  </way>
  <way id='198346' version='1'>
    <nd ref='197973' />
    <nd ref='198019' />
    <tag k='type' v='virtual' />
  </way>
  <way id='198348' version='1'>
    <nd ref='198103' />
    <nd ref='198079' />
    <tag k='type' v='virtual' />
  </way>
  <way id='198350' version='1'>
    <nd ref='198103' />
    <nd ref='198351' />
    <nd ref='198352' />
    <nd ref='198353' />
    <nd ref='198354' />
    <nd ref='198355' />
    <nd ref='198356' />
    <nd ref='198357' />
    <nd ref='198060' />
    <tag k='subtype' v='dashed' />
    <tag k='type' v='line_thin' />
  </way>
  <way id='198358' version='1'>
    <nd ref='197970' />
    <nd ref='198359' />
    <nd ref='198360' />
    <nd ref='198361' />
    <nd ref='198362' />
    <nd ref='198363' />
    <nd ref='198364' />
    <nd ref='198365' />
    <nd ref='198063' />
    <tag k='type' v='virtual' />
  </way>
  <way id='198374' version='1'>
    <nd ref='198042' />
    <nd ref='198375' />
    <nd ref='198376' />
    <nd ref='198377' />
    <nd ref='198378' />
    <nd ref='198379' />
    <nd ref='198380' />
    <nd ref='198381' />
    <nd ref='198299' />
    <tag k='subtype' v='dashed' />
    <tag k='type' v='line_thin' />
  </way>
  <way id='198382' version='1'>
    <nd ref='198046' />
    <nd ref='198383' />
    <nd ref='198384' />
    <nd ref='198385' />
    <nd ref='198386' />
    <nd ref='198387' />
    <nd ref='198388' />
    <nd ref='198389' />
    <nd ref='198301' />
    <tag k='type' v='virtual' />
  </way>
  <way id='198398' version='1'>
    <nd ref='197979' />
    <nd ref='198085' />
    <tag k='type' v='virtual' />
  </way>
  <way id='198399' version='1'>
    <nd ref='197982' />
    <nd ref='198088' />
    <tag k='type' v='virtual' />
  </way>
  <way id='198401' version='1'>
    <nd ref='197979' />
    <nd ref='198402' />
    <nd ref='198403' />
    <nd ref='198404' />
    <nd ref='198405' />
    <nd ref='198406' />
    <nd ref='198407' />
    <nd ref='198408' />
    <tag k='subtype' v='dashed' />
    <tag k='type' v='line_thin' />
  </way>
  <way id='198409' version='1'>
    <nd ref='197982' />
    <nd ref='198410' />
    <nd ref='198411' />
    <nd ref='198412' />
    <nd ref='198413' />
    <nd ref='198414' />
    <nd ref='198415' />
    <nd ref='198416' />
    <nd ref='198417' />
    <tag k='type' v='virtual' />
  </way>
  <way id='198426' version='1'>
    <nd ref='198427' />
    <nd ref='198129' />
    <tag k='type' v='virtual' />
  </way>
  <way id='198428' version='1'>
    <nd ref='198429' />
    <nd ref='197960' />
    <tag k='type' v='virtual' />
  </way>
  <way id='198432' version='1'>
    <nd ref='198427' />
    <nd ref='198433' />
    <nd ref='198434' />
    <nd ref='198435' />
    <nd ref='198436' />
    <nd ref='198437' />
    <nd ref='198438' />
    <nd ref='198439' />
    <nd ref='198085' />
    <tag k='subtype' v='dashed' />
    <tag k='type' v='line_thin' />
  </way>
  <way id='198440' version='1'>
    <nd ref='198429' />
    <nd ref='198441' />
    <nd ref='198442' />
    <nd ref='198443' />
    <nd ref='198444' />
    <nd ref='198445' />
    <nd ref='198446' />
    <nd ref='198447' />
    <nd ref='198088' />
    <tag k='type' v='virtual' />
  </way>
  <way id='198456' version='1'>
    <nd ref='198457' />
    <nd ref='197963' />
    <tag k='type' v='virtual' />
  </way>
  <way id='198460' version='1'>
    <nd ref='198429' />
    <nd ref='198461' />
    <nd ref='198462' />
    <nd ref='198463' />
    <nd ref='198464' />
    <nd ref='198465' />
    <nd ref='197987' />
    <tag k='type' v='virtual' />
  </way>
  <way id='198466' version='1'>
    <nd ref='198457' />
    <nd ref='198467' />
    <nd ref='198468' />
    <nd ref='198469' />
    <nd ref='198470' />
    <nd ref='198471' />
    <nd ref='197990' />
    <tag k='subtype' v='solid' />
    <tag k='type' v='line_thin' />
  </way>
  <way id='198477' version='1'>
    <nd ref='198094' />
    <nd ref='198478' />
    <nd ref='198479' />
    <nd ref='198480' />
    <nd ref='198481' />
    <nd ref='198482' />
    <nd ref='198483' />
    <nd ref='198129' />
    <tag k='subtype' v='dashed' />
    <tag k='type' v='line_thin' />
  </way>
  <way id='198484' version='1'>
    <nd ref='198097' />
    <nd ref='198485' />
    <nd ref='198486' />
    <nd ref='198487' />
    <nd ref='198488' />
    <nd ref='198489' />
    <nd ref='198490' />
    <nd ref='198491' />
    <nd ref='197960' />
    <tag k='type' v='virtual' />
  </way>
  <way id='198499' version='1'>
    <nd ref='198094' />
    <nd ref='197987' />
    <tag k='type' v='virtual' />
  </way>
  <way id='198500' version='1'>
    <nd ref='198097' />
    <nd ref='197990' />
    <tag k='type' v='virtual' />
  </way>
  <way id='198502' version='1'>
    <nd ref='198124' />
    <nd ref='198503' />
    <nd ref='198504' />
    <nd ref='198505' />
    <nd ref='198506' />
    <nd ref='198507' />
    <nd ref='198508' />
    <nd ref='198509' />
    <nd ref='197987' />
    <tag k='subtype' v='dashed' />
    <tag k='type' v='line_thin' />
  </way>
  <way id='198510' version='1'>
    <nd ref='197934' />
    <nd ref='198511' />
    <nd ref='198512' />
    <nd ref='198513' />
    <nd ref='198514' />
    <nd ref='198515' />
    <nd ref='198516' />
    <nd ref='198517' />
    <nd ref='197990' />
    <tag k='type' v='virtual' />
  </way>
  <way id='198526' version='1'>
    <nd ref='198124' />
    <nd ref='198408' />
    <tag k='type' v='virtual' />
  </way>
  <way id='198527' version='1'>
    <nd ref='197934' />
    <nd ref='198417' />
    <tag k='type' v='virtual' />
  </way>
  <way id='198529' version='1'>
    <nd ref='197934' />
    <nd ref='198530' />
    <nd ref='198531' />
    <nd ref='198532' />
    <nd ref='198533' />
    <nd ref='198534' />
    <nd ref='198535' />
    <nd ref='198085' />
    <tag k='type' v='virtual' />
  </way>
  <way id='198536' version='1'>
    <nd ref='197937' />
    <nd ref='198537' />
    <nd ref='198538' />
    <nd ref='198539' />
    <nd ref='198540' />
    <nd ref='198088' />
    <tag k='subtype' v='solid' />
    <tag k='type' v='line_thin' />
  </way>
  <way id='198546' version='1'>
    <nd ref='197937' />
    <nd ref='198547' />
    <tag k='type' v='virtual' />
  </way>
  <way id='198550' version='1'>
    <nd ref='197943' />
    <nd ref='197915' />
    <tag k='type' v='virtual' />
  </way>
  <way id='198551' version='1'>
    <nd ref='197946' />
    <nd ref='197921' />
    <tag k='subtype' v='solid' />
    <tag k='type' v='line_thin' />
  </way>
  <way id='198553' version='1'>
    <nd ref='198554' />
    <nd ref='197951' />
    <tag k='type' v='virtual' />
  </way>
  <way id='198555' version='1'>
    <nd ref='198556' />
    <nd ref='197954' />
    <tag k='type' v='virtual' />
  </way>
  <way id='198559' version='1'>
    <nd ref='198554' />
    <nd ref='198560' />
    <nd ref='198561' />
    <nd ref='198562' />
    <nd ref='198563' />
    <nd ref='198564' />
    <nd ref='198565' />
    <nd ref='197933' />
    <tag k='type' v='virtual' />
  </way>
  <way id='198566' version='1'>
    <nd ref='198556' />
    <nd ref='198567' />
    <nd ref='198568' />
    <nd ref='198569' />
    <nd ref='198570' />
    <nd ref='198571' />
    <nd ref='197936' />
    <tag k='subtype' v='solid' />
    <tag k='type' v='line_thin' />
  </way>
  <way id='198578' version='1'>
    <nd ref='198130' />
    <nd ref='198579' />
    <nd ref='198580' />
    <nd ref='198581' />
    <nd ref='198582' />
    <nd ref='198583' />
    <nd ref='198584' />
    <nd ref='198585' />
    <nd ref='197915' />
    <tag k='subtype' v='dashed' />
    <tag k='type' v='line_thin' />
  </way>
  <way id='198586' version='1'>
    <nd ref='197961' />
    <nd ref='198587' />
    <nd ref='198588' />
    <nd ref='198589' />
    <nd ref='198590' />
    <nd ref='198591' />
    <nd ref='198592' />
    <nd ref='198593' />
    <nd ref='197921' />
    <tag k='type' v='virtual' />
  </way>
  <way id='198602' version='1'>
    <nd ref='197961' />
    <nd ref='198603' />
    <nd ref='198604' />
    <nd ref='198605' />
    <nd ref='198606' />
    <nd ref='198607' />
    <nd ref='197951' />
    <tag k='type' v='virtual' />
  </way>
  <way id='198608' version='1'>
    <nd ref='197964' />
    <nd ref='198609' />
    <nd ref='198610' />
    <nd ref='198611' />
    <nd ref='198612' />
    <nd ref='198613' />
    <nd ref='198614' />
    <nd ref='197954' />
    <tag k='subtype' v='solid' />
    <tag k='type' v='line_thin' />
  </way>
  <way id='198622' version='1'>
    <nd ref='197943' />
    <nd ref='198623' />
    <nd ref='198624' />
    <nd ref='198625' />
    <nd ref='198626' />
    <nd ref='198627' />
    <nd ref='198628' />
    <nd ref='198629' />
    <nd ref='198630' />
    <nd ref='198123' />
    <tag k='subtype' v='dashed' />
    <tag k='type' v='line_thin' />
  </way>
  <way id='198631' version='1'>
    <nd ref='197946' />
    <nd ref='198632' />
    <nd ref='198633' />
    <nd ref='198634' />
    <nd ref='198635' />
    <nd ref='198636' />
    <nd ref='198637' />
    <nd ref='198638' />
    <nd ref='197933' />
    <tag k='type' v='virtual' />
  </way>
  <way id='198647' version='1'>
    <nd ref='197921' />
    <nd ref='198648' />
    <nd ref='198649' />
    <nd ref='198650' />
    <nd ref='198651' />
    <tag k='subtype' v='solid' />
    <tag k='type' v='line_thin' />
  </way>
  <way id='198657' version='1'>
    <nd ref='198658' />
    <nd ref='198659' />
    <nd ref='198660' />
    <nd ref='198661' />
    <nd ref='198051' />
    <tag k='type' v='virtual' />
  </way>
  <way id='198662' version='1'>
    <nd ref='198663' />
    <nd ref='198664' />
    <nd ref='198665' />
    <nd ref='198054' />
    <tag k='subtype' v='solid' />
    <tag k='type' v='line_thin' />
  </way>
  <way id='198671' version='1'>
    <nd ref='198061' />
    <nd ref='198672' />
    <nd ref='198673' />
    <nd ref='198674' />
    <nd ref='198675' />
    <tag k='type' v='virtual' />
  </way>
  <way id='198676' version='1'>
    <nd ref='198064' />
    <nd ref='198677' />
    <nd ref='198678' />
    <nd ref='198679' />
    <nd ref='198680' />
    <tag k='subtype' v='solid' />
    <tag k='type' v='line_thin' />
  </way>
  <way id='198686' version='1'>
    <nd ref='198687' />
    <nd ref='198688' />
    <tag k='subtype' v='solid' />
    <tag k='type' v='line_thin' />
  </way>
  <way id='198689' version='1'>
    <nd ref='198690' />
    <nd ref='198691' />
    <tag k='subtype' v='solid' />
    <tag k='type' v='line_thin' />
  </way>
  <way id='198695' version='1'>
    <nd ref='198086' />
    <nd ref='198696' />
    <nd ref='198697' />
    <nd ref='198698' />
    <nd ref='198699' />
    <nd ref='198700' />
    <tag k='type' v='virtual' />
  </way>
  <way id='198701' version='1'>
    <nd ref='198089' />
    <nd ref='198702' />
    <nd ref='198703' />
    <nd ref='198704' />
    <nd ref='198687' />
    <tag k='subtype' v='solid' />
    <tag k='type' v='line_thin' />
  </way>
  <way id='198710' version='1'>
    <nd ref='198711' />
    <nd ref='198712' />
    <nd ref='198713' />
    <nd ref='198714' />
    <nd ref='198715' />
    <nd ref='198716' />
    <nd ref='198717' />
    <nd ref='198086' />
    <tag k='type' v='virtual' />
  </way>
  <way id='198718' version='1'>
    <nd ref='198719' />
    <nd ref='198720' />
    <nd ref='198721' />
    <nd ref='198722' />
    <nd ref='198723' />
    <nd ref='198096' />
    <tag k='subtype' v='solid' />
    <tag k='type' v='line_thin' />
  </way>
  <way id='198730' version='1'>
    <nd ref='198731' />
    <nd ref='198732' />
    <nd ref='198733' />
    <nd ref='198734' />
    <nd ref='198735' />
    <tag k='type' v='virtual' />
  </way>
  <way id='198736' version='1'>
    <nd ref='198737' />
    <nd ref='198738' />
    <nd ref='198739' />
    <nd ref='198740' />
    <nd ref='198741' />
    <tag k='type' v='virtual' />
  </way>
  <way id='198748' version='1'>
    <nd ref='198749' />
    <nd ref='198750' />
    <nd ref='198751' />
    <nd ref='198752' />
    <nd ref='197969' />
    <tag k='type' v='virtual' />
  </way>
  <way id='198753' version='1'>
    <nd ref='198754' />
    <nd ref='198755' />
    <nd ref='198756' />
    <nd ref='198757' />
    <nd ref='197972' />
    <tag k='type' v='virtual' />
  </way>
  <way id='198763' version='1'>
    <nd ref='198052' />
    <nd ref='198764' />
    <nd ref='198765' />
    <nd ref='198766' />
    <nd ref='198767' />
    <nd ref='198768' />
    <nd ref='198769' />
    <nd ref='198301' />
    <tag k='type' v='virtual' />
  </way>
  <way id='198770' version='1'>
    <nd ref='198055' />
    <nd ref='198771' />
    <nd ref='198772' />
    <nd ref='198773' />
    <nd ref='198774' />
    <nd ref='198775' />
    <nd ref='198325' />
    <tag k='subtype' v='solid' />
    <tag k='type' v='line_thin' />
  </way>
  <way id='198782' version='1'>
    <nd ref='198112' />
    <nd ref='198783' />
    <nd ref='198784' />
    <nd ref='198785' />
    <nd ref='198786' />
    <tag k='type' v='virtual' />
  </way>
  <way id='198787' version='1'>
    <nd ref='198118' />
    <nd ref='198788' />
    <nd ref='198789' />
    <nd ref='198790' />
    <nd ref='198791' />
    <tag k='type' v='virtual' />
  </way>
  <way id='198797' version='1'>
    <nd ref='198798' />
    <nd ref='198799' />
    <nd ref='198800' />
    <nd ref='198801' />
    <nd ref='198111' />
    <tag k='type' v='virtual' />
  </way>
  <way id='198802' version='1'>
    <nd ref='198803' />
    <nd ref='198804' />
    <nd ref='198805' />
    <nd ref='198806' />
    <nd ref='198117' />
    <tag k='type' v='virtual' />
  </way>
  <way id='198812' version='1'>
    <nd ref='198070' />
    <nd ref='198813' />
    <nd ref='198814' />
    <nd ref='198815' />
    <nd ref='198816' />
    <nd ref='198817' />
    <tag k='type' v='virtual' />
  </way>
  <way id='198818' version='1'>
    <nd ref='198074' />
    <nd ref='198819' />
    <nd ref='198820' />
    <nd ref='198821' />
    <nd ref='198822' />
    <tag k='subtype' v='solid' />
    <tag k='type' v='line_thin' />
  </way>
  <way id='198828' version='1'>
    <nd ref='197907' />
    <nd ref='198829' />
    <nd ref='198830' />
    <nd ref='198831' />
    <nd ref='198832' />
    <nd ref='198041' />
    <tag k='type' v='virtual' />
  </way>
  <way id='198833' version='1'>
    <nd ref='197910' />
    <nd ref='198834' />
    <nd ref='198835' />
    <nd ref='198836' />
    <nd ref='198044' />
    <tag k='subtype' v='solid' />
    <tag k='type' v='line_thin' />
  </way>
  <way id='198841' version='1'>
    <nd ref='198842' />
    <nd ref='198719' />
    <tag k='subtype' v='solid' />
    <tag k='type' v='line_thin' />
  </way>
  <way id='198843' version='1'>
    <nd ref='198844' />
    <nd ref='198845' />
    <tag k='subtype' v='solid' />
    <tag k='type' v='line_thin' />
  </way>
  <way id='198849' version='1'>
    <nd ref='198850' />
    <nd ref='198851' />
    <nd ref='198852' />
    <nd ref='198853' />
    <nd ref='198854' />
    <nd ref='198855' />
    <nd ref='198856' />
    <tag k='type' v='virtual' />
  </way>
  <way id='198857' version='1'>
    <nd ref='198858' />
    <nd ref='198859' />
    <nd ref='198860' />
    <nd ref='198861' />
    <nd ref='198862' />
    <tag k='subtype' v='solid' />
    <tag k='type' v='line_thin' />
  </way>
  <way id='198869' version='1'>
    <nd ref='198094' />
    <nd ref='198870' />
    <nd ref='198871' />
    <nd ref='198872' />
    <nd ref='198873' />
    <nd ref='198874' />
    <nd ref='198417' />
    <tag k='type' v='virtual' />
  </way>
  <way id='198875' version='1'>
    <nd ref='198097' />
    <nd ref='198876' />
    <nd ref='198877' />
    <nd ref='198878' />
    <nd ref='198879' />
    <nd ref='198547' />
    <tag k='subtype' v='solid' />
    <tag k='type' v='line_thin' />
  </way>
  <way id='198886' version='1'>
    <nd ref='197979' />
    <nd ref='198887' />
    <nd ref='198888' />
    <nd ref='198889' />
    <nd ref='198890' />
    <nd ref='198891' />
    <nd ref='197960' />
    <tag k='type' v='virtual' />
  </way>
  <way id='198892' version='1'>
    <nd ref='197982' />
    <nd ref='198893' />
    <nd ref='198894' />
    <nd ref='198895' />
    <nd ref='198896' />
    <nd ref='198897' />
    <nd ref='197963' />
    <tag k='subtype' v='solid' />
    <tag k='type' v='line_thin' />
  </way>
  <way id='198904' version='1'>
    <nd ref='198905' />
    <nd ref='198906' />
    <nd ref='198907' />
    <nd ref='198908' />
    <nd ref='197978' />
    <tag k='type' v='virtual' />
  </way>
  <way id='198909' version='1'>
    <nd ref='198910' />
    <nd ref='198911' />
    <nd ref='198912' />
    <nd ref='198913' />
    <nd ref='197981' />
    <tag k='subtype' v='solid' />
    <tag k='type' v='line_thin' />
  </way>
  <way id='198919' version='1'>
    <nd ref='197988' />
    <nd ref='198920' />
    <nd ref='198921' />
    <nd ref='198922' />
    <nd ref='198923' />
    <tag k='type' v='virtual' />
  </way>
  <way id='198924' version='1'>
    <nd ref='197991' />
    <nd ref='198925' />
    <nd ref='198926' />
    <nd ref='198927' />
    <nd ref='198928' />
    <tag k='subtype' v='solid' />
    <tag k='type' v='line_thin' />
  </way>
  <way id='198934' version='1'>
    <nd ref='198042' />
    <nd ref='198935' />
    <nd ref='198936' />
    <nd ref='198937' />
    <nd ref='198938' />
    <nd ref='198939' />
    <nd ref='198016' />
    <tag k='type' v='virtual' />
  </way>
  <way id='198940' version='1'>
    <nd ref='198046' />
    <nd ref='198941' />
    <nd ref='198942' />
    <nd ref='198943' />
    <nd ref='198944' />
    <nd ref='198019' />
    <tag k='subtype' v='solid' />
    <tag k='type' v='line_thin' />
  </way>
  <way id='198951' version='1'>
    <nd ref='198719' />
    <nd ref='198687' />
    <tag k='type' v='virtual' />
  </way>
  <way id='198952' version='1'>
    <nd ref='198845' />
    <nd ref='198690' />
    <tag k='type' v='virtual' />
  </way>
  <way id='198954' version='1'>
    <nd ref='198845' />
    <nd ref='198955' />
    <nd ref='198096' />
    <tag k='subtype' v='solid' />
    <tag k='type' v='line_thin' />
  </way>
  <way id='198960' version='1'>
    <nd ref='198658' />
    <nd ref='198675' />
    <tag k='subtype' v='solid' />
    <tag k='type' v='line_thin' />
  </way>
  <way id='198961' version='1'>
    <nd ref='198663' />
    <nd ref='198680' />
    <tag k='type' v='virtual' />
  </way>
  <way id='198963' version='1'>
    <nd ref='198905' />
    <nd ref='198923' />
    <tag k='subtype' v='solid' />
    <tag k='type' v='line_thin' />
  </way>
  <way id='198964' version='1'>
    <nd ref='198910' />
    <nd ref='198928' />
    <tag k='type' v='virtual' />
  </way>
  <way id='198966' version='1'>
    <nd ref='198089' />
    <nd ref='198967' />
    <nd ref='198968' />
    <nd ref='198690' />
    <tag k='subtype' v='solid' />
    <tag k='type' v='line_thin' />
  </way>
  <way id='198972' version='1'>
    <nd ref='198711' />
    <nd ref='198700' />
    <tag k='subtype' v='solid' />
    <tag k='type' v='line_thin' />
  </way>
  <way id='198973' version='1'>
    <nd ref='198719' />
    <nd ref='198687' />
    <tag k='type' v='virtual' />
  </way>
  <way id='198975' version='1'>
    <nd ref='198976' />
    <nd ref='198711' />
    <tag k='subtype' v='solid' />
    <tag k='type' v='line_thin' />
  </way>
  <way id='198979' version='1'>
    <nd ref='198817' />
    <nd ref='198980' />
    <tag k='subtype' v='solid' />
    <tag k='type' v='line_thin' />
  </way>
  <way id='198981' version='1'>
    <nd ref='198822' />
    <nd ref='198982' />
    <tag k='subtype' v='solid' />
    <tag k='type' v='line_thin' />
  </way>
  <way id='198985' version='1'>
    <nd ref='197907' />
    <nd ref='198817' />
    <tag k='subtype' v='solid' />
    <tag k='type' v='line_thin' />
  </way>
  <way id='198986' version='1'>
    <nd ref='197910' />
    <nd ref='198822' />
    <tag k='type' v='virtual' />
  </way>
  <way id='198988' version='1'>
    <nd ref='198417' />
    <nd ref='198731' />
    <tag k='subtype' v='dashed' />
    <tag k='type' v='line_thin' />
  </way>
  <way id='198989' version='1'>
    <nd ref='198547' />
    <nd ref='198737' />
    <tag k='subtype' v='solid' />
    <tag k='type' v='line_thin' />
  </way>
  <way id='198991' version='1'>
    <nd ref='198408' />
    <nd ref='198992' />
    <tag k='subtype' v='solid_solid' />
    <tag k='type' v='line_thin' />
  </way>
  <way id='198995' version='1'>
    <nd ref='198731' />
    <nd ref='197969' />
    <tag k='subtype' v='dashed' />
    <tag k='type' v='line_thin' />
  </way>
  <way id='198996' version='1'>
    <nd ref='198737' />
    <nd ref='197972' />
    <tag k='subtype' v='solid' />
    <tag k='type' v='line_thin' />
  </way>
  <way id='198998' version='1'>
    <nd ref='198992' />
    <nd ref='198102' />
    <tag k='subtype' v='solid_solid' />
    <tag k='type' v='line_thin' />
  </way>
  <way id='199000' version='1'>
    <nd ref='198299' />
    <nd ref='198108' />
    <tag k='subtype' v='solid_solid' />
    <tag k='type' v='line_thin' />
  </way>
  <way id='199001' version='1'>
    <nd ref='198301' />
    <nd ref='198111' />
    <tag k='subtype' v='dashed' />
    <tag k='type' v='line_thin' />
  </way>
  <way id='199003' version='1'>
    <nd ref='198325' />
    <nd ref='198117' />
    <tag k='subtype' v='solid' />
    <tag k='type' v='line_thin' />
  </way>
  <way id='199005' version='1'>
    <nd ref='198109' />
    <nd ref='198427' />
    <tag k='subtype' v='solid_solid' />
    <tag k='type' v='line_thin' />
  </way>
  <way id='199006' version='1'>
    <nd ref='198112' />
    <nd ref='198429' />
    <tag k='subtype' v='dashed' />
    <tag k='type' v='line_thin' />
  </way>
  <way id='199008' version='1'>
    <nd ref='198118' />
    <nd ref='198457' />
    <tag k='subtype' v='solid' />
    <tag k='type' v='line_thin' />
  </way>
  <way id='199010' version='1'>
    <nd ref='199011' />
    <nd ref='199012' />
    <nd ref='199013' />
    <nd ref='199014' />
    <nd ref='199015' />
    <nd ref='199016' />
    <nd ref='199017' />
    <nd ref='199018' />
    <nd ref='199019' />
    <nd ref='199020' />
    <nd ref='199021' />
    <nd ref='198554' />
    <tag k='subtype' v='solid' />
    <tag k='type' v='line_thin' />
  </way>
  <way id='199022' version='1'>
    <nd ref='198688' />
    <nd ref='199023' />
    <nd ref='199024' />
    <nd ref='199025' />
    <nd ref='199026' />
    <nd ref='199027' />
    <nd ref='199028' />
    <nd ref='199029' />
    <nd ref='199030' />
    <nd ref='199031' />
    <nd ref='199032' />
    <nd ref='198556' />
    <tag k='subtype' v='solid' />
    <tag k='type' v='line_thin' />
  </way>
  <way id='199045' version='1'>
    <nd ref='198856' />
    <nd ref='198187' />
    <tag k='subtype' v='solid' />
    <tag k='type' v='line_thin' />
  </way>
  <way id='199046' version='1'>
    <nd ref='198862' />
    <nd ref='198193' />
    <tag k='subtype' v='solid' />
    <tag k='type' v='line_thin' />
  </way>
  <way id='199048' version='1'>
    <nd ref='198982' />
    <nd ref='198842' />
    <tag k='subtype' v='solid' />
    <tag k='type' v='line_thin' />
  </way>
  <way id='199049' version='1'>
    <nd ref='198982' />
    <nd ref='199050' />
    <nd ref='199051' />
    <nd ref='199052' />
    <nd ref='198844' />
    <tag k='type' v='virtual' />
  </way>
  <way id='199055' version='1'>
    <nd ref='198980' />
    <nd ref='198976' />
    <tag k='subtype' v='solid' />
    <tag k='type' v='line_thin' />
  </way>
  <way id='199057' version='1'>
    <nd ref='198011' />
    <nd ref='199058' />
    <nd ref='196648' />
    <tag k='subtype' v='solid' />
    <tag k='type' v='line_thin' />
  </way>
  <way id='199059' version='1'>
    <nd ref='197998' />
    <nd ref='199060' />
    <nd ref='196652' />
    <tag k='subtype' v='solid' />
    <tag k='type' v='line_thin' />
  </way>
  <way id='199063' version='1'>
    <nd ref='198700' />
    <nd ref='199011' />
    <tag k='subtype' v='solid' />
    <tag k='type' v='line_thin' />
  </way>
  <way id='199065' version='1'>
    <nd ref='199066' />
    <nd ref='199067' />
    <nd ref='199068' />
    <nd ref='197273' />
    <tag k='subtype' v='solid' />
    <tag k='type' v='line_thin' />
  </way>
  <way id='199069' version='1'>
    <nd ref='199070' />
    <nd ref='199071' />
    <nd ref='199072' />
    <nd ref='197281' />
    <tag k='type' v='virtual' />
  </way>
  <way id='199077' version='1'>
    <nd ref='196785' />
    <nd ref='199078' />
    <nd ref='199079' />
    <nd ref='199080' />
    <nd ref='199081' />
    <nd ref='199082' />
    <nd ref='199083' />
    <tag k='subtype' v='solid' />
    <tag k='type' v='line_thin' />
  </way>
  <way id='199084' version='1'>
    <nd ref='196788' />
    <nd ref='199085' />
    <nd ref='199086' />
    <nd ref='199087' />
    <nd ref='199088' />
    <nd ref='199089' />
    <tag k='subtype' v='solid' />
    <tag k='type' v='line_thin' />
  </way>
  <way id='199096' version='1'>
    <nd ref='199083' />
    <nd ref='199097' />
    <nd ref='199098' />
    <nd ref='199099' />
    <tag k='subtype' v='solid' />
    <tag k='type' v='line_thin' />
  </way>
  <way id='199100' version='1'>
    <nd ref='199089' />
    <nd ref='199101' />
    <nd ref='199102' />
    <nd ref='199103' />
    <tag k='subtype' v='solid' />
    <tag k='type' v='line_thin' />
  </way>
  <way id='199108' version='1'>
    <nd ref='199099' />
    <nd ref='199109' />
    <tag k='subtype' v='solid' />
    <tag k='type' v='line_thin' />
  </way>
  <way id='199110' version='1'>
    <nd ref='199103' />
    <nd ref='199111' />
    <tag k='subtype' v='solid' />
    <tag k='type' v='line_thin' />
  </way>
  <way id='199114' version='1'>
    <nd ref='199109' />
    <nd ref='199115' />
    <nd ref='199116' />
    <tag k='subtype' v='solid' />
    <tag k='type' v='line_thin' />
  </way>
  <way id='199117' version='1'>
    <nd ref='199111' />
    <nd ref='199118' />
    <nd ref='199119' />
    <tag k='subtype' v='solid' />
    <tag k='type' v='line_thin' />
  </way>
  <way id='199123' version='1'>
    <nd ref='199116' />
    <nd ref='199124' />
    <nd ref='199125' />
    <nd ref='199126' />
    <tag k='subtype' v='solid' />
    <tag k='type' v='line_thin' />
  </way>
  <way id='199127' version='1'>
    <nd ref='199119' />
    <nd ref='199128' />
    <nd ref='199129' />
    <nd ref='199130' />
    <tag k='subtype' v='solid' />
    <tag k='type' v='line_thin' />
  </way>
  <way id='199135' version='1'>
    <nd ref='199126' />
    <nd ref='199136' />
    <tag k='subtype' v='solid' />
    <tag k='type' v='line_thin' />
  </way>
  <way id='199137' version='1'>
    <nd ref='199130' />
    <nd ref='199138' />
    <tag k='subtype' v='solid' />
    <tag k='type' v='line_thin' />
  </way>
  <way id='199141' version='1'>
    <nd ref='199136' />
    <nd ref='199142' />
    <tag k='subtype' v='solid' />
    <tag k='type' v='line_thin' />
  </way>
  <way id='199143' version='1'>
    <nd ref='199138' />
    <nd ref='199144' />
    <tag k='subtype' v='solid' />
    <tag k='type' v='line_thin' />
  </way>
  <way id='199147' version='1'>
    <nd ref='199142' />
    <nd ref='199148' />
    <tag k='subtype' v='solid' />
    <tag k='type' v='line_thin' />
  </way>
  <way id='199149' version='1'>
    <nd ref='199144' />
    <nd ref='199150' />
    <tag k='subtype' v='solid' />
    <tag k='type' v='line_thin' />
  </way>
  <way id='199153' version='1'>
    <nd ref='199148' />
    <nd ref='199154' />
    <tag k='subtype' v='solid' />
    <tag k='type' v='line_thin' />
  </way>
  <way id='199155' version='1'>
    <nd ref='199150' />
    <nd ref='199156' />
    <tag k='subtype' v='solid' />
    <tag k='type' v='line_thin' />
  </way>
  <way id='199159' version='1'>
    <nd ref='199160' />
    <nd ref='199161' />
    <tag k='subtype' v='solid' />
    <tag k='type' v='line_thin' />
  </way>
  <way id='199162' version='1'>
    <nd ref='199163' />
    <nd ref='199164' />
    <tag k='subtype' v='solid' />
    <tag k='type' v='line_thin' />
  </way>
  <way id='199168' version='1'>
    <nd ref='199161' />
    <nd ref='199169' />
    <tag k='subtype' v='solid' />
    <tag k='type' v='line_thin' />
  </way>
  <way id='199170' version='1'>
    <nd ref='199164' />
    <nd ref='199171' />
    <tag k='subtype' v='solid' />
    <tag k='type' v='line_thin' />
  </way>
  <way id='199174' version='1'>
    <nd ref='199169' />
    <nd ref='199175' />
    <tag k='subtype' v='solid' />
    <tag k='type' v='line_thin' />
  </way>
  <way id='199176' version='1'>
    <nd ref='199171' />
    <nd ref='199177' />
    <tag k='subtype' v='solid' />
    <tag k='type' v='line_thin' />
  </way>
  <way id='199180' version='1'>
    <nd ref='199175' />
    <nd ref='199181' />
    <tag k='subtype' v='solid' />
    <tag k='type' v='line_thin' />
  </way>
  <way id='199182' version='1'>
    <nd ref='199177' />
    <nd ref='199183' />
    <tag k='subtype' v='solid' />
    <tag k='type' v='line_thin' />
  </way>
  <way id='199186' version='1'>
    <nd ref='199181' />
    <nd ref='199187' />
    <nd ref='199188' />
    <nd ref='197136' />
    <tag k='subtype' v='solid' />
    <tag k='type' v='line_thin' />
  </way>
  <way id='199189' version='1'>
    <nd ref='199183' />
    <nd ref='199190' />
    <nd ref='199191' />
    <nd ref='197140' />
    <tag k='subtype' v='solid' />
    <tag k='type' v='line_thin' />
  </way>
  <way id='199195' version='1'>
    <nd ref='199196' />
    <nd ref='199197' />
    <nd ref='199198' />
    <nd ref='199199' />
    <nd ref='199200' />
    <nd ref='199201' />
    <tag k='subtype' v='solid' />
    <tag k='type' v='line_thin' />
  </way>
  <way id='199202' version='1'>
    <nd ref='199203' />
    <nd ref='199204' />
    <nd ref='199205' />
    <nd ref='199206' />
    <nd ref='199207' />
    <nd ref='199208' />
    <tag k='subtype' v='solid' />
    <tag k='type' v='line_thin' />
  </way>
  <way id='199216' version='1'>
    <nd ref='197155' />
    <nd ref='199217' />
    <tag k='subtype' v='solid' />
    <tag k='type' v='line_thin' />
  </way>
  <way id='199218' version='1'>
    <nd ref='197171' />
    <nd ref='199219' />
    <tag k='subtype' v='solid' />
    <tag k='type' v='line_thin' />
  </way>
  <way id='199222' version='1'>
    <nd ref='199217' />
    <nd ref='199223' />
    <tag k='subtype' v='solid' />
    <tag k='type' v='line_thin' />
  </way>
  <way id='199224' version='1'>
    <nd ref='199219' />
    <nd ref='199225' />
    <nd ref='199226' />
    <nd ref='199227' />
    <tag k='subtype' v='solid' />
    <tag k='type' v='line_thin' />
  </way>
  <way id='199230' version='1'>
    <nd ref='199223' />
    <nd ref='199231' />
    <tag k='subtype' v='solid' />
    <tag k='type' v='line_thin' />
  </way>
  <way id='199232' version='1'>
    <nd ref='199227' />
    <nd ref='199233' />
    <tag k='subtype' v='solid' />
    <tag k='type' v='line_thin' />
  </way>
  <way id='199236' version='1'>
    <nd ref='199231' />
    <nd ref='199237' />
    <tag k='subtype' v='solid' />
    <tag k='type' v='line_thin' />
  </way>
  <way id='199238' version='1'>
    <nd ref='199233' />
    <nd ref='199239' />
    <tag k='subtype' v='solid' />
    <tag k='type' v='line_thin' />
  </way>
  <way id='199242' version='1'>
    <nd ref='199237' />
    <nd ref='199243' />
    <tag k='subtype' v='solid' />
    <tag k='type' v='line_thin' />
  </way>
  <way id='199244' version='1'>
    <nd ref='199239' />
    <nd ref='199245' />
    <nd ref='199246' />
    <nd ref='199247' />
    <tag k='subtype' v='solid' />
    <tag k='type' v='line_thin' />
  </way>
  <way id='199251' version='1'>
    <nd ref='199243' />
    <nd ref='199252' />
    <tag k='subtype' v='solid' />
    <tag k='type' v='line_thin' />
  </way>
  <way id='199253' version='1'>
    <nd ref='199247' />
    <nd ref='199254' />
    <tag k='subtype' v='solid' />
    <tag k='type' v='line_thin' />
  </way>
  <way id='199257' version='1'>
    <nd ref='199252' />
    <nd ref='197195' />
    <tag k='subtype' v='solid' />
    <tag k='type' v='line_thin' />
  </way>
  <way id='199258' version='1'>
    <nd ref='199254' />
    <nd ref='197203' />
    <tag k='subtype' v='solid' />
    <tag k='type' v='line_thin' />
  </way>
  <way id='199260' version='1'>
    <nd ref='197224' />
    <nd ref='199261' />
    <tag k='subtype' v='solid' />
    <tag k='type' v='line_thin' />
  </way>
  <way id='199262' version='1'>
    <nd ref='197231' />
    <nd ref='199263' />
    <tag k='subtype' v='solid' />
    <tag k='type' v='line_thin' />
  </way>
  <way id='199266' version='1'>
    <nd ref='199261' />
    <nd ref='199267' />
    <tag k='subtype' v='solid' />
    <tag k='type' v='line_thin' />
  </way>
  <way id='199268' version='1'>
    <nd ref='199263' />
    <nd ref='199269' />
    <tag k='subtype' v='solid' />
    <tag k='type' v='line_thin' />
  </way>
  <way id='199272' version='1'>
    <nd ref='199267' />
    <nd ref='199273' />
    <tag k='subtype' v='solid' />
    <tag k='type' v='line_thin' />
  </way>
  <way id='199274' version='1'>
    <nd ref='199269' />
    <nd ref='199275' />
    <tag k='subtype' v='solid' />
    <tag k='type' v='line_thin' />
  </way>
  <way id='199278' version='1'>
    <nd ref='199273' />
    <nd ref='199279' />
    <nd ref='199280' />
    <tag k='subtype' v='solid' />
    <tag k='type' v='line_thin' />
  </way>
  <way id='199281' version='1'>
    <nd ref='199275' />
    <nd ref='199282' />
    <tag k='subtype' v='solid' />
    <tag k='type' v='line_thin' />
  </way>
  <way id='199285' version='1'>
    <nd ref='199280' />
    <nd ref='199286' />
    <tag k='subtype' v='solid' />
    <tag k='type' v='line_thin' />
  </way>
  <way id='199287' version='1'>
    <nd ref='199282' />
    <nd ref='199288' />
    <tag k='subtype' v='solid' />
    <tag k='type' v='line_thin' />
  </way>
  <way id='199291' version='1'>
    <nd ref='199286' />
    <nd ref='199292' />
    <tag k='subtype' v='solid' />
    <tag k='type' v='line_thin' />
  </way>
  <way id='199293' version='1'>
    <nd ref='199288' />
    <nd ref='199294' />
    <tag k='subtype' v='solid' />
    <tag k='type' v='line_thin' />
  </way>
  <way id='199297' version='1'>
    <nd ref='199292' />
    <nd ref='197144' />
    <tag k='subtype' v='solid' />
    <tag k='type' v='line_thin' />
  </way>
  <way id='199298' version='1'>
    <nd ref='199294' />
    <nd ref='197157' />
    <tag k='subtype' v='solid' />
    <tag k='type' v='line_thin' />
  </way>
  <way id='199300' version='1'>
    <nd ref='199154' />
    <nd ref='199301' />
    <tag k='subtype' v='solid' />
    <tag k='type' v='line_thin' />
  </way>
  <way id='199302' version='1'>
    <nd ref='199156' />
    <nd ref='199303' />
    <tag k='subtype' v='solid' />
    <tag k='type' v='line_thin' />
  </way>
  <way id='199306' version='1'>
    <nd ref='199301' />
    <nd ref='199307' />
    <tag k='subtype' v='solid' />
    <tag k='type' v='line_thin' />
  </way>
  <way id='199308' version='1'>
    <nd ref='199303' />
    <nd ref='199309' />
    <tag k='subtype' v='solid' />
    <tag k='type' v='line_thin' />
  </way>
  <way id='199312' version='1'>
    <nd ref='199307' />
    <nd ref='199313' />
    <tag k='subtype' v='solid' />
    <tag k='type' v='line_thin' />
  </way>
  <way id='199314' version='1'>
    <nd ref='199309' />
    <nd ref='199315' />
    <tag k='subtype' v='solid' />
    <tag k='type' v='line_thin' />
  </way>
  <way id='199318' version='1'>
    <nd ref='199313' />
    <nd ref='199319' />
    <tag k='subtype' v='solid' />
    <tag k='type' v='line_thin' />
  </way>
  <way id='199320' version='1'>
    <nd ref='199315' />
    <nd ref='199321' />
    <tag k='subtype' v='solid' />
    <tag k='type' v='line_thin' />
  </way>
  <way id='199324' version='1'>
    <nd ref='199319' />
    <nd ref='199325' />
    <tag k='subtype' v='solid' />
    <tag k='type' v='line_thin' />
  </way>
  <way id='199326' version='1'>
    <nd ref='199321' />
    <nd ref='199327' />
    <tag k='subtype' v='solid' />
    <tag k='type' v='line_thin' />
  </way>
  <way id='199330' version='1'>
    <nd ref='199201' />
    <nd ref='199331' />
    <tag k='subtype' v='solid' />
    <tag k='type' v='line_thin' />
  </way>
  <way id='199332' version='1'>
    <nd ref='199208' />
    <nd ref='199333' />
    <tag k='subtype' v='solid' />
    <tag k='type' v='line_thin' />
  </way>
  <way id='199336' version='1'>
    <nd ref='199331' />
    <nd ref='199337' />
    <tag k='subtype' v='solid' />
    <tag k='type' v='line_thin' />
  </way>
  <way id='199338' version='1'>
    <nd ref='199333' />
    <nd ref='199339' />
    <tag k='subtype' v='solid' />
    <tag k='type' v='line_thin' />
  </way>
  <way id='199342' version='1'>
    <nd ref='199337' />
    <nd ref='199343' />
    <tag k='subtype' v='solid' />
    <tag k='type' v='line_thin' />
  </way>
  <way id='199344' version='1'>
    <nd ref='199339' />
    <nd ref='199345' />
    <tag k='subtype' v='solid' />
    <tag k='type' v='line_thin' />
  </way>
  <way id='199348' version='1'>
    <nd ref='199343' />
    <nd ref='199349' />
    <tag k='subtype' v='solid' />
    <tag k='type' v='line_thin' />
  </way>
  <way id='199350' version='1'>
    <nd ref='199345' />
    <nd ref='199351' />
    <tag k='subtype' v='solid' />
    <tag k='type' v='line_thin' />
  </way>
  <way id='199354' version='1'>
    <nd ref='199349' />
    <nd ref='199355' />
    <tag k='subtype' v='solid' />
    <tag k='type' v='line_thin' />
  </way>
  <way id='199356' version='1'>
    <nd ref='199351' />
    <nd ref='199357' />
    <tag k='subtype' v='solid' />
    <tag k='type' v='line_thin' />
  </way>
  <way id='199360' version='1'>
    <nd ref='199355' />
    <nd ref='199361' />
    <tag k='subtype' v='solid' />
    <tag k='type' v='line_thin' />
  </way>
  <way id='199362' version='1'>
    <nd ref='199357' />
    <nd ref='199363' />
    <tag k='subtype' v='solid' />
    <tag k='type' v='line_thin' />
  </way>
  <way id='199366' version='1'>
    <nd ref='199361' />
    <nd ref='199367' />
    <tag k='subtype' v='solid' />
    <tag k='type' v='line_thin' />
  </way>
  <way id='199368' version='1'>
    <nd ref='199363' />
    <nd ref='199369' />
    <tag k='subtype' v='solid' />
    <tag k='type' v='line_thin' />
  </way>
  <way id='199372' version='1'>
    <nd ref='199367' />
    <nd ref='199160' />
    <tag k='subtype' v='solid' />
    <tag k='type' v='line_thin' />
  </way>
  <way id='199373' version='1'>
    <nd ref='199369' />
    <nd ref='199163' />
    <tag k='subtype' v='solid' />
    <tag k='type' v='line_thin' />
  </way>
  <way id='199375' version='1'>
    <nd ref='196820' />
    <nd ref='199376' />
    <nd ref='199377' />
    <tag k='subtype' v='solid' />
    <tag k='type' v='line_thin' />
  </way>
  <way id='199378' version='1'>
    <nd ref='196830' />
    <nd ref='199379' />
    <nd ref='199380' />
    <tag k='subtype' v='solid' />
    <tag k='type' v='line_thin' />
  </way>
  <way id='199384' version='1'>
    <nd ref='199377' />
    <nd ref='199385' />
    <nd ref='196752' />
    <tag k='subtype' v='solid' />
    <tag k='type' v='line_thin' />
  </way>
  <way id='199386' version='1'>
    <nd ref='199380' />
    <nd ref='199387' />
    <nd ref='199388' />
    <nd ref='196758' />
    <tag k='subtype' v='solid' />
    <tag k='type' v='line_thin' />
  </way>
  <way id='199392' version='1'>
    <nd ref='196908' />
    <nd ref='199393' />
    <nd ref='199394' />
    <nd ref='199395' />
    <nd ref='199396' />
    <nd ref='199397' />
    <nd ref='199398' />
    <nd ref='199399' />
    <nd ref='199400' />
    <tag k='subtype' v='solid' />
    <tag k='type' v='line_thin' />
  </way>
  <way id='199401' version='1'>
    <nd ref='196914' />
    <nd ref='199402' />
    <nd ref='199403' />
    <nd ref='199404' />
    <nd ref='199405' />
    <nd ref='199406' />
    <nd ref='199407' />
    <nd ref='199408' />
    <tag k='subtype' v='dashed' />
    <tag k='type' v='line_thin' />
  </way>
  <way id='199418' version='1'>
    <nd ref='199400' />
    <nd ref='199419' />
    <nd ref='199420' />
    <nd ref='199421' />
    <nd ref='199422' />
    <nd ref='199423' />
    <nd ref='199424' />
    <nd ref='199425' />
    <nd ref='199426' />
    <tag k='subtype' v='solid' />
    <tag k='type' v='line_thin' />
  </way>
  <way id='199427' version='1'>
    <nd ref='199408' />
    <nd ref='199428' />
    <nd ref='199429' />
    <nd ref='199430' />
    <nd ref='199431' />
    <nd ref='199432' />
    <nd ref='199433' />
    <nd ref='199434' />
    <nd ref='199435' />
    <tag k='subtype' v='dashed' />
    <tag k='type' v='line_thin' />
  </way>
  <way id='199445' version='1'>
    <nd ref='199426' />
    <nd ref='199446' />
    <nd ref='199447' />
    <nd ref='199448' />
    <nd ref='199449' />
    <nd ref='199450' />
    <nd ref='199451' />
    <nd ref='199452' />
    <nd ref='199453' />
    <tag k='subtype' v='solid' />
    <tag k='type' v='line_thin' />
  </way>
  <way id='199454' version='1'>
    <nd ref='199435' />
    <nd ref='199455' />
    <nd ref='199456' />
    <nd ref='199457' />
    <nd ref='199458' />
    <nd ref='199459' />
    <nd ref='199460' />
    <nd ref='199461' />
    <tag k='subtype' v='dashed' />
    <tag k='type' v='line_thin' />
  </way>
  <way id='199470' version='1'>
    <nd ref='199453' />
    <nd ref='199471' />
    <nd ref='199472' />
    <nd ref='199473' />
    <nd ref='199474' />
    <nd ref='199475' />
    <nd ref='199476' />
    <nd ref='199477' />
    <nd ref='199478' />
    <tag k='subtype' v='solid' />
    <tag k='type' v='line_thin' />
  </way>
  <way id='199479' version='1'>
    <nd ref='199461' />
    <nd ref='199480' />
    <nd ref='199481' />
    <nd ref='199482' />
    <nd ref='199483' />
    <nd ref='199484' />
    <nd ref='199485' />
    <nd ref='199486' />
    <tag k='subtype' v='dashed' />
    <tag k='type' v='line_thin' />
  </way>
  <way id='199496' version='1'>
    <nd ref='199478' />
    <nd ref='199497' />
    <nd ref='199498' />
    <nd ref='199499' />
    <nd ref='199500' />
    <nd ref='199501' />
    <nd ref='199502' />
    <nd ref='199503' />
    <nd ref='199504' />
    <tag k='subtype' v='solid' />
    <tag k='type' v='line_thin' />
  </way>
  <way id='199505' version='1'>
    <nd ref='199486' />
    <nd ref='199506' />
    <nd ref='199507' />
    <nd ref='199508' />
    <nd ref='199509' />
    <nd ref='199510' />
    <nd ref='199511' />
    <nd ref='199512' />
    <nd ref='199513' />
    <tag k='subtype' v='dashed' />
    <tag k='type' v='line_thin' />
  </way>
  <way id='199523' version='1'>
    <nd ref='199504' />
    <nd ref='199524' />
    <nd ref='199525' />
    <nd ref='199526' />
    <nd ref='199527' />
    <nd ref='199528' />
    <nd ref='199529' />
    <nd ref='199530' />
    <nd ref='196872' />
    <tag k='subtype' v='solid' />
    <tag k='type' v='line_thin' />
  </way>
  <way id='199531' version='1'>
    <nd ref='199513' />
    <nd ref='199532' />
    <nd ref='199533' />
    <nd ref='199534' />
    <nd ref='199535' />
    <nd ref='199536' />
    <nd ref='199537' />
    <nd ref='199538' />
    <nd ref='196879' />
    <tag k='subtype' v='dashed' />
    <tag k='type' v='line_thin' />
  </way>
  <way id='199547' version='1'>
    <nd ref='199548' />
    <nd ref='199549' />
    <tag k='subtype' v='solid' />
    <tag k='type' v='line_thin' />
  </way>
  <way id='199550' version='1'>
    <nd ref='199551' />
    <nd ref='199552' />
    <tag k='subtype' v='solid' />
    <tag k='type' v='line_thin' />
  </way>
  <way id='199556' version='1'>
    <nd ref='199549' />
    <nd ref='199557' />
    <tag k='subtype' v='solid' />
    <tag k='type' v='line_thin' />
  </way>
  <way id='199558' version='1'>
    <nd ref='199552' />
    <nd ref='199559' />
    <tag k='subtype' v='solid' />
    <tag k='type' v='line_thin' />
  </way>
  <way id='199562' version='1'>
    <nd ref='199557' />
    <nd ref='199563' />
    <tag k='subtype' v='solid' />
    <tag k='type' v='line_thin' />
  </way>
  <way id='199564' version='1'>
    <nd ref='199559' />
    <nd ref='199565' />
    <tag k='subtype' v='solid' />
    <tag k='type' v='line_thin' />
  </way>
  <way id='199568' version='1'>
    <nd ref='199563' />
    <nd ref='199569' />
    <tag k='subtype' v='solid' />
    <tag k='type' v='line_thin' />
  </way>
  <way id='199570' version='1'>
    <nd ref='199565' />
    <nd ref='199571' />
    <tag k='subtype' v='solid' />
    <tag k='type' v='line_thin' />
  </way>
  <way id='199574' version='1'>
    <nd ref='199569' />
    <nd ref='199575' />
    <tag k='subtype' v='solid' />
    <tag k='type' v='line_thin' />
  </way>
  <way id='199576' version='1'>
    <nd ref='199571' />
    <nd ref='199577' />
    <tag k='subtype' v='solid' />
    <tag k='type' v='line_thin' />
  </way>
  <way id='199580' version='1'>
    <nd ref='199575' />
    <nd ref='199581' />
    <tag k='subtype' v='solid' />
    <tag k='type' v='line_thin' />
  </way>
  <way id='199582' version='1'>
    <nd ref='199577' />
    <nd ref='199583' />
    <tag k='subtype' v='solid' />
    <tag k='type' v='line_thin' />
  </way>
  <way id='199586' version='1'>
    <nd ref='199581' />
    <nd ref='199587' />
    <tag k='subtype' v='solid' />
    <tag k='type' v='line_thin' />
  </way>
  <way id='199588' version='1'>
    <nd ref='199583' />
    <nd ref='199589' />
    <tag k='subtype' v='solid' />
    <tag k='type' v='line_thin' />
  </way>
  <way id='199592' version='1'>
    <nd ref='199587' />
    <nd ref='199593' />
    <tag k='subtype' v='solid' />
    <tag k='type' v='line_thin' />
  </way>
  <way id='199594' version='1'>
    <nd ref='199589' />
    <nd ref='199595' />
    <tag k='subtype' v='solid' />
    <tag k='type' v='line_thin' />
  </way>
  <way id='199598' version='1'>
    <nd ref='199593' />
    <nd ref='199599' />
    <tag k='subtype' v='solid' />
    <tag k='type' v='line_thin' />
  </way>
  <way id='199600' version='1'>
    <nd ref='199595' />
    <nd ref='199601' />
    <tag k='subtype' v='solid' />
    <tag k='type' v='line_thin' />
  </way>
  <way id='199604' version='1'>
    <nd ref='199599' />
    <nd ref='199605' />
    <nd ref='199606' />
    <nd ref='199607' />
    <nd ref='199608' />
    <nd ref='199609' />
    <nd ref='199610' />
    <nd ref='199611' />
    <tag k='subtype' v='solid' />
    <tag k='type' v='line_thin' />
  </way>
  <way id='199612' version='1'>
    <nd ref='199601' />
    <nd ref='199613' />
    <nd ref='199614' />
    <nd ref='199615' />
    <nd ref='199616' />
    <nd ref='199617' />
    <nd ref='199618' />
    <nd ref='199619' />
    <tag k='subtype' v='solid' />
    <tag k='type' v='line_thin' />
  </way>
  <way id='199628' version='1'>
    <nd ref='199611' />
    <nd ref='199629' />
    <tag k='subtype' v='solid' />
    <tag k='type' v='line_thin' />
  </way>
  <way id='199630' version='1'>
    <nd ref='199619' />
    <nd ref='199631' />
    <tag k='subtype' v='solid' />
    <tag k='type' v='line_thin' />
  </way>
  <way id='199634' version='1'>
    <nd ref='199629' />
    <nd ref='199635' />
    <tag k='subtype' v='solid' />
    <tag k='type' v='line_thin' />
  </way>
  <way id='199636' version='1'>
    <nd ref='199631' />
    <nd ref='199637' />
    <tag k='subtype' v='solid' />
    <tag k='type' v='line_thin' />
  </way>
  <way id='199640' version='1'>
    <nd ref='199635' />
    <nd ref='199641' />
    <nd ref='199642' />
    <nd ref='199643' />
    <nd ref='199644' />
    <nd ref='199645' />
    <tag k='subtype' v='solid' />
    <tag k='type' v='line_thin' />
  </way>
  <way id='199646' version='1'>
    <nd ref='199637' />
    <nd ref='199647' />
    <nd ref='199648' />
    <nd ref='199649' />
    <tag k='subtype' v='solid' />
    <tag k='type' v='line_thin' />
  </way>
  <way id='199655' version='1'>
    <nd ref='199645' />
    <nd ref='199656' />
    <nd ref='199657' />
    <nd ref='199658' />
    <nd ref='199659' />
    <nd ref='199660' />
    <nd ref='199661' />
    <nd ref='199662' />
    <nd ref='196987' />
    <tag k='subtype' v='solid' />
    <tag k='type' v='line_thin' />
  </way>
  <way id='199663' version='1'>
    <nd ref='199649' />
    <nd ref='199664' />
    <nd ref='199665' />
    <nd ref='199666' />
    <nd ref='199667' />
    <nd ref='199668' />
    <nd ref='199669' />
    <nd ref='196992' />
    <tag k='subtype' v='solid' />
    <tag k='type' v='line_thin' />
  </way>
  <way id='199677' version='1'>
    <nd ref='197104' />
    <nd ref='199678' />
    <nd ref='199679' />
    <nd ref='199680' />
    <nd ref='199681' />
    <nd ref='199682' />
    <nd ref='199683' />
    <nd ref='199684' />
    <nd ref='199685' />
    <nd ref='199686' />
    <tag k='subtype' v='solid' />
    <tag k='type' v='line_thin' />
  </way>
  <way id='199687' version='1'>
    <nd ref='197107' />
    <nd ref='199688' />
    <nd ref='199689' />
    <nd ref='199690' />
    <nd ref='199691' />
    <nd ref='199692' />
    <nd ref='199693' />
    <tag k='subtype' v='solid' />
    <tag k='type' v='line_thin' />
  </way>
  <way id='199702' version='1'>
    <nd ref='199686' />
    <nd ref='199703' />
    <nd ref='199704' />
    <nd ref='199705' />
    <nd ref='199706' />
    <nd ref='199707' />
    <tag k='subtype' v='solid' />
    <tag k='type' v='line_thin' />
  </way>
  <way id='199708' version='1'>
    <nd ref='199693' />
    <nd ref='199709' />
    <nd ref='199710' />
    <nd ref='199711' />
    <nd ref='199712' />
    <nd ref='199713' />
    <tag k='subtype' v='solid' />
    <tag k='type' v='line_thin' />
  </way>
  <way id='199720' version='1'>
    <nd ref='199707' />
    <nd ref='199721' />
    <tag k='subtype' v='solid' />
    <tag k='type' v='line_thin' />
  </way>
  <way id='199722' version='1'>
    <nd ref='199713' />
    <nd ref='199723' />
    <tag k='subtype' v='solid' />
    <tag k='type' v='line_thin' />
  </way>
  <way id='199726' version='1'>
    <nd ref='199721' />
    <nd ref='199727' />
    <tag k='subtype' v='solid' />
    <tag k='type' v='line_thin' />
  </way>
  <way id='199728' version='1'>
    <nd ref='199723' />
    <nd ref='199729' />
    <tag k='subtype' v='solid' />
    <tag k='type' v='line_thin' />
  </way>
  <way id='199732' version='1'>
    <nd ref='199727' />
    <nd ref='199733' />
    <nd ref='199734' />
    <nd ref='199735' />
    <nd ref='199736' />
    <nd ref='199737' />
    <nd ref='199738' />
    <nd ref='199739' />
    <tag k='subtype' v='solid' />
    <tag k='type' v='line_thin' />
  </way>
  <way id='199740' version='1'>
    <nd ref='199729' />
    <nd ref='199741' />
    <nd ref='199742' />
    <nd ref='199743' />
    <nd ref='199744' />
    <nd ref='199745' />
    <nd ref='199746' />
    <nd ref='199747' />
    <tag k='subtype' v='solid' />
    <tag k='type' v='line_thin' />
  </way>
  <way id='199756' version='1'>
    <nd ref='199739' />
    <nd ref='199757' />
    <tag k='subtype' v='solid' />
    <tag k='type' v='line_thin' />
  </way>
  <way id='199758' version='1'>
    <nd ref='199747' />
    <nd ref='199759' />
    <tag k='subtype' v='solid' />
    <tag k='type' v='line_thin' />
  </way>
  <way id='199762' version='1'>
    <nd ref='199757' />
    <nd ref='199763' />
    <tag k='subtype' v='solid' />
    <tag k='type' v='line_thin' />
  </way>
  <way id='199764' version='1'>
    <nd ref='199759' />
    <nd ref='199765' />
    <tag k='subtype' v='solid' />
    <tag k='type' v='line_thin' />
  </way>
  <way id='199768' version='1'>
    <nd ref='199763' />
    <nd ref='199769' />
    <tag k='subtype' v='solid' />
    <tag k='type' v='line_thin' />
  </way>
  <way id='199770' version='1'>
    <nd ref='199765' />
    <nd ref='199771' />
    <tag k='subtype' v='solid' />
    <tag k='type' v='line_thin' />
  </way>
  <way id='199774' version='1'>
    <nd ref='199769' />
    <nd ref='199775' />
    <tag k='subtype' v='solid' />
    <tag k='type' v='line_thin' />
  </way>
  <way id='199776' version='1'>
    <nd ref='199771' />
    <nd ref='199777' />
    <tag k='subtype' v='solid' />
    <tag k='type' v='line_thin' />
  </way>
  <way id='199780' version='1'>
    <nd ref='199775' />
    <nd ref='199781' />
    <tag k='subtype' v='solid' />
    <tag k='type' v='line_thin' />
  </way>
  <way id='199782' version='1'>
    <nd ref='199777' />
    <nd ref='199783' />
    <tag k='subtype' v='solid' />
    <tag k='type' v='line_thin' />
  </way>
  <way id='199786' version='1'>
    <nd ref='199781' />
    <nd ref='199787' />
    <tag k='subtype' v='solid' />
    <tag k='type' v='line_thin' />
  </way>
  <way id='199788' version='1'>
    <nd ref='199783' />
    <nd ref='199789' />
    <tag k='subtype' v='solid' />
    <tag k='type' v='line_thin' />
  </way>
  <way id='199792' version='1'>
    <nd ref='199787' />
    <nd ref='199793' />
    <tag k='subtype' v='solid' />
    <tag k='type' v='line_thin' />
  </way>
  <way id='199794' version='1'>
    <nd ref='199789' />
    <nd ref='199795' />
    <tag k='subtype' v='solid' />
    <tag k='type' v='line_thin' />
  </way>
  <way id='199798' version='1'>
    <nd ref='199793' />
    <nd ref='199799' />
    <tag k='subtype' v='solid' />
    <tag k='type' v='line_thin' />
  </way>
  <way id='199800' version='1'>
    <nd ref='199795' />
    <nd ref='199801' />
    <tag k='subtype' v='solid' />
    <tag k='type' v='line_thin' />
  </way>
  <way id='199804' version='1'>
    <nd ref='199799' />
    <nd ref='199805' />
    <tag k='subtype' v='solid' />
    <tag k='type' v='line_thin' />
  </way>
  <way id='199806' version='1'>
    <nd ref='199801' />
    <nd ref='199807' />
    <tag k='subtype' v='solid' />
    <tag k='type' v='line_thin' />
  </way>
  <way id='199810' version='1'>
    <nd ref='199805' />
    <nd ref='199811' />
    <nd ref='199812' />
    <nd ref='199813' />
    <nd ref='199814' />
    <nd ref='199815' />
    <nd ref='199816' />
    <nd ref='199817' />
    <nd ref='196738' />
    <tag k='subtype' v='solid' />
    <tag k='type' v='line_thin' />
  </way>
  <way id='199818' version='1'>
    <nd ref='199807' />
    <nd ref='199819' />
    <nd ref='199820' />
    <nd ref='199821' />
    <nd ref='199822' />
    <nd ref='199823' />
    <nd ref='199824' />
    <nd ref='199825' />
    <nd ref='199826' />
    <nd ref='199827' />
    <nd ref='196741' />
    <tag k='subtype' v='solid' />
    <tag k='type' v='line_thin' />
  </way>
  <way id='199836' version='1'>
    <nd ref='197874' />
    <nd ref='199837' />
    <nd ref='199838' />
    <nd ref='199839' />
    <nd ref='199840' />
    <tag k='subtype' v='solid' />
    <tag k='type' v='line_thin' />
  </way>
  <way id='199841' version='1'>
    <nd ref='197877' />
    <nd ref='199842' />
    <nd ref='199843' />
    <nd ref='199844' />
    <nd ref='199845' />
    <nd ref='199846' />
    <tag k='subtype' v='dashed' />
    <tag k='type' v='line_thin' />
  </way>
  <way id='199851' version='1'>
    <nd ref='199840' />
    <nd ref='199852' />
    <nd ref='199853' />
    <nd ref='199854' />
    <nd ref='199855' />
    <tag k='subtype' v='solid' />
    <tag k='type' v='line_thin' />
  </way>
  <way id='199856' version='1'>
    <nd ref='199846' />
    <nd ref='199857' />
    <nd ref='199858' />
    <nd ref='199859' />
    <nd ref='199860' />
    <nd ref='199861' />
    <tag k='subtype' v='dashed' />
    <tag k='type' v='line_thin' />
  </way>
  <way id='199867' version='1'>
    <nd ref='197883' />
    <nd ref='199868' />
    <nd ref='199869' />
    <nd ref='199870' />
    <nd ref='199871' />
    <tag k='subtype' v='dashed' />
    <tag k='type' v='line_thin' />
  </way>
  <way id='199877' version='1'>
    <nd ref='199871' />
    <nd ref='199878' />
    <nd ref='199879' />
    <nd ref='199880' />
    <nd ref='199861' />
    <tag k='subtype' v='dashed' />
    <tag k='type' v='line_thin' />
  </way>
  <way id='199885' version='1'>
    <nd ref='197889' />
    <nd ref='199886' />
    <nd ref='199887' />
    <nd ref='199888' />
    <nd ref='199889' />
    <tag k='subtype' v='dashed' />
    <tag k='type' v='line_thin' />
  </way>
  <way id='199895' version='1'>
    <nd ref='199889' />
    <nd ref='199896' />
    <nd ref='199897' />
    <nd ref='199898' />
    <nd ref='199899' />
    <tag k='subtype' v='dashed' />
    <tag k='type' v='line_thin' />
  </way>
  <way id='199905' version='1'>
    <nd ref='197895' />
    <nd ref='199906' />
    <nd ref='199907' />
    <nd ref='199908' />
    <nd ref='199909' />
    <tag k='subtype' v='solid' />
    <tag k='type' v='line_thin' />
  </way>
  <way id='199915' version='1'>
    <nd ref='199909' />
    <nd ref='199916' />
    <nd ref='199917' />
    <nd ref='199918' />
    <nd ref='199919' />
    <tag k='subtype' v='solid' />
    <tag k='type' v='line_thin' />
  </way>
  <way id='199925' version='1'>
    <nd ref='199855' />
    <nd ref='199926' />
    <tag k='subtype' v='solid' />
    <tag k='type' v='line_thin' />
  </way>
  <way id='199927' version='1'>
    <nd ref='199861' />
    <nd ref='199928' />
    <tag k='subtype' v='dashed' />
    <tag k='type' v='line_thin' />
  </way>
  <way id='199931' version='1'>
    <nd ref='199926' />
    <nd ref='199932' />
    <tag k='subtype' v='solid' />
    <tag k='type' v='line_thin' />
  </way>
  <way id='199933' version='1'>
    <nd ref='199928' />
    <nd ref='199934' />
    <tag k='subtype' v='dashed' />
    <tag k='type' v='line_thin' />
  </way>
  <way id='199937' version='1'>
    <nd ref='199932' />
    <nd ref='199938' />
    <nd ref='197526' />
    <tag k='subtype' v='solid' />
    <tag k='type' v='line_thin' />
  </way>
  <way id='199939' version='1'>
    <nd ref='199934' />
    <nd ref='199940' />
    <nd ref='197535' />
    <tag k='subtype' v='dashed' />
    <tag k='type' v='line_thin' />
  </way>
  <way id='199943' version='1'>
    <nd ref='199899' />
    <nd ref='199944' />
    <tag k='subtype' v='dashed' />
    <tag k='type' v='line_thin' />
  </way>
  <way id='199947' version='1'>
    <nd ref='199944' />
    <nd ref='199948' />
    <tag k='subtype' v='dashed' />
    <tag k='type' v='line_thin' />
  </way>
  <way id='199951' version='1'>
    <nd ref='199948' />
    <nd ref='199952' />
    <nd ref='197549' />
    <tag k='subtype' v='dashed' />
    <tag k='type' v='line_thin' />
  </way>
  <way id='199955' version='1'>
    <nd ref='199919' />
    <nd ref='199956' />
    <tag k='subtype' v='solid' />
    <tag k='type' v='line_thin' />
  </way>
  <way id='199959' version='1'>
    <nd ref='199956' />
    <nd ref='199960' />
    <tag k='subtype' v='solid' />
    <tag k='type' v='line_thin' />
  </way>
  <way id='199963' version='1'>
    <nd ref='199960' />
    <nd ref='199964' />
    <nd ref='197565' />
    <tag k='subtype' v='solid' />
    <tag k='type' v='line_thin' />
  </way>
  <way id='199967' version='1'>
    <nd ref='197533' />
    <nd ref='199968' />
    <nd ref='199969' />
    <nd ref='199970' />
    <nd ref='199971' />
    <nd ref='199972' />
    <tag k='subtype' v='solid' />
    <tag k='type' v='line_thin' />
  </way>
  <way id='199973' version='1'>
    <nd ref='197541' />
    <nd ref='199974' />
    <nd ref='199975' />
    <nd ref='199976' />
    <nd ref='199977' />
    <nd ref='199978' />
    <nd ref='199979' />
    <nd ref='199980' />
    <tag k='subtype' v='dashed' />
    <tag k='type' v='line_thin' />
  </way>
  <way id='199986' version='1'>
    <nd ref='199972' />
    <nd ref='199987' />
    <nd ref='199988' />
    <nd ref='199989' />
    <nd ref='199990' />
    <nd ref='199991' />
    <nd ref='199992' />
    <tag k='subtype' v='solid' />
    <tag k='type' v='line_thin' />
  </way>
  <way id='199993' version='1'>
    <nd ref='199980' />
    <nd ref='199994' />
    <nd ref='199995' />
    <nd ref='199996' />
    <nd ref='199997' />
    <nd ref='199998' />
    <nd ref='199999' />
    <nd ref='200000' />
    <nd ref='200001' />
    <tag k='subtype' v='dashed' />
    <tag k='type' v='line_thin' />
  </way>
  <way id='200009' version='1'>
    <nd ref='199992' />
    <nd ref='200010' />
    <nd ref='200011' />
    <nd ref='200012' />
    <nd ref='200013' />
    <nd ref='200014' />
    <nd ref='200015' />
    <nd ref='200016' />
    <tag k='subtype' v='solid' />
    <tag k='type' v='line_thin' />
  </way>
  <way id='200017' version='1'>
    <nd ref='200001' />
    <nd ref='200018' />
    <nd ref='200019' />
    <nd ref='200020' />
    <nd ref='200021' />
    <nd ref='200022' />
    <nd ref='200023' />
    <nd ref='200024' />
    <nd ref='200025' />
    <tag k='subtype' v='dashed' />
    <tag k='type' v='line_thin' />
  </way>
  <way id='200032' version='1'>
    <nd ref='200016' />
    <nd ref='200033' />
    <nd ref='200034' />
    <nd ref='200035' />
    <nd ref='200036' />
    <nd ref='200037' />
    <nd ref='200038' />
    <tag k='subtype' v='solid' />
    <tag k='type' v='line_thin' />
  </way>
  <way id='200039' version='1'>
    <nd ref='200025' />
    <nd ref='200040' />
    <nd ref='200041' />
    <nd ref='200042' />
    <nd ref='200043' />
    <nd ref='200044' />
    <nd ref='200045' />
    <nd ref='200046' />
    <nd ref='200047' />
    <tag k='subtype' v='dashed' />
    <tag k='type' v='line_thin' />
  </way>
  <way id='200055' version='1'>
    <nd ref='200038' />
    <nd ref='200056' />
    <nd ref='200057' />
    <nd ref='200058' />
    <nd ref='200059' />
    <nd ref='200060' />
    <nd ref='200061' />
    <nd ref='200062' />
    <tag k='subtype' v='solid' />
    <tag k='type' v='line_thin' />
  </way>
  <way id='200063' version='1'>
    <nd ref='200047' />
    <nd ref='200064' />
    <nd ref='200065' />
    <nd ref='200066' />
    <nd ref='200067' />
    <nd ref='200068' />
    <nd ref='200069' />
    <nd ref='200070' />
    <tag k='subtype' v='dashed' />
    <tag k='type' v='line_thin' />
  </way>
  <way id='200078' version='1'>
    <nd ref='200062' />
    <nd ref='200079' />
    <nd ref='200080' />
    <nd ref='200081' />
    <nd ref='200082' />
    <nd ref='200083' />
    <tag k='subtype' v='solid' />
    <tag k='type' v='line_thin' />
  </way>
  <way id='200084' version='1'>
    <nd ref='200070' />
    <nd ref='200085' />
    <nd ref='200086' />
    <nd ref='200087' />
    <nd ref='200088' />
    <tag k='subtype' v='dashed' />
    <tag k='type' v='line_thin' />
  </way>
  <way id='200094' version='1'>
    <nd ref='200083' />
    <nd ref='200095' />
    <nd ref='200096' />
    <nd ref='200097' />
    <nd ref='200098' />
    <tag k='subtype' v='solid' />
    <tag k='type' v='line_thin' />
  </way>
  <way id='200099' version='1'>
    <nd ref='200088' />
    <nd ref='200100' />
    <nd ref='200101' />
    <nd ref='200102' />
    <tag k='subtype' v='dashed' />
    <tag k='type' v='line_thin' />
  </way>
  <way id='200107' version='1'>
    <nd ref='200098' />
    <nd ref='200108' />
    <tag k='subtype' v='solid' />
    <tag k='type' v='line_thin' />
  </way>
  <way id='200109' version='1'>
    <nd ref='200102' />
    <nd ref='200110' />
    <tag k='subtype' v='dashed' />
    <tag k='type' v='line_thin' />
  </way>
  <way id='200113' version='1'>
    <nd ref='200108' />
    <nd ref='200114' />
    <tag k='subtype' v='solid' />
    <tag k='type' v='line_thin' />
  </way>
  <way id='200115' version='1'>
    <nd ref='200110' />
    <nd ref='200116' />
    <tag k='subtype' v='dashed' />
    <tag k='type' v='line_thin' />
  </way>
  <way id='200119' version='1'>
    <nd ref='200114' />
    <nd ref='197345' />
    <tag k='subtype' v='solid' />
    <tag k='type' v='line_thin' />
  </way>
  <way id='200120' version='1'>
    <nd ref='200116' />
    <nd ref='197348' />
    <tag k='subtype' v='dashed' />
    <tag k='type' v='line_thin' />
  </way>
  <way id='200122' version='1'>
    <nd ref='197556' />
    <nd ref='200123' />
    <nd ref='200124' />
    <nd ref='200125' />
    <nd ref='200126' />
    <nd ref='200127' />
    <nd ref='200128' />
    <tag k='subtype' v='dashed' />
    <tag k='type' v='line_thin' />
  </way>
  <way id='200136' version='1'>
    <nd ref='200128' />
    <nd ref='200137' />
    <nd ref='200138' />
    <nd ref='200139' />
    <nd ref='200140' />
    <nd ref='200141' />
    <nd ref='200142' />
    <nd ref='200143' />
    <nd ref='200144' />
    <tag k='subtype' v='dashed' />
    <tag k='type' v='line_thin' />
  </way>
  <way id='200154' version='1'>
    <nd ref='200144' />
    <nd ref='200155' />
    <nd ref='200156' />
    <nd ref='200157' />
    <nd ref='200158' />
    <nd ref='200159' />
    <nd ref='200160' />
    <nd ref='200161' />
    <nd ref='200162' />
    <tag k='subtype' v='dashed' />
    <tag k='type' v='line_thin' />
  </way>
  <way id='200172' version='1'>
    <nd ref='200162' />
    <nd ref='200173' />
    <nd ref='200174' />
    <nd ref='200175' />
    <nd ref='200176' />
    <nd ref='200177' />
    <nd ref='200178' />
    <nd ref='200179' />
    <tag k='subtype' v='dashed' />
    <tag k='type' v='line_thin' />
  </way>
  <way id='200188' version='1'>
    <nd ref='200179' />
    <nd ref='200189' />
    <nd ref='200190' />
    <nd ref='200191' />
    <nd ref='200192' />
    <nd ref='200193' />
    <nd ref='200194' />
    <nd ref='200195' />
    <nd ref='200196' />
    <tag k='subtype' v='dashed' />
    <tag k='type' v='line_thin' />
  </way>
  <way id='200205' version='1'>
    <nd ref='200196' />
    <nd ref='200206' />
    <nd ref='200207' />
    <nd ref='200208' />
    <nd ref='200209' />
    <tag k='subtype' v='dashed' />
    <tag k='type' v='line_thin' />
  </way>
  <way id='200215' version='1'>
    <nd ref='200209' />
    <nd ref='200216' />
    <nd ref='200217' />
    <nd ref='200218' />
    <tag k='subtype' v='dashed' />
    <tag k='type' v='line_thin' />
  </way>
  <way id='200223' version='1'>
    <nd ref='200218' />
    <nd ref='200224' />
    <tag k='subtype' v='dashed' />
    <tag k='type' v='line_thin' />
  </way>
  <way id='200227' version='1'>
    <nd ref='200224' />
    <nd ref='200228' />
    <tag k='subtype' v='dashed' />
    <tag k='type' v='line_thin' />
  </way>
  <way id='200231' version='1'>
    <nd ref='200228' />
    <nd ref='197354' />
    <tag k='subtype' v='dashed' />
    <tag k='type' v='line_thin' />
  </way>
  <way id='200233' version='1'>
    <nd ref='197572' />
    <nd ref='200234' />
    <nd ref='200235' />
    <nd ref='200236' />
    <nd ref='200237' />
    <nd ref='200238' />
    <tag k='subtype' v='solid' />
    <tag k='type' v='line_thin' />
  </way>
  <way id='200244' version='1'>
    <nd ref='200238' />
    <nd ref='200245' />
    <nd ref='200246' />
    <nd ref='200247' />
    <nd ref='200248' />
    <nd ref='200249' />
    <nd ref='200250' />
    <nd ref='200251' />
    <nd ref='200252' />
    <tag k='subtype' v='solid' />
    <tag k='type' v='line_thin' />
  </way>
  <way id='200261' version='1'>
    <nd ref='200252' />
    <nd ref='200262' />
    <nd ref='200263' />
    <nd ref='200264' />
    <nd ref='200265' />
    <nd ref='200266' />
    <nd ref='200267' />
    <nd ref='200268' />
    <tag k='subtype' v='solid' />
    <tag k='type' v='line_thin' />
  </way>
  <way id='200277' version='1'>
    <nd ref='200268' />
    <nd ref='200278' />
    <nd ref='200279' />
    <nd ref='200280' />
    <nd ref='200281' />
    <nd ref='200282' />
    <nd ref='200283' />
    <nd ref='200284' />
    <nd ref='200285' />
    <tag k='subtype' v='solid' />
    <tag k='type' v='line_thin' />
  </way>
  <way id='200294' version='1'>
    <nd ref='200285' />
    <nd ref='200295' />
    <nd ref='200296' />
    <nd ref='200297' />
    <nd ref='200298' />
    <nd ref='200299' />
    <nd ref='200300' />
    <nd ref='200301' />
    <tag k='subtype' v='solid' />
    <tag k='type' v='line_thin' />
  </way>
  <way id='200309' version='1'>
    <nd ref='200301' />
    <nd ref='200310' />
    <nd ref='200311' />
    <nd ref='200312' />
    <nd ref='200313' />
    <tag k='subtype' v='solid' />
    <tag k='type' v='line_thin' />
  </way>
  <way id='200319' version='1'>
    <nd ref='200313' />
    <nd ref='200320' />
    <nd ref='200321' />
    <nd ref='200322' />
    <nd ref='200323' />
    <tag k='subtype' v='solid' />
    <tag k='type' v='line_thin' />
  </way>
  <way id='200328' version='1'>
    <nd ref='200323' />
    <nd ref='200329' />
    <tag k='subtype' v='solid' />
    <tag k='type' v='line_thin' />
  </way>
  <way id='200332' version='1'>
    <nd ref='200329' />
    <nd ref='200333' />
    <tag k='subtype' v='solid' />
    <tag k='type' v='line_thin' />
  </way>
  <way id='200336' version='1'>
    <nd ref='200333' />
    <nd ref='197359' />
    <tag k='subtype' v='solid' />
    <tag k='type' v='line_thin' />
  </way>
  <way id='200338' version='1'>
    <nd ref='197346' />
    <nd ref='200339' />
    <tag k='subtype' v='solid' />
    <tag k='type' v='line_thin' />
  </way>
  <way id='200340' version='1'>
    <nd ref='197349' />
    <nd ref='200341' />
    <tag k='subtype' v='dashed' />
    <tag k='type' v='line_thin' />
  </way>
  <way id='200344' version='1'>
    <nd ref='200339' />
    <nd ref='200345' />
    <tag k='subtype' v='solid' />
    <tag k='type' v='line_thin' />
  </way>
  <way id='200346' version='1'>
    <nd ref='200341' />
    <nd ref='200347' />
    <tag k='subtype' v='dashed' />
    <tag k='type' v='line_thin' />
  </way>
  <way id='200350' version='1'>
    <nd ref='200345' />
    <nd ref='200351' />
    <tag k='subtype' v='solid' />
    <tag k='type' v='line_thin' />
  </way>
  <way id='200352' version='1'>
    <nd ref='200347' />
    <nd ref='200353' />
    <tag k='subtype' v='dashed' />
    <tag k='type' v='line_thin' />
  </way>
  <way id='200356' version='1'>
    <nd ref='200351' />
    <nd ref='200357' />
    <tag k='subtype' v='solid' />
    <tag k='type' v='line_thin' />
  </way>
  <way id='200358' version='1'>
    <nd ref='200353' />
    <nd ref='200359' />
    <tag k='subtype' v='dashed' />
    <tag k='type' v='line_thin' />
  </way>
  <way id='200362' version='1'>
    <nd ref='200357' />
    <nd ref='200363' />
    <tag k='subtype' v='solid' />
    <tag k='type' v='line_thin' />
  </way>
  <way id='55' version='1'>
    <nd ref='198187' />
    <nd ref='11' />
    <nd ref='33' />
    <nd ref='22' />
    <nd ref='44' />
    <nd ref='198214' />
    <tag k='subtype' v='solid' />
    <tag k='type' v='line_thin' />
  </way>
  <way id='200364' version='1'>
    <nd ref='200359' />
    <nd ref='200365' />
    <tag k='subtype' v='dashed' />
    <tag k='type' v='line_thin' />
  </way>
  <way id='200368' version='1'>
    <nd ref='200363' />
    <nd ref='200369' />
    <tag k='subtype' v='solid' />
    <tag k='type' v='line_thin' />
  </way>
  <way id='200370' version='1'>
    <nd ref='200365' />
    <nd ref='200371' />
    <tag k='subtype' v='dashed' />
    <tag k='type' v='line_thin' />
  </way>
  <way id='200374' version='1'>
    <nd ref='200369' />
    <nd ref='200375' />
    <tag k='subtype' v='solid' />
    <tag k='type' v='line_thin' />
  </way>
  <way id='200376' version='1'>
    <nd ref='200371' />
    <nd ref='200377' />
    <tag k='subtype' v='dashed' />
    <tag k='type' v='line_thin' />
  </way>
  <way id='200380' version='1'>
    <nd ref='200375' />
    <nd ref='200381' />
    <tag k='subtype' v='solid' />
    <tag k='type' v='line_thin' />
  </way>
  <way id='200382' version='1'>
    <nd ref='200377' />
    <nd ref='200383' />
    <tag k='subtype' v='dashed' />
    <tag k='type' v='line_thin' />
  </way>
  <way id='200386' version='1'>
    <nd ref='200381' />
    <nd ref='200387' />
    <tag k='subtype' v='solid' />
    <tag k='type' v='line_thin' />
  </way>
  <way id='200388' version='1'>
    <nd ref='200383' />
    <nd ref='200389' />
    <tag k='subtype' v='dashed' />
    <tag k='type' v='line_thin' />
  </way>
  <way id='200392' version='1'>
    <nd ref='200387' />
    <nd ref='200393' />
    <tag k='subtype' v='solid' />
    <tag k='type' v='line_thin' />
  </way>
  <way id='200394' version='1'>
    <nd ref='200389' />
    <nd ref='200395' />
    <tag k='subtype' v='dashed' />
    <tag k='type' v='line_thin' />
  </way>
  <way id='200398' version='1'>
    <nd ref='200393' />
    <nd ref='200399' />
    <tag k='subtype' v='solid' />
    <tag k='type' v='line_thin' />
  </way>
  <way id='200400' version='1'>
    <nd ref='200395' />
    <nd ref='200401' />
    <tag k='subtype' v='dashed' />
    <tag k='type' v='line_thin' />
  </way>
  <way id='200404' version='1'>
    <nd ref='200399' />
    <nd ref='200405' />
    <tag k='subtype' v='solid' />
    <tag k='type' v='line_thin' />
  </way>
  <way id='200406' version='1'>
    <nd ref='200401' />
    <nd ref='200407' />
    <tag k='subtype' v='dashed' />
    <tag k='type' v='line_thin' />
  </way>
  <way id='200410' version='1'>
    <nd ref='200405' />
    <nd ref='200411' />
    <tag k='subtype' v='solid' />
    <tag k='type' v='line_thin' />
  </way>
  <way id='200412' version='1'>
    <nd ref='200407' />
    <nd ref='200413' />
    <tag k='subtype' v='dashed' />
    <tag k='type' v='line_thin' />
  </way>
  <way id='200416' version='1'>
    <nd ref='200411' />
    <nd ref='200417' />
    <tag k='subtype' v='solid' />
    <tag k='type' v='line_thin' />
  </way>
  <way id='200418' version='1'>
    <nd ref='200413' />
    <nd ref='200419' />
    <tag k='subtype' v='dashed' />
    <tag k='type' v='line_thin' />
  </way>
  <way id='200422' version='1'>
    <nd ref='200417' />
    <nd ref='200423' />
    <tag k='subtype' v='solid' />
    <tag k='type' v='line_thin' />
  </way>
  <way id='200424' version='1'>
    <nd ref='200419' />
    <nd ref='200425' />
    <tag k='subtype' v='dashed' />
    <tag k='type' v='line_thin' />
  </way>
  <way id='200428' version='1'>
    <nd ref='200423' />
    <nd ref='200429' />
    <tag k='subtype' v='solid' />
    <tag k='type' v='line_thin' />
  </way>
  <way id='200430' version='1'>
    <nd ref='200425' />
    <nd ref='200431' />
    <tag k='subtype' v='dashed' />
    <tag k='type' v='line_thin' />
  </way>
  <way id='200434' version='1'>
    <nd ref='200429' />
    <nd ref='197363' />
    <tag k='subtype' v='solid' />
    <tag k='type' v='line_thin' />
  </way>
  <way id='200435' version='1'>
    <nd ref='200431' />
    <nd ref='197366' />
    <tag k='subtype' v='dashed' />
    <tag k='type' v='line_thin' />
  </way>
  <way id='200437' version='1'>
    <nd ref='196756' />
    <nd ref='200438' />
    <tag k='subtype' v='dashed' />
    <tag k='type' v='line_thin' />
  </way>
  <way id='200441' version='1'>
    <nd ref='200438' />
    <nd ref='200442' />
    <tag k='subtype' v='dashed' />
    <tag k='type' v='line_thin' />
  </way>
  <way id='200445' version='1'>
    <nd ref='200442' />
    <nd ref='200446' />
    <tag k='subtype' v='dashed' />
    <tag k='type' v='line_thin' />
  </way>
  <way id='200449' version='1'>
    <nd ref='200446' />
    <nd ref='200450' />
    <tag k='subtype' v='dashed' />
    <tag k='type' v='line_thin' />
  </way>
  <way id='200453' version='1'>
    <nd ref='200450' />
    <nd ref='200454' />
    <tag k='subtype' v='dashed' />
    <tag k='type' v='line_thin' />
  </way>
  <way id='200457' version='1'>
    <nd ref='200454' />
    <nd ref='200458' />
    <tag k='subtype' v='dashed' />
    <tag k='type' v='line_thin' />
  </way>
  <way id='200461' version='1'>
    <nd ref='200458' />
    <nd ref='200462' />
    <tag k='subtype' v='dashed' />
    <tag k='type' v='line_thin' />
  </way>
  <way id='200465' version='1'>
    <nd ref='200462' />
    <nd ref='200466' />
    <tag k='subtype' v='dashed' />
    <tag k='type' v='line_thin' />
  </way>
  <way id='200469' version='1'>
    <nd ref='200466' />
    <nd ref='200470' />
    <tag k='subtype' v='dashed' />
    <tag k='type' v='line_thin' />
  </way>
  <way id='200473' version='1'>
    <nd ref='200470' />
    <nd ref='200474' />
    <tag k='subtype' v='dashed' />
    <tag k='type' v='line_thin' />
  </way>
  <way id='200477' version='1'>
    <nd ref='200474' />
    <nd ref='200478' />
    <tag k='subtype' v='dashed' />
    <tag k='type' v='line_thin' />
  </way>
  <way id='200481' version='1'>
    <nd ref='200478' />
    <nd ref='200482' />
    <tag k='subtype' v='dashed' />
    <tag k='type' v='line_thin' />
  </way>
  <way id='200485' version='1'>
    <nd ref='200482' />
    <nd ref='200486' />
    <tag k='subtype' v='dashed' />
    <tag k='type' v='line_thin' />
  </way>
  <way id='200489' version='1'>
    <nd ref='200486' />
    <nd ref='200490' />
    <tag k='subtype' v='dashed' />
    <tag k='type' v='line_thin' />
  </way>
  <way id='200493' version='1'>
    <nd ref='200490' />
    <nd ref='200494' />
    <tag k='subtype' v='dashed' />
    <tag k='type' v='line_thin' />
  </way>
  <way id='200497' version='1'>
    <nd ref='200494' />
    <nd ref='200498' />
    <tag k='subtype' v='dashed' />
    <tag k='type' v='line_thin' />
  </way>
  <way id='200501' version='1'>
    <nd ref='200498' />
    <nd ref='197372' />
    <tag k='subtype' v='dashed' />
    <tag k='type' v='line_thin' />
  </way>
  <way id='200503' version='1'>
    <nd ref='196761' />
    <nd ref='200504' />
    <tag k='subtype' v='solid' />
    <tag k='type' v='line_thin' />
  </way>
  <way id='200507' version='1'>
    <nd ref='200504' />
    <nd ref='200508' />
    <tag k='subtype' v='solid' />
    <tag k='type' v='line_thin' />
  </way>
  <way id='200511' version='1'>
    <nd ref='200508' />
    <nd ref='200512' />
    <tag k='subtype' v='solid' />
    <tag k='type' v='line_thin' />
  </way>
  <way id='200515' version='1'>
    <nd ref='200512' />
    <nd ref='200516' />
    <tag k='subtype' v='solid' />
    <tag k='type' v='line_thin' />
  </way>
  <way id='200519' version='1'>
    <nd ref='200516' />
    <nd ref='200520' />
    <tag k='subtype' v='solid' />
    <tag k='type' v='line_thin' />
  </way>
  <way id='200523' version='1'>
    <nd ref='200520' />
    <nd ref='200524' />
    <tag k='subtype' v='solid' />
    <tag k='type' v='line_thin' />
  </way>
  <way id='200527' version='1'>
    <nd ref='200524' />
    <nd ref='200528' />
    <tag k='subtype' v='solid' />
    <tag k='type' v='line_thin' />
  </way>
  <way id='200531' version='1'>
    <nd ref='200528' />
    <nd ref='200532' />
    <tag k='subtype' v='solid' />
    <tag k='type' v='line_thin' />
  </way>
  <way id='200535' version='1'>
    <nd ref='200532' />
    <nd ref='200536' />
    <tag k='subtype' v='solid' />
    <tag k='type' v='line_thin' />
  </way>
  <way id='200539' version='1'>
    <nd ref='200536' />
    <nd ref='200540' />
    <tag k='subtype' v='solid' />
    <tag k='type' v='line_thin' />
  </way>
  <way id='200543' version='1'>
    <nd ref='200540' />
    <nd ref='200544' />
    <tag k='subtype' v='solid' />
    <tag k='type' v='line_thin' />
  </way>
  <way id='200547' version='1'>
    <nd ref='200544' />
    <nd ref='200548' />
    <tag k='subtype' v='solid' />
    <tag k='type' v='line_thin' />
  </way>
  <way id='200551' version='1'>
    <nd ref='200548' />
    <nd ref='200552' />
    <tag k='subtype' v='solid' />
    <tag k='type' v='line_thin' />
  </way>
  <way id='200555' version='1'>
    <nd ref='200552' />
    <nd ref='200556' />
    <tag k='subtype' v='solid' />
    <tag k='type' v='line_thin' />
  </way>
  <way id='200559' version='1'>
    <nd ref='200556' />
    <nd ref='200560' />
    <tag k='subtype' v='solid' />
    <tag k='type' v='line_thin' />
  </way>
  <way id='200563' version='1'>
    <nd ref='200560' />
    <nd ref='200564' />
    <tag k='subtype' v='solid' />
    <tag k='type' v='line_thin' />
  </way>
  <way id='200567' version='1'>
    <nd ref='200564' />
    <nd ref='197378' />
    <tag k='subtype' v='solid' />
    <tag k='type' v='line_thin' />
  </way>
  <way id='200569' version='1'>
    <nd ref='197390' />
    <nd ref='200570' />
    <tag k='subtype' v='solid' />
    <tag k='type' v='line_thin' />
  </way>
  <way id='200571' version='1'>
    <nd ref='197392' />
    <nd ref='200572' />
    <tag k='subtype' v='dashed' />
    <tag k='type' v='line_thin' />
  </way>
  <way id='200575' version='1'>
    <nd ref='200570' />
    <nd ref='200576' />
    <tag k='subtype' v='solid' />
    <tag k='type' v='line_thin' />
  </way>
  <way id='200577' version='1'>
    <nd ref='200572' />
    <nd ref='200578' />
    <tag k='subtype' v='dashed' />
    <tag k='type' v='line_thin' />
  </way>
  <way id='200581' version='1'>
    <nd ref='200576' />
    <nd ref='200582' />
    <tag k='subtype' v='solid' />
    <tag k='type' v='line_thin' />
  </way>
  <way id='200583' version='1'>
    <nd ref='200578' />
    <nd ref='200584' />
    <tag k='subtype' v='dashed' />
    <tag k='type' v='line_thin' />
  </way>
  <way id='200587' version='1'>
    <nd ref='200582' />
    <nd ref='200588' />
    <nd ref='200589' />
    <nd ref='200590' />
    <tag k='subtype' v='solid' />
    <tag k='type' v='line_thin' />
  </way>
  <way id='200591' version='1'>
    <nd ref='200584' />
    <nd ref='200592' />
    <nd ref='200593' />
    <nd ref='200594' />
    <tag k='subtype' v='dashed' />
    <tag k='type' v='line_thin' />
  </way>
  <way id='200598' version='1'>
    <nd ref='200590' />
    <nd ref='200599' />
    <nd ref='200600' />
    <nd ref='200601' />
    <nd ref='200602' />
    <tag k='subtype' v='solid' />
    <tag k='type' v='line_thin' />
  </way>
  <way id='200603' version='1'>
    <nd ref='200594' />
    <nd ref='200604' />
    <nd ref='200605' />
    <nd ref='200606' />
    <nd ref='200607' />
    <tag k='subtype' v='dashed' />
    <tag k='type' v='line_thin' />
  </way>
  <way id='200613' version='1'>
    <nd ref='200602' />
    <nd ref='200614' />
    <nd ref='200615' />
    <nd ref='200616' />
    <nd ref='200617' />
    <nd ref='200618' />
    <nd ref='200619' />
    <nd ref='200620' />
    <tag k='subtype' v='solid' />
    <tag k='type' v='line_thin' />
  </way>
  <way id='200621' version='1'>
    <nd ref='200607' />
    <nd ref='200622' />
    <nd ref='200623' />
    <nd ref='200624' />
    <nd ref='200625' />
    <nd ref='200626' />
    <nd ref='200627' />
    <nd ref='200628' />
    <tag k='subtype' v='dashed' />
    <tag k='type' v='line_thin' />
  </way>
  <way id='200637' version='1'>
    <nd ref='200620' />
    <nd ref='200638' />
    <nd ref='200639' />
    <nd ref='200640' />
    <nd ref='200641' />
    <nd ref='200642' />
    <nd ref='200643' />
    <nd ref='200644' />
    <tag k='subtype' v='solid' />
    <tag k='type' v='line_thin' />
  </way>
  <way id='200645' version='1'>
    <nd ref='200628' />
    <nd ref='200646' />
    <nd ref='200647' />
    <nd ref='200648' />
    <nd ref='200649' />
    <nd ref='200650' />
    <nd ref='200651' />
    <nd ref='200652' />
    <nd ref='200653' />
    <tag k='subtype' v='dashed' />
    <tag k='type' v='line_thin' />
  </way>
  <way id='200661' version='1'>
    <nd ref='200644' />
    <nd ref='200662' />
    <nd ref='200663' />
    <nd ref='200664' />
    <nd ref='200665' />
    <nd ref='200666' />
    <nd ref='200667' />
    <nd ref='200668' />
    <nd ref='200669' />
    <tag k='subtype' v='solid' />
    <tag k='type' v='line_thin' />
  </way>
  <way id='200670' version='1'>
    <nd ref='200653' />
    <nd ref='200671' />
    <nd ref='200672' />
    <nd ref='200673' />
    <nd ref='200674' />
    <nd ref='200675' />
    <nd ref='200676' />
    <tag k='subtype' v='dashed' />
    <tag k='type' v='line_thin' />
  </way>
  <way id='200685' version='1'>
    <nd ref='200669' />
    <nd ref='200686' />
    <nd ref='200687' />
    <nd ref='200688' />
    <nd ref='200689' />
    <nd ref='200690' />
    <nd ref='200691' />
    <nd ref='200692' />
    <tag k='subtype' v='solid' />
    <tag k='type' v='line_thin' />
  </way>
  <way id='200693' version='1'>
    <nd ref='200676' />
    <nd ref='200694' />
    <nd ref='200695' />
    <nd ref='200696' />
    <nd ref='200697' />
    <nd ref='200698' />
    <nd ref='200699' />
    <nd ref='200700' />
    <nd ref='200701' />
    <tag k='subtype' v='dashed' />
    <tag k='type' v='line_thin' />
  </way>
  <way id='200711' version='1'>
    <nd ref='200692' />
    <nd ref='200712' />
    <nd ref='200713' />
    <nd ref='200714' />
    <nd ref='200715' />
    <nd ref='200716' />
    <nd ref='200717' />
    <nd ref='200718' />
    <nd ref='200719' />
    <tag k='subtype' v='solid' />
    <tag k='type' v='line_thin' />
  </way>
  <way id='200720' version='1'>
    <nd ref='200701' />
    <nd ref='200721' />
    <nd ref='200722' />
    <nd ref='200723' />
    <nd ref='200724' />
    <nd ref='200725' />
    <nd ref='200726' />
    <nd ref='200727' />
    <tag k='subtype' v='dashed' />
    <tag k='type' v='line_thin' />
  </way>
  <way id='200736' version='1'>
    <nd ref='200719' />
    <nd ref='200737' />
    <nd ref='200738' />
    <nd ref='200739' />
    <nd ref='200740' />
    <nd ref='200741' />
    <tag k='subtype' v='solid' />
    <tag k='type' v='line_thin' />
  </way>
  <way id='200742' version='1'>
    <nd ref='200727' />
    <nd ref='200743' />
    <nd ref='200744' />
    <nd ref='200745' />
    <nd ref='200746' />
    <tag k='subtype' v='dashed' />
    <tag k='type' v='line_thin' />
  </way>
  <way id='200752' version='1'>
    <nd ref='200741' />
    <nd ref='200753' />
    <nd ref='200754' />
    <nd ref='200755' />
    <nd ref='200756' />
    <tag k='subtype' v='solid' />
    <tag k='type' v='line_thin' />
  </way>
  <way id='200757' version='1'>
    <nd ref='200746' />
    <nd ref='200758' />
    <nd ref='200759' />
    <nd ref='200760' />
    <nd ref='200761' />
    <tag k='subtype' v='dashed' />
    <tag k='type' v='line_thin' />
  </way>
  <way id='200767' version='1'>
    <nd ref='200756' />
    <nd ref='200768' />
    <tag k='subtype' v='solid' />
    <tag k='type' v='line_thin' />
  </way>
  <way id='200769' version='1'>
    <nd ref='200761' />
    <nd ref='200770' />
    <tag k='subtype' v='dashed' />
    <tag k='type' v='line_thin' />
  </way>
  <way id='200773' version='1'>
    <nd ref='200768' />
    <nd ref='200774' />
    <tag k='subtype' v='solid' />
    <tag k='type' v='line_thin' />
  </way>
  <way id='200775' version='1'>
    <nd ref='200770' />
    <nd ref='200776' />
    <tag k='subtype' v='dashed' />
    <tag k='type' v='line_thin' />
  </way>
  <way id='200779' version='1'>
    <nd ref='200774' />
    <nd ref='200780' />
    <nd ref='200781' />
    <nd ref='197408' />
    <tag k='subtype' v='solid' />
    <tag k='type' v='line_thin' />
  </way>
  <way id='200782' version='1'>
    <nd ref='200776' />
    <nd ref='200783' />
    <nd ref='200784' />
    <nd ref='197417' />
    <tag k='subtype' v='dashed' />
    <tag k='type' v='line_thin' />
  </way>
  <way id='200788' version='1'>
    <nd ref='197396' />
    <nd ref='200789' />
    <tag k='subtype' v='dashed' />
    <tag k='type' v='line_thin' />
  </way>
  <way id='200792' version='1'>
    <nd ref='200789' />
    <nd ref='200793' />
    <tag k='subtype' v='dashed' />
    <tag k='type' v='line_thin' />
  </way>
  <way id='200796' version='1'>
    <nd ref='200793' />
    <nd ref='200797' />
    <tag k='subtype' v='dashed' />
    <tag k='type' v='line_thin' />
  </way>
  <way id='200800' version='1'>
    <nd ref='200797' />
    <nd ref='200801' />
    <nd ref='200802' />
    <nd ref='200803' />
    <tag k='subtype' v='dashed' />
    <tag k='type' v='line_thin' />
  </way>
  <way id='200807' version='1'>
    <nd ref='200803' />
    <nd ref='200808' />
    <nd ref='200809' />
    <nd ref='200810' />
    <nd ref='200811' />
    <tag k='subtype' v='dashed' />
    <tag k='type' v='line_thin' />
  </way>
  <way id='200817' version='1'>
    <nd ref='200811' />
    <nd ref='200818' />
    <nd ref='200819' />
    <nd ref='200820' />
    <nd ref='200821' />
    <nd ref='200822' />
    <nd ref='200823' />
    <nd ref='200824' />
    <nd ref='200825' />
    <tag k='subtype' v='dashed' />
    <tag k='type' v='line_thin' />
  </way>
  <way id='200834' version='1'>
    <nd ref='200825' />
    <nd ref='200835' />
    <nd ref='200836' />
    <nd ref='200837' />
    <nd ref='200838' />
    <nd ref='200839' />
    <nd ref='200840' />
    <nd ref='200841' />
    <nd ref='200842' />
    <tag k='subtype' v='dashed' />
    <tag k='type' v='line_thin' />
  </way>
  <way id='200852' version='1'>
    <nd ref='200842' />
    <nd ref='200853' />
    <nd ref='200854' />
    <nd ref='200855' />
    <nd ref='200856' />
    <nd ref='200857' />
    <nd ref='200858' />
    <nd ref='200859' />
    <tag k='subtype' v='dashed' />
    <tag k='type' v='line_thin' />
  </way>
  <way id='200867' version='1'>
    <nd ref='200859' />
    <nd ref='200868' />
    <nd ref='200869' />
    <nd ref='200870' />
    <nd ref='200871' />
    <nd ref='200872' />
    <nd ref='200873' />
    <nd ref='200874' />
    <tag k='subtype' v='dashed' />
    <tag k='type' v='line_thin' />
  </way>
  <way id='200883' version='1'>
    <nd ref='200874' />
    <nd ref='200884' />
    <nd ref='200885' />
    <nd ref='200886' />
    <nd ref='200887' />
    <nd ref='200888' />
    <nd ref='200889' />
    <nd ref='200890' />
    <nd ref='200891' />
    <tag k='subtype' v='dashed' />
    <tag k='type' v='line_thin' />
  </way>
  <way id='200900' version='1'>
    <nd ref='200891' />
    <nd ref='200901' />
    <nd ref='200902' />
    <nd ref='200903' />
    <nd ref='200904' />
    <tag k='subtype' v='dashed' />
    <tag k='type' v='line_thin' />
  </way>
  <way id='200910' version='1'>
    <nd ref='200904' />
    <nd ref='200911' />
    <nd ref='200912' />
    <nd ref='200913' />
    <nd ref='200914' />
    <tag k='subtype' v='dashed' />
    <tag k='type' v='line_thin' />
  </way>
  <way id='200920' version='1'>
    <nd ref='200914' />
    <nd ref='200921' />
    <tag k='subtype' v='dashed' />
    <tag k='type' v='line_thin' />
  </way>
  <way id='200924' version='1'>
    <nd ref='200921' />
    <nd ref='200925' />
    <tag k='subtype' v='dashed' />
    <tag k='type' v='line_thin' />
  </way>
  <way id='200928' version='1'>
    <nd ref='200925' />
    <nd ref='200929' />
    <nd ref='200930' />
    <nd ref='197436' />
    <tag k='subtype' v='dashed' />
    <tag k='type' v='line_thin' />
  </way>
  <way id='200934' version='1'>
    <nd ref='197400' />
    <nd ref='200935' />
    <tag k='subtype' v='solid' />
    <tag k='type' v='line_thin' />
  </way>
  <way id='200938' version='1'>
    <nd ref='200935' />
    <nd ref='200939' />
    <tag k='subtype' v='solid' />
    <tag k='type' v='line_thin' />
  </way>
  <way id='200942' version='1'>
    <nd ref='200939' />
    <nd ref='200943' />
    <tag k='subtype' v='solid' />
    <tag k='type' v='line_thin' />
  </way>
  <way id='200946' version='1'>
    <nd ref='200943' />
    <nd ref='200947' />
    <nd ref='200948' />
    <nd ref='200949' />
    <tag k='subtype' v='solid' />
    <tag k='type' v='line_thin' />
  </way>
  <way id='200954' version='1'>
    <nd ref='200949' />
    <nd ref='200955' />
    <nd ref='200956' />
    <nd ref='200957' />
    <nd ref='200958' />
    <tag k='subtype' v='solid' />
    <tag k='type' v='line_thin' />
  </way>
  <way id='200964' version='1'>
    <nd ref='200958' />
    <nd ref='200965' />
    <nd ref='200966' />
    <nd ref='200967' />
    <nd ref='200968' />
    <nd ref='200969' />
    <nd ref='200970' />
    <tag k='subtype' v='solid' />
    <tag k='type' v='line_thin' />
  </way>
  <way id='200977' version='1'>
    <nd ref='200970' />
    <nd ref='200978' />
    <nd ref='200979' />
    <nd ref='200980' />
    <nd ref='200981' />
    <nd ref='200982' />
    <nd ref='200983' />
    <nd ref='200984' />
    <tag k='subtype' v='solid' />
    <tag k='type' v='line_thin' />
  </way>
  <way id='200993' version='1'>
    <nd ref='200984' />
    <nd ref='200994' />
    <nd ref='200995' />
    <nd ref='200996' />
    <nd ref='200997' />
    <nd ref='200998' />
    <nd ref='200999' />
    <nd ref='201000' />
    <nd ref='201001' />
    <tag k='subtype' v='solid' />
    <tag k='type' v='line_thin' />
  </way>
  <way id='201010' version='1'>
    <nd ref='201001' />
    <nd ref='201011' />
    <nd ref='201012' />
    <nd ref='201013' />
    <nd ref='201014' />
    <nd ref='201015' />
    <nd ref='201016' />
    <nd ref='201017' />
    <tag k='subtype' v='solid' />
    <tag k='type' v='line_thin' />
  </way>
  <way id='201025' version='1'>
    <nd ref='201017' />
    <nd ref='201026' />
    <nd ref='201027' />
    <nd ref='201028' />
    <nd ref='201029' />
    <nd ref='201030' />
    <nd ref='201031' />
    <nd ref='201032' />
    <nd ref='201033' />
    <tag k='subtype' v='solid' />
    <tag k='type' v='line_thin' />
  </way>
  <way id='201042' version='1'>
    <nd ref='201033' />
    <nd ref='201043' />
    <nd ref='201044' />
    <nd ref='201045' />
    <nd ref='201046' />
    <tag k='subtype' v='solid' />
    <tag k='type' v='line_thin' />
  </way>
  <way id='201052' version='1'>
    <nd ref='201046' />
    <nd ref='201053' />
    <nd ref='201054' />
    <nd ref='201055' />
    <nd ref='201056' />
    <tag k='subtype' v='solid' />
    <tag k='type' v='line_thin' />
  </way>
  <way id='201062' version='1'>
    <nd ref='201056' />
    <nd ref='201063' />
    <tag k='subtype' v='solid' />
    <tag k='type' v='line_thin' />
  </way>
  <way id='201066' version='1'>
    <nd ref='201063' />
    <nd ref='201067' />
    <tag k='subtype' v='solid' />
    <tag k='type' v='line_thin' />
  </way>
  <way id='201070' version='1'>
    <nd ref='201067' />
    <nd ref='201071' />
    <nd ref='201072' />
    <nd ref='197455' />
    <tag k='subtype' v='solid' />
    <tag k='type' v='line_thin' />
  </way>
  <way id='201076' version='1'>
    <nd ref='197494' />
    <nd ref='201077' />
    <tag k='subtype' v='solid' />
    <tag k='type' v='line_thin' />
  </way>
  <way id='201078' version='1'>
    <nd ref='197499' />
    <nd ref='201079' />
    <tag k='subtype' v='dashed' />
    <tag k='type' v='line_thin' />
  </way>
  <way id='201082' version='1'>
    <nd ref='201077' />
    <nd ref='201083' />
    <tag k='subtype' v='solid' />
    <tag k='type' v='line_thin' />
  </way>
  <way id='201084' version='1'>
    <nd ref='201079' />
    <nd ref='201085' />
    <tag k='subtype' v='dashed' />
    <tag k='type' v='line_thin' />
  </way>
  <way id='201088' version='1'>
    <nd ref='197499' />
    <nd ref='201089' />
    <tag k='subtype' v='dashed' />
    <tag k='type' v='line_thin' />
  </way>
  <way id='201092' version='1'>
    <nd ref='201089' />
    <nd ref='201093' />
    <tag k='subtype' v='dashed' />
    <tag k='type' v='line_thin' />
  </way>
  <way id='201096' version='1'>
    <nd ref='197509' />
    <nd ref='201097' />
    <tag k='subtype' v='dashed' />
    <tag k='type' v='line_thin' />
  </way>
  <way id='201100' version='1'>
    <nd ref='201097' />
    <nd ref='201101' />
    <tag k='subtype' v='dashed' />
    <tag k='type' v='line_thin' />
  </way>
  <way id='201104' version='1'>
    <nd ref='197519' />
    <nd ref='201105' />
    <tag k='subtype' v='solid' />
    <tag k='type' v='line_thin' />
  </way>
  <way id='201108' version='1'>
    <nd ref='201105' />
    <nd ref='201109' />
    <tag k='subtype' v='solid' />
    <tag k='type' v='line_thin' />
  </way>
  <way id='201112' version='1'>
    <nd ref='201083' />
    <nd ref='201113' />
    <tag k='subtype' v='solid' />
    <tag k='type' v='line_thin' />
  </way>
  <way id='201114' version='1'>
    <nd ref='201085' />
    <nd ref='201115' />
    <tag k='subtype' v='dashed' />
    <tag k='type' v='line_thin' />
  </way>
  <way id='201118' version='1'>
    <nd ref='201113' />
    <nd ref='201119' />
    <tag k='subtype' v='solid' />
    <tag k='type' v='line_thin' />
  </way>
  <way id='201120' version='1'>
    <nd ref='201115' />
    <nd ref='201121' />
    <tag k='subtype' v='dashed' />
    <tag k='type' v='line_thin' />
  </way>
  <way id='201124' version='1'>
    <nd ref='201119' />
    <nd ref='201125' />
    <tag k='subtype' v='solid' />
    <tag k='type' v='line_thin' />
  </way>
  <way id='201126' version='1'>
    <nd ref='201121' />
    <nd ref='201127' />
    <tag k='subtype' v='dashed' />
    <tag k='type' v='line_thin' />
  </way>
  <way id='201130' version='1'>
    <nd ref='201125' />
    <nd ref='201131' />
    <tag k='subtype' v='solid' />
    <tag k='type' v='line_thin' />
  </way>
  <way id='201132' version='1'>
    <nd ref='201127' />
    <nd ref='201133' />
    <tag k='subtype' v='dashed' />
    <tag k='type' v='line_thin' />
  </way>
  <way id='201136' version='1'>
    <nd ref='201131' />
    <nd ref='201137' />
    <tag k='subtype' v='solid' />
    <tag k='type' v='line_thin' />
  </way>
  <way id='201138' version='1'>
    <nd ref='201133' />
    <nd ref='201139' />
    <tag k='subtype' v='dashed' />
    <tag k='type' v='line_thin' />
  </way>
  <way id='201142' version='1'>
    <nd ref='201137' />
    <nd ref='201143' />
    <tag k='subtype' v='solid' />
    <tag k='type' v='line_thin' />
  </way>
  <way id='201144' version='1'>
    <nd ref='201139' />
    <nd ref='201145' />
    <tag k='subtype' v='dashed' />
    <tag k='type' v='line_thin' />
  </way>
  <way id='201148' version='1'>
    <nd ref='201143' />
    <nd ref='201149' />
    <tag k='subtype' v='solid' />
    <tag k='type' v='line_thin' />
  </way>
  <way id='201150' version='1'>
    <nd ref='201145' />
    <nd ref='201151' />
    <tag k='subtype' v='dashed' />
    <tag k='type' v='line_thin' />
  </way>
  <way id='201154' version='1'>
    <nd ref='201149' />
    <nd ref='201155' />
    <tag k='subtype' v='solid' />
    <tag k='type' v='line_thin' />
  </way>
  <way id='201156' version='1'>
    <nd ref='201151' />
    <nd ref='201157' />
    <tag k='subtype' v='dashed' />
    <tag k='type' v='line_thin' />
  </way>
  <way id='201160' version='1'>
    <nd ref='201093' />
    <nd ref='201161' />
    <tag k='subtype' v='dashed' />
    <tag k='type' v='line_thin' />
  </way>
  <way id='201164' version='1'>
    <nd ref='201161' />
    <nd ref='201165' />
    <tag k='subtype' v='dashed' />
    <tag k='type' v='line_thin' />
  </way>
  <way id='201168' version='1'>
    <nd ref='201165' />
    <nd ref='201169' />
    <tag k='subtype' v='dashed' />
    <tag k='type' v='line_thin' />
  </way>
  <way id='201172' version='1'>
    <nd ref='201169' />
    <nd ref='201173' />
    <tag k='subtype' v='dashed' />
    <tag k='type' v='line_thin' />
  </way>
  <way id='201176' version='1'>
    <nd ref='201173' />
    <nd ref='201177' />
    <tag k='subtype' v='dashed' />
    <tag k='type' v='line_thin' />
  </way>
  <way id='201180' version='1'>
    <nd ref='201177' />
    <nd ref='201181' />
    <tag k='subtype' v='dashed' />
    <tag k='type' v='line_thin' />
  </way>
  <way id='201184' version='1'>
    <nd ref='201181' />
    <nd ref='201185' />
    <tag k='subtype' v='dashed' />
    <tag k='type' v='line_thin' />
  </way>
  <way id='201188' version='1'>
    <nd ref='201185' />
    <nd ref='201189' />
    <tag k='subtype' v='dashed' />
    <tag k='type' v='line_thin' />
  </way>
  <way id='201192' version='1'>
    <nd ref='201101' />
    <nd ref='201193' />
    <tag k='subtype' v='dashed' />
    <tag k='type' v='line_thin' />
  </way>
  <way id='201196' version='1'>
    <nd ref='201193' />
    <nd ref='201197' />
    <tag k='subtype' v='dashed' />
    <tag k='type' v='line_thin' />
  </way>
  <way id='201200' version='1'>
    <nd ref='201197' />
    <nd ref='201201' />
    <tag k='subtype' v='dashed' />
    <tag k='type' v='line_thin' />
  </way>
  <way id='201204' version='1'>
    <nd ref='201201' />
    <nd ref='201205' />
    <tag k='subtype' v='dashed' />
    <tag k='type' v='line_thin' />
  </way>
  <way id='201208' version='1'>
    <nd ref='201205' />
    <nd ref='201209' />
    <tag k='subtype' v='dashed' />
    <tag k='type' v='line_thin' />
  </way>
  <way id='201212' version='1'>
    <nd ref='201209' />
    <nd ref='201213' />
    <tag k='subtype' v='dashed' />
    <tag k='type' v='line_thin' />
  </way>
  <way id='201216' version='1'>
    <nd ref='201213' />
    <nd ref='201217' />
    <tag k='subtype' v='dashed' />
    <tag k='type' v='line_thin' />
  </way>
  <way id='201220' version='1'>
    <nd ref='201217' />
    <nd ref='201221' />
    <tag k='subtype' v='dashed' />
    <tag k='type' v='line_thin' />
  </way>
  <way id='201224' version='1'>
    <nd ref='201109' />
    <nd ref='201225' />
    <tag k='subtype' v='solid' />
    <tag k='type' v='line_thin' />
  </way>
  <way id='201228' version='1'>
    <nd ref='201225' />
    <nd ref='201229' />
    <tag k='subtype' v='solid' />
    <tag k='type' v='line_thin' />
  </way>
  <way id='201232' version='1'>
    <nd ref='201229' />
    <nd ref='201233' />
    <tag k='subtype' v='solid' />
    <tag k='type' v='line_thin' />
  </way>
  <way id='201236' version='1'>
    <nd ref='201233' />
    <nd ref='201237' />
    <tag k='subtype' v='solid' />
    <tag k='type' v='line_thin' />
  </way>
  <way id='201240' version='1'>
    <nd ref='201237' />
    <nd ref='201241' />
    <tag k='subtype' v='solid' />
    <tag k='type' v='line_thin' />
  </way>
  <way id='201244' version='1'>
    <nd ref='201241' />
    <nd ref='201245' />
    <tag k='subtype' v='solid' />
    <tag k='type' v='line_thin' />
  </way>
  <way id='201248' version='1'>
    <nd ref='201245' />
    <nd ref='201249' />
    <tag k='subtype' v='solid' />
    <tag k='type' v='line_thin' />
  </way>
  <way id='201252' version='1'>
    <nd ref='201249' />
    <nd ref='201253' />
    <tag k='subtype' v='solid' />
    <tag k='type' v='line_thin' />
  </way>
  <way id='201256' version='1'>
    <nd ref='197670' />
    <nd ref='201257' />
    <nd ref='201258' />
    <nd ref='201259' />
    <nd ref='201260' />
    <nd ref='201261' />
    <nd ref='201262' />
    <nd ref='201263' />
    <tag k='subtype' v='solid' />
    <tag k='type' v='line_thin' />
  </way>
  <way id='201264' version='1'>
    <nd ref='197676' />
    <nd ref='201265' />
    <nd ref='201266' />
    <nd ref='201267' />
    <nd ref='201268' />
    <nd ref='201269' />
    <nd ref='201270' />
    <nd ref='201271' />
    <nd ref='201272' />
    <tag k='subtype' v='dashed' />
    <tag k='type' v='line_thin' />
  </way>
  <way id='201281' version='1'>
    <nd ref='201263' />
    <nd ref='201282' />
    <nd ref='201283' />
    <nd ref='197726' />
    <tag k='subtype' v='solid' />
    <tag k='type' v='line_thin' />
  </way>
  <way id='201284' version='1'>
    <nd ref='201272' />
    <nd ref='201285' />
    <nd ref='201286' />
    <nd ref='197731' />
    <tag k='subtype' v='dashed' />
    <tag k='type' v='line_thin' />
  </way>
  <way id='201290' version='1'>
    <nd ref='197687' />
    <nd ref='201291' />
    <nd ref='201292' />
    <nd ref='201293' />
    <nd ref='201294' />
    <nd ref='201295' />
    <nd ref='201296' />
    <nd ref='201297' />
    <nd ref='201298' />
    <tag k='subtype' v='dashed' />
    <tag k='type' v='line_thin' />
  </way>
  <way id='201308' version='1'>
    <nd ref='201298' />
    <nd ref='201309' />
    <nd ref='201310' />
    <nd ref='197741' />
    <tag k='subtype' v='dashed' />
    <tag k='type' v='line_thin' />
  </way>
  <way id='201314' version='1'>
    <nd ref='197698' />
    <nd ref='201315' />
    <nd ref='201316' />
    <nd ref='201317' />
    <nd ref='201318' />
    <nd ref='201319' />
    <nd ref='201320' />
    <nd ref='201321' />
    <nd ref='201322' />
    <tag k='subtype' v='solid' />
    <tag k='type' v='line_thin' />
  </way>
  <way id='201331' version='1'>
    <nd ref='201322' />
    <nd ref='201332' />
    <nd ref='201333' />
    <nd ref='197751' />
    <tag k='subtype' v='solid' />
    <tag k='type' v='line_thin' />
  </way>
  <way id='201337' version='1'>
    <nd ref='201338' />
    <nd ref='198905' />
    <tag k='subtype' v='solid' />
    <tag k='type' v='line_thin' />
  </way>
  <way id='201339' version='1'>
    <nd ref='201340' />
    <nd ref='198910' />
    <tag k='subtype' v='solid' />
    <tag k='type' v='line_thin' />
  </way>
  <way id='201343' version='1'>
    <nd ref='198216' />
    <nd ref='201344' />
    <tag k='subtype' v='dashed' />
    <tag k='type' v='line_thin' />
  </way>
  <way id='201345' version='1'>
    <nd ref='198223' />
    <nd ref='201346' />
    <tag k='subtype' v='solid' />
    <tag k='type' v='line_thin' />
  </way>
  <way id='201349' version='1'>
    <nd ref='201344' />
    <nd ref='198282' />
    <tag k='subtype' v='dashed' />
    <tag k='type' v='line_thin' />
  </way>
  <way id='201350' version='1'>
    <nd ref='201346' />
    <nd ref='198312' />
    <tag k='subtype' v='solid' />
    <tag k='type' v='line_thin' />
  </way>
  <way id='201352' version='1'>
    <nd ref='198237' />
    <nd ref='201353' />
    <tag k='subtype' v='solid_solid' />
    <tag k='type' v='line_thin' />
  </way>
  <way id='201356' version='1'>
    <nd ref='201353' />
    <nd ref='198274' />
    <tag k='subtype' v='solid_solid' />
    <tag k='type' v='line_thin' />
  </way>
  <way id='201358' version='1'>
    <nd ref='198675' />
    <nd ref='201359' />
    <tag k='subtype' v='solid' />
    <tag k='type' v='line_thin' />
  </way>
  <way id='201360' version='1'>
    <nd ref='198680' />
    <nd ref='201361' />
    <tag k='subtype' v='solid' />
    <tag k='type' v='line_thin' />
  </way>
  <way id='201364' version='1'>
    <nd ref='198923' />
    <nd ref='201365' />
    <tag k='subtype' v='solid' />
    <tag k='type' v='line_thin' />
  </way>
  <way id='201366' version='1'>
    <nd ref='198928' />
    <nd ref='201367' />
    <tag k='subtype' v='solid' />
    <tag k='type' v='line_thin' />
  </way>
  <way id='201370' version='1'>
    <nd ref='201365' />
    <nd ref='198658' />
    <tag k='subtype' v='solid' />
    <tag k='type' v='line_thin' />
  </way>
  <way id='201371' version='1'>
    <nd ref='201367' />
    <nd ref='198663' />
    <tag k='subtype' v='solid' />
    <tag k='type' v='line_thin' />
  </way>
  <way id='201373' version='1'>
    <nd ref='201374' />
    <nd ref='201375' />
    <tag k='subtype' v='solid' />
    <tag k='type' v='line_thin' />
  </way>
  <way id='201376' version='1'>
    <nd ref='201377' />
    <nd ref='201378' />
    <tag k='subtype' v='solid' />
    <tag k='type' v='line_thin' />
  </way>
  <way id='201382' version='1'>
    <nd ref='201375' />
    <nd ref='201383' />
    <tag k='subtype' v='solid' />
    <tag k='type' v='line_thin' />
  </way>
  <way id='201384' version='1'>
    <nd ref='201378' />
    <nd ref='201385' />
    <tag k='subtype' v='solid' />
    <tag k='type' v='line_thin' />
  </way>
  <way id='201388' version='1'>
    <nd ref='201383' />
    <nd ref='201389' />
    <tag k='subtype' v='solid' />
    <tag k='type' v='line_thin' />
  </way>
  <way id='201390' version='1'>
    <nd ref='201385' />
    <nd ref='201391' />
    <tag k='subtype' v='solid' />
    <tag k='type' v='line_thin' />
  </way>
  <way id='201394' version='1'>
    <nd ref='201389' />
    <nd ref='201395' />
    <tag k='subtype' v='solid' />
    <tag k='type' v='line_thin' />
  </way>
  <way id='201396' version='1'>
    <nd ref='201391' />
    <nd ref='201397' />
    <tag k='subtype' v='solid' />
    <tag k='type' v='line_thin' />
  </way>
  <way id='201400' version='1'>
    <nd ref='201395' />
    <nd ref='201401' />
    <tag k='subtype' v='solid' />
    <tag k='type' v='line_thin' />
  </way>
  <way id='201402' version='1'>
    <nd ref='201397' />
    <nd ref='201403' />
    <tag k='subtype' v='solid' />
    <tag k='type' v='line_thin' />
  </way>
  <way id='201406' version='1'>
    <nd ref='201401' />
    <nd ref='201407' />
    <nd ref='201408' />
    <nd ref='201409' />
    <nd ref='201410' />
    <tag k='subtype' v='solid' />
    <tag k='type' v='line_thin' />
  </way>
  <way id='201411' version='1'>
    <nd ref='201403' />
    <nd ref='201412' />
    <nd ref='201413' />
    <nd ref='201414' />
    <tag k='subtype' v='solid' />
    <tag k='type' v='line_thin' />
  </way>
  <way id='201419' version='1'>
    <nd ref='201420' />
    <nd ref='201421' />
    <tag k='subtype' v='solid' />
    <tag k='type' v='line_thin' />
  </way>
  <way id='201425' version='1'>
    <nd ref='201421' />
    <nd ref='201426' />
    <tag k='subtype' v='solid' />
    <tag k='type' v='line_thin' />
  </way>
  <way id='201429' version='1'>
    <nd ref='201426' />
    <nd ref='201430' />
    <tag k='subtype' v='solid' />
    <tag k='type' v='line_thin' />
  </way>
  <way id='201433' version='1'>
    <nd ref='201430' />
    <nd ref='201434' />
    <tag k='subtype' v='solid' />
    <tag k='type' v='line_thin' />
  </way>
  <way id='201437' version='1'>
    <nd ref='201434' />
    <nd ref='201438' />
    <tag k='subtype' v='solid' />
    <tag k='type' v='line_thin' />
  </way>
  <way id='201441' version='1'>
    <nd ref='201438' />
    <nd ref='201442' />
    <nd ref='201443' />
    <nd ref='201444' />
    <nd ref='201445' />
    <tag k='subtype' v='solid' />
    <tag k='type' v='line_thin' />
  </way>
  <way id='201451' version='1'>
    <nd ref='197583' />
    <nd ref='201452' />
    <tag k='subtype' v='solid' />
    <tag k='type' v='line_thin' />
  </way>
  <way id='201453' version='1'>
    <nd ref='197585' />
    <nd ref='201454' />
    <nd ref='201455' />
    <tag k='subtype' v='solid' />
    <tag k='type' v='line_thin' />
  </way>
  <way id='201458' version='1'>
    <nd ref='201452' />
    <nd ref='201459' />
    <tag k='subtype' v='solid' />
    <tag k='type' v='line_thin' />
  </way>
  <way id='201460' version='1'>
    <nd ref='201455' />
    <nd ref='201461' />
    <tag k='type' v='virtual' />
  </way>
  <way id='201464' version='1'>
    <nd ref='201459' />
    <nd ref='196946' />
    <tag k='subtype' v='solid' />
    <tag k='type' v='line_thin' />
  </way>
  <way id='201465' version='1'>
    <nd ref='201461' />
    <nd ref='196949' />
    <tag k='subtype' v='solid' />
    <tag k='type' v='line_thin' />
  </way>
  <way id='201467' version='1'>
    <nd ref='201155' />
    <nd ref='201468' />
    <nd ref='201469' />
    <nd ref='201470' />
    <nd ref='201471' />
    <tag k='subtype' v='solid' />
    <tag k='type' v='line_thin' />
  </way>
  <way id='201472' version='1'>
    <nd ref='201157' />
    <nd ref='201473' />
    <nd ref='201474' />
    <nd ref='201475' />
    <nd ref='201476' />
    <tag k='type' v='virtual' />
  </way>
  <way id='201481' version='1'>
    <nd ref='201471' />
    <nd ref='201482' />
    <nd ref='197023' />
    <tag k='subtype' v='solid' />
    <tag k='type' v='line_thin' />
  </way>
  <way id='201483' version='1'>
    <nd ref='201476' />
    <nd ref='197028' />
    <tag k='subtype' v='solid' />
    <tag k='type' v='line_thin' />
  </way>
  <way id='201486' version='1'>
    <nd ref='196872' />
    <nd ref='201487' />
    <nd ref='201488' />
    <tag k='subtype' v='solid' />
    <tag k='type' v='line_thin' />
  </way>
  <way id='201489' version='1'>
    <nd ref='196879' />
    <nd ref='201490' />
    <nd ref='201491' />
    <nd ref='201492' />
    <tag k='type' v='virtual' />
  </way>
  <way id='201497' version='1'>
    <nd ref='201488' />
    <nd ref='196971' />
    <tag k='subtype' v='solid' />
    <tag k='type' v='line_thin' />
  </way>
  <way id='201498' version='1'>
    <nd ref='201492' />
    <nd ref='201499' />
    <nd ref='201500' />
    <nd ref='196975' />
    <tag k='subtype' v='solid' />
    <tag k='type' v='line_thin' />
  </way>
  <way id='201503' version='1'>
    <nd ref='201155' />
    <nd ref='201504' />
    <tag k='type' v='virtual' />
  </way>
  <way id='201505' version='1'>
    <nd ref='201157' />
    <nd ref='201506' />
    <tag k='subtype' v='dashed' />
    <tag k='type' v='line_thin' />
  </way>
  <way id='201509' version='1'>
    <nd ref='201504' />
    <nd ref='197267' />
    <tag k='subtype' v='solid' />
    <tag k='type' v='line_thin' />
  </way>
  <way id='201510' version='1'>
    <nd ref='201506' />
    <nd ref='197275' />
    <tag k='subtype' v='dashed' />
    <tag k='type' v='line_thin' />
  </way>
  <way id='201512' version='1'>
    <nd ref='201189' />
    <nd ref='201513' />
    <tag k='subtype' v='dashed' />
    <tag k='type' v='line_thin' />
  </way>
  <way id='201516' version='1'>
    <nd ref='201513' />
    <nd ref='197289' />
    <tag k='subtype' v='dashed' />
    <tag k='type' v='line_thin' />
  </way>
  <way id='201518' version='1'>
    <nd ref='201221' />
    <nd ref='201519' />
    <tag k='subtype' v='dashed' />
    <tag k='type' v='line_thin' />
  </way>
  <way id='201522' version='1'>
    <nd ref='201519' />
    <nd ref='197305' />
    <tag k='subtype' v='dashed' />
    <tag k='type' v='line_thin' />
  </way>
  <way id='201524' version='1'>
    <nd ref='201253' />
    <nd ref='201525' />
    <tag k='subtype' v='solid' />
    <tag k='type' v='line_thin' />
  </way>
  <way id='201528' version='1'>
    <nd ref='201525' />
    <nd ref='197317' />
    <tag k='subtype' v='solid' />
    <tag k='type' v='line_thin' />
  </way>
  <way id='201530' version='1'>
    <nd ref='196973' />
    <nd ref='201531' />
    <tag k='subtype' v='solid' />
    <tag k='type' v='line_thin' />
  </way>
  <way id='201532' version='1'>
    <nd ref='196980' />
    <nd ref='201533' />
    <tag k='type' v='virtual' />
  </way>
  <way id='201536' version='1'>
    <nd ref='201531' />
    <nd ref='201537' />
    <tag k='type' v='virtual' />
  </way>
  <way id='201538' version='1'>
    <nd ref='201533' />
    <nd ref='201539' />
    <tag k='type' v='virtual' />
  </way>
  <way id='201542' version='1'>
    <nd ref='201537' />
    <nd ref='197455' />
    <tag k='subtype' v='solid' />
    <tag k='type' v='line_thin' />
  </way>
  <way id='201543' version='1'>
    <nd ref='201539' />
    <nd ref='197474' />
    <tag k='subtype' v='solid' />
    <tag k='type' v='line_thin' />
  </way>
  <way id='201545' version='1'>
    <nd ref='196662' />
    <nd ref='201546' />
    <nd ref='201547' />
    <tag k='subtype' v='solid' />
    <tag k='type' v='line_thin' />
  </way>
  <way id='201548' version='1'>
    <nd ref='196666' />
    <nd ref='201549' />
    <nd ref='201550' />
    <nd ref='201551' />
    <tag k='subtype' v='solid' />
    <tag k='type' v='line_thin' />
  </way>
  <way id='201554' version='1'>
    <nd ref='201547' />
    <nd ref='201555' />
    <tag k='subtype' v='solid' />
    <tag k='type' v='line_thin' />
  </way>
  <way id='201556' version='1'>
    <nd ref='201551' />
    <nd ref='201557' />
    <nd ref='201558' />
    <tag k='subtype' v='solid' />
    <tag k='type' v='line_thin' />
  </way>
  <way id='201562' version='1'>
    <nd ref='201555' />
    <nd ref='198856' />
    <tag k='subtype' v='solid' />
    <tag k='type' v='line_thin' />
  </way>
  <way id='201563' version='1'>
    <nd ref='201558' />
    <nd ref='198862' />
    <tag k='type' v='virtual' />
  </way>
  <way id='201565' version='1'>
    <nd ref='198080' />
    <nd ref='201566' />
    <tag k='subtype' v='solid_solid' />
    <tag k='type' v='line_thin' />
  </way>
  <way id='201567' version='1'>
    <nd ref='198017' />
    <nd ref='201568' />
    <tag k='subtype' v='solid' />
    <tag k='type' v='line_thin' />
  </way>
  <way id='201571' version='1'>
    <nd ref='201566' />
    <nd ref='198163' />
    <tag k='subtype' v='solid_solid' />
    <tag k='type' v='line_thin' />
  </way>
  <way id='201572' version='1'>
    <nd ref='201568' />
    <nd ref='198171' />
    <tag k='subtype' v='solid' />
    <tag k='type' v='line_thin' />
  </way>
  <way id='201574' version='1'>
    <nd ref='198157' />
    <nd ref='201575' />
    <nd ref='201576' />
    <nd ref='201577' />
    <nd ref='201578' />
    <tag k='subtype' v='solid' />
    <tag k='type' v='line_thin' />
  </way>
  <way id='201579' version='1'>
    <nd ref='198159' />
    <nd ref='201580' />
    <nd ref='201581' />
    <nd ref='201582' />
    <nd ref='201583' />
    <tag k='subtype' v='solid' />
    <tag k='type' v='line_thin' />
  </way>
  <way id='201589' version='1'>
    <nd ref='201578' />
    <nd ref='201590' />
    <nd ref='201591' />
    <nd ref='201592' />
    <nd ref='198030' />
    <tag k='type' v='virtual' />
  </way>
  <way id='201593' version='1'>
    <nd ref='201583' />
    <nd ref='201594' />
    <nd ref='198142' />
    <tag k='subtype' v='solid' />
    <tag k='type' v='line_thin' />
  </way>
  <way id='201597' version='1'>
    <nd ref='197041' />
    <nd ref='201598' />
    <nd ref='201599' />
    <tag k='subtype' v='solid' />
    <tag k='type' v='line_thin' />
  </way>
  <way id='201600' version='1'>
    <nd ref='197045' />
    <nd ref='201601' />
    <nd ref='201602' />
    <tag k='subtype' v='solid' />
    <tag k='type' v='line_thin' />
  </way>
  <way id='201606' version='1'>
    <nd ref='201599' />
    <nd ref='201607' />
    <nd ref='201608' />
    <nd ref='199066' />
    <tag k='subtype' v='solid' />
    <tag k='type' v='line_thin' />
  </way>
  <way id='201609' version='1'>
    <nd ref='201602' />
    <nd ref='201610' />
    <nd ref='201611' />
    <nd ref='201612' />
    <nd ref='199070' />
    <tag k='type' v='virtual' />
  </way>
  <way id='201616' version='1'>
    <nd ref='199325' />
    <nd ref='201617' />
    <nd ref='201618' />
    <nd ref='201619' />
    <nd ref='201620' />
    <nd ref='201621' />
    <nd ref='201622' />
    <tag k='subtype' v='solid' />
    <tag k='type' v='line_thin' />
  </way>
  <way id='201623' version='1'>
    <nd ref='199327' />
    <nd ref='201624' />
    <nd ref='201625' />
    <nd ref='201626' />
    <nd ref='201627' />
    <nd ref='201628' />
    <nd ref='201629' />
    <nd ref='201630' />
    <nd ref='201631' />
    <nd ref='201632' />
    <tag k='subtype' v='solid' />
    <tag k='type' v='line_thin' />
  </way>
  <way id='201641' version='1'>
    <nd ref='201622' />
    <nd ref='201642' />
    <nd ref='199196' />
    <tag k='subtype' v='solid' />
    <tag k='type' v='line_thin' />
  </way>
  <way id='201643' version='1'>
    <nd ref='201632' />
    <nd ref='201644' />
    <nd ref='199203' />
    <tag k='subtype' v='solid' />
    <tag k='type' v='line_thin' />
  </way>
  <way id='201647' version='1'>
    <nd ref='196746' />
    <nd ref='201648' />
    <nd ref='201649' />
    <nd ref='201650' />
    <nd ref='201651' />
    <nd ref='201652' />
    <nd ref='201653' />
    <nd ref='201654' />
    <nd ref='201655' />
    <tag k='subtype' v='solid' />
    <tag k='type' v='line_thin' />
  </way>
  <way id='201656' version='1'>
    <nd ref='196748' />
    <nd ref='201657' />
    <nd ref='201658' />
    <nd ref='201659' />
    <nd ref='201660' />
    <nd ref='201661' />
    <nd ref='201662' />
    <nd ref='201663' />
    <nd ref='201664' />
    <tag k='subtype' v='solid' />
    <tag k='type' v='line_thin' />
  </way>
  <way id='201672' version='1'>
    <nd ref='201655' />
    <nd ref='201673' />
    <tag k='subtype' v='solid' />
    <tag k='type' v='line_thin' />
  </way>
  <way id='201674' version='1'>
    <nd ref='201664' />
    <nd ref='201675' />
    <tag k='type' v='virtual' />
  </way>
  <way id='201678' version='1'>
    <nd ref='201673' />
    <nd ref='199548' />
    <tag k='subtype' v='solid' />
    <tag k='type' v='line_thin' />
  </way>
  <way id='201679' version='1'>
    <nd ref='201675' />
    <nd ref='199551' />
    <tag k='subtype' v='solid' />
    <tag k='type' v='line_thin' />
  </way>
  <way id='201681' version='1'>
    <nd ref='197952' />
    <nd ref='201682' />
    <nd ref='201683' />
    <tag k='type' v='virtual' />
  </way>
  <way id='201684' version='1'>
    <nd ref='197955' />
    <nd ref='201685' />
    <nd ref='201686' />
    <tag k='subtype' v='solid' />
    <tag k='type' v='line_thin' />
  </way>
  <way id='201690' version='1'>
    <nd ref='201683' />
    <nd ref='201691' />
    <nd ref='201338' />
    <tag k='subtype' v='solid' />
    <tag k='type' v='line_thin' />
  </way>
  <way id='201692' version='1'>
    <nd ref='201686' />
    <nd ref='201693' />
    <nd ref='201340' />
    <tag k='subtype' v='solid' />
    <tag k='type' v='line_thin' />
  </way>
  <way id='201697' version='1'>
    <nd ref='201359' />
    <nd ref='201698' />
    <tag k='subtype' v='solid' />
    <tag k='type' v='line_thin' />
  </way>
  <way id='201699' version='1'>
    <nd ref='201361' />
    <nd ref='201700' />
    <tag k='subtype' v='solid' />
    <tag k='type' v='line_thin' />
  </way>
  <way id='201703' version='1'>
    <nd ref='201698' />
    <nd ref='198850' />
    <tag k='type' v='virtual' />
  </way>
  <way id='201704' version='1'>
    <nd ref='201700' />
    <nd ref='198858' />
    <tag k='subtype' v='solid' />
    <tag k='type' v='line_thin' />
  </way>
  <way id='201706' version='1'>
    <nd ref='197919' />
    <nd ref='201707' />
    <nd ref='201708' />
    <tag k='subtype' v='solid' />
    <tag k='type' v='line_thin' />
  </way>
  <way id='201709' version='1'>
    <nd ref='197925' />
    <nd ref='201710' />
    <nd ref='201711' />
    <tag k='subtype' v='solid' />
    <tag k='type' v='line_thin' />
  </way>
  <way id='201715' version='1'>
    <nd ref='201708' />
    <nd ref='201716' />
    <tag k='subtype' v='solid' />
    <tag k='type' v='line_thin' />
  </way>
  <way id='201717' version='1'>
    <nd ref='201711' />
    <nd ref='201718' />
    <tag k='subtype' v='solid' />
    <tag k='type' v='line_thin' />
  </way>
  <way id='201721' version='1'>
    <nd ref='201716' />
    <nd ref='201722' />
    <nd ref='201723' />
    <nd ref='201724' />
    <nd ref='201725' />
    <tag k='subtype' v='solid' />
    <tag k='type' v='line_thin' />
  </way>
  <way id='201726' version='1'>
    <nd ref='201718' />
    <nd ref='201727' />
    <nd ref='201728' />
    <nd ref='201729' />
    <nd ref='201730' />
    <tag k='subtype' v='solid' />
    <tag k='type' v='line_thin' />
  </way>
  <way id='201736' version='1'>
    <nd ref='201725' />
    <nd ref='201737' />
    <tag k='subtype' v='solid' />
    <tag k='type' v='line_thin' />
  </way>
  <way id='201738' version='1'>
    <nd ref='201730' />
    <nd ref='201739' />
    <tag k='subtype' v='solid' />
    <tag k='type' v='line_thin' />
  </way>
  <way id='201742' version='1'>
    <nd ref='201737' />
    <nd ref='201374' />
    <tag k='subtype' v='solid' />
    <tag k='type' v='line_thin' />
  </way>
  <way id='201743' version='1'>
    <nd ref='201739' />
    <nd ref='201377' />
    <tag k='subtype' v='solid' />
    <tag k='type' v='line_thin' />
  </way>
  <way id='201745' version='1'>
    <nd ref='198651' />
    <nd ref='201746' />
    <nd ref='201747' />
    <nd ref='201748' />
    <tag k='subtype' v='solid' />
    <tag k='type' v='line_thin' />
  </way>
  <way id='201752' version='1'>
    <nd ref='201748' />
    <nd ref='201753' />
    <tag k='type' v='virtual' />
  </way>
  <way id='201756' version='1'>
    <nd ref='201753' />
    <nd ref='201757' />
    <nd ref='201758' />
    <nd ref='201759' />
    <tag k='subtype' v='solid' />
    <tag k='type' v='line_thin' />
  </way>
  <way id='201765' version='1'>
    <nd ref='201759' />
    <nd ref='201766' />
    <tag k='type' v='virtual' />
  </way>
  <way id='201769' version='1'>
    <nd ref='201766' />
    <nd ref='201420' />
    <tag k='subtype' v='solid' />
    <tag k='type' v='line_thin' />
  </way>
  <way id='201771' version='1'>
    <nd ref='201410' />
    <nd ref='201772' />
    <tag k='subtype' v='solid' />
    <tag k='type' v='line_thin' />
  </way>
  <way id='201773' version='1'>
    <nd ref='201414' />
    <nd ref='201774' />
    <tag k='subtype' v='solid' />
    <tag k='type' v='line_thin' />
  </way>
  <way id='201777' version='1'>
    <nd ref='201772' />
    <nd ref='201778' />
    <nd ref='201779' />
    <tag k='subtype' v='solid' />
    <tag k='type' v='line_thin' />
  </way>
  <way id='201780' version='1'>
    <nd ref='201774' />
    <nd ref='201781' />
    <nd ref='201782' />
    <tag k='subtype' v='dashed' />
    <tag k='type' v='line_thin' />
  </way>
  <way id='201786' version='1'>
    <nd ref='201779' />
    <nd ref='201787' />
    <tag k='subtype' v='solid' />
    <tag k='type' v='line_thin' />
  </way>
  <way id='201788' version='1'>
    <nd ref='201782' />
    <nd ref='201789' />
    <tag k='subtype' v='dashed' />
    <tag k='type' v='line_thin' />
  </way>
  <way id='201792' version='1'>
    <nd ref='201787' />
    <nd ref='201793' />
    <tag k='type' v='virtual' />
  </way>
  <way id='201794' version='1'>
    <nd ref='201789' />
    <nd ref='201795' />
    <tag k='subtype' v='dashed' />
    <tag k='type' v='line_thin' />
  </way>
  <way id='201798' version='1'>
    <nd ref='201793' />
    <nd ref='201799' />
    <nd ref='201800' />
    <nd ref='201801' />
    <nd ref='197996' />
    <tag k='subtype' v='dashed' />
    <tag k='type' v='line_thin' />
  </way>
  <way id='201802' version='1'>
    <nd ref='201795' />
    <nd ref='201803' />
    <nd ref='201804' />
    <nd ref='201805' />
    <nd ref='198000' />
    <tag k='subtype' v='dashed' />
    <tag k='type' v='line_thin' />
  </way>
  <way id='201810' version='1'>
    <nd ref='201445' />
    <nd ref='201811' />
    <tag k='subtype' v='solid' />
    <tag k='type' v='line_thin' />
  </way>
  <way id='201814' version='1'>
    <nd ref='201811' />
    <nd ref='201815' />
    <nd ref='201816' />
    <tag k='subtype' v='solid' />
    <tag k='type' v='line_thin' />
  </way>
  <way id='201820' version='1'>
    <nd ref='201816' />
    <nd ref='201821' />
    <tag k='subtype' v='solid' />
    <tag k='type' v='line_thin' />
  </way>
  <way id='201824' version='1'>
    <nd ref='201821' />
    <nd ref='201825' />
    <tag k='subtype' v='solid' />
    <tag k='type' v='line_thin' />
  </way>
  <way id='201828' version='1'>
    <nd ref='201825' />
    <nd ref='201829' />
    <nd ref='201830' />
    <nd ref='201831' />
    <nd ref='201832' />
    <nd ref='198000' />
    <tag k='subtype' v='solid' />
    <tag k='type' v='line_thin' />
  </way>
  <way id='22700097' version='1'>
    <nd ref='1270010502' />
    <nd ref='1270010503' />
    <nd ref='1270010504' />
    <nd ref='1270010505' />
    <tag k='type' v='stop_line' />
  </way>
  <way id='22700098' version='1'>
    <nd ref='1270010670' />
    <nd ref='1270010671' />
    <nd ref='1270010672' />
    <tag k='type' v='stop_line' />
  </way>
  <way id='22700099' version='1'>
    <nd ref='1270010649' />
    <nd ref='1270010650' />
    <tag k='type' v='stop_line' />
  </way>
  <way id='22700100' version='1'>
    <nd ref='1270010544' />
    <nd ref='1270010545' />
    <nd ref='1270010546' />
    <tag k='type' v='stop_line' />
  </way>
  <way id='22700102' version='1'>
    <nd ref='1270010585' />
    <nd ref='1270010586' />
    <tag k='type' v='stop_line' />
  </way>
  <way id='22700108' version='1'>
    <nd ref='1270010525' />
    <nd ref='1270010526' />
    <tag k='type' v='stop_line' />
  </way>
  <way id='22700109' version='1'>
    <nd ref='1270010628' />
    <nd ref='1270010629' />
    <tag k='type' v='stop_line' />
  </way>
  <way id='22700111' version='1'>
    <nd ref='1270010564' />
    <nd ref='1270010565' />
    <tag k='type' v='stop_line' />
  </way>
  <way id='22700112' version='1'>
    <nd ref='1270010479' />
    <nd ref='1270010480' />
    <nd ref='1270010481' />
    <nd ref='1270010482' />
    <tag k='type' v='stop_line' />
  </way>
  <way id='22700113' version='1'>
    <nd ref='1270010606' />
    <nd ref='1270010607' />
    <nd ref='1270010608' />
    <tag k='type' v='stop_line' />
  </way>
  <way id='31700008' version='1'>
    <nd ref='1270010461' />
    <nd ref='1270010462' />
    <tag k='height' v='0.355' />
    <tag k='type' v='traffic_light' />
  </way>
  <way id='31700015' version='1'>
    <nd ref='1270010484' />
    <nd ref='1270010485' />
    <tag k='height' v='0.355' />
    <tag k='type' v='traffic_light' />
  </way>
  <way id='31700016' version='1'>
    <nd ref='1270010487' />
    <nd ref='1270010488' />
    <tag k='height' v='0.355' />
    <tag k='type' v='traffic_light' />
  </way>
  <way id='31700017' version='1'>
    <nd ref='1270010464' />
    <nd ref='1270010465' />
    <tag k='height' v='0.355' />
    <tag k='type' v='traffic_light' />
  </way>
  <way id='31700018' version='1'>
    <nd ref='1270010507' />
    <nd ref='1270010508' />
    <tag k='height' v='0.355' />
    <tag k='type' v='traffic_light' />
  </way>
  <way id='31700019' version='1'>
    <nd ref='1270010510' />
    <nd ref='1270010511' />
    <tag k='height' v='0.355' />
    <tag k='type' v='traffic_light' />
  </way>
  <way id='31700022' version='1'>
    <nd ref='1270010528' />
    <nd ref='1270010529' />
    <tag k='height' v='0.355' />
    <tag k='type' v='traffic_light' />
  </way>
  <way id='31700023' version='1'>
    <nd ref='1270010531' />
    <nd ref='1270010532' />
    <tag k='height' v='0.355' />
    <tag k='type' v='traffic_light' />
  </way>
  <way id='31700024' version='1'>
    <nd ref='1270010548' />
    <nd ref='1270010549' />
    <tag k='height' v='0.355' />
    <tag k='type' v='traffic_light' />
  </way>
  <way id='31700025' version='1'>
    <nd ref='1270010551' />
    <nd ref='1270010552' />
    <tag k='height' v='0.355' />
    <tag k='type' v='traffic_light' />
  </way>
  <way id='31700030' version='1'>
    <nd ref='1270010567' />
    <nd ref='1270010568' />
    <tag k='height' v='0.355' />
    <tag k='type' v='traffic_light' />
  </way>
  <way id='31700032' version='1'>
    <nd ref='1270010570' />
    <nd ref='1270010571' />
    <tag k='height' v='0.355' />
    <tag k='type' v='traffic_light' />
  </way>
  <way id='31700033' version='1'>
    <nd ref='1270010588' />
    <nd ref='1270010589' />
    <tag k='height' v='0.355' />
    <tag k='type' v='traffic_light' />
  </way>
  <way id='31700034' version='1'>
    <nd ref='1270010591' />
    <nd ref='1270010592' />
    <tag k='height' v='0.355' />
    <tag k='type' v='traffic_light' />
  </way>
  <way id='31700035' version='1'>
    <nd ref='1270010610' />
    <nd ref='1270010611' />
    <tag k='height' v='0.355' />
    <tag k='type' v='traffic_light' />
  </way>
  <way id='31700036' version='1'>
    <nd ref='1270010613' />
    <nd ref='1270010614' />
    <tag k='height' v='0.355' />
    <tag k='type' v='traffic_light' />
  </way>
  <way id='31700037' version='1'>
    <nd ref='1270010631' />
    <nd ref='1270010632' />
    <tag k='height' v='0.355' />
    <tag k='type' v='traffic_light' />
  </way>
  <way id='31700038' version='1'>
    <nd ref='1270010634' />
    <nd ref='1270010635' />
    <tag k='height' v='0.355' />
    <tag k='type' v='traffic_light' />
  </way>
  <way id='31700039' version='1'>
    <nd ref='1270010652' />
    <nd ref='1270010653' />
    <tag k='height' v='0.355' />
    <tag k='type' v='traffic_light' />
  </way>
  <way id='31700040' version='1'>
    <nd ref='1270010655' />
    <nd ref='1270010656' />
    <tag k='height' v='0.355' />
    <tag k='type' v='traffic_light' />
  </way>
  <way id='1270010102' version='1'>
    <nd ref='1270010103' />
    <nd ref='1270010104' />
    <nd ref='1270010105' />
    <nd ref='1270010106' />
    <tag k='type' v='virtual' />
  </way>
  <way id='1270010107' version='1'>
    <nd ref='1270010108' />
    <nd ref='1270010109' />
    <nd ref='1270010110' />
    <nd ref='1270010111' />
    <nd ref='1270010112' />
    <tag k='type' v='virtual' />
  </way>
  <way id='1270010113' version='1'>
    <nd ref='1270010114' />
    <nd ref='1270010115' />
    <nd ref='1270010116' />
    <nd ref='1270010117' />
    <nd ref='1270010118' />
    <tag k='type' v='virtual' />
  </way>
  <way id='1270010119' version='1'>
    <nd ref='1270010120' />
    <nd ref='1270010121' />
    <nd ref='1270010122' />
    <nd ref='1270010123' />
    <tag k='type' v='virtual' />
  </way>
  <way id='1270010124' version='1'>
    <nd ref='1270010125' />
    <nd ref='1270010126' />
    <nd ref='1270010127' />
    <nd ref='1270010128' />
    <nd ref='1270010129' />
    <nd ref='1270010130' />
    <tag k='type' v='virtual' />
  </way>
  <way id='1270010131' version='1'>
    <nd ref='1270010132' />
    <nd ref='1270010133' />
    <nd ref='1270010134' />
    <nd ref='1270010135' />
    <tag k='type' v='virtual' />
  </way>
  <way id='1270010136' version='1'>
    <nd ref='1270010137' />
    <nd ref='1270010138' />
    <nd ref='1270010139' />
    <tag k='type' v='virtual' />
  </way>
  <way id='1270010140' version='1'>
    <nd ref='1270010141' />
    <nd ref='1270010142' />
    <nd ref='1270010143' />
    <nd ref='1270010144' />
    <tag k='type' v='virtual' />
  </way>
  <way id='1270010145' version='1'>
    <nd ref='1270010146' />
    <nd ref='1270010147' />
    <nd ref='1270010148' />
    <nd ref='1270010149' />
    <nd ref='1270010150' />
    <tag k='type' v='virtual' />
  </way>
  <way id='1270010151' version='1'>
    <nd ref='1270010152' />
    <nd ref='1270010153' />
    <nd ref='1270010154' />
    <tag k='type' v='virtual' />
  </way>
  <way id='1270010155' version='1'>
    <nd ref='1270010156' />
    <nd ref='1270010157' />
    <nd ref='1270010158' />
    <tag k='type' v='virtual' />
  </way>
  <way id='1270010159' version='1'>
    <nd ref='1270010160' />
    <nd ref='1270010161' />
    <nd ref='1270010162' />
    <tag k='type' v='virtual' />
  </way>
  <way id='1270010163' version='1'>
    <nd ref='1270010164' />
    <nd ref='1270010165' />
    <nd ref='1270010166' />
    <nd ref='1270010167' />
    <tag k='type' v='virtual' />
  </way>
  <way id='1270010168' version='1'>
    <nd ref='1270010169' />
    <nd ref='1270010170' />
    <nd ref='1270010171' />
    <nd ref='1270010172' />
    <tag k='type' v='virtual' />
  </way>
  <way id='1270010173' version='1'>
    <nd ref='1270010174' />
    <nd ref='1270010175' />
    <nd ref='1270010176' />
    <nd ref='1270010177' />
    <nd ref='1270010178' />
    <nd ref='1270010179' />
    <nd ref='1270010180' />
    <tag k='type' v='virtual' />
  </way>
  <way id='1270010181' version='1'>
    <nd ref='1270010182' />
    <nd ref='1270010183' />
    <nd ref='1270010184' />
    <nd ref='1270010185' />
    <nd ref='1270010186' />
    <nd ref='1270010187' />
    <nd ref='1270010188' />
    <tag k='type' v='virtual' />
  </way>
  <way id='1270010189' version='1'>
    <nd ref='1270010190' />
    <nd ref='1270010191' />
    <nd ref='1270010192' />
    <nd ref='1270010193' />
    <nd ref='1270010194' />
    <nd ref='1270010195' />
    <nd ref='1270010196' />
    <tag k='type' v='virtual' />
  </way>
  <way id='1270010197' version='1'>
    <nd ref='1270010198' />
    <nd ref='1270010199' />
    <nd ref='1270010200' />
    <nd ref='1270010201' />
    <nd ref='1270010202' />
    <nd ref='1270010203' />
    <tag k='type' v='virtual' />
  </way>
  <way id='1270010204' version='1'>
    <nd ref='1270010205' />
    <nd ref='1270010206' />
    <nd ref='1270010207' />
    <nd ref='1270010208' />
    <nd ref='1270010209' />
    <nd ref='1270010210' />
    <nd ref='1270010211' />
    <tag k='type' v='virtual' />
  </way>
  <way id='1270010212' version='1'>
    <nd ref='1270010213' />
    <nd ref='1270010214' />
    <nd ref='1270010215' />
    <nd ref='1270010216' />
    <nd ref='1270010217' />
    <nd ref='1270010218' />
    <nd ref='1270010219' />
    <tag k='type' v='virtual' />
  </way>
  <way id='1270010220' version='1'>
    <nd ref='1270010221' />
    <nd ref='1270010222' />
    <nd ref='1270010223' />
    <nd ref='1270010224' />
    <nd ref='1270010225' />
    <nd ref='1270010226' />
    <nd ref='1270010227' />
    <nd ref='1270010228' />
    <tag k='type' v='virtual' />
  </way>
  <way id='1270010229' version='1'>
    <nd ref='1270010230' />
    <nd ref='1270010231' />
    <nd ref='1270010232' />
    <nd ref='1270010233' />
    <nd ref='1270010234' />
    <nd ref='1270010235' />
    <tag k='type' v='virtual' />
  </way>
  <way id='1270010236' version='1'>
    <nd ref='1270010237' />
    <nd ref='1270010238' />
    <nd ref='1270010239' />
    <nd ref='1270010240' />
    <tag k='type' v='virtual' />
  </way>
  <way id='1270010241' version='1'>
    <nd ref='1270010242' />
    <nd ref='1270010243' />
    <nd ref='1270010244' />
    <nd ref='1270010245' />
    <nd ref='1270010246' />
    <tag k='type' v='virtual' />
  </way>
  <way id='1270010247' version='1'>
    <nd ref='1270010248' />
    <nd ref='1270010249' />
    <nd ref='1270010250' />
    <tag k='type' v='virtual' />
  </way>
  <way id='1270010251' version='1'>
    <nd ref='1270010252' />
    <nd ref='1270010253' />
    <nd ref='1270010254' />
    <tag k='type' v='virtual' />
  </way>
  <way id='1270010255' version='1'>
    <nd ref='1270010256' />
    <nd ref='1270010257' />
    <nd ref='1270010258' />
    <nd ref='1270010259' />
    <nd ref='1270010260' />
    <nd ref='1270010261' />
    <nd ref='1270010262' />
    <tag k='type' v='virtual' />
  </way>
  <way id='1270010263' version='1'>
    <nd ref='1270010264' />
    <nd ref='1270010265' />
    <nd ref='1270010266' />
    <nd ref='1270010267' />
    <nd ref='1270010268' />
    <nd ref='1270010269' />
    <tag k='type' v='virtual' />
  </way>
  <way id='1270010270' version='1'>
    <nd ref='1270010271' />
    <nd ref='1270010272' />
    <nd ref='1270010273' />
    <nd ref='1270010274' />
    <nd ref='1270010275' />
    <nd ref='1270010276' />
    <nd ref='1270010277' />
    <nd ref='1270010278' />
    <tag k='type' v='virtual' />
  </way>
  <way id='1270010279' version='1'>
    <nd ref='1270010280' />
    <nd ref='1270010281' />
    <nd ref='1270010282' />
    <nd ref='1270010283' />
    <nd ref='1270010284' />
    <nd ref='1270010285' />
    <tag k='type' v='virtual' />
  </way>
  <way id='1270010286' version='1'>
    <nd ref='1270010287' />
    <nd ref='1270010288' />
    <nd ref='1270010289' />
    <tag k='type' v='virtual' />
  </way>
  <way id='1270010290' version='1'>
    <nd ref='1270010291' />
    <nd ref='1270010292' />
    <nd ref='1270010293' />
    <nd ref='1270010294' />
    <nd ref='1270010295' />
    <tag k='type' v='virtual' />
  </way>
  <way id='1270010296' version='1'>
    <nd ref='1270010297' />
    <nd ref='1270010298' />
    <nd ref='1270010299' />
    <tag k='type' v='virtual' />
  </way>
  <way id='1270010300' version='1'>
    <nd ref='1270010301' />
    <nd ref='1270010302' />
    <nd ref='1270010303' />
    <nd ref='1270010304' />
    <tag k='type' v='virtual' />
  </way>
  <way id='1270010305' version='1'>
    <nd ref='1270010306' />
    <nd ref='1270010307' />
    <nd ref='1270010308' />
    <tag k='type' v='virtual' />
  </way>
  <way id='1270010309' version='1'>
    <nd ref='1270010310' />
    <nd ref='1270010311' />
    <nd ref='1270010312' />
    <tag k='type' v='virtual' />
  </way>
  <way id='1270010313' version='1'>
    <nd ref='1270010314' />
    <nd ref='1270010315' />
    <nd ref='1270010316' />
    <nd ref='1270010317' />
    <nd ref='1270010318' />
    <nd ref='1270010319' />
    <nd ref='1270010320' />
    <tag k='type' v='virtual' />
  </way>
  <way id='1270010321' version='1'>
    <nd ref='1270010322' />
    <nd ref='1270010323' />
    <nd ref='1270010324' />
    <nd ref='1270010325' />
    <nd ref='1270010326' />
    <nd ref='1270010327' />
    <nd ref='1270010328' />
    <tag k='type' v='virtual' />
  </way>
  <way id='1270010329' version='1'>
    <nd ref='1270010330' />
    <nd ref='1270010331' />
    <nd ref='1270010332' />
    <nd ref='1270010333' />
    <nd ref='1270010334' />
    <nd ref='1270010335' />
    <nd ref='1270010336' />
    <tag k='type' v='virtual' />
  </way>
  <way id='1270010337' version='1'>
    <nd ref='1270010338' />
    <nd ref='1270010339' />
    <nd ref='1270010340' />
    <nd ref='1270010341' />
    <nd ref='1270010342' />
    <nd ref='1270010343' />
    <tag k='type' v='virtual' />
  </way>
  <way id='1270010344' version='1'>
    <nd ref='1270010345' />
    <nd ref='1270010346' />
    <nd ref='1270010347' />
    <nd ref='1270010348' />
    <tag k='type' v='virtual' />
  </way>
  <way id='1270010349' version='1'>
    <nd ref='1270010350' />
    <nd ref='1270010351' />
    <nd ref='1270010352' />
    <tag k='type' v='virtual' />
  </way>
  <way id='1270010353' version='1'>
    <nd ref='1270010354' />
    <nd ref='1270010355' />
    <nd ref='1270010356' />
    <nd ref='1270010357' />
    <tag k='type' v='virtual' />
  </way>
  <way id='1270010358' version='1'>
    <nd ref='1270010359' />
    <nd ref='1270010360' />
    <nd ref='1270010361' />
    <tag k='type' v='virtual' />
  </way>
  <way id='1270010362' version='1'>
    <nd ref='1270010363' />
    <nd ref='1270010364' />
    <nd ref='1270010365' />
    <tag k='type' v='virtual' />
  </way>
  <way id='1270010366' version='1'>
    <nd ref='1270010367' />
    <nd ref='1270010368' />
    <nd ref='1270010369' />
    <nd ref='1270010370' />
    <nd ref='1270010371' />
    <tag k='type' v='virtual' />
  </way>
  <way id='1270010372' version='1'>
    <nd ref='1270010373' />
    <nd ref='1270010374' />
    <nd ref='1270010375' />
    <tag k='type' v='virtual' />
  </way>
  <way id='1270010376' version='1'>
    <nd ref='1270010377' />
    <nd ref='1270010378' />
    <nd ref='1270010379' />
    <tag k='type' v='virtual' />
  </way>
  <way id='1270010380' version='1'>
    <nd ref='1270010381' />
    <nd ref='1270010382' />
    <nd ref='1270010383' />
    <tag k='type' v='virtual' />
  </way>
  <way id='1270010384' version='1'>
    <nd ref='1270010385' />
    <nd ref='1270010386' />
    <nd ref='1270010387' />
    <nd ref='1270010388' />
    <nd ref='1270010389' />
    <tag k='type' v='virtual' />
  </way>
  <way id='1270010390' version='1'>
    <nd ref='1270010391' />
    <nd ref='1270010392' />
    <nd ref='1270010393' />
    <nd ref='1270010394' />
    <nd ref='1270010395' />
    <nd ref='1270010396' />
    <nd ref='1270010397' />
    <tag k='type' v='virtual' />
  </way>
  <way id='1270010398' version='1'>
    <nd ref='1270010399' />
    <nd ref='1270010400' />
    <nd ref='1270010401' />
    <nd ref='1270010402' />
    <nd ref='1270010403' />
    <nd ref='1270010404' />
    <tag k='type' v='virtual' />
  </way>
  <way id='1270010405' version='1'>
    <nd ref='1270010406' />
    <nd ref='1270010407' />
    <nd ref='1270010408' />
    <nd ref='1270010409' />
    <nd ref='1270010410' />
    <tag k='type' v='virtual' />
  </way>
  <way id='1270010411' version='1'>
    <nd ref='1270010412' />
    <nd ref='1270010413' />
    <nd ref='1270010414' />
    <nd ref='1270010415' />
    <tag k='type' v='virtual' />
  </way>
  <way id='1270010416' version='1'>
    <nd ref='1270010417' />
    <nd ref='1270010418' />
    <nd ref='1270010419' />
    <nd ref='1270010420' />
    <nd ref='1270010421' />
    <nd ref='1270010422' />
    <tag k='type' v='virtual' />
  </way>
  <way id='1270010423' version='1'>
    <nd ref='1270010424' />
    <nd ref='1270010425' />
    <nd ref='1270010426' />
    <nd ref='1270010427' />
    <nd ref='1270010428' />
    <nd ref='1270010429' />
    <tag k='type' v='virtual' />
  </way>
  <way id='1270010430' version='1'>
    <nd ref='1270010431' />
    <nd ref='1270010432' />
    <nd ref='1270010433' />
    <nd ref='1270010434' />
    <nd ref='1270010435' />
    <nd ref='1270010436' />
    <tag k='type' v='virtual' />
  </way>
  <way id='1270010437' version='1'>
    <nd ref='1270010438' />
    <nd ref='1270010439' />
    <nd ref='1270010440' />
    <nd ref='1270010441' />
    <nd ref='1270010442' />
    <nd ref='1270010443' />
    <tag k='type' v='virtual' />
  </way>
  <way id='1270010444' version='1'>
    <nd ref='1270010445' />
    <nd ref='1270010446' />
    <nd ref='1270010447' />
    <tag k='type' v='virtual' />
  </way>
  <way id='1270010448' version='1'>
    <nd ref='1270010449' />
    <nd ref='1270010450' />
    <nd ref='1270010451' />
    <tag k='type' v='virtual' />
  </way>
  <way id='1270010452' version='1'>
    <nd ref='1270010453' />
    <nd ref='1270010454' />
    <nd ref='1270010455' />
    <tag k='type' v='virtual' />
  </way>
  <way id='1270010456' version='1'>
    <nd ref='1270010457' />
    <nd ref='1270010458' />
    <nd ref='1270010459' />
    <nd ref='1270010460' />
    <tag k='type' v='virtual' />
  </way>
  <way id='1270010467' version='1'>
    <nd ref='1270010468' />
    <nd ref='1270010469' />
    <nd ref='1270010470' />
    <nd ref='1270010471' />
    <tag k='subtype' v='red_yellow_green_green' />
    <tag k='traffic_light_id' v='31700008' />
    <tag k='type' v='light_bulbs' />
  </way>
  <way id='1270010473' version='1'>
    <nd ref='1270010474' />
    <nd ref='1270010475' />
    <nd ref='1270010476' />
    <nd ref='1270010477' />
    <tag k='subtype' v='red_yellow_green_green' />
    <tag k='traffic_light_id' v='31700017' />
    <tag k='type' v='light_bulbs' />
  </way>
  <way id='1270010490' version='1'>
    <nd ref='1270010491' />
    <nd ref='1270010492' />
    <nd ref='1270010493' />
    <nd ref='1270010494' />
    <tag k='subtype' v='red_yellow_green_green' />
    <tag k='traffic_light_id' v='31700015' />
    <tag k='type' v='light_bulbs' />
  </way>
  <way id='1270010496' version='1'>
    <nd ref='1270010497' />
    <nd ref='1270010498' />
    <nd ref='1270010499' />
    <nd ref='1270010500' />
    <tag k='subtype' v='red_yellow_green_green' />
    <tag k='traffic_light_id' v='31700016' />
    <tag k='type' v='light_bulbs' />
  </way>
  <way id='1270010513' version='1'>
    <nd ref='1270010514' />
    <nd ref='1270010515' />
    <nd ref='1270010516' />
    <nd ref='1270010517' />
    <tag k='subtype' v='red_yellow_green_green' />
    <tag k='traffic_light_id' v='31700018' />
    <tag k='type' v='light_bulbs' />
  </way>
  <way id='1270010519' version='1'>
    <nd ref='1270010520' />
    <nd ref='1270010521' />
    <nd ref='1270010522' />
    <nd ref='1270010523' />
    <tag k='subtype' v='red_yellow_green_green' />
    <tag k='traffic_light_id' v='31700019' />
    <tag k='type' v='light_bulbs' />
  </way>
  <way id='1270010534' version='1'>
    <nd ref='1270010535' />
    <nd ref='1270010536' />
    <nd ref='1270010537' />
    <tag k='subtype' v='red_yellow_green' />
    <tag k='traffic_light_id' v='31700022' />
    <tag k='type' v='light_bulbs' />
  </way>
  <way id='1270010539' version='1'>
    <nd ref='1270010540' />
    <nd ref='1270010541' />
    <nd ref='1270010542' />
    <tag k='subtype' v='red_yellow_green' />
    <tag k='traffic_light_id' v='31700023' />
    <tag k='type' v='light_bulbs' />
  </way>
  <way id='1270010554' version='1'>
    <nd ref='1270010555' />
    <nd ref='1270010556' />
    <nd ref='1270010557' />
    <tag k='subtype' v='red_yellow_green' />
    <tag k='traffic_light_id' v='31700024' />
    <tag k='type' v='light_bulbs' />
  </way>
  <way id='1270010559' version='1'>
    <nd ref='1270010560' />
    <nd ref='1270010561' />
    <nd ref='1270010562' />
    <tag k='subtype' v='red_yellow_green' />
    <tag k='traffic_light_id' v='31700025' />
    <tag k='type' v='light_bulbs' />
  </way>
  <way id='1270010573' version='1'>
    <nd ref='1270010574' />
    <nd ref='1270010575' />
    <nd ref='1270010576' />
    <nd ref='1270010577' />
    <tag k='subtype' v='red_yellow_green_green' />
    <tag k='traffic_light_id' v='31700030' />
    <tag k='type' v='light_bulbs' />
  </way>
  <way id='1270010579' version='1'>
    <nd ref='1270010580' />
    <nd ref='1270010581' />
    <nd ref='1270010582' />
    <nd ref='1270010583' />
    <tag k='subtype' v='red_yellow_green_green' />
    <tag k='traffic_light_id' v='31700032' />
    <tag k='type' v='light_bulbs' />
  </way>
  <way id='1270010594' version='1'>
    <nd ref='1270010595' />
    <nd ref='1270010596' />
    <nd ref='1270010597' />
    <nd ref='1270010598' />
    <tag k='subtype' v='red_yellow_green_green' />
    <tag k='traffic_light_id' v='31700033' />
    <tag k='type' v='light_bulbs' />
  </way>
  <way id='1270010600' version='1'>
    <nd ref='1270010601' />
    <nd ref='1270010602' />
    <nd ref='1270010603' />
    <nd ref='1270010604' />
    <tag k='subtype' v='red_yellow_green_green' />
    <tag k='traffic_light_id' v='31700034' />
    <tag k='type' v='light_bulbs' />
  </way>
  <way id='1270010616' version='1'>
    <nd ref='1270010617' />
    <nd ref='1270010618' />
    <nd ref='1270010619' />
    <nd ref='1270010620' />
    <tag k='subtype' v='red_yellow_green_green' />
    <tag k='traffic_light_id' v='31700035' />
    <tag k='type' v='light_bulbs' />
  </way>
  <way id='1270010622' version='1'>
    <nd ref='1270010623' />
    <nd ref='1270010624' />
    <nd ref='1270010625' />
    <nd ref='1270010626' />
    <tag k='subtype' v='red_yellow_green_green' />
    <tag k='traffic_light_id' v='31700036' />
    <tag k='type' v='light_bulbs' />
  </way>
  <way id='1270010637' version='1'>
    <nd ref='1270010638' />
    <nd ref='1270010639' />
    <nd ref='1270010640' />
    <nd ref='1270010641' />
    <tag k='subtype' v='red_yellow_green_green' />
    <tag k='traffic_light_id' v='31700037' />
    <tag k='type' v='light_bulbs' />
  </way>
  <way id='1270010643' version='1'>
    <nd ref='1270010644' />
    <nd ref='1270010645' />
    <nd ref='1270010646' />
    <nd ref='1270010647' />
    <tag k='subtype' v='red_yellow_green_green' />
    <tag k='traffic_light_id' v='31700038' />
    <tag k='type' v='light_bulbs' />
  </way>
  <way id='1270010658' version='1'>
    <nd ref='1270010659' />
    <nd ref='1270010660' />
    <nd ref='1270010661' />
    <nd ref='1270010662' />
    <tag k='subtype' v='red_yellow_green_green' />
    <tag k='traffic_light_id' v='31700039' />
    <tag k='type' v='light_bulbs' />
  </way>
  <way id='1270010664' version='1'>
    <nd ref='1270010665' />
    <nd ref='1270010666' />
    <nd ref='1270010667' />
    <nd ref='1270010668' />
    <tag k='subtype' v='red_yellow_green_green' />
    <tag k='traffic_light_id' v='31700040' />
    <tag k='type' v='light_bulbs' />
  </way>
  <relation id='12100001' version='1'>
    <member type='way' ref='197760' role='left' />
    <member type='way' ref='197762' role='right' />
    <tag k='location' v='urban' />
    <tag k='region' v='kr' />
    <tag k='speed_limit' v='60km/h' />
    <tag k='subtype' v='road' />
    <tag k='type' v='lanelet' />
  </relation>
  <relation id='12100002' version='1'>
    <member type='way' ref='197768' role='left' />
    <member type='way' ref='197770' role='right' />
    <tag k='location' v='urban' />
    <tag k='region' v='kr' />
    <tag k='speed_limit' v='60km/h' />
    <tag k='subtype' v='road' />
    <tag k='type' v='lanelet' />
  </relation>
  <relation id='12100015' version='1'>
    <member type='way' ref='197775' role='left' />
    <member type='way' ref='197777' role='right' />
    <tag k='location' v='urban' />
    <tag k='region' v='kr' />
    <tag k='speed_limit' v='60km/h' />
    <tag k='subtype' v='road' />
    <tag k='turn_direction' v='straight' />
    <tag k='type' v='lanelet' />
  </relation>
  <relation id='12100016' version='1'>
    <member type='way' ref='197781' role='left' />
    <member type='way' ref='197788' role='right' />
    <tag k='location' v='urban' />
    <tag k='region' v='kr' />
    <tag k='speed_limit' v='60km/h' />
    <tag k='subtype' v='road' />
    <tag k='turn_direction' v='left' />
    <tag k='type' v='lanelet' />
  </relation>
  <relation id='12100017' version='1'>
    <member type='way' ref='197803' role='left' />
    <member type='way' ref='197805' role='right' />
    <tag k='location' v='urban' />
    <tag k='region' v='kr' />
    <tag k='speed_limit' v='60km/h' />
    <tag k='subtype' v='road' />
    <tag k='turn_direction' v='straight' />
    <tag k='type' v='lanelet' />
  </relation>
  <relation id='12100018' version='1'>
    <member type='way' ref='197809' role='left' />
    <member type='way' ref='197815' role='right' />
    <tag k='location' v='urban' />
    <tag k='region' v='kr' />
    <tag k='speed_limit' v='60km/h' />
    <tag k='subtype' v='road' />
    <tag k='turn_direction' v='right' />
    <tag k='type' v='lanelet' />
  </relation>
  <relation id='12100019' version='1'>
    <member type='way' ref='197823' role='left' />
    <member type='way' ref='197830' role='right' />
    <tag k='location' v='urban' />
    <tag k='region' v='kr' />
    <tag k='speed_limit' v='60km/h' />
    <tag k='subtype' v='road' />
    <tag k='turn_direction' v='right' />
    <tag k='type' v='lanelet' />
  </relation>
  <relation id='12100020' version='1'>
    <member type='way' ref='197842' role='left' />
    <member type='way' ref='197848' role='right' />
    <tag k='location' v='urban' />
    <tag k='region' v='kr' />
    <tag k='speed_limit' v='60km/h' />
    <tag k='subtype' v='road' />
    <tag k='turn_direction' v='left' />
    <tag k='type' v='lanelet' />
  </relation>
  <relation id='12100022' version='1'>
    <member type='way' ref='197899' role='left' />
    <member type='way' ref='197901' role='right' />
    <tag k='location' v='urban' />
    <tag k='region' v='kr' />
    <tag k='speed_limit' v='60km/h' />
    <tag k='subtype' v='road' />
    <tag k='type' v='lanelet' />
  </relation>
  <relation id='12100023' version='1'>
    <member type='way' ref='197860' role='left' />
    <member type='way' ref='197862' role='right' />
    <tag k='location' v='urban' />
    <tag k='region' v='kr' />
    <tag k='speed_limit' v='60km/h' />
    <tag k='subtype' v='road' />
    <tag k='type' v='lanelet' />
  </relation>
  <relation id='12100024' version='1'>
    <member type='way' ref='197866' role='left' />
    <member type='way' ref='197868' role='right' />
    <tag k='location' v='urban' />
    <tag k='region' v='kr' />
    <tag k='speed_limit' v='60km/h' />
    <tag k='subtype' v='road' />
    <tag k='type' v='lanelet' />
  </relation>
  <relation id='12100109' version='1'>
    <member type='way' ref='197266' role='left' />
    <member type='way' ref='197274' role='right' />
    <tag k='location' v='urban' />
    <tag k='region' v='kr' />
    <tag k='speed_limit' v='60km/h' />
    <tag k='subtype' v='road' />
    <tag k='turn_direction' v='straight' />
    <tag k='type' v='lanelet' />
  </relation>
  <relation id='12100110' version='1'>
    <member type='way' ref='197274' role='left' />
    <member type='way' ref='197288' role='right' />
    <tag k='location' v='urban' />
    <tag k='region' v='kr' />
    <tag k='speed_limit' v='60km/h' />
    <tag k='subtype' v='road' />
    <tag k='turn_direction' v='straight' />
    <tag k='type' v='lanelet' />
  </relation>
  <relation id='12100111' version='1'>
    <member type='way' ref='197288' role='left' />
    <member type='way' ref='197304' role='right' />
    <tag k='location' v='urban' />
    <tag k='region' v='kr' />
    <tag k='speed_limit' v='60km/h' />
    <tag k='subtype' v='road' />
    <tag k='turn_direction' v='straight' />
    <tag k='type' v='lanelet' />
  </relation>
  <relation id='12100112' version='1'>
    <member type='way' ref='197304' role='left' />
    <member type='way' ref='197316' role='right' />
    <tag k='location' v='urban' />
    <tag k='region' v='kr' />
    <tag k='speed_limit' v='60km/h' />
    <tag k='subtype' v='road' />
    <tag k='turn_direction' v='straight' />
    <tag k='type' v='lanelet' />
  </relation>
  <relation id='12100113' version='1'>
    <member type='way' ref='197872' role='left' />
    <member type='way' ref='197875' role='right' />
    <tag k='location' v='urban' />
    <tag k='region' v='kr' />
    <tag k='speed_limit' v='60km/h' />
    <tag k='subtype' v='road' />
    <tag k='type' v='lanelet' />
  </relation>
  <relation id='12100114' version='1'>
    <member type='way' ref='197875' role='left' />
    <member type='way' ref='197881' role='right' />
    <tag k='location' v='urban' />
    <tag k='region' v='kr' />
    <tag k='speed_limit' v='60km/h' />
    <tag k='subtype' v='road' />
    <tag k='type' v='lanelet' />
  </relation>
  <relation id='12100115' version='1'>
    <member type='way' ref='197881' role='left' />
    <member type='way' ref='197887' role='right' />
    <tag k='location' v='urban' />
    <tag k='region' v='kr' />
    <tag k='speed_limit' v='60km/h' />
    <tag k='subtype' v='road' />
    <tag k='type' v='lanelet' />
  </relation>
  <relation id='12100116' version='1'>
    <member type='way' ref='197887' role='left' />
    <member type='way' ref='197893' role='right' />
    <tag k='location' v='urban' />
    <tag k='region' v='kr' />
    <tag k='speed_limit' v='60km/h' />
    <tag k='subtype' v='road' />
    <tag k='type' v='lanelet' />
  </relation>
  <relation id='12100118' version='1'>
    <member type='way' ref='197330' role='left' />
    <member type='way' ref='197332' role='right' />
    <tag k='location' v='urban' />
    <tag k='region' v='kr' />
    <tag k='speed_limit' v='60km/h' />
    <tag k='subtype' v='road' />
    <tag k='turn_direction' v='straight' />
    <tag k='type' v='lanelet' />
  </relation>
  <relation id='12100119' version='1'>
    <member type='way' ref='197332' role='left' />
    <member type='way' ref='197336' role='right' />
    <tag k='location' v='urban' />
    <tag k='region' v='kr' />
    <tag k='speed_limit' v='60km/h' />
    <tag k='subtype' v='road' />
    <tag k='turn_direction' v='straight' />
    <tag k='type' v='lanelet' />
  </relation>
  <relation id='12100120' version='1'>
    <member type='way' ref='197336' role='left' />
    <member type='way' ref='197340' role='right' />
    <tag k='location' v='urban' />
    <tag k='region' v='kr' />
    <tag k='speed_limit' v='60km/h' />
    <tag k='subtype' v='road' />
    <tag k='turn_direction' v='straight' />
    <tag k='type' v='lanelet' />
  </relation>
  <relation id='12100127' version='1'>
    <member type='way' ref='197344' role='left' />
    <member type='way' ref='197347' role='right' />
    <tag k='location' v='urban' />
    <tag k='region' v='kr' />
    <tag k='speed_limit' v='60km/h' />
    <tag k='subtype' v='road' />
    <tag k='type' v='lanelet' />
  </relation>
  <relation id='12100128' version='1'>
    <member type='way' ref='197347' role='left' />
    <member type='way' ref='197353' role='right' />
    <tag k='location' v='urban' />
    <tag k='region' v='kr' />
    <tag k='speed_limit' v='60km/h' />
    <tag k='subtype' v='road' />
    <tag k='type' v='lanelet' />
  </relation>
  <relation id='12100129' version='1'>
    <member type='way' ref='197353' role='left' />
    <member type='way' ref='197358' role='right' />
    <tag k='location' v='urban' />
    <tag k='region' v='kr' />
    <tag k='speed_limit' v='60km/h' />
    <tag k='subtype' v='road' />
    <tag k='type' v='lanelet' />
  </relation>
  <relation id='12100130' version='1'>
    <member type='way' ref='196751' role='left' />
    <member type='way' ref='196757' role='right' />
    <tag k='location' v='urban' />
    <tag k='region' v='kr' />
    <tag k='speed_limit' v='60km/h' />
    <tag k='subtype' v='road' />
    <tag k='type' v='lanelet' />
  </relation>
  <relation id='12100134' version='1'>
    <member type='way' ref='197362' role='left' />
    <member type='way' ref='197365' role='right' />
    <tag k='location' v='urban' />
    <tag k='region' v='kr' />
    <tag k='speed_limit' v='60km/h' />
    <tag k='subtype' v='road' />
    <tag k='type' v='lanelet' />
  </relation>
  <relation id='12100135' version='1'>
    <member type='way' ref='197365' role='left' />
    <member type='way' ref='197371' role='right' />
    <tag k='location' v='urban' />
    <tag k='region' v='kr' />
    <tag k='speed_limit' v='60km/h' />
    <tag k='subtype' v='road' />
    <tag k='type' v='lanelet' />
  </relation>
  <relation id='12100136' version='1'>
    <member type='way' ref='197371' role='left' />
    <member type='way' ref='197377' role='right' />
    <tag k='location' v='urban' />
    <tag k='region' v='kr' />
    <tag k='speed_limit' v='60km/h' />
    <tag k='subtype' v='road' />
    <tag k='type' v='lanelet' />
  </relation>
  <relation id='12100137' version='1'>
    <member type='way' ref='197377' role='left' />
    <member type='way' ref='197383' role='right' />
    <tag k='location' v='urban' />
    <tag k='region' v='kr' />
    <tag k='speed_limit' v='60km/h' />
    <tag k='subtype' v='road' />
    <tag k='type' v='lanelet' />
  </relation>
  <relation id='12100138' version='1'>
    <member type='way' ref='197389' role='left' />
    <member type='way' ref='197391' role='right' />
    <tag k='location' v='urban' />
    <tag k='region' v='kr' />
    <tag k='speed_limit' v='60km/h' />
    <tag k='subtype' v='road' />
    <tag k='type' v='lanelet' />
  </relation>
  <relation id='12100139' version='1'>
    <member type='way' ref='197391' role='left' />
    <member type='way' ref='197395' role='right' />
    <tag k='location' v='urban' />
    <tag k='region' v='kr' />
    <tag k='speed_limit' v='60km/h' />
    <tag k='subtype' v='road' />
    <tag k='type' v='lanelet' />
  </relation>
  <relation id='12100140' version='1'>
    <member type='way' ref='197395' role='left' />
    <member type='way' ref='197399' role='right' />
    <tag k='location' v='urban' />
    <tag k='region' v='kr' />
    <tag k='speed_limit' v='60km/h' />
    <tag k='subtype' v='road' />
    <tag k='type' v='lanelet' />
  </relation>
  <relation id='12100141' version='1'>
    <member type='way' ref='197399' role='left' />
    <member type='way' ref='197403' role='right' />
    <tag k='location' v='urban' />
    <tag k='region' v='kr' />
    <tag k='speed_limit' v='60km/h' />
    <tag k='subtype' v='road' />
    <tag k='type' v='lanelet' />
  </relation>
  <relation id='12100145' version='1'>
    <member type='way' ref='197407' role='left' />
    <member type='way' ref='197416' role='right' />
    <tag k='location' v='urban' />
    <tag k='region' v='kr' />
    <tag k='speed_limit' v='60km/h' />
    <tag k='subtype' v='road' />
    <tag k='type' v='lanelet' />
  </relation>
  <relation id='12100146' version='1'>
    <member type='way' ref='197416' role='left' />
    <member type='way' ref='197435' role='right' />
    <tag k='location' v='urban' />
    <tag k='region' v='kr' />
    <tag k='speed_limit' v='60km/h' />
    <tag k='subtype' v='road' />
    <tag k='type' v='lanelet' />
  </relation>
  <relation id='12100147' version='1'>
    <member type='way' ref='197435' role='left' />
    <member type='way' ref='197454' role='right' />
    <tag k='location' v='urban' />
    <tag k='region' v='kr' />
    <tag k='speed_limit' v='60km/h' />
    <tag k='subtype' v='road' />
    <tag k='type' v='lanelet' />
  </relation>
  <relation id='12100148' version='1'>
    <member type='way' ref='197454' role='left' />
    <member type='way' ref='197473' role='right' />
    <tag k='location' v='urban' />
    <tag k='region' v='kr' />
    <tag k='speed_limit' v='60km/h' />
    <tag k='subtype' v='road' />
    <tag k='type' v='lanelet' />
  </relation>
  <relation id='12100149' version='1'>
    <member type='way' ref='197490' role='left' />
    <member type='way' ref='197495' role='right' />
    <tag k='location' v='urban' />
    <tag k='region' v='kr' />
    <tag k='speed_limit' v='60km/h' />
    <tag k='subtype' v='road' />
    <tag k='type' v='lanelet' />
  </relation>
  <relation id='12100150' version='1'>
    <member type='way' ref='197495' role='left' />
    <member type='way' ref='197505' role='right' />
    <tag k='location' v='urban' />
    <tag k='region' v='kr' />
    <tag k='speed_limit' v='60km/h' />
    <tag k='subtype' v='road' />
    <tag k='type' v='lanelet' />
  </relation>
  <relation id='12100151' version='1'>
    <member type='way' ref='197505' role='left' />
    <member type='way' ref='197515' role='right' />
    <tag k='location' v='urban' />
    <tag k='region' v='kr' />
    <tag k='speed_limit' v='60km/h' />
    <tag k='subtype' v='road' />
    <tag k='type' v='lanelet' />
  </relation>
  <relation id='12100165' version='1'>
    <member type='way' ref='197525' role='left' />
    <member type='way' ref='197534' role='right' />
    <tag k='location' v='urban' />
    <tag k='region' v='kr' />
    <tag k='speed_limit' v='60km/h' />
    <tag k='subtype' v='road' />
    <tag k='turn_direction' v='straight' />
    <tag k='type' v='lanelet' />
  </relation>
  <relation id='12100166' version='1'>
    <member type='way' ref='197534' role='left' />
    <member type='way' ref='197548' role='right' />
    <tag k='location' v='urban' />
    <tag k='region' v='kr' />
    <tag k='speed_limit' v='60km/h' />
    <tag k='subtype' v='road' />
    <tag k='turn_direction' v='straight' />
    <tag k='type' v='lanelet' />
  </relation>
  <relation id='12100167' version='1'>
    <member type='way' ref='197548' role='left' />
    <member type='way' ref='197564' role='right' />
    <tag k='location' v='urban' />
    <tag k='region' v='kr' />
    <tag k='speed_limit' v='60km/h' />
    <tag k='subtype' v='road' />
    <tag k='turn_direction' v='straight' />
    <tag k='type' v='lanelet' />
  </relation>
  <relation id='12100168' version='1'>
    <member type='way' ref='197582' role='left' />
    <member type='way' ref='197584' role='right' />
    <tag k='location' v='urban' />
    <tag k='region' v='kr' />
    <tag k='speed_limit' v='60km/h' />
    <tag k='subtype' v='road' />
    <tag k='type' v='lanelet' />
  </relation>
  <relation id='12100170' version='1'>
    <member type='way' ref='197588' role='left' />
    <member type='way' ref='197597' role='right' />
    <tag k='location' v='urban' />
    <tag k='region' v='kr' />
    <tag k='speed_limit' v='60km/h' />
    <tag k='subtype' v='road' />
    <tag k='turn_direction' v='right' />
    <tag k='type' v='lanelet' />
  </relation>
  <relation id='12100171' version='1'>
    <member type='way' ref='197597' role='left' />
    <member type='way' ref='197615' role='right' />
    <tag k='location' v='urban' />
    <tag k='region' v='kr' />
    <tag k='speed_limit' v='60km/h' />
    <tag k='subtype' v='road' />
    <tag k='turn_direction' v='right' />
    <tag k='type' v='lanelet' />
  </relation>
  <relation id='12100172' version='1'>
    <member type='way' ref='197615' role='left' />
    <member type='way' ref='197633' role='right' />
    <tag k='location' v='urban' />
    <tag k='region' v='kr' />
    <tag k='speed_limit' v='60km/h' />
    <tag k='subtype' v='road' />
    <tag k='turn_direction' v='right' />
    <tag k='type' v='lanelet' />
  </relation>
  <relation id='12100173' version='1'>
    <member type='way' ref='197651' role='left' />
    <member type='way' ref='197653' role='right' />
    <tag k='location' v='urban' />
    <tag k='region' v='kr' />
    <tag k='speed_limit' v='60km/h' />
    <tag k='subtype' v='road' />
    <tag k='type' v='lanelet' />
  </relation>
  <relation id='12100174' version='1'>
    <member type='way' ref='197653' role='left' />
    <member type='way' ref='197657' role='right' />
    <tag k='location' v='urban' />
    <tag k='region' v='kr' />
    <tag k='speed_limit' v='60km/h' />
    <tag k='subtype' v='road' />
    <tag k='type' v='lanelet' />
  </relation>
  <relation id='12100175' version='1'>
    <member type='way' ref='197657' role='left' />
    <member type='way' ref='197661' role='right' />
    <tag k='location' v='urban' />
    <tag k='region' v='kr' />
    <tag k='speed_limit' v='60km/h' />
    <tag k='subtype' v='road' />
    <tag k='type' v='lanelet' />
  </relation>
  <relation id='12100179' version='1'>
    <member type='way' ref='197665' role='left' />
    <member type='way' ref='197671' role='right' />
    <tag k='location' v='urban' />
    <tag k='region' v='kr' />
    <tag k='speed_limit' v='60km/h' />
    <tag k='subtype' v='road' />
    <tag k='type' v='lanelet' />
  </relation>
  <relation id='12100180' version='1'>
    <member type='way' ref='197671' role='left' />
    <member type='way' ref='197683' role='right' />
    <tag k='location' v='urban' />
    <tag k='region' v='kr' />
    <tag k='speed_limit' v='60km/h' />
    <tag k='subtype' v='road' />
    <tag k='type' v='lanelet' />
  </relation>
  <relation id='12100181' version='1'>
    <member type='way' ref='197683' role='left' />
    <member type='way' ref='197694' role='right' />
    <tag k='location' v='urban' />
    <tag k='region' v='kr' />
    <tag k='speed_limit' v='60km/h' />
    <tag k='subtype' v='road' />
    <tag k='type' v='lanelet' />
  </relation>
  <relation id='12100182' version='1'>
    <member type='way' ref='196767' role='left' />
    <member type='way' ref='196771' role='right' />
    <tag k='location' v='urban' />
    <tag k='region' v='kr' />
    <tag k='speed_limit' v='60km/h' />
    <tag k='subtype' v='road' />
    <tag k='type' v='lanelet' />
  </relation>
  <relation id='12100183' version='1'>
    <member type='way' ref='197704' role='left' />
    <member type='way' ref='197706' role='right' />
    <tag k='location' v='urban' />
    <tag k='region' v='kr' />
    <tag k='speed_limit' v='60km/h' />
    <tag k='subtype' v='road' />
    <tag k='type' v='lanelet' />
  </relation>
  <relation id='12100184' version='1'>
    <member type='way' ref='197706' role='left' />
    <member type='way' ref='197710' role='right' />
    <tag k='location' v='urban' />
    <tag k='region' v='kr' />
    <tag k='speed_limit' v='60km/h' />
    <tag k='subtype' v='road' />
    <tag k='type' v='lanelet' />
  </relation>
  <relation id='12100185' version='1'>
    <member type='way' ref='197710' role='left' />
    <member type='way' ref='197714' role='right' />
    <tag k='location' v='urban' />
    <tag k='region' v='kr' />
    <tag k='speed_limit' v='60km/h' />
    <tag k='subtype' v='road' />
    <tag k='type' v='lanelet' />
  </relation>
  <relation id='12100186' version='1'>
    <member type='way' ref='197718' role='left' />
    <member type='way' ref='197719' role='right' />
    <tag k='location' v='urban' />
    <tag k='region' v='kr' />
    <tag k='speed_limit' v='60km/h' />
    <tag k='subtype' v='road' />
    <tag k='type' v='lanelet' />
  </relation>
  <relation id='12100187' version='1'>
    <member type='way' ref='197719' role='left' />
    <member type='way' ref='197721' role='right' />
    <tag k='location' v='urban' />
    <tag k='region' v='kr' />
    <tag k='speed_limit' v='60km/h' />
    <tag k='subtype' v='road' />
    <tag k='type' v='lanelet' />
  </relation>
  <relation id='12100188' version='1'>
    <member type='way' ref='197721' role='left' />
    <member type='way' ref='197723' role='right' />
    <tag k='location' v='urban' />
    <tag k='region' v='kr' />
    <tag k='speed_limit' v='60km/h' />
    <tag k='subtype' v='road' />
    <tag k='type' v='lanelet' />
  </relation>
  <relation id='12100189' version='1'>
    <member type='way' ref='197725' role='left' />
    <member type='way' ref='197730' role='right' />
    <tag k='location' v='urban' />
    <tag k='region' v='kr' />
    <tag k='speed_limit' v='60km/h' />
    <tag k='subtype' v='road' />
    <tag k='type' v='lanelet' />
  </relation>
  <relation id='12100190' version='1'>
    <member type='way' ref='197730' role='left' />
    <member type='way' ref='197740' role='right' />
    <tag k='location' v='urban' />
    <tag k='region' v='kr' />
    <tag k='speed_limit' v='60km/h' />
    <tag k='subtype' v='road' />
    <tag k='type' v='lanelet' />
  </relation>
  <relation id='12100191' version='1'>
    <member type='way' ref='197740' role='left' />
    <member type='way' ref='197750' role='right' />
    <tag k='location' v='urban' />
    <tag k='region' v='kr' />
    <tag k='speed_limit' v='60km/h' />
    <tag k='subtype' v='road' />
    <tag k='type' v='lanelet' />
  </relation>
  <relation id='12400001' version='1'>
    <member type='way' ref='196647' role='left' />
    <member type='way' ref='196651' role='right' />
    <tag k='location' v='urban' />
    <tag k='region' v='kr' />
    <tag k='speed_limit' v='60km/h' />
    <tag k='subtype' v='road' />
    <tag k='turn_direction' v='right' />
    <tag k='type' v='lanelet' />
  </relation>
  <relation id='12400002' version='1'>
    <member type='way' ref='196603' role='left' />
    <member type='way' ref='196609' role='right' />
    <tag k='location' v='urban' />
    <tag k='region' v='kr' />
    <tag k='speed_limit' v='60km/h' />
    <tag k='subtype' v='road' />
    <tag k='turn_direction' v='right' />
    <tag k='type' v='lanelet' />
  </relation>
  <relation id='12400003' version='1'>
    <member type='way' ref='196635' role='left' />
    <member type='way' ref='196639' role='right' />
    <tag k='location' v='urban' />
    <tag k='region' v='kr' />
    <tag k='speed_limit' v='60km/h' />
    <tag k='subtype' v='road' />
    <tag k='turn_direction' v='left' />
    <tag k='type' v='lanelet' />
  </relation>
  <relation id='12400004' version='1'>
    <member type='way' ref='196744' role='left' />
    <member type='way' ref='196747' role='right' />
    <tag k='location' v='urban' />
    <tag k='region' v='kr' />
    <tag k='speed_limit' v='60km/h' />
    <tag k='subtype' v='road' />
    <tag k='turn_direction' v='right' />
    <tag k='type' v='lanelet' />
  </relation>
  <relation id='12400005' version='1'>
    <member type='way' ref='196737' role='left' />
    <member type='way' ref='196740' role='right' />
    <tag k='location' v='urban' />
    <tag k='region' v='kr' />
    <tag k='speed_limit' v='60km/h' />
    <tag k='subtype' v='road' />
    <tag k='turn_direction' v='left' />
    <tag k='type' v='lanelet' />
  </relation>
  <relation id='12400006' version='1'>
    <member type='way' ref='196712' role='left' />
    <member type='way' ref='196716' role='right' />
    <tag k='location' v='urban' />
    <tag k='region' v='kr' />
    <tag k='speed_limit' v='60km/h' />
    <tag k='subtype' v='road' />
    <tag k='turn_direction' v='right' />
    <tag k='type' v='lanelet' />
  </relation>
  <relation id='12400007' version='1'>
    <member type='way' ref='196671' role='left' />
    <member type='way' ref='196674' role='right' />
    <tag k='location' v='urban' />
    <tag k='region' v='kr' />
    <tag k='speed_limit' v='60km/h' />
    <tag k='subtype' v='road' />
    <tag k='turn_direction' v='left' />
    <tag k='type' v='lanelet' />
  </relation>
  <relation id='12400008' version='1'>
    <member type='way' ref='196657' role='left' />
    <member type='way' ref='196663' role='right' />
    <tag k='location' v='urban' />
    <tag k='region' v='kr' />
    <tag k='speed_limit' v='60km/h' />
    <tag k='subtype' v='road' />
    <tag k='turn_direction' v='right' />
    <tag k='type' v='lanelet' />
  </relation>
  <relation id='12400009' version='1'>
    <member type='way' ref='196679' role='left' />
    <member type='way' ref='196683' role='right' />
    <tag k='location' v='urban' />
    <tag k='region' v='kr' />
    <tag k='speed_limit' v='60km/h' />
    <tag k='subtype' v='road' />
    <tag k='turn_direction' v='left' />
    <tag k='type' v='lanelet' />
  </relation>
  <relation id='12400010' version='1'>
    <member type='way' ref='196618' role='left' />
    <member type='way' ref='196623' role='right' />
    <tag k='location' v='urban' />
    <tag k='region' v='kr' />
    <tag k='speed_limit' v='60km/h' />
    <tag k='subtype' v='road' />
    <tag k='turn_direction' v='left' />
    <tag k='type' v='lanelet' />
  </relation>
  <relation id='12400011' version='1'>
    <member type='way' ref='196693' role='left' />
    <member type='way' ref='196698' role='right' />
    <tag k='location' v='urban' />
    <tag k='region' v='kr' />
    <tag k='speed_limit' v='60km/h' />
    <tag k='subtype' v='road' />
    <tag k='turn_direction' v='left' />
    <tag k='type' v='lanelet' />
  </relation>
  <relation id='12400012' version='1'>
    <member type='way' ref='196721' role='left' />
    <member type='way' ref='196725' role='right' />
    <tag k='location' v='urban' />
    <tag k='region' v='kr' />
    <tag k='speed_limit' v='60km/h' />
    <tag k='subtype' v='road' />
    <tag k='turn_direction' v='left' />
    <tag k='type' v='lanelet' />
  </relation>
  <relation id='12400013' version='1'>
    <member type='way' ref='197125' role='left' />
    <member type='way' ref='197128' role='right' />
    <tag k='location' v='urban' />
    <tag k='region' v='kr' />
    <tag k='speed_limit' v='60km/h' />
    <tag k='subtype' v='road' />
    <tag k='type' v='lanelet' />
  </relation>
  <relation id='12400014' version='1'>
    <member type='way' ref='197218' role='left' />
    <member type='way' ref='197225' role='right' />
    <tag k='location' v='urban' />
    <tag k='region' v='kr' />
    <tag k='speed_limit' v='60km/h' />
    <tag k='subtype' v='road' />
    <tag k='type' v='lanelet' />
  </relation>
  <relation id='12400016' version='1'>
    <member type='way' ref='197143' role='left' />
    <member type='way' ref='197156' role='right' />
    <tag k='location' v='urban' />
    <tag k='region' v='kr' />
    <tag k='speed_limit' v='60km/h' />
    <tag k='subtype' v='road' />
    <tag k='type' v='lanelet' />
  </relation>
  <relation id='12400018' version='1'>
    <member type='way' ref='197194' role='left' />
    <member type='way' ref='197202' role='right' />
    <tag k='location' v='urban' />
    <tag k='region' v='kr' />
    <tag k='speed_limit' v='60km/h' />
    <tag k='subtype' v='road' />
    <tag k='type' v='lanelet' />
  </relation>
  <relation id='12400019' version='1'>
    <member type='way' ref='197185' role='left' />
    <member type='way' ref='197188' role='right' />
    <tag k='location' v='urban' />
    <tag k='region' v='kr' />
    <tag k='speed_limit' v='60km/h' />
    <tag k='subtype' v='road' />
    <tag k='type' v='lanelet' />
  </relation>
  <relation id='12400022' version='1'>
    <member type='way' ref='196986' role='left' />
    <member type='way' ref='196991' role='right' />
    <tag k='location' v='urban' />
    <tag k='region' v='kr' />
    <tag k='speed_limit' v='60km/h' />
    <tag k='subtype' v='road' />
    <tag k='turn_direction' v='left' />
    <tag k='type' v='lanelet' />
  </relation>
  <relation id='12400023' version='1'>
    <member type='way' ref='197014' role='left' />
    <member type='way' ref='197018' role='right' />
    <tag k='location' v='urban' />
    <tag k='region' v='kr' />
    <tag k='speed_limit' v='60km/h' />
    <tag k='subtype' v='road' />
    <tag k='turn_direction' v='right' />
    <tag k='type' v='lanelet' />
  </relation>
  <relation id='12400024' version='1'>
    <member type='way' ref='196781' role='left' />
    <member type='way' ref='196786' role='right' />
    <tag k='location' v='urban' />
    <tag k='region' v='kr' />
    <tag k='speed_limit' v='60km/h' />
    <tag k='subtype' v='road' />
    <tag k='type' v='lanelet' />
  </relation>
  <relation id='12400025' version='1'>
    <member type='way' ref='197135' role='left' />
    <member type='way' ref='197139' role='right' />
    <tag k='location' v='urban' />
    <tag k='region' v='kr' />
    <tag k='speed_limit' v='60km/h' />
    <tag k='subtype' v='road' />
    <tag k='type' v='lanelet' />
  </relation>
  <relation id='12400026' version='1'>
    <member type='way' ref='197051' role='left' />
    <member type='way' ref='197056' role='right' />
    <tag k='location' v='urban' />
    <tag k='region' v='kr' />
    <tag k='speed_limit' v='60km/h' />
    <tag k='subtype' v='road' />
    <tag k='turn_direction' v='left' />
    <tag k='type' v='lanelet' />
  </relation>
  <relation id='12400027' version='1'>
    <member type='way' ref='197112' role='left' />
    <member type='way' ref='197116' role='right' />
    <tag k='location' v='urban' />
    <tag k='region' v='kr' />
    <tag k='speed_limit' v='60km/h' />
    <tag k='subtype' v='road' />
    <tag k='turn_direction' v='left' />
    <tag k='type' v='lanelet' />
  </relation>
  <relation id='12400028' version='1'>
    <member type='way' ref='196999' role='left' />
    <member type='way' ref='197004' role='right' />
    <tag k='location' v='urban' />
    <tag k='region' v='kr' />
    <tag k='speed_limit' v='60km/h' />
    <tag k='subtype' v='road' />
    <tag k='turn_direction' v='left' />
    <tag k='type' v='lanelet' />
  </relation>
  <relation id='12400029' version='1'>
    <member type='way' ref='197062' role='left' />
    <member type='way' ref='197064' role='right' />
    <tag k='location' v='urban' />
    <tag k='region' v='kr' />
    <tag k='speed_limit' v='60km/h' />
    <tag k='subtype' v='road' />
    <tag k='turn_direction' v='straight' />
    <tag k='type' v='lanelet' />
  </relation>
  <relation id='12400030' version='1'>
    <member type='way' ref='197068' role='left' />
    <member type='way' ref='197077' role='right' />
    <tag k='location' v='urban' />
    <tag k='region' v='kr' />
    <tag k='speed_limit' v='60km/h' />
    <tag k='subtype' v='road' />
    <tag k='turn_direction' v='left' />
    <tag k='type' v='lanelet' />
  </relation>
  <relation id='12400031' version='1'>
    <member type='way' ref='197100' role='left' />
    <member type='way' ref='197105' role='right' />
    <tag k='location' v='urban' />
    <tag k='region' v='kr' />
    <tag k='speed_limit' v='60km/h' />
    <tag k='subtype' v='road' />
    <tag k='turn_direction' v='right' />
    <tag k='type' v='lanelet' />
  </relation>
  <relation id='12400032' version='1'>
    <member type='way' ref='197022' role='left' />
    <member type='way' ref='197027' role='right' />
    <tag k='location' v='urban' />
    <tag k='region' v='kr' />
    <tag k='speed_limit' v='60km/h' />
    <tag k='subtype' v='road' />
    <tag k='turn_direction' v='left' />
    <tag k='type' v='lanelet' />
  </relation>
  <relation id='12400033' version='1'>
    <member type='way' ref='197035' role='left' />
    <member type='way' ref='197042' role='right' />
    <tag k='location' v='urban' />
    <tag k='region' v='kr' />
    <tag k='speed_limit' v='60km/h' />
    <tag k='subtype' v='road' />
    <tag k='turn_direction' v='right' />
    <tag k='type' v='lanelet' />
  </relation>
  <relation id='12400039' version='1'>
    <member type='way' ref='196793' role='left' />
    <member type='way' ref='196800' role='right' />
    <tag k='location' v='urban' />
    <tag k='region' v='kr' />
    <tag k='speed_limit' v='60km/h' />
    <tag k='subtype' v='road' />
    <tag k='type' v='lanelet' />
  </relation>
  <relation id='12400040' version='1'>
    <member type='way' ref='196841' role='left' />
    <member type='way' ref='196847' role='right' />
    <tag k='location' v='urban' />
    <tag k='region' v='kr' />
    <tag k='speed_limit' v='60km/h' />
    <tag k='subtype' v='road' />
    <tag k='turn_direction' v='straight' />
    <tag k='type' v='lanelet' />
  </relation>
  <relation id='12400041' version='1'>
    <member type='way' ref='196865' role='left' />
    <member type='way' ref='196867' role='right' />
    <tag k='location' v='urban' />
    <tag k='region' v='kr' />
    <tag k='speed_limit' v='60km/h' />
    <tag k='subtype' v='road' />
    <tag k='type' v='lanelet' />
  </relation>
  <relation id='12400042' version='1'>
    <member type='way' ref='197238' role='left' />
    <member type='way' ref='197246' role='right' />
    <tag k='location' v='urban' />
    <tag k='region' v='kr' />
    <tag k='speed_limit' v='60km/h' />
    <tag k='subtype' v='road' />
    <tag k='type' v='lanelet' />
  </relation>
  <relation id='12400043' version='1'>
    <member type='way' ref='196859' role='left' />
    <member type='way' ref='196861' role='right' />
    <tag k='location' v='urban' />
    <tag k='region' v='kr' />
    <tag k='speed_limit' v='60km/h' />
    <tag k='subtype' v='road' />
    <tag k='type' v='lanelet' />
  </relation>
  <relation id='12400044' version='1'>
    <member type='way' ref='196810' role='left' />
    <member type='way' ref='196821' role='right' />
    <tag k='location' v='urban' />
    <tag k='region' v='kr' />
    <tag k='speed_limit' v='60km/h' />
    <tag k='subtype' v='road' />
    <tag k='turn_direction' v='straight' />
    <tag k='type' v='lanelet' />
  </relation>
  <relation id='12400049' version='1'>
    <member type='way' ref='196945' role='left' />
    <member type='way' ref='196948' role='right' />
    <tag k='location' v='urban' />
    <tag k='region' v='kr' />
    <tag k='speed_limit' v='60km/h' />
    <tag k='subtype' v='road' />
    <tag k='type' v='lanelet' />
  </relation>
  <relation id='12400050' version='1'>
    <member type='way' ref='196961' role='left' />
    <member type='way' ref='196963' role='right' />
    <tag k='location' v='urban' />
    <tag k='region' v='kr' />
    <tag k='speed_limit' v='60km/h' />
    <tag k='subtype' v='road' />
    <tag k='type' v='lanelet' />
  </relation>
  <relation id='12400052' version='1'>
    <member type='way' ref='196871' role='left' />
    <member type='way' ref='196878' role='right' />
    <tag k='location' v='urban' />
    <tag k='region' v='kr' />
    <tag k='speed_limit' v='60km/h' />
    <tag k='subtype' v='road' />
    <tag k='type' v='lanelet' />
  </relation>
  <relation id='12400053' version='1'>
    <member type='way' ref='196891' role='left' />
    <member type='way' ref='196893' role='right' />
    <tag k='location' v='urban' />
    <tag k='region' v='kr' />
    <tag k='speed_limit' v='60km/h' />
    <tag k='subtype' v='road' />
    <tag k='type' v='lanelet' />
  </relation>
  <relation id='12400054' version='1'>
    <member type='way' ref='196897' role='left' />
    <member type='way' ref='196899' role='right' />
    <tag k='location' v='urban' />
    <tag k='region' v='kr' />
    <tag k='speed_limit' v='60km/h' />
    <tag k='subtype' v='road' />
    <tag k='type' v='lanelet' />
  </relation>
  <relation id='12400055' version='1'>
    <member type='way' ref='196921' role='left' />
    <member type='way' ref='196929' role='right' />
    <tag k='location' v='urban' />
    <tag k='region' v='kr' />
    <tag k='speed_limit' v='60km/h' />
    <tag k='subtype' v='road' />
    <tag k='type' v='lanelet' />
  </relation>
  <relation id='12400056' version='1'>
    <member type='way' ref='196903' role='left' />
    <member type='way' ref='196909' role='right' />
    <tag k='location' v='urban' />
    <tag k='region' v='kr' />
    <tag k='speed_limit' v='60km/h' />
    <tag k='subtype' v='road' />
    <tag k='type' v='lanelet' />
  </relation>
  <relation id='12400058' version='1'>
    <member type='way' ref='196970' role='left' />
    <member type='way' ref='196974' role='right' />
    <tag k='location' v='urban' />
    <tag k='region' v='kr' />
    <tag k='speed_limit' v='60km/h' />
    <tag k='subtype' v='road' />
    <tag k='type' v='lanelet' />
  </relation>
  <relation id='12700001' version='1'>
    <member type='way' ref='197905' role='left' />
    <member type='way' ref='197908' role='right' />
    <tag k='location' v='urban' />
    <tag k='region' v='kr' />
    <tag k='speed_limit' v='60km/h' />
    <tag k='subtype' v='road' />
    <tag k='type' v='lanelet' />
  </relation>
  <relation id='12700002' version='1'>
    <member type='way' ref='197914' role='left' />
    <member type='way' ref='197920' role='right' />
    <tag k='location' v='urban' />
    <tag k='region' v='kr' />
    <tag k='speed_limit' v='60km/h' />
    <tag k='subtype' v='road' />
    <tag k='type' v='lanelet' />
  </relation>
  <relation id='12700004' version='1'>
    <member type='way' ref='197932' role='left' />
    <member type='way' ref='197935' role='right' />
    <tag k='location' v='urban' />
    <tag k='region' v='kr' />
    <tag k='speed_limit' v='60km/h' />
    <tag k='subtype' v='road' />
    <tag k='type' v='lanelet' />
  </relation>
  <relation id='12700005' version='1'>
    <member type='way' ref='197941' role='left' />
    <member type='way' ref='197944' role='right' />
    <tag k='location' v='urban' />
    <tag k='region' v='kr' />
    <tag k='speed_limit' v='60km/h' />
    <tag k='subtype' v='road' />
    <tag k='type' v='lanelet' />
  </relation>
  <relation id='12700006' version='1'>
    <member type='way' ref='197950' role='left' />
    <member type='way' ref='197953' role='right' />
    <tag k='location' v='urban' />
    <tag k='region' v='kr' />
    <tag k='speed_limit' v='60km/h' />
    <tag k='subtype' v='road' />
    <tag k='type' v='lanelet' />
  </relation>
  <relation id='12700007' version='1'>
    <member type='way' ref='197959' role='left' />
    <member type='way' ref='197962' role='right' />
    <tag k='location' v='urban' />
    <tag k='region' v='kr' />
    <tag k='speed_limit' v='60km/h' />
    <tag k='subtype' v='road' />
    <tag k='type' v='lanelet' />
  </relation>
  <relation id='12700008' version='1'>
    <member type='way' ref='197968' role='left' />
    <member type='way' ref='197971' role='right' />
    <tag k='location' v='urban' />
    <tag k='region' v='kr' />
    <tag k='speed_limit' v='60km/h' />
    <tag k='subtype' v='road' />
    <tag k='type' v='lanelet' />
  </relation>
  <relation id='12700009' version='1'>
    <member type='way' ref='197977' role='left' />
    <member type='way' ref='197980' role='right' />
    <tag k='location' v='urban' />
    <tag k='region' v='kr' />
    <tag k='speed_limit' v='60km/h' />
    <tag k='subtype' v='road' />
    <tag k='type' v='lanelet' />
  </relation>
  <relation id='12700010' version='1'>
    <member type='way' ref='197986' role='left' />
    <member type='way' ref='197989' role='right' />
    <tag k='location' v='urban' />
    <tag k='region' v='kr' />
    <tag k='speed_limit' v='60km/h' />
    <tag k='subtype' v='road' />
    <tag k='type' v='lanelet' />
  </relation>
  <relation id='12700011' version='1'>
    <member type='way' ref='197995' role='left' />
    <member type='way' ref='197999' role='right' />
    <tag k='location' v='urban' />
    <tag k='region' v='kr' />
    <tag k='speed_limit' v='60km/h' />
    <tag k='subtype' v='road' />
    <tag k='type' v='lanelet' />
  </relation>
  <relation id='12700013' version='1'>
    <member type='way' ref='198008' role='left' />
    <member type='way' ref='197995' role='right' />
    <tag k='location' v='urban' />
    <tag k='region' v='kr' />
    <tag k='speed_limit' v='60km/h' />
    <tag k='subtype' v='road' />
    <tag k='type' v='lanelet' />
  </relation>
  <relation id='12700014' version='1'>
    <member type='way' ref='198015' role='left' />
    <member type='way' ref='198018' role='right' />
    <tag k='location' v='urban' />
    <tag k='region' v='kr' />
    <tag k='speed_limit' v='60km/h' />
    <tag k='subtype' v='road' />
    <tag k='type' v='lanelet' />
  </relation>
  <relation id='12700016' version='1'>
    <member type='way' ref='198024' role='left' />
    <member type='way' ref='198029' role='right' />
    <tag k='location' v='urban' />
    <tag k='region' v='kr' />
    <tag k='speed_limit' v='60km/h' />
    <tag k='subtype' v='road' />
    <tag k='type' v='lanelet' />
  </relation>
  <relation id='12700017' version='1'>
    <member type='way' ref='198040' role='left' />
    <member type='way' ref='198043' role='right' />
    <tag k='location' v='urban' />
    <tag k='region' v='kr' />
    <tag k='speed_limit' v='60km/h' />
    <tag k='subtype' v='road' />
    <tag k='type' v='lanelet' />
  </relation>
  <relation id='12700018' version='1'>
    <member type='way' ref='198050' role='left' />
    <member type='way' ref='198053' role='right' />
    <tag k='location' v='urban' />
    <tag k='region' v='kr' />
    <tag k='speed_limit' v='60km/h' />
    <tag k='subtype' v='road' />
    <tag k='type' v='lanelet' />
  </relation>
  <relation id='12700019' version='1'>
    <member type='way' ref='198059' role='left' />
    <member type='way' ref='198062' role='right' />
    <tag k='location' v='urban' />
    <tag k='region' v='kr' />
    <tag k='speed_limit' v='60km/h' />
    <tag k='subtype' v='road' />
    <tag k='type' v='lanelet' />
  </relation>
  <relation id='12700020' version='1'>
    <member type='way' ref='198068' role='left' />
    <member type='way' ref='198071' role='right' />
    <tag k='location' v='urban' />
    <tag k='region' v='kr' />
    <tag k='speed_limit' v='60km/h' />
    <tag k='subtype' v='road' />
    <tag k='type' v='lanelet' />
  </relation>
  <relation id='12700021' version='1'>
    <member type='way' ref='199063' role='left' />
    <member type='way' ref='198686' role='right' />
    <tag k='location' v='urban' />
    <tag k='region' v='kr' />
    <tag k='speed_limit' v='60km/h' />
    <tag k='subtype' v='road' />
    <tag k='type' v='lanelet' />
  </relation>
  <relation id='12700022' version='1'>
    <member type='way' ref='198078' role='left' />
    <member type='way' ref='198015' role='right' />
    <tag k='location' v='urban' />
    <tag k='region' v='kr' />
    <tag k='speed_limit' v='60km/h' />
    <tag k='subtype' v='road' />
    <tag k='type' v='lanelet' />
  </relation>
  <relation id='12700024' version='1'>
    <member type='way' ref='198084' role='left' />
    <member type='way' ref='198087' role='right' />
    <tag k='location' v='urban' />
    <tag k='region' v='kr' />
    <tag k='speed_limit' v='60km/h' />
    <tag k='subtype' v='road' />
    <tag k='type' v='lanelet' />
  </relation>
  <relation id='12700025' version='1'>
    <member type='way' ref='198093' role='left' />
    <member type='way' ref='198095' role='right' />
    <tag k='location' v='urban' />
    <tag k='region' v='kr' />
    <tag k='speed_limit' v='60km/h' />
    <tag k='subtype' v='road' />
    <tag k='type' v='lanelet' />
  </relation>
  <relation id='12700026' version='1'>
    <member type='way' ref='198101' role='left' />
    <member type='way' ref='197968' role='right' />
    <tag k='location' v='urban' />
    <tag k='region' v='kr' />
    <tag k='speed_limit' v='60km/h' />
    <tag k='subtype' v='road' />
    <tag k='type' v='lanelet' />
  </relation>
  <relation id='12700027' version='1'>
    <member type='way' ref='199000' role='left' />
    <member type='way' ref='199001' role='right' />
    <tag k='location' v='urban' />
    <tag k='region' v='kr' />
    <tag k='speed_limit' v='60km/h' />
    <tag k='subtype' v='road' />
    <tag k='type' v='lanelet' />
  </relation>
  <relation id='12700028' version='1'>
    <member type='way' ref='199001' role='left' />
    <member type='way' ref='199003' role='right' />
    <tag k='location' v='urban' />
    <tag k='region' v='kr' />
    <tag k='speed_limit' v='60km/h' />
    <tag k='subtype' v='road' />
    <tag k='type' v='lanelet' />
  </relation>
  <relation id='12700029' version='1'>
    <member type='way' ref='198122' role='left' />
    <member type='way' ref='197932' role='right' />
    <tag k='location' v='urban' />
    <tag k='region' v='kr' />
    <tag k='speed_limit' v='60km/h' />
    <tag k='subtype' v='road' />
    <tag k='type' v='lanelet' />
  </relation>
  <relation id='12700030' version='1'>
    <member type='way' ref='198128' role='left' />
    <member type='way' ref='197959' role='right' />
    <tag k='location' v='urban' />
    <tag k='region' v='kr' />
    <tag k='speed_limit' v='60km/h' />
    <tag k='subtype' v='road' />
    <tag k='type' v='lanelet' />
  </relation>
  <relation id='12700031' version='1'>
    <member type='way' ref='198134' role='left' />
    <member type='way' ref='198136' role='right' />
    <tag k='location' v='urban' />
    <tag k='region' v='kr' />
    <tag k='speed_limit' v='60km/h' />
    <tag k='subtype' v='road' />
    <tag k='type' v='lanelet' />
  </relation>
  <relation id='12700032' version='1'>
    <member type='way' ref='198136' role='left' />
    <member type='way' ref='198140' role='right' />
    <tag k='location' v='urban' />
    <tag k='region' v='kr' />
    <tag k='speed_limit' v='60km/h' />
    <tag k='subtype' v='road' />
    <tag k='type' v='lanelet' />
  </relation>
  <relation id='12700033' version='1'>
    <member type='way' ref='198029' role='left' />
    <member type='way' ref='198146' role='right' />
    <tag k='location' v='urban' />
    <tag k='region' v='kr' />
    <tag k='speed_limit' v='60km/h' />
    <tag k='subtype' v='road' />
    <tag k='type' v='lanelet' />
  </relation>
  <relation id='12700034' version='1'>
    <member type='way' ref='198155' role='left' />
    <member type='way' ref='198158' role='right' />
    <tag k='location' v='urban' />
    <tag k='region' v='kr' />
    <tag k='speed_limit' v='60km/h' />
    <tag k='subtype' v='road' />
    <tag k='type' v='lanelet' />
  </relation>
  <relation id='12700036' version='1'>
    <member type='way' ref='198162' role='left' />
    <member type='way' ref='198170' role='right' />
    <tag k='location' v='urban' />
    <tag k='region' v='kr' />
    <tag k='speed_limit' v='60km/h' />
    <tag k='subtype' v='road' />
    <tag k='turn_direction' v='left' />
    <tag k='type' v='lanelet' />
  </relation>
  <relation id='12700038' version='1'>
    <member type='way' ref='198186' role='left' />
    <member type='way' ref='198192' role='right' />
    <tag k='location' v='urban' />
    <tag k='region' v='kr' />
    <tag k='speed_limit' v='60km/h' />
    <tag k='subtype' v='road' />
    <tag k='turn_direction' v='right' />
    <tag k='type' v='lanelet' />
  </relation>
  <relation id='12700039' version='1'>
    <member type='way' ref='198192' role='left' />
    <member type='way' ref='198202' role='right' />
    <tag k='location' v='urban' />
    <tag k='region' v='kr' />
    <tag k='speed_limit' v='60km/h' />
    <tag k='subtype' v='road' />
    <tag k='turn_direction' v='right' />
    <tag k='type' v='lanelet' />
  </relation>
  <relation id='12700040' version='1'>
    <member type='way' ref='55' role='left' />
    <member type='way' ref='198217' role='right' />
    <tag k='location' v='urban' />
    <tag k='region' v='kr' />
    <tag k='speed_limit' v='60km/h' />
    <tag k='subtype' v='road' />
    <tag k='turn_direction' v='right' />
    <tag k='type' v='lanelet' />
  </relation>
  <relation id='12700041' version='1'>
    <member type='way' ref='198230' role='left' />
    <member type='way' ref='198211' role='right' />
    <tag k='location' v='urban' />
    <tag k='region' v='kr' />
    <tag k='speed_limit' v='60km/h' />
    <tag k='subtype' v='road' />
    <tag k='turn_direction' v='right' />
    <tag k='type' v='lanelet' />
  </relation>
  <relation id='12700042' version='1'>
    <member type='way' ref='198243' role='left' />
    <member type='way' ref='198244' role='right' />
    <member type='relation' ref='1270010527' role='regulatory_element' />
    <tag k='location' v='urban' />
    <tag k='region' v='kr' />
    <tag k='speed_limit' v='60km/h' />
    <tag k='subtype' v='road' />
    <tag k='turn_direction' v='straight' />
    <tag k='type' v='lanelet' />
  </relation>
  <relation id='12700043' version='1'>
    <member type='way' ref='198246' role='left' />
    <member type='way' ref='198247' role='right' />
    <member type='relation' ref='1270010630' role='regulatory_element' />
    <tag k='location' v='urban' />
    <tag k='region' v='kr' />
    <tag k='speed_limit' v='60km/h' />
    <tag k='subtype' v='road' />
    <tag k='turn_direction' v='straight' />
    <tag k='type' v='lanelet' />
  </relation>
  <relation id='12700044' version='1'>
    <member type='way' ref='198249' role='left' />
    <member type='way' ref='198257' role='right' />
    <member type='relation' ref='1270010630' role='regulatory_element' />
    <tag k='location' v='urban' />
    <tag k='region' v='kr' />
    <tag k='speed_limit' v='60km/h' />
    <tag k='subtype' v='road' />
    <tag k='turn_direction' v='left' />
    <tag k='type' v='lanelet' />
  </relation>
  <relation id='12700045' version='1'>
    <member type='way' ref='198273' role='left' />
    <member type='way' ref='198281' role='right' />
    <member type='relation' ref='1270010651' role='regulatory_element' />
    <tag k='location' v='urban' />
    <tag k='region' v='kr' />
    <tag k='speed_limit' v='60km/h' />
    <tag k='subtype' v='road' />
    <tag k='turn_direction' v='left' />
    <tag k='type' v='lanelet' />
  </relation>
  <relation id='12700046' version='1'>
    <member type='way' ref='198298' role='left' />
    <member type='way' ref='198300' role='right' />
    <member type='relation' ref='1270010651' role='regulatory_element' />
    <tag k='location' v='urban' />
    <tag k='region' v='kr' />
    <tag k='speed_limit' v='60km/h' />
    <tag k='subtype' v='road' />
    <tag k='turn_direction' v='straight' />
    <tag k='type' v='lanelet' />
  </relation>
  <relation id='12700047' version='1'>
    <member type='way' ref='198304' role='left' />
    <member type='way' ref='198311' role='right' />
    <member type='relation' ref='1270010651' role='regulatory_element' />
    <tag k='location' v='urban' />
    <tag k='region' v='kr' />
    <tag k='speed_limit' v='60km/h' />
    <tag k='subtype' v='road' />
    <tag k='turn_direction' v='right' />
    <tag k='type' v='lanelet' />
  </relation>
  <relation id='12700048' version='1'>
    <member type='way' ref='198300' role='left' />
    <member type='way' ref='198324' role='right' />
    <member type='relation' ref='1270010651' role='regulatory_element' />
    <tag k='location' v='urban' />
    <tag k='region' v='kr' />
    <tag k='speed_limit' v='60km/h' />
    <tag k='subtype' v='road' />
    <tag k='turn_direction' v='straight' />
    <tag k='type' v='lanelet' />
  </relation>
  <relation id='12700049' version='1'>
    <member type='way' ref='198328' role='left' />
    <member type='way' ref='198335' role='right' />
    <member type='relation' ref='1270010673' role='regulatory_element' />
    <tag k='location' v='urban' />
    <tag k='region' v='kr' />
    <tag k='speed_limit' v='60km/h' />
    <tag k='subtype' v='road' />
    <tag k='turn_direction' v='right' />
    <tag k='type' v='lanelet' />
  </relation>
  <relation id='12700050' version='1'>
    <member type='way' ref='198345' role='left' />
    <member type='way' ref='198346' role='right' />
    <member type='relation' ref='1270010673' role='regulatory_element' />
    <tag k='location' v='urban' />
    <tag k='region' v='kr' />
    <tag k='speed_limit' v='60km/h' />
    <tag k='subtype' v='road' />
    <tag k='turn_direction' v='straight' />
    <tag k='type' v='lanelet' />
  </relation>
  <relation id='12700051' version='1'>
    <member type='way' ref='198348' role='left' />
    <member type='way' ref='198345' role='right' />
    <member type='relation' ref='1270010673' role='regulatory_element' />
    <tag k='location' v='urban' />
    <tag k='region' v='kr' />
    <tag k='speed_limit' v='60km/h' />
    <tag k='subtype' v='road' />
    <tag k='turn_direction' v='straight' />
    <tag k='type' v='lanelet' />
  </relation>
  <relation id='12700052' version='1'>
    <member type='way' ref='198350' role='left' />
    <member type='way' ref='198358' role='right' />
    <member type='relation' ref='1270010673' role='regulatory_element' />
    <tag k='location' v='urban' />
    <tag k='region' v='kr' />
    <tag k='speed_limit' v='60km/h' />
    <tag k='subtype' v='road' />
    <tag k='turn_direction' v='left' />
    <tag k='type' v='lanelet' />
  </relation>
  <relation id='12700053' version='1'>
    <member type='way' ref='198374' role='left' />
    <member type='way' ref='198382' role='right' />
    <member type='relation' ref='1270010527' role='regulatory_element' />
    <tag k='location' v='urban' />
    <tag k='region' v='kr' />
    <tag k='speed_limit' v='60km/h' />
    <tag k='subtype' v='road' />
    <tag k='turn_direction' v='left' />
    <tag k='type' v='lanelet' />
  </relation>
  <relation id='12700054' version='1'>
    <member type='way' ref='198398' role='left' />
    <member type='way' ref='198399' role='right' />
    <member type='relation' ref='1270010587' role='regulatory_element' />
    <tag k='location' v='urban' />
    <tag k='region' v='kr' />
    <tag k='speed_limit' v='60km/h' />
    <tag k='subtype' v='road' />
    <tag k='turn_direction' v='straight' />
    <tag k='type' v='lanelet' />
  </relation>
  <relation id='12700055' version='1'>
    <member type='way' ref='198401' role='left' />
    <member type='way' ref='198409' role='right' />
    <member type='relation' ref='1270010587' role='regulatory_element' />
    <tag k='location' v='urban' />
    <tag k='region' v='kr' />
    <tag k='speed_limit' v='60km/h' />
    <tag k='subtype' v='road' />
    <tag k='turn_direction' v='left' />
    <tag k='type' v='lanelet' />
  </relation>
  <relation id='12700056' version='1'>
    <member type='way' ref='198426' role='left' />
    <member type='way' ref='198428' role='right' />
    <member type='relation' ref='1270010506' role='regulatory_element' />
    <tag k='location' v='urban' />
    <tag k='region' v='kr' />
    <tag k='speed_limit' v='60km/h' />
    <tag k='subtype' v='road' />
    <tag k='turn_direction' v='straight' />
    <tag k='type' v='lanelet' />
  </relation>
  <relation id='12700057' version='1'>
    <member type='way' ref='198432' role='left' />
    <member type='way' ref='198440' role='right' />
    <member type='relation' ref='1270010506' role='regulatory_element' />
    <tag k='location' v='urban' />
    <tag k='region' v='kr' />
    <tag k='speed_limit' v='60km/h' />
    <tag k='subtype' v='road' />
    <tag k='turn_direction' v='left' />
    <tag k='type' v='lanelet' />
  </relation>
  <relation id='12700058' version='1'>
    <member type='way' ref='198428' role='left' />
    <member type='way' ref='198456' role='right' />
    <member type='relation' ref='1270010506' role='regulatory_element' />
    <tag k='location' v='urban' />
    <tag k='region' v='kr' />
    <tag k='speed_limit' v='60km/h' />
    <tag k='subtype' v='road' />
    <tag k='turn_direction' v='straight' />
    <tag k='type' v='lanelet' />
  </relation>
  <relation id='12700059' version='1'>
    <member type='way' ref='198460' role='left' />
    <member type='way' ref='198466' role='right' />
    <member type='relation' ref='1270010506' role='regulatory_element' />
    <tag k='location' v='urban' />
    <tag k='region' v='kr' />
    <tag k='speed_limit' v='60km/h' />
    <tag k='subtype' v='road' />
    <tag k='turn_direction' v='right' />
    <tag k='type' v='lanelet' />
  </relation>
  <relation id='12700060' version='1'>
    <member type='way' ref='198477' role='left' />
    <member type='way' ref='198484' role='right' />
    <member type='relation' ref='1270010609' role='regulatory_element' />
    <tag k='location' v='urban' />
    <tag k='region' v='kr' />
    <tag k='speed_limit' v='60km/h' />
    <tag k='subtype' v='road' />
    <tag k='turn_direction' v='left' />
    <tag k='type' v='lanelet' />
  </relation>
  <relation id='12700061' version='1'>
    <member type='way' ref='198499' role='left' />
    <member type='way' ref='198500' role='right' />
    <member type='relation' ref='1270010609' role='regulatory_element' />
    <tag k='location' v='urban' />
    <tag k='region' v='kr' />
    <tag k='speed_limit' v='60km/h' />
    <tag k='subtype' v='road' />
    <tag k='turn_direction' v='straight' />
    <tag k='type' v='lanelet' />
  </relation>
  <relation id='12700062' version='1'>
    <member type='way' ref='198502' role='left' />
    <member type='way' ref='198510' role='right' />
    <member type='relation' ref='1270010483' role='regulatory_element' />
    <tag k='location' v='urban' />
    <tag k='region' v='kr' />
    <tag k='speed_limit' v='60km/h' />
    <tag k='subtype' v='road' />
    <tag k='turn_direction' v='left' />
    <tag k='type' v='lanelet' />
  </relation>
  <relation id='12700063' version='1'>
    <member type='way' ref='198526' role='left' />
    <member type='way' ref='198527' role='right' />
    <member type='relation' ref='1270010483' role='regulatory_element' />
    <tag k='location' v='urban' />
    <tag k='region' v='kr' />
    <tag k='speed_limit' v='60km/h' />
    <tag k='subtype' v='road' />
    <tag k='turn_direction' v='straight' />
    <tag k='type' v='lanelet' />
  </relation>
  <relation id='12700064' version='1'>
    <member type='way' ref='198529' role='left' />
    <member type='way' ref='198536' role='right' />
    <member type='relation' ref='1270010483' role='regulatory_element' />
    <tag k='location' v='urban' />
    <tag k='region' v='kr' />
    <tag k='speed_limit' v='60km/h' />
    <tag k='subtype' v='road' />
    <tag k='turn_direction' v='right' />
    <tag k='type' v='lanelet' />
  </relation>
  <relation id='12700065' version='1'>
    <member type='way' ref='198527' role='left' />
    <member type='way' ref='198546' role='right' />
    <member type='relation' ref='1270010483' role='regulatory_element' />
    <tag k='location' v='urban' />
    <tag k='region' v='kr' />
    <tag k='speed_limit' v='60km/h' />
    <tag k='subtype' v='road' />
    <tag k='turn_direction' v='straight' />
    <tag k='type' v='lanelet' />
  </relation>
  <relation id='12700066' version='1'>
    <member type='way' ref='198550' role='left' />
    <member type='way' ref='198551' role='right' />
    <member type='relation' ref='1270010566' role='regulatory_element' />
    <tag k='location' v='urban' />
    <tag k='region' v='kr' />
    <tag k='speed_limit' v='60km/h' />
    <tag k='subtype' v='road' />
    <tag k='turn_direction' v='straight' />
    <tag k='type' v='lanelet' />
  </relation>
  <relation id='12700067' version='1'>
    <member type='way' ref='198553' role='left' />
    <member type='way' ref='198555' role='right' />
    <tag k='location' v='urban' />
    <tag k='region' v='kr' />
    <tag k='speed_limit' v='60km/h' />
    <tag k='subtype' v='road' />
    <tag k='turn_direction' v='straight' />
    <tag k='type' v='lanelet' />
  </relation>
  <relation id='12700068' version='1'>
    <member type='way' ref='198559' role='left' />
    <member type='way' ref='198566' role='right' />
    <tag k='location' v='urban' />
    <tag k='region' v='kr' />
    <tag k='speed_limit' v='60km/h' />
    <tag k='subtype' v='road' />
    <tag k='turn_direction' v='right' />
    <tag k='type' v='lanelet' />
  </relation>
  <relation id='12700069' version='1'>
    <member type='way' ref='198578' role='left' />
    <member type='way' ref='198586' role='right' />
    <member type='relation' ref='1270010547' role='regulatory_element' />
    <tag k='location' v='urban' />
    <tag k='region' v='kr' />
    <tag k='speed_limit' v='60km/h' />
    <tag k='subtype' v='road' />
    <tag k='turn_direction' v='left' />
    <tag k='type' v='lanelet' />
  </relation>
  <relation id='12700070' version='1'>
    <member type='way' ref='198602' role='left' />
    <member type='way' ref='198608' role='right' />
    <member type='relation' ref='1270010547' role='regulatory_element' />
    <tag k='location' v='urban' />
    <tag k='region' v='kr' />
    <tag k='speed_limit' v='60km/h' />
    <tag k='subtype' v='road' />
    <tag k='turn_direction' v='right' />
    <tag k='type' v='lanelet' />
  </relation>
  <relation id='12700071' version='1'>
    <member type='way' ref='198622' role='left' />
    <member type='way' ref='198631' role='right' />
    <member type='relation' ref='1270010566' role='regulatory_element' />
    <tag k='location' v='urban' />
    <tag k='region' v='kr' />
    <tag k='speed_limit' v='60km/h' />
    <tag k='subtype' v='road' />
    <tag k='turn_direction' v='left' />
    <tag k='type' v='lanelet' />
  </relation>
  <relation id='12700072' version='1'>
    <member type='way' ref='197920' role='left' />
    <member type='way' ref='198647' role='right' />
    <tag k='location' v='urban' />
    <tag k='region' v='kr' />
    <tag k='speed_limit' v='60km/h' />
    <tag k='subtype' v='road' />
    <tag k='type' v='lanelet' />
  </relation>
  <relation id='12700077' version='1'>
    <member type='way' ref='198657' role='left' />
    <member type='way' ref='198662' role='right' />
    <tag k='location' v='urban' />
    <tag k='region' v='kr' />
    <tag k='speed_limit' v='60km/h' />
    <tag k='subtype' v='road' />
    <tag k='type' v='lanelet' />
  </relation>
  <relation id='12700078' version='1'>
    <member type='way' ref='198671' role='left' />
    <member type='way' ref='198676' role='right' />
    <tag k='location' v='urban' />
    <tag k='region' v='kr' />
    <tag k='speed_limit' v='60km/h' />
    <tag k='subtype' v='road' />
    <tag k='type' v='lanelet' />
  </relation>
  <relation id='12700079' version='1'>
    <member type='way' ref='198701' role='left' />
    <member type='way' ref='198966' role='right' />
    <tag k='location' v='urban' />
    <tag k='region' v='kr' />
    <tag k='speed_limit' v='60km/h' />
    <tag k='subtype' v='road' />
    <tag k='type' v='lanelet' />
  </relation>
  <relation id='12700080' version='1'>
    <member type='way' ref='198695' role='left' />
    <member type='way' ref='198701' role='right' />
    <tag k='location' v='urban' />
    <tag k='region' v='kr' />
    <tag k='speed_limit' v='60km/h' />
    <tag k='subtype' v='road' />
    <tag k='type' v='lanelet' />
  </relation>
  <relation id='12700081' version='1'>
    <member type='way' ref='198710' role='left' />
    <member type='way' ref='198718' role='right' />
    <tag k='location' v='urban' />
    <tag k='region' v='kr' />
    <tag k='speed_limit' v='60km/h' />
    <tag k='subtype' v='road' />
    <tag k='type' v='lanelet' />
  </relation>
  <relation id='12700082' version='1'>
    <member type='way' ref='198730' role='left' />
    <member type='way' ref='198736' role='right' />
    <tag k='location' v='urban' />
    <tag k='region' v='kr' />
    <tag k='speed_limit' v='60km/h' />
    <tag k='subtype' v='road' />
    <tag k='type' v='lanelet' />
  </relation>
  <relation id='12700083' version='1'>
    <member type='way' ref='198748' role='left' />
    <member type='way' ref='198753' role='right' />
    <tag k='location' v='urban' />
    <tag k='region' v='kr' />
    <tag k='speed_limit' v='60km/h' />
    <tag k='subtype' v='road' />
    <tag k='type' v='lanelet' />
  </relation>
  <relation id='12700084' version='1'>
    <member type='way' ref='198763' role='left' />
    <member type='way' ref='198770' role='right' />
    <member type='relation' ref='1270010630' role='regulatory_element' />
    <tag k='location' v='urban' />
    <tag k='region' v='kr' />
    <tag k='speed_limit' v='60km/h' />
    <tag k='subtype' v='road' />
    <tag k='turn_direction' v='right' />
    <tag k='type' v='lanelet' />
  </relation>
  <relation id='12700085' version='1'>
    <member type='way' ref='198782' role='left' />
    <member type='way' ref='198787' role='right' />
    <tag k='location' v='urban' />
    <tag k='region' v='kr' />
    <tag k='speed_limit' v='60km/h' />
    <tag k='subtype' v='road' />
    <tag k='type' v='lanelet' />
  </relation>
  <relation id='12700086' version='1'>
    <member type='way' ref='198797' role='left' />
    <member type='way' ref='198802' role='right' />
    <tag k='location' v='urban' />
    <tag k='region' v='kr' />
    <tag k='speed_limit' v='60km/h' />
    <tag k='subtype' v='road' />
    <tag k='type' v='lanelet' />
  </relation>
  <relation id='12700087' version='1'>
    <member type='way' ref='198812' role='left' />
    <member type='way' ref='198818' role='right' />
    <tag k='location' v='urban' />
    <tag k='region' v='kr' />
    <tag k='speed_limit' v='60km/h' />
    <tag k='subtype' v='road' />
    <tag k='type' v='lanelet' />
  </relation>
  <relation id='12700088' version='1'>
    <member type='way' ref='198828' role='left' />
    <member type='way' ref='198833' role='right' />
    <tag k='location' v='urban' />
    <tag k='region' v='kr' />
    <tag k='speed_limit' v='60km/h' />
    <tag k='subtype' v='road' />
    <tag k='type' v='lanelet' />
  </relation>
  <relation id='12700089' version='1'>
    <member type='way' ref='198841' role='left' />
    <member type='way' ref='198843' role='right' />
    <tag k='location' v='urban' />
    <tag k='region' v='kr' />
    <tag k='speed_limit' v='60km/h' />
    <tag k='subtype' v='road' />
    <tag k='type' v='lanelet' />
  </relation>
  <relation id='12700090' version='1'>
    <member type='way' ref='198849' role='left' />
    <member type='way' ref='198857' role='right' />
    <tag k='location' v='urban' />
    <tag k='region' v='kr' />
    <tag k='speed_limit' v='60km/h' />
    <tag k='subtype' v='road' />
    <tag k='type' v='lanelet' />
  </relation>
  <relation id='12700091' version='1'>
    <member type='way' ref='198869' role='left' />
    <member type='way' ref='198875' role='right' />
    <member type='relation' ref='1270010609' role='regulatory_element' />
    <tag k='location' v='urban' />
    <tag k='region' v='kr' />
    <tag k='speed_limit' v='60km/h' />
    <tag k='subtype' v='road' />
    <tag k='turn_direction' v='right' />
    <tag k='type' v='lanelet' />
  </relation>
  <relation id='12700092' version='1'>
    <member type='way' ref='198886' role='left' />
    <member type='way' ref='198892' role='right' />
    <member type='relation' ref='1270010587' role='regulatory_element' />
    <tag k='location' v='urban' />
    <tag k='region' v='kr' />
    <tag k='speed_limit' v='60km/h' />
    <tag k='subtype' v='road' />
    <tag k='turn_direction' v='right' />
    <tag k='type' v='lanelet' />
  </relation>
  <relation id='12700093' version='1'>
    <member type='way' ref='198904' role='left' />
    <member type='way' ref='198909' role='right' />
    <tag k='location' v='urban' />
    <tag k='region' v='kr' />
    <tag k='speed_limit' v='60km/h' />
    <tag k='subtype' v='road' />
    <tag k='type' v='lanelet' />
  </relation>
  <relation id='12700094' version='1'>
    <member type='way' ref='198919' role='left' />
    <member type='way' ref='198924' role='right' />
    <tag k='location' v='urban' />
    <tag k='region' v='kr' />
    <tag k='speed_limit' v='60km/h' />
    <tag k='subtype' v='road' />
    <tag k='type' v='lanelet' />
  </relation>
  <relation id='12700095' version='1'>
    <member type='way' ref='198934' role='left' />
    <member type='way' ref='198940' role='right' />
    <member type='relation' ref='1270010527' role='regulatory_element' />
    <tag k='location' v='urban' />
    <tag k='region' v='kr' />
    <tag k='speed_limit' v='60km/h' />
    <tag k='subtype' v='road' />
    <tag k='turn_direction' v='right' />
    <tag k='type' v='lanelet' />
  </relation>
  <relation id='12700096' version='1'>
    <member type='way' ref='198972' role='left' />
    <member type='way' ref='198973' role='right' />
    <tag k='location' v='urban' />
    <tag k='region' v='kr' />
    <tag k='speed_limit' v='60km/h' />
    <tag k='subtype' v='road' />
    <tag k='type' v='lanelet' />
  </relation>
  <relation id='12700097' version='1'>
    <member type='way' ref='198951' role='left' />
    <member type='way' ref='198952' role='right' />
    <tag k='location' v='urban' />
    <tag k='region' v='kr' />
    <tag k='speed_limit' v='60km/h' />
    <tag k='subtype' v='road' />
    <tag k='type' v='lanelet' />
  </relation>
  <relation id='12700098' version='1'>
    <member type='way' ref='198718' role='left' />
    <member type='way' ref='198954' role='right' />
    <tag k='location' v='urban' />
    <tag k='region' v='kr' />
    <tag k='speed_limit' v='60km/h' />
    <tag k='subtype' v='road' />
    <tag k='type' v='lanelet' />
  </relation>
  <relation id='12700099' version='1'>
    <member type='way' ref='198960' role='left' />
    <member type='way' ref='198961' role='right' />
    <tag k='location' v='urban' />
    <tag k='region' v='kr' />
    <tag k='speed_limit' v='60km/h' />
    <tag k='subtype' v='road' />
    <tag k='type' v='lanelet' />
  </relation>
  <relation id='12700102' version='1'>
    <member type='way' ref='198963' role='left' />
    <member type='way' ref='198964' role='right' />
    <tag k='location' v='urban' />
    <tag k='region' v='kr' />
    <tag k='speed_limit' v='60km/h' />
    <tag k='subtype' v='road' />
    <tag k='type' v='lanelet' />
  </relation>
  <relation id='12700103' version='1'>
    <member type='way' ref='198686' role='left' />
    <member type='way' ref='198689' role='right' />
    <tag k='location' v='urban' />
    <tag k='region' v='kr' />
    <tag k='speed_limit' v='60km/h' />
    <tag k='subtype' v='road' />
    <tag k='type' v='lanelet' />
  </relation>
  <relation id='12700105' version='1'>
    <member type='way' ref='198975' role='left' />
    <member type='way' ref='198841' role='right' />
    <tag k='location' v='urban' />
    <tag k='region' v='kr' />
    <tag k='speed_limit' v='60km/h' />
    <tag k='subtype' v='road' />
    <tag k='type' v='lanelet' />
  </relation>
  <relation id='12700106' version='1'>
    <member type='way' ref='198979' role='left' />
    <member type='way' ref='198981' role='right' />
    <tag k='location' v='urban' />
    <tag k='region' v='kr' />
    <tag k='speed_limit' v='60km/h' />
    <tag k='subtype' v='road' />
    <tag k='type' v='lanelet' />
  </relation>
  <relation id='12700107' version='1'>
    <member type='way' ref='198985' role='left' />
    <member type='way' ref='198986' role='right' />
    <tag k='location' v='urban' />
    <tag k='region' v='kr' />
    <tag k='speed_limit' v='60km/h' />
    <tag k='subtype' v='road' />
    <tag k='type' v='lanelet' />
  </relation>
  <relation id='12700108' version='1'>
    <member type='way' ref='198995' role='left' />
    <member type='way' ref='198996' role='right' />
    <tag k='location' v='urban' />
    <tag k='region' v='kr' />
    <tag k='speed_limit' v='60km/h' />
    <tag k='subtype' v='road' />
    <tag k='type' v='lanelet' />
  </relation>
  <relation id='12700109' version='1'>
    <member type='way' ref='198988' role='left' />
    <member type='way' ref='198989' role='right' />
    <tag k='location' v='urban' />
    <tag k='region' v='kr' />
    <tag k='speed_limit' v='60km/h' />
    <tag k='subtype' v='road' />
    <tag k='type' v='lanelet' />
  </relation>
  <relation id='12700110' version='1'>
    <member type='way' ref='198998' role='left' />
    <member type='way' ref='198995' role='right' />
    <tag k='location' v='urban' />
    <tag k='region' v='kr' />
    <tag k='speed_limit' v='60km/h' />
    <tag k='subtype' v='road' />
    <tag k='type' v='lanelet' />
  </relation>
  <relation id='12700111' version='1'>
    <member type='way' ref='198991' role='left' />
    <member type='way' ref='198988' role='right' />
    <tag k='location' v='urban' />
    <tag k='region' v='kr' />
    <tag k='speed_limit' v='60km/h' />
    <tag k='subtype' v='road' />
    <tag k='type' v='lanelet' />
  </relation>
  <relation id='12700112' version='1'>
    <member type='way' ref='198107' role='left' />
    <member type='way' ref='198110' role='right' />
    <tag k='location' v='urban' />
    <tag k='region' v='kr' />
    <tag k='speed_limit' v='60km/h' />
    <tag k='subtype' v='road' />
    <tag k='type' v='lanelet' />
  </relation>
  <relation id='12700113' version='1'>
    <member type='way' ref='198110' role='left' />
    <member type='way' ref='198116' role='right' />
    <tag k='location' v='urban' />
    <tag k='region' v='kr' />
    <tag k='speed_limit' v='60km/h' />
    <tag k='subtype' v='road' />
    <tag k='type' v='lanelet' />
  </relation>
  <relation id='12700114' version='1'>
    <member type='way' ref='199005' role='left' />
    <member type='way' ref='199006' role='right' />
    <tag k='location' v='urban' />
    <tag k='region' v='kr' />
    <tag k='speed_limit' v='60km/h' />
    <tag k='subtype' v='road' />
    <tag k='type' v='lanelet' />
  </relation>
  <relation id='12700115' version='1'>
    <member type='way' ref='199006' role='left' />
    <member type='way' ref='199008' role='right' />
    <tag k='location' v='urban' />
    <tag k='region' v='kr' />
    <tag k='speed_limit' v='60km/h' />
    <tag k='subtype' v='road' />
    <tag k='type' v='lanelet' />
  </relation>
  <relation id='12700116' version='1'>
    <member type='way' ref='199045' role='left' />
    <member type='way' ref='199046' role='right' />
    <tag k='location' v='urban' />
    <tag k='region' v='kr' />
    <tag k='speed_limit' v='60km/h' />
    <tag k='subtype' v='road' />
    <tag k='type' v='lanelet' />
  </relation>
  <relation id='12700117' version='1'>
    <member type='way' ref='199048' role='left' />
    <member type='way' ref='199049' role='right' />
    <tag k='location' v='urban' />
    <tag k='region' v='kr' />
    <tag k='speed_limit' v='60km/h' />
    <tag k='subtype' v='road' />
    <tag k='type' v='lanelet' />
  </relation>
  <relation id='12700118' version='1'>
    <member type='way' ref='199055' role='left' />
    <member type='way' ref='199048' role='right' />
    <tag k='location' v='urban' />
    <tag k='region' v='kr' />
    <tag k='speed_limit' v='60km/h' />
    <tag k='subtype' v='road' />
    <tag k='type' v='lanelet' />
  </relation>
  <relation id='12700119' version='1'>
    <member type='way' ref='199057' role='left' />
    <member type='way' ref='199059' role='right' />
    <tag k='location' v='urban' />
    <tag k='region' v='kr' />
    <tag k='speed_limit' v='60km/h' />
    <tag k='subtype' v='road' />
    <tag k='type' v='lanelet' />
  </relation>
  <relation id='12700120' version='1'>
    <member type='way' ref='199010' role='left' />
    <member type='way' ref='199022' role='right' />
    <tag k='location' v='urban' />
    <tag k='region' v='kr' />
    <tag k='speed_limit' v='60km/h' />
    <tag k='subtype' v='road' />
    <tag k='type' v='lanelet' />
  </relation>
  <relation id='23100014' version='1'>
    <member type='way' ref='1270010102' role='left' />
    <member type='way' ref='1270010107' role='right' />
    <tag k='location' v='urban' />
    <tag k='one_way' v='false' />
    <tag k='region' v='kr' />
    <tag k='subtype' v='crosswalk' />
    <tag k='type' v='lanelet' />
  </relation>
  <relation id='23100021' version='1'>
    <member type='way' ref='1270010113' role='left' />
    <member type='way' ref='1270010119' role='right' />
    <tag k='location' v='urban' />
    <tag k='one_way' v='false' />
    <tag k='region' v='kr' />
    <tag k='subtype' v='crosswalk' />
    <tag k='type' v='lanelet' />
  </relation>
  <relation id='23100022' version='1'>
    <member type='way' ref='1270010124' role='left' />
    <member type='way' ref='1270010131' role='right' />
    <tag k='location' v='urban' />
    <tag k='one_way' v='false' />
    <tag k='region' v='kr' />
    <tag k='subtype' v='crosswalk' />
    <tag k='type' v='lanelet' />
  </relation>
  <relation id='23700001' version='1'>
    <member type='way' ref='1270010136' role='left' />
    <member type='way' ref='1270010140' role='right' />
    <tag k='location' v='urban' />
    <tag k='one_way' v='false' />
    <tag k='region' v='kr' />
    <tag k='subtype' v='crosswalk' />
    <tag k='type' v='lanelet' />
  </relation>
  <relation id='23700002' version='1'>
    <member type='way' ref='1270010145' role='left' />
    <member type='way' ref='1270010151' role='right' />
    <tag k='location' v='urban' />
    <tag k='one_way' v='false' />
    <tag k='region' v='kr' />
    <tag k='subtype' v='crosswalk' />
    <tag k='type' v='lanelet' />
  </relation>
  <relation id='23700003' version='1'>
    <member type='way' ref='1270010155' role='left' />
    <member type='way' ref='1270010159' role='right' />
    <tag k='location' v='urban' />
    <tag k='one_way' v='false' />
    <tag k='region' v='kr' />
    <tag k='subtype' v='crosswalk' />
    <tag k='type' v='lanelet' />
  </relation>
  <relation id='23700004' version='1'>
    <member type='way' ref='1270010163' role='left' />
    <member type='way' ref='1270010168' role='right' />
    <tag k='location' v='urban' />
    <tag k='one_way' v='false' />
    <tag k='region' v='kr' />
    <tag k='subtype' v='crosswalk' />
    <tag k='type' v='lanelet' />
  </relation>
  <relation id='23700005' version='1'>
    <member type='way' ref='1270010173' role='left' />
    <member type='way' ref='1270010181' role='right' />
    <tag k='location' v='urban' />
    <tag k='one_way' v='false' />
    <tag k='region' v='kr' />
    <tag k='subtype' v='crosswalk' />
    <tag k='type' v='lanelet' />
  </relation>
  <relation id='23700006' version='1'>
    <member type='way' ref='1270010189' role='left' />
    <member type='way' ref='1270010197' role='right' />
    <tag k='location' v='urban' />
    <tag k='one_way' v='false' />
    <tag k='region' v='kr' />
    <tag k='subtype' v='crosswalk' />
    <tag k='type' v='lanelet' />
  </relation>
  <relation id='23700007' version='1'>
    <member type='way' ref='1270010204' role='left' />
    <member type='way' ref='1270010212' role='right' />
    <tag k='location' v='urban' />
    <tag k='one_way' v='false' />
    <tag k='region' v='kr' />
    <tag k='subtype' v='crosswalk' />
    <tag k='type' v='lanelet' />
  </relation>
  <relation id='23700008' version='1'>
    <member type='way' ref='1270010220' role='left' />
    <member type='way' ref='1270010229' role='right' />
    <tag k='location' v='urban' />
    <tag k='one_way' v='false' />
    <tag k='region' v='kr' />
    <tag k='subtype' v='crosswalk' />
    <tag k='type' v='lanelet' />
  </relation>
  <relation id='23700009' version='1'>
    <member type='way' ref='1270010236' role='left' />
    <member type='way' ref='1270010241' role='right' />
    <tag k='location' v='urban' />
    <tag k='one_way' v='false' />
    <tag k='region' v='kr' />
    <tag k='subtype' v='crosswalk' />
    <tag k='type' v='lanelet' />
  </relation>
  <relation id='23700010' version='1'>
    <member type='way' ref='1270010247' role='left' />
    <member type='way' ref='1270010251' role='right' />
    <tag k='location' v='urban' />
    <tag k='one_way' v='false' />
    <tag k='region' v='kr' />
    <tag k='subtype' v='crosswalk' />
    <tag k='type' v='lanelet' />
  </relation>
  <relation id='23700011' version='1'>
    <member type='way' ref='1270010255' role='left' />
    <member type='way' ref='1270010263' role='right' />
    <tag k='location' v='urban' />
    <tag k='one_way' v='false' />
    <tag k='region' v='kr' />
    <tag k='subtype' v='crosswalk' />
    <tag k='type' v='lanelet' />
  </relation>
  <relation id='23700012' version='1'>
    <member type='way' ref='1270010270' role='left' />
    <member type='way' ref='1270010279' role='right' />
    <tag k='location' v='urban' />
    <tag k='one_way' v='false' />
    <tag k='region' v='kr' />
    <tag k='subtype' v='crosswalk' />
    <tag k='type' v='lanelet' />
  </relation>
  <relation id='23700013' version='1'>
    <member type='way' ref='1270010286' role='left' />
    <member type='way' ref='1270010290' role='right' />
    <tag k='location' v='urban' />
    <tag k='one_way' v='false' />
    <tag k='region' v='kr' />
    <tag k='subtype' v='crosswalk' />
    <tag k='type' v='lanelet' />
  </relation>
  <relation id='23700014' version='1'>
    <member type='way' ref='1270010296' role='left' />
    <member type='way' ref='1270010300' role='right' />
    <tag k='location' v='urban' />
    <tag k='one_way' v='false' />
    <tag k='region' v='kr' />
    <tag k='subtype' v='crosswalk' />
    <tag k='type' v='lanelet' />
  </relation>
  <relation id='23700015' version='1'>
    <member type='way' ref='1270010305' role='left' />
    <member type='way' ref='1270010309' role='right' />
    <tag k='location' v='urban' />
    <tag k='one_way' v='false' />
    <tag k='region' v='kr' />
    <tag k='subtype' v='crosswalk' />
    <tag k='type' v='lanelet' />
  </relation>
  <relation id='23700016' version='1'>
    <member type='way' ref='1270010313' role='left' />
    <member type='way' ref='1270010321' role='right' />
    <tag k='location' v='urban' />
    <tag k='one_way' v='false' />
    <tag k='region' v='kr' />
    <tag k='subtype' v='crosswalk' />
    <tag k='type' v='lanelet' />
  </relation>
  <relation id='23700017' version='1'>
    <member type='way' ref='1270010329' role='left' />
    <member type='way' ref='1270010337' role='right' />
    <tag k='location' v='urban' />
    <tag k='one_way' v='false' />
    <tag k='region' v='kr' />
    <tag k='subtype' v='crosswalk' />
    <tag k='type' v='lanelet' />
  </relation>
  <relation id='23700018' version='1'>
    <member type='way' ref='1270010344' role='left' />
    <member type='way' ref='1270010349' role='right' />
    <tag k='location' v='urban' />
    <tag k='one_way' v='false' />
    <tag k='region' v='kr' />
    <tag k='subtype' v='crosswalk' />
    <tag k='type' v='lanelet' />
  </relation>
  <relation id='23700019' version='1'>
    <member type='way' ref='1270010353' role='left' />
    <member type='way' ref='1270010358' role='right' />
    <tag k='location' v='urban' />
    <tag k='one_way' v='false' />
    <tag k='region' v='kr' />
    <tag k='subtype' v='crosswalk' />
    <tag k='type' v='lanelet' />
  </relation>
  <relation id='23700020' version='1'>
    <member type='way' ref='1270010362' role='left' />
    <member type='way' ref='1270010366' role='right' />
    <tag k='location' v='urban' />
    <tag k='one_way' v='false' />
    <tag k='region' v='kr' />
    <tag k='subtype' v='crosswalk' />
    <tag k='type' v='lanelet' />
  </relation>
  <relation id='23700021' version='1'>
    <member type='way' ref='1270010372' role='left' />
    <member type='way' ref='1270010376' role='right' />
    <tag k='location' v='urban' />
    <tag k='one_way' v='false' />
    <tag k='region' v='kr' />
    <tag k='subtype' v='crosswalk' />
    <tag k='type' v='lanelet' />
  </relation>
  <relation id='23700022' version='1'>
    <member type='way' ref='1270010380' role='left' />
    <member type='way' ref='1270010384' role='right' />
    <tag k='location' v='urban' />
    <tag k='one_way' v='false' />
    <tag k='region' v='kr' />
    <tag k='subtype' v='crosswalk' />
    <tag k='type' v='lanelet' />
  </relation>
  <relation id='23700023' version='1'>
    <member type='way' ref='1270010390' role='left' />
    <member type='way' ref='1270010398' role='right' />
    <tag k='location' v='urban' />
    <tag k='one_way' v='false' />
    <tag k='region' v='kr' />
    <tag k='subtype' v='crosswalk' />
    <tag k='type' v='lanelet' />
  </relation>
  <relation id='23700024' version='1'>
    <member type='way' ref='1270010405' role='left' />
    <member type='way' ref='1270010411' role='right' />
    <tag k='location' v='urban' />
    <tag k='one_way' v='false' />
    <tag k='region' v='kr' />
    <tag k='subtype' v='crosswalk' />
    <tag k='type' v='lanelet' />
  </relation>
  <relation id='23700025' version='1'>
    <member type='way' ref='1270010416' role='left' />
    <member type='way' ref='1270010423' role='right' />
    <tag k='location' v='urban' />
    <tag k='one_way' v='false' />
    <tag k='region' v='kr' />
    <tag k='subtype' v='crosswalk' />
    <tag k='type' v='lanelet' />
  </relation>
  <relation id='23700026' version='1'>
    <member type='way' ref='1270010430' role='left' />
    <member type='way' ref='1270010437' role='right' />
    <tag k='location' v='urban' />
    <tag k='one_way' v='false' />
    <tag k='region' v='kr' />
    <tag k='subtype' v='crosswalk' />
    <tag k='type' v='lanelet' />
  </relation>
  <relation id='23700027' version='1'>
    <member type='way' ref='1270010444' role='left' />
    <member type='way' ref='1270010448' role='right' />
    <tag k='location' v='urban' />
    <tag k='one_way' v='false' />
    <tag k='region' v='kr' />
    <tag k='subtype' v='crosswalk' />
    <tag k='type' v='lanelet' />
  </relation>
  <relation id='23700028' version='1'>
    <member type='way' ref='1270010452' role='left' />
    <member type='way' ref='1270010456' role='right' />
    <tag k='location' v='urban' />
    <tag k='one_way' v='false' />
    <tag k='region' v='kr' />
    <tag k='subtype' v='crosswalk' />
    <tag k='type' v='lanelet' />
  </relation>
  <relation id='120002010' version='1'>
    <member type='way' ref='199604' role='left' />
    <member type='way' ref='199612' role='right' />
    <tag k='location' v='urban' />
    <tag k='region' v='kr' />
    <tag k='speed_limit' v='60km/h' />
    <tag k='subtype' v='road' />
    <tag k='type' v='lanelet' />
  </relation>
  <relation id='120002011' version='1'>
    <member type='way' ref='199628' role='left' />
    <member type='way' ref='199630' role='right' />
    <tag k='location' v='urban' />
    <tag k='region' v='kr' />
    <tag k='speed_limit' v='60km/h' />
    <tag k='subtype' v='road' />
    <tag k='type' v='lanelet' />
  </relation>
  <relation id='120002012' version='1'>
    <member type='way' ref='199634' role='left' />
    <member type='way' ref='199636' role='right' />
    <tag k='location' v='urban' />
    <tag k='region' v='kr' />
    <tag k='speed_limit' v='60km/h' />
    <tag k='subtype' v='road' />
    <tag k='type' v='lanelet' />
  </relation>
  <relation id='120002013' version='1'>
    <member type='way' ref='199640' role='left' />
    <member type='way' ref='199646' role='right' />
    <tag k='location' v='urban' />
    <tag k='region' v='kr' />
    <tag k='speed_limit' v='60km/h' />
    <tag k='subtype' v='road' />
    <tag k='type' v='lanelet' />
  </relation>
  <relation id='120002014' version='1'>
    <member type='way' ref='199655' role='left' />
    <member type='way' ref='199663' role='right' />
    <tag k='location' v='urban' />
    <tag k='region' v='kr' />
    <tag k='speed_limit' v='60km/h' />
    <tag k='subtype' v='road' />
    <tag k='type' v='lanelet' />
  </relation>
  <relation id='120002110' version='1'>
    <member type='way' ref='199786' role='left' />
    <member type='way' ref='199788' role='right' />
    <tag k='location' v='urban' />
    <tag k='region' v='kr' />
    <tag k='speed_limit' v='60km/h' />
    <tag k='subtype' v='road' />
    <tag k='type' v='lanelet' />
  </relation>
  <relation id='120002111' version='1'>
    <member type='way' ref='199792' role='left' />
    <member type='way' ref='199794' role='right' />
    <tag k='location' v='urban' />
    <tag k='region' v='kr' />
    <tag k='speed_limit' v='60km/h' />
    <tag k='subtype' v='road' />
    <tag k='type' v='lanelet' />
  </relation>
  <relation id='120002112' version='1'>
    <member type='way' ref='199798' role='left' />
    <member type='way' ref='199800' role='right' />
    <tag k='location' v='urban' />
    <tag k='region' v='kr' />
    <tag k='speed_limit' v='60km/h' />
    <tag k='subtype' v='road' />
    <tag k='type' v='lanelet' />
  </relation>
  <relation id='120002113' version='1'>
    <member type='way' ref='199804' role='left' />
    <member type='way' ref='199806' role='right' />
    <tag k='location' v='urban' />
    <tag k='region' v='kr' />
    <tag k='speed_limit' v='60km/h' />
    <tag k='subtype' v='road' />
    <tag k='type' v='lanelet' />
  </relation>
  <relation id='120002114' version='1'>
    <member type='way' ref='199810' role='left' />
    <member type='way' ref='199818' role='right' />
    <tag k='location' v='urban' />
    <tag k='region' v='kr' />
    <tag k='speed_limit' v='60km/h' />
    <tag k='subtype' v='road' />
    <tag k='type' v='lanelet' />
  </relation>
  <relation id='120013110' version='1'>
    <member type='way' ref='200398' role='left' />
    <member type='way' ref='200400' role='right' />
    <tag k='location' v='urban' />
    <tag k='region' v='kr' />
    <tag k='speed_limit' v='60km/h' />
    <tag k='subtype' v='road' />
    <tag k='type' v='lanelet' />
  </relation>
  <relation id='120013111' version='1'>
    <member type='way' ref='200404' role='left' />
    <member type='way' ref='200406' role='right' />
    <tag k='location' v='urban' />
    <tag k='region' v='kr' />
    <tag k='speed_limit' v='60km/h' />
    <tag k='subtype' v='road' />
    <tag k='type' v='lanelet' />
  </relation>
  <relation id='120013112' version='1'>
    <member type='way' ref='200410' role='left' />
    <member type='way' ref='200412' role='right' />
    <tag k='location' v='urban' />
    <tag k='region' v='kr' />
    <tag k='speed_limit' v='60km/h' />
    <tag k='subtype' v='road' />
    <tag k='type' v='lanelet' />
  </relation>
  <relation id='120013113' version='1'>
    <member type='way' ref='200416' role='left' />
    <member type='way' ref='200418' role='right' />
    <tag k='location' v='urban' />
    <tag k='region' v='kr' />
    <tag k='speed_limit' v='60km/h' />
    <tag k='subtype' v='road' />
    <tag k='type' v='lanelet' />
  </relation>
  <relation id='120013114' version='1'>
    <member type='way' ref='200422' role='left' />
    <member type='way' ref='200424' role='right' />
    <tag k='location' v='urban' />
    <tag k='region' v='kr' />
    <tag k='speed_limit' v='60km/h' />
    <tag k='subtype' v='road' />
    <tag k='type' v='lanelet' />
  </relation>
  <relation id='120013115' version='1'>
    <member type='way' ref='200428' role='left' />
    <member type='way' ref='200430' role='right' />
    <tag k='location' v='urban' />
    <tag k='region' v='kr' />
    <tag k='speed_limit' v='60km/h' />
    <tag k='subtype' v='road' />
    <tag k='type' v='lanelet' />
  </relation>
  <relation id='120013116' version='1'>
    <member type='way' ref='200434' role='left' />
    <member type='way' ref='200435' role='right' />
    <tag k='location' v='urban' />
    <tag k='region' v='kr' />
    <tag k='speed_limit' v='60km/h' />
    <tag k='subtype' v='road' />
    <tag k='type' v='lanelet' />
  </relation>
  <relation id='120013210' version='1'>
    <member type='way' ref='200400' role='left' />
    <member type='way' ref='200477' role='right' />
    <tag k='location' v='urban' />
    <tag k='region' v='kr' />
    <tag k='speed_limit' v='60km/h' />
    <tag k='subtype' v='road' />
    <tag k='type' v='lanelet' />
  </relation>
  <relation id='120013211' version='1'>
    <member type='way' ref='200406' role='left' />
    <member type='way' ref='200481' role='right' />
    <tag k='location' v='urban' />
    <tag k='region' v='kr' />
    <tag k='speed_limit' v='60km/h' />
    <tag k='subtype' v='road' />
    <tag k='type' v='lanelet' />
  </relation>
  <relation id='120013212' version='1'>
    <member type='way' ref='200412' role='left' />
    <member type='way' ref='200485' role='right' />
    <tag k='location' v='urban' />
    <tag k='region' v='kr' />
    <tag k='speed_limit' v='60km/h' />
    <tag k='subtype' v='road' />
    <tag k='type' v='lanelet' />
  </relation>
  <relation id='120013213' version='1'>
    <member type='way' ref='200418' role='left' />
    <member type='way' ref='200489' role='right' />
    <tag k='location' v='urban' />
    <tag k='region' v='kr' />
    <tag k='speed_limit' v='60km/h' />
    <tag k='subtype' v='road' />
    <tag k='type' v='lanelet' />
  </relation>
  <relation id='120013214' version='1'>
    <member type='way' ref='200424' role='left' />
    <member type='way' ref='200493' role='right' />
    <tag k='location' v='urban' />
    <tag k='region' v='kr' />
    <tag k='speed_limit' v='60km/h' />
    <tag k='subtype' v='road' />
    <tag k='type' v='lanelet' />
  </relation>
  <relation id='120013215' version='1'>
    <member type='way' ref='200430' role='left' />
    <member type='way' ref='200497' role='right' />
    <tag k='location' v='urban' />
    <tag k='region' v='kr' />
    <tag k='speed_limit' v='60km/h' />
    <tag k='subtype' v='road' />
    <tag k='type' v='lanelet' />
  </relation>
  <relation id='120013216' version='1'>
    <member type='way' ref='200435' role='left' />
    <member type='way' ref='200501' role='right' />
    <tag k='location' v='urban' />
    <tag k='region' v='kr' />
    <tag k='speed_limit' v='60km/h' />
    <tag k='subtype' v='road' />
    <tag k='type' v='lanelet' />
  </relation>
  <relation id='120013310' version='1'>
    <member type='way' ref='200477' role='left' />
    <member type='way' ref='200543' role='right' />
    <tag k='location' v='urban' />
    <tag k='region' v='kr' />
    <tag k='speed_limit' v='60km/h' />
    <tag k='subtype' v='road' />
    <tag k='type' v='lanelet' />
  </relation>
  <relation id='120013311' version='1'>
    <member type='way' ref='200481' role='left' />
    <member type='way' ref='200547' role='right' />
    <tag k='location' v='urban' />
    <tag k='region' v='kr' />
    <tag k='speed_limit' v='60km/h' />
    <tag k='subtype' v='road' />
    <tag k='type' v='lanelet' />
  </relation>
  <relation id='120013312' version='1'>
    <member type='way' ref='200485' role='left' />
    <member type='way' ref='200551' role='right' />
    <tag k='location' v='urban' />
    <tag k='region' v='kr' />
    <tag k='speed_limit' v='60km/h' />
    <tag k='subtype' v='road' />
    <tag k='type' v='lanelet' />
  </relation>
  <relation id='120013313' version='1'>
    <member type='way' ref='200489' role='left' />
    <member type='way' ref='200555' role='right' />
    <tag k='location' v='urban' />
    <tag k='region' v='kr' />
    <tag k='speed_limit' v='60km/h' />
    <tag k='subtype' v='road' />
    <tag k='type' v='lanelet' />
  </relation>
  <relation id='120013314' version='1'>
    <member type='way' ref='200493' role='left' />
    <member type='way' ref='200559' role='right' />
    <tag k='location' v='urban' />
    <tag k='region' v='kr' />
    <tag k='speed_limit' v='60km/h' />
    <tag k='subtype' v='road' />
    <tag k='type' v='lanelet' />
  </relation>
  <relation id='120013315' version='1'>
    <member type='way' ref='200497' role='left' />
    <member type='way' ref='200563' role='right' />
    <tag k='location' v='urban' />
    <tag k='region' v='kr' />
    <tag k='speed_limit' v='60km/h' />
    <tag k='subtype' v='road' />
    <tag k='type' v='lanelet' />
  </relation>
  <relation id='120013316' version='1'>
    <member type='way' ref='200501' role='left' />
    <member type='way' ref='200567' role='right' />
    <tag k='location' v='urban' />
    <tag k='region' v='kr' />
    <tag k='speed_limit' v='60km/h' />
    <tag k='subtype' v='road' />
    <tag k='type' v='lanelet' />
  </relation>
  <relation id='120014210' version='1'>
    <member type='way' ref='200736' role='left' />
    <member type='way' ref='200742' role='right' />
    <tag k='location' v='urban' />
    <tag k='region' v='kr' />
    <tag k='speed_limit' v='60km/h' />
    <tag k='subtype' v='road' />
    <tag k='type' v='lanelet' />
  </relation>
  <relation id='120014211' version='1'>
    <member type='way' ref='200752' role='left' />
    <member type='way' ref='200757' role='right' />
    <tag k='location' v='urban' />
    <tag k='region' v='kr' />
    <tag k='speed_limit' v='60km/h' />
    <tag k='subtype' v='road' />
    <tag k='type' v='lanelet' />
  </relation>
  <relation id='120014212' version='1'>
    <member type='way' ref='200767' role='left' />
    <member type='way' ref='200769' role='right' />
    <tag k='location' v='urban' />
    <tag k='region' v='kr' />
    <tag k='speed_limit' v='60km/h' />
    <tag k='subtype' v='road' />
    <tag k='type' v='lanelet' />
  </relation>
  <relation id='120014213' version='1'>
    <member type='way' ref='200773' role='left' />
    <member type='way' ref='200775' role='right' />
    <tag k='location' v='urban' />
    <tag k='region' v='kr' />
    <tag k='speed_limit' v='60km/h' />
    <tag k='subtype' v='road' />
    <tag k='type' v='lanelet' />
  </relation>
  <relation id='120014214' version='1'>
    <member type='way' ref='200779' role='left' />
    <member type='way' ref='200782' role='right' />
    <tag k='location' v='urban' />
    <tag k='region' v='kr' />
    <tag k='speed_limit' v='60km/h' />
    <tag k='subtype' v='road' />
    <tag k='type' v='lanelet' />
  </relation>
  <relation id='120014310' version='1'>
    <member type='way' ref='200742' role='left' />
    <member type='way' ref='200900' role='right' />
    <tag k='location' v='urban' />
    <tag k='region' v='kr' />
    <tag k='speed_limit' v='60km/h' />
    <tag k='subtype' v='road' />
    <tag k='type' v='lanelet' />
  </relation>
  <relation id='120014311' version='1'>
    <member type='way' ref='200757' role='left' />
    <member type='way' ref='200910' role='right' />
    <tag k='location' v='urban' />
    <tag k='region' v='kr' />
    <tag k='speed_limit' v='60km/h' />
    <tag k='subtype' v='road' />
    <tag k='type' v='lanelet' />
  </relation>
  <relation id='120014312' version='1'>
    <member type='way' ref='200769' role='left' />
    <member type='way' ref='200920' role='right' />
    <tag k='location' v='urban' />
    <tag k='region' v='kr' />
    <tag k='speed_limit' v='60km/h' />
    <tag k='subtype' v='road' />
    <tag k='type' v='lanelet' />
  </relation>
  <relation id='120014313' version='1'>
    <member type='way' ref='200775' role='left' />
    <member type='way' ref='200924' role='right' />
    <tag k='location' v='urban' />
    <tag k='region' v='kr' />
    <tag k='speed_limit' v='60km/h' />
    <tag k='subtype' v='road' />
    <tag k='type' v='lanelet' />
  </relation>
  <relation id='120014314' version='1'>
    <member type='way' ref='200782' role='left' />
    <member type='way' ref='200928' role='right' />
    <tag k='location' v='urban' />
    <tag k='region' v='kr' />
    <tag k='speed_limit' v='60km/h' />
    <tag k='subtype' v='road' />
    <tag k='type' v='lanelet' />
  </relation>
  <relation id='120014410' version='1'>
    <member type='way' ref='200900' role='left' />
    <member type='way' ref='201042' role='right' />
    <tag k='location' v='urban' />
    <tag k='region' v='kr' />
    <tag k='speed_limit' v='60km/h' />
    <tag k='subtype' v='road' />
    <tag k='type' v='lanelet' />
  </relation>
  <relation id='120014411' version='1'>
    <member type='way' ref='200910' role='left' />
    <member type='way' ref='201052' role='right' />
    <tag k='location' v='urban' />
    <tag k='region' v='kr' />
    <tag k='speed_limit' v='60km/h' />
    <tag k='subtype' v='road' />
    <tag k='type' v='lanelet' />
  </relation>
  <relation id='120014412' version='1'>
    <member type='way' ref='200920' role='left' />
    <member type='way' ref='201062' role='right' />
    <tag k='location' v='urban' />
    <tag k='region' v='kr' />
    <tag k='speed_limit' v='60km/h' />
    <tag k='subtype' v='road' />
    <tag k='type' v='lanelet' />
  </relation>
  <relation id='120014413' version='1'>
    <member type='way' ref='200924' role='left' />
    <member type='way' ref='201066' role='right' />
    <tag k='location' v='urban' />
    <tag k='region' v='kr' />
    <tag k='speed_limit' v='60km/h' />
    <tag k='subtype' v='road' />
    <tag k='type' v='lanelet' />
  </relation>
  <relation id='120014414' version='1'>
    <member type='way' ref='200928' role='left' />
    <member type='way' ref='201070' role='right' />
    <tag k='location' v='urban' />
    <tag k='region' v='kr' />
    <tag k='speed_limit' v='60km/h' />
    <tag k='subtype' v='road' />
    <tag k='type' v='lanelet' />
  </relation>
  <relation id='121001171' version='1'>
    <member type='way' ref='199065' role='left' />
    <member type='way' ref='199069' role='right' />
    <tag k='location' v='urban' />
    <tag k='region' v='kr' />
    <tag k='speed_limit' v='60km/h' />
    <tag k='subtype' v='road' />
    <tag k='type' v='lanelet' />
  </relation>
  <relation id='121001210' version='1'>
    <member type='way' ref='199925' role='left' />
    <member type='way' ref='199927' role='right' />
    <tag k='location' v='urban' />
    <tag k='region' v='kr' />
    <tag k='speed_limit' v='60km/h' />
    <tag k='subtype' v='road' />
    <tag k='type' v='lanelet' />
  </relation>
  <relation id='121001211' version='1'>
    <member type='way' ref='199931' role='left' />
    <member type='way' ref='199933' role='right' />
    <tag k='location' v='urban' />
    <tag k='region' v='kr' />
    <tag k='speed_limit' v='60km/h' />
    <tag k='subtype' v='road' />
    <tag k='type' v='lanelet' />
  </relation>
  <relation id='121001212' version='1'>
    <member type='way' ref='199937' role='left' />
    <member type='way' ref='199939' role='right' />
    <tag k='location' v='urban' />
    <tag k='region' v='kr' />
    <tag k='speed_limit' v='60km/h' />
    <tag k='subtype' v='road' />
    <tag k='type' v='lanelet' />
  </relation>
  <relation id='121001220' version='1'>
    <member type='way' ref='199927' role='left' />
    <member type='way' ref='199943' role='right' />
    <tag k='location' v='urban' />
    <tag k='region' v='kr' />
    <tag k='speed_limit' v='60km/h' />
    <tag k='subtype' v='road' />
    <tag k='type' v='lanelet' />
  </relation>
  <relation id='121001221' version='1'>
    <member type='way' ref='199933' role='left' />
    <member type='way' ref='199947' role='right' />
    <tag k='location' v='urban' />
    <tag k='region' v='kr' />
    <tag k='speed_limit' v='60km/h' />
    <tag k='subtype' v='road' />
    <tag k='type' v='lanelet' />
  </relation>
  <relation id='121001222' version='1'>
    <member type='way' ref='199939' role='left' />
    <member type='way' ref='199951' role='right' />
    <tag k='location' v='urban' />
    <tag k='region' v='kr' />
    <tag k='speed_limit' v='60km/h' />
    <tag k='subtype' v='road' />
    <tag k='type' v='lanelet' />
  </relation>
  <relation id='121001230' version='1'>
    <member type='way' ref='199943' role='left' />
    <member type='way' ref='199955' role='right' />
    <tag k='location' v='urban' />
    <tag k='region' v='kr' />
    <tag k='speed_limit' v='60km/h' />
    <tag k='subtype' v='road' />
    <tag k='type' v='lanelet' />
  </relation>
  <relation id='121001231' version='1'>
    <member type='way' ref='199947' role='left' />
    <member type='way' ref='199959' role='right' />
    <tag k='location' v='urban' />
    <tag k='region' v='kr' />
    <tag k='speed_limit' v='60km/h' />
    <tag k='subtype' v='road' />
    <tag k='type' v='lanelet' />
  </relation>
  <relation id='121001232' version='1'>
    <member type='way' ref='199951' role='left' />
    <member type='way' ref='199963' role='right' />
    <tag k='location' v='urban' />
    <tag k='region' v='kr' />
    <tag k='speed_limit' v='60km/h' />
    <tag k='subtype' v='road' />
    <tag k='type' v='lanelet' />
  </relation>
  <relation id='121001240' version='1'>
    <member type='way' ref='199967' role='left' />
    <member type='way' ref='199973' role='right' />
    <tag k='location' v='urban' />
    <tag k='region' v='kr' />
    <tag k='speed_limit' v='60km/h' />
    <tag k='subtype' v='road' />
    <tag k='type' v='lanelet' />
  </relation>
  <relation id='121001241' version='1'>
    <member type='way' ref='199986' role='left' />
    <member type='way' ref='199993' role='right' />
    <tag k='location' v='urban' />
    <tag k='region' v='kr' />
    <tag k='speed_limit' v='60km/h' />
    <tag k='subtype' v='road' />
    <tag k='type' v='lanelet' />
  </relation>
  <relation id='121001242' version='1'>
    <member type='way' ref='200009' role='left' />
    <member type='way' ref='200017' role='right' />
    <tag k='location' v='urban' />
    <tag k='region' v='kr' />
    <tag k='speed_limit' v='60km/h' />
    <tag k='subtype' v='road' />
    <tag k='type' v='lanelet' />
  </relation>
  <relation id='121001243' version='1'>
    <member type='way' ref='200032' role='left' />
    <member type='way' ref='200039' role='right' />
    <tag k='location' v='urban' />
    <tag k='region' v='kr' />
    <tag k='speed_limit' v='60km/h' />
    <tag k='subtype' v='road' />
    <tag k='type' v='lanelet' />
  </relation>
  <relation id='121001244' version='1'>
    <member type='way' ref='200055' role='left' />
    <member type='way' ref='200063' role='right' />
    <tag k='location' v='urban' />
    <tag k='region' v='kr' />
    <tag k='speed_limit' v='60km/h' />
    <tag k='subtype' v='road' />
    <tag k='type' v='lanelet' />
  </relation>
  <relation id='121001245' version='1'>
    <member type='way' ref='200078' role='left' />
    <member type='way' ref='200084' role='right' />
    <tag k='location' v='urban' />
    <tag k='region' v='kr' />
    <tag k='speed_limit' v='60km/h' />
    <tag k='subtype' v='road' />
    <tag k='type' v='lanelet' />
  </relation>
  <relation id='121001246' version='1'>
    <member type='way' ref='200094' role='left' />
    <member type='way' ref='200099' role='right' />
    <tag k='location' v='urban' />
    <tag k='region' v='kr' />
    <tag k='speed_limit' v='60km/h' />
    <tag k='subtype' v='road' />
    <tag k='type' v='lanelet' />
  </relation>
  <relation id='121001247' version='1'>
    <member type='way' ref='200107' role='left' />
    <member type='way' ref='200109' role='right' />
    <tag k='location' v='urban' />
    <tag k='region' v='kr' />
    <tag k='speed_limit' v='60km/h' />
    <tag k='subtype' v='road' />
    <tag k='type' v='lanelet' />
  </relation>
  <relation id='121001248' version='1'>
    <member type='way' ref='200113' role='left' />
    <member type='way' ref='200115' role='right' />
    <tag k='location' v='urban' />
    <tag k='region' v='kr' />
    <tag k='speed_limit' v='60km/h' />
    <tag k='subtype' v='road' />
    <tag k='type' v='lanelet' />
  </relation>
  <relation id='121001249' version='1'>
    <member type='way' ref='200119' role='left' />
    <member type='way' ref='200120' role='right' />
    <tag k='location' v='urban' />
    <tag k='region' v='kr' />
    <tag k='speed_limit' v='60km/h' />
    <tag k='subtype' v='road' />
    <tag k='type' v='lanelet' />
  </relation>
  <relation id='121001250' version='1'>
    <member type='way' ref='199973' role='left' />
    <member type='way' ref='200122' role='right' />
    <tag k='location' v='urban' />
    <tag k='region' v='kr' />
    <tag k='speed_limit' v='60km/h' />
    <tag k='subtype' v='road' />
    <tag k='type' v='lanelet' />
  </relation>
  <relation id='121001251' version='1'>
    <member type='way' ref='199993' role='left' />
    <member type='way' ref='200136' role='right' />
    <tag k='location' v='urban' />
    <tag k='region' v='kr' />
    <tag k='speed_limit' v='60km/h' />
    <tag k='subtype' v='road' />
    <tag k='type' v='lanelet' />
  </relation>
  <relation id='121001252' version='1'>
    <member type='way' ref='200017' role='left' />
    <member type='way' ref='200154' role='right' />
    <tag k='location' v='urban' />
    <tag k='region' v='kr' />
    <tag k='speed_limit' v='60km/h' />
    <tag k='subtype' v='road' />
    <tag k='type' v='lanelet' />
  </relation>
  <relation id='121001253' version='1'>
    <member type='way' ref='200039' role='left' />
    <member type='way' ref='200172' role='right' />
    <tag k='location' v='urban' />
    <tag k='region' v='kr' />
    <tag k='speed_limit' v='60km/h' />
    <tag k='subtype' v='road' />
    <tag k='type' v='lanelet' />
  </relation>
  <relation id='121001254' version='1'>
    <member type='way' ref='200063' role='left' />
    <member type='way' ref='200188' role='right' />
    <tag k='location' v='urban' />
    <tag k='region' v='kr' />
    <tag k='speed_limit' v='60km/h' />
    <tag k='subtype' v='road' />
    <tag k='type' v='lanelet' />
  </relation>
  <relation id='121001255' version='1'>
    <member type='way' ref='200084' role='left' />
    <member type='way' ref='200205' role='right' />
    <tag k='location' v='urban' />
    <tag k='region' v='kr' />
    <tag k='speed_limit' v='60km/h' />
    <tag k='subtype' v='road' />
    <tag k='type' v='lanelet' />
  </relation>
  <relation id='121001256' version='1'>
    <member type='way' ref='200099' role='left' />
    <member type='way' ref='200215' role='right' />
    <tag k='location' v='urban' />
    <tag k='region' v='kr' />
    <tag k='speed_limit' v='60km/h' />
    <tag k='subtype' v='road' />
    <tag k='type' v='lanelet' />
  </relation>
  <relation id='121001257' version='1'>
    <member type='way' ref='200109' role='left' />
    <member type='way' ref='200223' role='right' />
    <tag k='location' v='urban' />
    <tag k='region' v='kr' />
    <tag k='speed_limit' v='60km/h' />
    <tag k='subtype' v='road' />
    <tag k='type' v='lanelet' />
  </relation>
  <relation id='121001258' version='1'>
    <member type='way' ref='200115' role='left' />
    <member type='way' ref='200227' role='right' />
    <tag k='location' v='urban' />
    <tag k='region' v='kr' />
    <tag k='speed_limit' v='60km/h' />
    <tag k='subtype' v='road' />
    <tag k='type' v='lanelet' />
  </relation>
  <relation id='121001259' version='1'>
    <member type='way' ref='200120' role='left' />
    <member type='way' ref='200231' role='right' />
    <tag k='location' v='urban' />
    <tag k='region' v='kr' />
    <tag k='speed_limit' v='60km/h' />
    <tag k='subtype' v='road' />
    <tag k='type' v='lanelet' />
  </relation>
  <relation id='121001260' version='1'>
    <member type='way' ref='200122' role='left' />
    <member type='way' ref='200233' role='right' />
    <tag k='location' v='urban' />
    <tag k='region' v='kr' />
    <tag k='speed_limit' v='60km/h' />
    <tag k='subtype' v='road' />
    <tag k='type' v='lanelet' />
  </relation>
  <relation id='121001261' version='1'>
    <member type='way' ref='200136' role='left' />
    <member type='way' ref='200244' role='right' />
    <tag k='location' v='urban' />
    <tag k='region' v='kr' />
    <tag k='speed_limit' v='60km/h' />
    <tag k='subtype' v='road' />
    <tag k='type' v='lanelet' />
  </relation>
  <relation id='121001262' version='1'>
    <member type='way' ref='200154' role='left' />
    <member type='way' ref='200261' role='right' />
    <tag k='location' v='urban' />
    <tag k='region' v='kr' />
    <tag k='speed_limit' v='60km/h' />
    <tag k='subtype' v='road' />
    <tag k='type' v='lanelet' />
  </relation>
  <relation id='121001263' version='1'>
    <member type='way' ref='200172' role='left' />
    <member type='way' ref='200277' role='right' />
    <tag k='location' v='urban' />
    <tag k='region' v='kr' />
    <tag k='speed_limit' v='60km/h' />
    <tag k='subtype' v='road' />
    <tag k='type' v='lanelet' />
  </relation>
  <relation id='121001264' version='1'>
    <member type='way' ref='200188' role='left' />
    <member type='way' ref='200294' role='right' />
    <tag k='location' v='urban' />
    <tag k='region' v='kr' />
    <tag k='speed_limit' v='60km/h' />
    <tag k='subtype' v='road' />
    <tag k='type' v='lanelet' />
  </relation>
  <relation id='121001265' version='1'>
    <member type='way' ref='200205' role='left' />
    <member type='way' ref='200309' role='right' />
    <tag k='location' v='urban' />
    <tag k='region' v='kr' />
    <tag k='speed_limit' v='60km/h' />
    <tag k='subtype' v='road' />
    <tag k='type' v='lanelet' />
  </relation>
  <relation id='121001266' version='1'>
    <member type='way' ref='200215' role='left' />
    <member type='way' ref='200319' role='right' />
    <tag k='location' v='urban' />
    <tag k='region' v='kr' />
    <tag k='speed_limit' v='60km/h' />
    <tag k='subtype' v='road' />
    <tag k='type' v='lanelet' />
  </relation>
  <relation id='121001267' version='1'>
    <member type='way' ref='200223' role='left' />
    <member type='way' ref='200328' role='right' />
    <tag k='location' v='urban' />
    <tag k='region' v='kr' />
    <tag k='speed_limit' v='60km/h' />
    <tag k='subtype' v='road' />
    <tag k='type' v='lanelet' />
  </relation>
  <relation id='121001268' version='1'>
    <member type='way' ref='200227' role='left' />
    <member type='way' ref='200332' role='right' />
    <tag k='location' v='urban' />
    <tag k='region' v='kr' />
    <tag k='speed_limit' v='60km/h' />
    <tag k='subtype' v='road' />
    <tag k='type' v='lanelet' />
  </relation>
  <relation id='121001269' version='1'>
    <member type='way' ref='200231' role='left' />
    <member type='way' ref='200336' role='right' />
    <tag k='location' v='urban' />
    <tag k='region' v='kr' />
    <tag k='speed_limit' v='60km/h' />
    <tag k='subtype' v='road' />
    <tag k='type' v='lanelet' />
  </relation>
  <relation id='121001310' version='1'>
    <member type='way' ref='200338' role='left' />
    <member type='way' ref='200340' role='right' />
    <tag k='location' v='urban' />
    <tag k='region' v='kr' />
    <tag k='speed_limit' v='60km/h' />
    <tag k='subtype' v='road' />
    <tag k='type' v='lanelet' />
  </relation>
  <relation id='121001311' version='1'>
    <member type='way' ref='200344' role='left' />
    <member type='way' ref='200346' role='right' />
    <tag k='location' v='urban' />
    <tag k='region' v='kr' />
    <tag k='speed_limit' v='60km/h' />
    <tag k='subtype' v='road' />
    <tag k='type' v='lanelet' />
  </relation>
  <relation id='121001312' version='1'>
    <member type='way' ref='200350' role='left' />
    <member type='way' ref='200352' role='right' />
    <tag k='location' v='urban' />
    <tag k='region' v='kr' />
    <tag k='speed_limit' v='60km/h' />
    <tag k='subtype' v='road' />
    <tag k='type' v='lanelet' />
  </relation>
  <relation id='121001313' version='1'>
    <member type='way' ref='200356' role='left' />
    <member type='way' ref='200358' role='right' />
    <tag k='location' v='urban' />
    <tag k='region' v='kr' />
    <tag k='speed_limit' v='60km/h' />
    <tag k='subtype' v='road' />
    <tag k='type' v='lanelet' />
  </relation>
  <relation id='121001314' version='1'>
    <member type='way' ref='200362' role='left' />
    <member type='way' ref='200364' role='right' />
    <tag k='location' v='urban' />
    <tag k='region' v='kr' />
    <tag k='speed_limit' v='60km/h' />
    <tag k='subtype' v='road' />
    <tag k='type' v='lanelet' />
  </relation>
  <relation id='121001315' version='1'>
    <member type='way' ref='200368' role='left' />
    <member type='way' ref='200370' role='right' />
    <tag k='location' v='urban' />
    <tag k='region' v='kr' />
    <tag k='speed_limit' v='60km/h' />
    <tag k='subtype' v='road' />
    <tag k='type' v='lanelet' />
  </relation>
  <relation id='121001316' version='1'>
    <member type='way' ref='200374' role='left' />
    <member type='way' ref='200376' role='right' />
    <tag k='location' v='urban' />
    <tag k='region' v='kr' />
    <tag k='speed_limit' v='60km/h' />
    <tag k='subtype' v='road' />
    <tag k='type' v='lanelet' />
  </relation>
  <relation id='121001317' version='1'>
    <member type='way' ref='200380' role='left' />
    <member type='way' ref='200382' role='right' />
    <tag k='location' v='urban' />
    <tag k='region' v='kr' />
    <tag k='speed_limit' v='60km/h' />
    <tag k='subtype' v='road' />
    <tag k='type' v='lanelet' />
  </relation>
  <relation id='121001318' version='1'>
    <member type='way' ref='200386' role='left' />
    <member type='way' ref='200388' role='right' />
    <tag k='location' v='urban' />
    <tag k='region' v='kr' />
    <tag k='speed_limit' v='60km/h' />
    <tag k='subtype' v='road' />
    <tag k='type' v='lanelet' />
  </relation>
  <relation id='121001319' version='1'>
    <member type='way' ref='200392' role='left' />
    <member type='way' ref='200394' role='right' />
    <tag k='location' v='urban' />
    <tag k='region' v='kr' />
    <tag k='speed_limit' v='60km/h' />
    <tag k='subtype' v='road' />
    <tag k='type' v='lanelet' />
  </relation>
  <relation id='121001320' version='1'>
    <member type='way' ref='200340' role='left' />
    <member type='way' ref='200437' role='right' />
    <tag k='location' v='urban' />
    <tag k='region' v='kr' />
    <tag k='speed_limit' v='60km/h' />
    <tag k='subtype' v='road' />
    <tag k='type' v='lanelet' />
  </relation>
  <relation id='121001321' version='1'>
    <member type='way' ref='200346' role='left' />
    <member type='way' ref='200441' role='right' />
    <tag k='location' v='urban' />
    <tag k='region' v='kr' />
    <tag k='speed_limit' v='60km/h' />
    <tag k='subtype' v='road' />
    <tag k='type' v='lanelet' />
  </relation>
  <relation id='121001322' version='1'>
    <member type='way' ref='200352' role='left' />
    <member type='way' ref='200445' role='right' />
    <tag k='location' v='urban' />
    <tag k='region' v='kr' />
    <tag k='speed_limit' v='60km/h' />
    <tag k='subtype' v='road' />
    <tag k='type' v='lanelet' />
  </relation>
  <relation id='121001323' version='1'>
    <member type='way' ref='200358' role='left' />
    <member type='way' ref='200449' role='right' />
    <tag k='location' v='urban' />
    <tag k='region' v='kr' />
    <tag k='speed_limit' v='60km/h' />
    <tag k='subtype' v='road' />
    <tag k='type' v='lanelet' />
  </relation>
  <relation id='121001324' version='1'>
    <member type='way' ref='200364' role='left' />
    <member type='way' ref='200453' role='right' />
    <tag k='location' v='urban' />
    <tag k='region' v='kr' />
    <tag k='speed_limit' v='60km/h' />
    <tag k='subtype' v='road' />
    <tag k='type' v='lanelet' />
  </relation>
  <relation id='121001325' version='1'>
    <member type='way' ref='200370' role='left' />
    <member type='way' ref='200457' role='right' />
    <tag k='location' v='urban' />
    <tag k='region' v='kr' />
    <tag k='speed_limit' v='60km/h' />
    <tag k='subtype' v='road' />
    <tag k='type' v='lanelet' />
  </relation>
  <relation id='121001326' version='1'>
    <member type='way' ref='200376' role='left' />
    <member type='way' ref='200461' role='right' />
    <tag k='location' v='urban' />
    <tag k='region' v='kr' />
    <tag k='speed_limit' v='60km/h' />
    <tag k='subtype' v='road' />
    <tag k='type' v='lanelet' />
  </relation>
  <relation id='121001327' version='1'>
    <member type='way' ref='200382' role='left' />
    <member type='way' ref='200465' role='right' />
    <tag k='location' v='urban' />
    <tag k='region' v='kr' />
    <tag k='speed_limit' v='60km/h' />
    <tag k='subtype' v='road' />
    <tag k='type' v='lanelet' />
  </relation>
  <relation id='121001328' version='1'>
    <member type='way' ref='200388' role='left' />
    <member type='way' ref='200469' role='right' />
    <tag k='location' v='urban' />
    <tag k='region' v='kr' />
    <tag k='speed_limit' v='60km/h' />
    <tag k='subtype' v='road' />
    <tag k='type' v='lanelet' />
  </relation>
  <relation id='121001329' version='1'>
    <member type='way' ref='200394' role='left' />
    <member type='way' ref='200473' role='right' />
    <tag k='location' v='urban' />
    <tag k='region' v='kr' />
    <tag k='speed_limit' v='60km/h' />
    <tag k='subtype' v='road' />
    <tag k='type' v='lanelet' />
  </relation>
  <relation id='121001330' version='1'>
    <member type='way' ref='200437' role='left' />
    <member type='way' ref='200503' role='right' />
    <tag k='location' v='urban' />
    <tag k='region' v='kr' />
    <tag k='speed_limit' v='60km/h' />
    <tag k='subtype' v='road' />
    <tag k='type' v='lanelet' />
  </relation>
  <relation id='121001331' version='1'>
    <member type='way' ref='200441' role='left' />
    <member type='way' ref='200507' role='right' />
    <tag k='location' v='urban' />
    <tag k='region' v='kr' />
    <tag k='speed_limit' v='60km/h' />
    <tag k='subtype' v='road' />
    <tag k='type' v='lanelet' />
  </relation>
  <relation id='121001332' version='1'>
    <member type='way' ref='200445' role='left' />
    <member type='way' ref='200511' role='right' />
    <tag k='location' v='urban' />
    <tag k='region' v='kr' />
    <tag k='speed_limit' v='60km/h' />
    <tag k='subtype' v='road' />
    <tag k='type' v='lanelet' />
  </relation>
  <relation id='121001333' version='1'>
    <member type='way' ref='200449' role='left' />
    <member type='way' ref='200515' role='right' />
    <tag k='location' v='urban' />
    <tag k='region' v='kr' />
    <tag k='speed_limit' v='60km/h' />
    <tag k='subtype' v='road' />
    <tag k='type' v='lanelet' />
  </relation>
  <relation id='121001334' version='1'>
    <member type='way' ref='200453' role='left' />
    <member type='way' ref='200519' role='right' />
    <tag k='location' v='urban' />
    <tag k='region' v='kr' />
    <tag k='speed_limit' v='60km/h' />
    <tag k='subtype' v='road' />
    <tag k='type' v='lanelet' />
  </relation>
  <relation id='121001335' version='1'>
    <member type='way' ref='200457' role='left' />
    <member type='way' ref='200523' role='right' />
    <tag k='location' v='urban' />
    <tag k='region' v='kr' />
    <tag k='speed_limit' v='60km/h' />
    <tag k='subtype' v='road' />
    <tag k='type' v='lanelet' />
  </relation>
  <relation id='121001336' version='1'>
    <member type='way' ref='200461' role='left' />
    <member type='way' ref='200527' role='right' />
    <tag k='location' v='urban' />
    <tag k='region' v='kr' />
    <tag k='speed_limit' v='60km/h' />
    <tag k='subtype' v='road' />
    <tag k='type' v='lanelet' />
  </relation>
  <relation id='121001337' version='1'>
    <member type='way' ref='200465' role='left' />
    <member type='way' ref='200531' role='right' />
    <tag k='location' v='urban' />
    <tag k='region' v='kr' />
    <tag k='speed_limit' v='60km/h' />
    <tag k='subtype' v='road' />
    <tag k='type' v='lanelet' />
  </relation>
  <relation id='121001338' version='1'>
    <member type='way' ref='200469' role='left' />
    <member type='way' ref='200535' role='right' />
    <tag k='location' v='urban' />
    <tag k='region' v='kr' />
    <tag k='speed_limit' v='60km/h' />
    <tag k='subtype' v='road' />
    <tag k='type' v='lanelet' />
  </relation>
  <relation id='121001339' version='1'>
    <member type='way' ref='200473' role='left' />
    <member type='way' ref='200539' role='right' />
    <tag k='location' v='urban' />
    <tag k='region' v='kr' />
    <tag k='speed_limit' v='60km/h' />
    <tag k='subtype' v='road' />
    <tag k='type' v='lanelet' />
  </relation>
  <relation id='121001420' version='1'>
    <member type='way' ref='200569' role='left' />
    <member type='way' ref='200571' role='right' />
    <tag k='location' v='urban' />
    <tag k='region' v='kr' />
    <tag k='speed_limit' v='60km/h' />
    <tag k='subtype' v='road' />
    <tag k='type' v='lanelet' />
  </relation>
  <relation id='121001421' version='1'>
    <member type='way' ref='200575' role='left' />
    <member type='way' ref='200577' role='right' />
    <tag k='location' v='urban' />
    <tag k='region' v='kr' />
    <tag k='speed_limit' v='60km/h' />
    <tag k='subtype' v='road' />
    <tag k='type' v='lanelet' />
  </relation>
  <relation id='121001422' version='1'>
    <member type='way' ref='200581' role='left' />
    <member type='way' ref='200583' role='right' />
    <tag k='location' v='urban' />
    <tag k='region' v='kr' />
    <tag k='speed_limit' v='60km/h' />
    <tag k='subtype' v='road' />
    <tag k='type' v='lanelet' />
  </relation>
  <relation id='121001423' version='1'>
    <member type='way' ref='200587' role='left' />
    <member type='way' ref='200591' role='right' />
    <tag k='location' v='urban' />
    <tag k='region' v='kr' />
    <tag k='speed_limit' v='60km/h' />
    <tag k='subtype' v='road' />
    <tag k='type' v='lanelet' />
  </relation>
  <relation id='121001424' version='1'>
    <member type='way' ref='200598' role='left' />
    <member type='way' ref='200603' role='right' />
    <tag k='location' v='urban' />
    <tag k='region' v='kr' />
    <tag k='speed_limit' v='60km/h' />
    <tag k='subtype' v='road' />
    <tag k='type' v='lanelet' />
  </relation>
  <relation id='121001425' version='1'>
    <member type='way' ref='200613' role='left' />
    <member type='way' ref='200621' role='right' />
    <tag k='location' v='urban' />
    <tag k='region' v='kr' />
    <tag k='speed_limit' v='60km/h' />
    <tag k='subtype' v='road' />
    <tag k='type' v='lanelet' />
  </relation>
  <relation id='121001426' version='1'>
    <member type='way' ref='200637' role='left' />
    <member type='way' ref='200645' role='right' />
    <tag k='location' v='urban' />
    <tag k='region' v='kr' />
    <tag k='speed_limit' v='60km/h' />
    <tag k='subtype' v='road' />
    <tag k='type' v='lanelet' />
  </relation>
  <relation id='121001427' version='1'>
    <member type='way' ref='200661' role='left' />
    <member type='way' ref='200670' role='right' />
    <tag k='location' v='urban' />
    <tag k='region' v='kr' />
    <tag k='speed_limit' v='60km/h' />
    <tag k='subtype' v='road' />
    <tag k='type' v='lanelet' />
  </relation>
  <relation id='121001428' version='1'>
    <member type='way' ref='200685' role='left' />
    <member type='way' ref='200693' role='right' />
    <tag k='location' v='urban' />
    <tag k='region' v='kr' />
    <tag k='speed_limit' v='60km/h' />
    <tag k='subtype' v='road' />
    <tag k='type' v='lanelet' />
  </relation>
  <relation id='121001429' version='1'>
    <member type='way' ref='200711' role='left' />
    <member type='way' ref='200720' role='right' />
    <tag k='location' v='urban' />
    <tag k='region' v='kr' />
    <tag k='speed_limit' v='60km/h' />
    <tag k='subtype' v='road' />
    <tag k='type' v='lanelet' />
  </relation>
  <relation id='121001430' version='1'>
    <member type='way' ref='200571' role='left' />
    <member type='way' ref='200788' role='right' />
    <tag k='location' v='urban' />
    <tag k='region' v='kr' />
    <tag k='speed_limit' v='60km/h' />
    <tag k='subtype' v='road' />
    <tag k='type' v='lanelet' />
  </relation>
  <relation id='121001431' version='1'>
    <member type='way' ref='200577' role='left' />
    <member type='way' ref='200792' role='right' />
    <tag k='location' v='urban' />
    <tag k='region' v='kr' />
    <tag k='speed_limit' v='60km/h' />
    <tag k='subtype' v='road' />
    <tag k='type' v='lanelet' />
  </relation>
  <relation id='121001432' version='1'>
    <member type='way' ref='200583' role='left' />
    <member type='way' ref='200796' role='right' />
    <tag k='location' v='urban' />
    <tag k='region' v='kr' />
    <tag k='speed_limit' v='60km/h' />
    <tag k='subtype' v='road' />
    <tag k='type' v='lanelet' />
  </relation>
  <relation id='121001433' version='1'>
    <member type='way' ref='200591' role='left' />
    <member type='way' ref='200800' role='right' />
    <tag k='location' v='urban' />
    <tag k='region' v='kr' />
    <tag k='speed_limit' v='60km/h' />
    <tag k='subtype' v='road' />
    <tag k='type' v='lanelet' />
  </relation>
  <relation id='121001434' version='1'>
    <member type='way' ref='200603' role='left' />
    <member type='way' ref='200807' role='right' />
    <tag k='location' v='urban' />
    <tag k='region' v='kr' />
    <tag k='speed_limit' v='60km/h' />
    <tag k='subtype' v='road' />
    <tag k='type' v='lanelet' />
  </relation>
  <relation id='121001435' version='1'>
    <member type='way' ref='200621' role='left' />
    <member type='way' ref='200817' role='right' />
    <tag k='location' v='urban' />
    <tag k='region' v='kr' />
    <tag k='speed_limit' v='60km/h' />
    <tag k='subtype' v='road' />
    <tag k='type' v='lanelet' />
  </relation>
  <relation id='121001436' version='1'>
    <member type='way' ref='200645' role='left' />
    <member type='way' ref='200834' role='right' />
    <tag k='location' v='urban' />
    <tag k='region' v='kr' />
    <tag k='speed_limit' v='60km/h' />
    <tag k='subtype' v='road' />
    <tag k='type' v='lanelet' />
  </relation>
  <relation id='121001437' version='1'>
    <member type='way' ref='200670' role='left' />
    <member type='way' ref='200852' role='right' />
    <tag k='location' v='urban' />
    <tag k='region' v='kr' />
    <tag k='speed_limit' v='60km/h' />
    <tag k='subtype' v='road' />
    <tag k='type' v='lanelet' />
  </relation>
  <relation id='121001438' version='1'>
    <member type='way' ref='200693' role='left' />
    <member type='way' ref='200867' role='right' />
    <tag k='location' v='urban' />
    <tag k='region' v='kr' />
    <tag k='speed_limit' v='60km/h' />
    <tag k='subtype' v='road' />
    <tag k='type' v='lanelet' />
  </relation>
  <relation id='121001439' version='1'>
    <member type='way' ref='200720' role='left' />
    <member type='way' ref='200883' role='right' />
    <tag k='location' v='urban' />
    <tag k='region' v='kr' />
    <tag k='speed_limit' v='60km/h' />
    <tag k='subtype' v='road' />
    <tag k='type' v='lanelet' />
  </relation>
  <relation id='121001440' version='1'>
    <member type='way' ref='200788' role='left' />
    <member type='way' ref='200934' role='right' />
    <tag k='location' v='urban' />
    <tag k='region' v='kr' />
    <tag k='speed_limit' v='60km/h' />
    <tag k='subtype' v='road' />
    <tag k='type' v='lanelet' />
  </relation>
  <relation id='121001441' version='1'>
    <member type='way' ref='200792' role='left' />
    <member type='way' ref='200938' role='right' />
    <tag k='location' v='urban' />
    <tag k='region' v='kr' />
    <tag k='speed_limit' v='60km/h' />
    <tag k='subtype' v='road' />
    <tag k='type' v='lanelet' />
  </relation>
  <relation id='121001442' version='1'>
    <member type='way' ref='200796' role='left' />
    <member type='way' ref='200942' role='right' />
    <tag k='location' v='urban' />
    <tag k='region' v='kr' />
    <tag k='speed_limit' v='60km/h' />
    <tag k='subtype' v='road' />
    <tag k='type' v='lanelet' />
  </relation>
  <relation id='121001443' version='1'>
    <member type='way' ref='200800' role='left' />
    <member type='way' ref='200946' role='right' />
    <tag k='location' v='urban' />
    <tag k='region' v='kr' />
    <tag k='speed_limit' v='60km/h' />
    <tag k='subtype' v='road' />
    <tag k='type' v='lanelet' />
  </relation>
  <relation id='121001444' version='1'>
    <member type='way' ref='200807' role='left' />
    <member type='way' ref='200954' role='right' />
    <tag k='location' v='urban' />
    <tag k='region' v='kr' />
    <tag k='speed_limit' v='60km/h' />
    <tag k='subtype' v='road' />
    <tag k='type' v='lanelet' />
  </relation>
  <relation id='121001445' version='1'>
    <member type='way' ref='200817' role='left' />
    <member type='way' ref='200964' role='right' />
    <tag k='location' v='urban' />
    <tag k='region' v='kr' />
    <tag k='speed_limit' v='60km/h' />
    <tag k='subtype' v='road' />
    <tag k='type' v='lanelet' />
  </relation>
  <relation id='121001446' version='1'>
    <member type='way' ref='200834' role='left' />
    <member type='way' ref='200977' role='right' />
    <tag k='location' v='urban' />
    <tag k='region' v='kr' />
    <tag k='speed_limit' v='60km/h' />
    <tag k='subtype' v='road' />
    <tag k='type' v='lanelet' />
  </relation>
  <relation id='121001447' version='1'>
    <member type='way' ref='200852' role='left' />
    <member type='way' ref='200993' role='right' />
    <tag k='location' v='urban' />
    <tag k='region' v='kr' />
    <tag k='speed_limit' v='60km/h' />
    <tag k='subtype' v='road' />
    <tag k='type' v='lanelet' />
  </relation>
  <relation id='121001448' version='1'>
    <member type='way' ref='200867' role='left' />
    <member type='way' ref='201010' role='right' />
    <tag k='location' v='urban' />
    <tag k='region' v='kr' />
    <tag k='speed_limit' v='60km/h' />
    <tag k='subtype' v='road' />
    <tag k='type' v='lanelet' />
  </relation>
  <relation id='121001449' version='1'>
    <member type='way' ref='200883' role='left' />
    <member type='way' ref='201025' role='right' />
    <tag k='location' v='urban' />
    <tag k='region' v='kr' />
    <tag k='speed_limit' v='60km/h' />
    <tag k='subtype' v='road' />
    <tag k='type' v='lanelet' />
  </relation>
  <relation id='121001520' version='1'>
    <member type='way' ref='201076' role='left' />
    <member type='way' ref='201078' role='right' />
    <tag k='location' v='urban' />
    <tag k='region' v='kr' />
    <tag k='speed_limit' v='60km/h' />
    <tag k='subtype' v='road' />
    <tag k='type' v='lanelet' />
  </relation>
  <relation id='121001521' version='1'>
    <member type='way' ref='201082' role='left' />
    <member type='way' ref='201084' role='right' />
    <tag k='location' v='urban' />
    <tag k='region' v='kr' />
    <tag k='speed_limit' v='60km/h' />
    <tag k='subtype' v='road' />
    <tag k='type' v='lanelet' />
  </relation>
  <relation id='121001530' version='1'>
    <member type='way' ref='201078' role='left' />
    <member type='way' ref='201088' role='right' />
    <tag k='location' v='urban' />
    <tag k='region' v='kr' />
    <tag k='speed_limit' v='60km/h' />
    <tag k='subtype' v='road' />
    <tag k='type' v='lanelet' />
  </relation>
  <relation id='121001531' version='1'>
    <member type='way' ref='201084' role='left' />
    <member type='way' ref='201092' role='right' />
    <tag k='location' v='urban' />
    <tag k='region' v='kr' />
    <tag k='speed_limit' v='60km/h' />
    <tag k='subtype' v='road' />
    <tag k='type' v='lanelet' />
  </relation>
  <relation id='121001540' version='1'>
    <member type='way' ref='201088' role='left' />
    <member type='way' ref='201096' role='right' />
    <tag k='location' v='urban' />
    <tag k='region' v='kr' />
    <tag k='speed_limit' v='60km/h' />
    <tag k='subtype' v='road' />
    <tag k='type' v='lanelet' />
  </relation>
  <relation id='121001541' version='1'>
    <member type='way' ref='201092' role='left' />
    <member type='way' ref='201100' role='right' />
    <tag k='location' v='urban' />
    <tag k='region' v='kr' />
    <tag k='speed_limit' v='60km/h' />
    <tag k='subtype' v='road' />
    <tag k='type' v='lanelet' />
  </relation>
  <relation id='121001550' version='1'>
    <member type='way' ref='201096' role='left' />
    <member type='way' ref='201104' role='right' />
    <tag k='location' v='urban' />
    <tag k='region' v='kr' />
    <tag k='speed_limit' v='60km/h' />
    <tag k='subtype' v='road' />
    <tag k='type' v='lanelet' />
  </relation>
  <relation id='121001551' version='1'>
    <member type='way' ref='201100' role='left' />
    <member type='way' ref='201108' role='right' />
    <tag k='location' v='urban' />
    <tag k='region' v='kr' />
    <tag k='speed_limit' v='60km/h' />
    <tag k='subtype' v='road' />
    <tag k='type' v='lanelet' />
  </relation>
  <relation id='121001560' version='1'>
    <member type='way' ref='201112' role='left' />
    <member type='way' ref='201114' role='right' />
    <tag k='location' v='urban' />
    <tag k='region' v='kr' />
    <tag k='speed_limit' v='60km/h' />
    <tag k='subtype' v='road' />
    <tag k='type' v='lanelet' />
  </relation>
  <relation id='121001561' version='1'>
    <member type='way' ref='201118' role='left' />
    <member type='way' ref='201120' role='right' />
    <tag k='location' v='urban' />
    <tag k='region' v='kr' />
    <tag k='speed_limit' v='60km/h' />
    <tag k='subtype' v='road' />
    <tag k='type' v='lanelet' />
  </relation>
  <relation id='121001562' version='1'>
    <member type='way' ref='201124' role='left' />
    <member type='way' ref='201126' role='right' />
    <tag k='location' v='urban' />
    <tag k='region' v='kr' />
    <tag k='speed_limit' v='60km/h' />
    <tag k='subtype' v='road' />
    <tag k='type' v='lanelet' />
  </relation>
  <relation id='121001563' version='1'>
    <member type='way' ref='201130' role='left' />
    <member type='way' ref='201132' role='right' />
    <tag k='location' v='urban' />
    <tag k='region' v='kr' />
    <tag k='speed_limit' v='60km/h' />
    <tag k='subtype' v='road' />
    <tag k='type' v='lanelet' />
  </relation>
  <relation id='121001564' version='1'>
    <member type='way' ref='201136' role='left' />
    <member type='way' ref='201138' role='right' />
    <tag k='location' v='urban' />
    <tag k='region' v='kr' />
    <tag k='speed_limit' v='60km/h' />
    <tag k='subtype' v='road' />
    <tag k='type' v='lanelet' />
  </relation>
  <relation id='121001565' version='1'>
    <member type='way' ref='201142' role='left' />
    <member type='way' ref='201144' role='right' />
    <tag k='location' v='urban' />
    <tag k='region' v='kr' />
    <tag k='speed_limit' v='60km/h' />
    <tag k='subtype' v='road' />
    <tag k='type' v='lanelet' />
  </relation>
  <relation id='121001566' version='1'>
    <member type='way' ref='201148' role='left' />
    <member type='way' ref='201150' role='right' />
    <tag k='location' v='urban' />
    <tag k='region' v='kr' />
    <tag k='speed_limit' v='60km/h' />
    <tag k='subtype' v='road' />
    <tag k='type' v='lanelet' />
  </relation>
  <relation id='121001567' version='1'>
    <member type='way' ref='201154' role='left' />
    <member type='way' ref='201156' role='right' />
    <tag k='location' v='urban' />
    <tag k='region' v='kr' />
    <tag k='speed_limit' v='60km/h' />
    <tag k='subtype' v='road' />
    <tag k='type' v='lanelet' />
  </relation>
  <relation id='121001570' version='1'>
    <member type='way' ref='201114' role='left' />
    <member type='way' ref='201160' role='right' />
    <tag k='location' v='urban' />
    <tag k='region' v='kr' />
    <tag k='speed_limit' v='60km/h' />
    <tag k='subtype' v='road' />
    <tag k='type' v='lanelet' />
  </relation>
  <relation id='121001571' version='1'>
    <member type='way' ref='201120' role='left' />
    <member type='way' ref='201164' role='right' />
    <tag k='location' v='urban' />
    <tag k='region' v='kr' />
    <tag k='speed_limit' v='60km/h' />
    <tag k='subtype' v='road' />
    <tag k='type' v='lanelet' />
  </relation>
  <relation id='121001572' version='1'>
    <member type='way' ref='201126' role='left' />
    <member type='way' ref='201168' role='right' />
    <tag k='location' v='urban' />
    <tag k='region' v='kr' />
    <tag k='speed_limit' v='60km/h' />
    <tag k='subtype' v='road' />
    <tag k='type' v='lanelet' />
  </relation>
  <relation id='121001573' version='1'>
    <member type='way' ref='201132' role='left' />
    <member type='way' ref='201172' role='right' />
    <tag k='location' v='urban' />
    <tag k='region' v='kr' />
    <tag k='speed_limit' v='60km/h' />
    <tag k='subtype' v='road' />
    <tag k='type' v='lanelet' />
  </relation>
  <relation id='121001574' version='1'>
    <member type='way' ref='201138' role='left' />
    <member type='way' ref='201176' role='right' />
    <tag k='location' v='urban' />
    <tag k='region' v='kr' />
    <tag k='speed_limit' v='60km/h' />
    <tag k='subtype' v='road' />
    <tag k='type' v='lanelet' />
  </relation>
  <relation id='121001575' version='1'>
    <member type='way' ref='201144' role='left' />
    <member type='way' ref='201180' role='right' />
    <tag k='location' v='urban' />
    <tag k='region' v='kr' />
    <tag k='speed_limit' v='60km/h' />
    <tag k='subtype' v='road' />
    <tag k='type' v='lanelet' />
  </relation>
  <relation id='121001576' version='1'>
    <member type='way' ref='201150' role='left' />
    <member type='way' ref='201184' role='right' />
    <tag k='location' v='urban' />
    <tag k='region' v='kr' />
    <tag k='speed_limit' v='60km/h' />
    <tag k='subtype' v='road' />
    <tag k='type' v='lanelet' />
  </relation>
  <relation id='121001577' version='1'>
    <member type='way' ref='201156' role='left' />
    <member type='way' ref='201188' role='right' />
    <tag k='location' v='urban' />
    <tag k='region' v='kr' />
    <tag k='speed_limit' v='60km/h' />
    <tag k='subtype' v='road' />
    <tag k='type' v='lanelet' />
  </relation>
  <relation id='121001580' version='1'>
    <member type='way' ref='201160' role='left' />
    <member type='way' ref='201192' role='right' />
    <tag k='location' v='urban' />
    <tag k='region' v='kr' />
    <tag k='speed_limit' v='60km/h' />
    <tag k='subtype' v='road' />
    <tag k='type' v='lanelet' />
  </relation>
  <relation id='121001581' version='1'>
    <member type='way' ref='201164' role='left' />
    <member type='way' ref='201196' role='right' />
    <tag k='location' v='urban' />
    <tag k='region' v='kr' />
    <tag k='speed_limit' v='60km/h' />
    <tag k='subtype' v='road' />
    <tag k='type' v='lanelet' />
  </relation>
  <relation id='121001582' version='1'>
    <member type='way' ref='201168' role='left' />
    <member type='way' ref='201200' role='right' />
    <tag k='location' v='urban' />
    <tag k='region' v='kr' />
    <tag k='speed_limit' v='60km/h' />
    <tag k='subtype' v='road' />
    <tag k='type' v='lanelet' />
  </relation>
  <relation id='121001583' version='1'>
    <member type='way' ref='201172' role='left' />
    <member type='way' ref='201204' role='right' />
    <tag k='location' v='urban' />
    <tag k='region' v='kr' />
    <tag k='speed_limit' v='60km/h' />
    <tag k='subtype' v='road' />
    <tag k='type' v='lanelet' />
  </relation>
  <relation id='121001584' version='1'>
    <member type='way' ref='201176' role='left' />
    <member type='way' ref='201208' role='right' />
    <tag k='location' v='urban' />
    <tag k='region' v='kr' />
    <tag k='speed_limit' v='60km/h' />
    <tag k='subtype' v='road' />
    <tag k='type' v='lanelet' />
  </relation>
  <relation id='121001585' version='1'>
    <member type='way' ref='201180' role='left' />
    <member type='way' ref='201212' role='right' />
    <tag k='location' v='urban' />
    <tag k='region' v='kr' />
    <tag k='speed_limit' v='60km/h' />
    <tag k='subtype' v='road' />
    <tag k='type' v='lanelet' />
  </relation>
  <relation id='121001586' version='1'>
    <member type='way' ref='201184' role='left' />
    <member type='way' ref='201216' role='right' />
    <tag k='location' v='urban' />
    <tag k='region' v='kr' />
    <tag k='speed_limit' v='60km/h' />
    <tag k='subtype' v='road' />
    <tag k='type' v='lanelet' />
  </relation>
  <relation id='121001587' version='1'>
    <member type='way' ref='201188' role='left' />
    <member type='way' ref='201220' role='right' />
    <tag k='location' v='urban' />
    <tag k='region' v='kr' />
    <tag k='speed_limit' v='60km/h' />
    <tag k='subtype' v='road' />
    <tag k='type' v='lanelet' />
  </relation>
  <relation id='121001590' version='1'>
    <member type='way' ref='201192' role='left' />
    <member type='way' ref='201224' role='right' />
    <tag k='location' v='urban' />
    <tag k='region' v='kr' />
    <tag k='speed_limit' v='60km/h' />
    <tag k='subtype' v='road' />
    <tag k='type' v='lanelet' />
  </relation>
  <relation id='121001591' version='1'>
    <member type='way' ref='201196' role='left' />
    <member type='way' ref='201228' role='right' />
    <tag k='location' v='urban' />
    <tag k='region' v='kr' />
    <tag k='speed_limit' v='60km/h' />
    <tag k='subtype' v='road' />
    <tag k='type' v='lanelet' />
  </relation>
  <relation id='121001592' version='1'>
    <member type='way' ref='201200' role='left' />
    <member type='way' ref='201232' role='right' />
    <tag k='location' v='urban' />
    <tag k='region' v='kr' />
    <tag k='speed_limit' v='60km/h' />
    <tag k='subtype' v='road' />
    <tag k='type' v='lanelet' />
  </relation>
  <relation id='121001593' version='1'>
    <member type='way' ref='201204' role='left' />
    <member type='way' ref='201236' role='right' />
    <tag k='location' v='urban' />
    <tag k='region' v='kr' />
    <tag k='speed_limit' v='60km/h' />
    <tag k='subtype' v='road' />
    <tag k='type' v='lanelet' />
  </relation>
  <relation id='121001594' version='1'>
    <member type='way' ref='201208' role='left' />
    <member type='way' ref='201240' role='right' />
    <tag k='location' v='urban' />
    <tag k='region' v='kr' />
    <tag k='speed_limit' v='60km/h' />
    <tag k='subtype' v='road' />
    <tag k='type' v='lanelet' />
  </relation>
  <relation id='121001595' version='1'>
    <member type='way' ref='201212' role='left' />
    <member type='way' ref='201244' role='right' />
    <tag k='location' v='urban' />
    <tag k='region' v='kr' />
    <tag k='speed_limit' v='60km/h' />
    <tag k='subtype' v='road' />
    <tag k='type' v='lanelet' />
  </relation>
  <relation id='121001596' version='1'>
    <member type='way' ref='201216' role='left' />
    <member type='way' ref='201248' role='right' />
    <tag k='location' v='urban' />
    <tag k='region' v='kr' />
    <tag k='speed_limit' v='60km/h' />
    <tag k='subtype' v='road' />
    <tag k='type' v='lanelet' />
  </relation>
  <relation id='121001597' version='1'>
    <member type='way' ref='201220' role='left' />
    <member type='way' ref='201252' role='right' />
    <tag k='location' v='urban' />
    <tag k='region' v='kr' />
    <tag k='speed_limit' v='60km/h' />
    <tag k='subtype' v='road' />
    <tag k='type' v='lanelet' />
  </relation>
  <relation id='121001600' version='1'>
    <member type='way' ref='201503' role='left' />
    <member type='way' ref='201505' role='right' />
    <tag k='location' v='urban' />
    <tag k='region' v='kr' />
    <tag k='speed_limit' v='60km/h' />
    <tag k='subtype' v='road' />
    <tag k='type' v='lanelet' />
  </relation>
  <relation id='121001601' version='1'>
    <member type='way' ref='201509' role='left' />
    <member type='way' ref='201510' role='right' />
    <tag k='location' v='urban' />
    <tag k='region' v='kr' />
    <tag k='speed_limit' v='60km/h' />
    <tag k='subtype' v='road' />
    <tag k='type' v='lanelet' />
  </relation>
  <relation id='121001610' version='1'>
    <member type='way' ref='201505' role='left' />
    <member type='way' ref='201512' role='right' />
    <tag k='location' v='urban' />
    <tag k='region' v='kr' />
    <tag k='speed_limit' v='60km/h' />
    <tag k='subtype' v='road' />
    <tag k='type' v='lanelet' />
  </relation>
  <relation id='121001611' version='1'>
    <member type='way' ref='201510' role='left' />
    <member type='way' ref='201516' role='right' />
    <tag k='location' v='urban' />
    <tag k='region' v='kr' />
    <tag k='speed_limit' v='60km/h' />
    <tag k='subtype' v='road' />
    <tag k='type' v='lanelet' />
  </relation>
  <relation id='121001620' version='1'>
    <member type='way' ref='201512' role='left' />
    <member type='way' ref='201518' role='right' />
    <tag k='location' v='urban' />
    <tag k='region' v='kr' />
    <tag k='speed_limit' v='60km/h' />
    <tag k='subtype' v='road' />
    <tag k='type' v='lanelet' />
  </relation>
  <relation id='121001621' version='1'>
    <member type='way' ref='201516' role='left' />
    <member type='way' ref='201522' role='right' />
    <tag k='location' v='urban' />
    <tag k='region' v='kr' />
    <tag k='speed_limit' v='60km/h' />
    <tag k='subtype' v='road' />
    <tag k='type' v='lanelet' />
  </relation>
  <relation id='121001630' version='1'>
    <member type='way' ref='201518' role='left' />
    <member type='way' ref='201524' role='right' />
    <tag k='location' v='urban' />
    <tag k='region' v='kr' />
    <tag k='speed_limit' v='60km/h' />
    <tag k='subtype' v='road' />
    <tag k='type' v='lanelet' />
  </relation>
  <relation id='121001631' version='1'>
    <member type='way' ref='201522' role='left' />
    <member type='way' ref='201528' role='right' />
    <tag k='location' v='urban' />
    <tag k='region' v='kr' />
    <tag k='speed_limit' v='60km/h' />
    <tag k='subtype' v='road' />
    <tag k='type' v='lanelet' />
  </relation>
  <relation id='121001640' version='1'>
    <member type='way' ref='201467' role='left' />
    <member type='way' ref='201472' role='right' />
    <tag k='location' v='urban' />
    <tag k='region' v='kr' />
    <tag k='speed_limit' v='60km/h' />
    <tag k='subtype' v='road' />
    <tag k='type' v='lanelet' />
  </relation>
  <relation id='121001641' version='1'>
    <member type='way' ref='201481' role='left' />
    <member type='way' ref='201483' role='right' />
    <tag k='location' v='urban' />
    <tag k='region' v='kr' />
    <tag k='speed_limit' v='60km/h' />
    <tag k='subtype' v='road' />
    <tag k='type' v='lanelet' />
  </relation>
  <relation id='121001760' version='1'>
    <member type='way' ref='201256' role='left' />
    <member type='way' ref='201264' role='right' />
    <tag k='location' v='urban' />
    <tag k='region' v='kr' />
    <tag k='speed_limit' v='60km/h' />
    <tag k='subtype' v='road' />
    <tag k='type' v='lanelet' />
  </relation>
  <relation id='121001761' version='1'>
    <member type='way' ref='201281' role='left' />
    <member type='way' ref='201284' role='right' />
    <tag k='location' v='urban' />
    <tag k='region' v='kr' />
    <tag k='speed_limit' v='60km/h' />
    <tag k='subtype' v='road' />
    <tag k='type' v='lanelet' />
  </relation>
  <relation id='121001770' version='1'>
    <member type='way' ref='201264' role='left' />
    <member type='way' ref='201290' role='right' />
    <tag k='location' v='urban' />
    <tag k='region' v='kr' />
    <tag k='speed_limit' v='60km/h' />
    <tag k='subtype' v='road' />
    <tag k='type' v='lanelet' />
  </relation>
  <relation id='121001771' version='1'>
    <member type='way' ref='201284' role='left' />
    <member type='way' ref='201308' role='right' />
    <tag k='location' v='urban' />
    <tag k='region' v='kr' />
    <tag k='speed_limit' v='60km/h' />
    <tag k='subtype' v='road' />
    <tag k='type' v='lanelet' />
  </relation>
  <relation id='121001780' version='1'>
    <member type='way' ref='201290' role='left' />
    <member type='way' ref='201314' role='right' />
    <tag k='location' v='urban' />
    <tag k='region' v='kr' />
    <tag k='speed_limit' v='60km/h' />
    <tag k='subtype' v='road' />
    <tag k='type' v='lanelet' />
  </relation>
  <relation id='121001781' version='1'>
    <member type='way' ref='201308' role='left' />
    <member type='way' ref='201331' role='right' />
    <tag k='location' v='urban' />
    <tag k='region' v='kr' />
    <tag k='speed_limit' v='60km/h' />
    <tag k='subtype' v='road' />
    <tag k='type' v='lanelet' />
  </relation>
  <relation id='121001920' version='1'>
    <member type='way' ref='199836' role='left' />
    <member type='way' ref='199841' role='right' />
    <tag k='location' v='urban' />
    <tag k='region' v='kr' />
    <tag k='speed_limit' v='60km/h' />
    <tag k='subtype' v='road' />
    <tag k='type' v='lanelet' />
  </relation>
  <relation id='121001921' version='1'>
    <member type='way' ref='199851' role='left' />
    <member type='way' ref='199856' role='right' />
    <tag k='location' v='urban' />
    <tag k='region' v='kr' />
    <tag k='speed_limit' v='60km/h' />
    <tag k='subtype' v='road' />
    <tag k='type' v='lanelet' />
  </relation>
  <relation id='121001930' version='1'>
    <member type='way' ref='199841' role='left' />
    <member type='way' ref='199867' role='right' />
    <tag k='location' v='urban' />
    <tag k='region' v='kr' />
    <tag k='speed_limit' v='60km/h' />
    <tag k='subtype' v='road' />
    <tag k='type' v='lanelet' />
  </relation>
  <relation id='121001931' version='1'>
    <member type='way' ref='199856' role='left' />
    <member type='way' ref='199877' role='right' />
    <tag k='location' v='urban' />
    <tag k='region' v='kr' />
    <tag k='speed_limit' v='60km/h' />
    <tag k='subtype' v='road' />
    <tag k='type' v='lanelet' />
  </relation>
  <relation id='121001940' version='1'>
    <member type='way' ref='199867' role='left' />
    <member type='way' ref='199885' role='right' />
    <tag k='location' v='urban' />
    <tag k='region' v='kr' />
    <tag k='speed_limit' v='60km/h' />
    <tag k='subtype' v='road' />
    <tag k='type' v='lanelet' />
  </relation>
  <relation id='121001941' version='1'>
    <member type='way' ref='199877' role='left' />
    <member type='way' ref='199895' role='right' />
    <tag k='location' v='urban' />
    <tag k='region' v='kr' />
    <tag k='speed_limit' v='60km/h' />
    <tag k='subtype' v='road' />
    <tag k='type' v='lanelet' />
  </relation>
  <relation id='121001950' version='1'>
    <member type='way' ref='199885' role='left' />
    <member type='way' ref='199905' role='right' />
    <tag k='location' v='urban' />
    <tag k='region' v='kr' />
    <tag k='speed_limit' v='60km/h' />
    <tag k='subtype' v='road' />
    <tag k='type' v='lanelet' />
  </relation>
  <relation id='121001951' version='1'>
    <member type='way' ref='199895' role='left' />
    <member type='way' ref='199915' role='right' />
    <tag k='location' v='urban' />
    <tag k='region' v='kr' />
    <tag k='speed_limit' v='60km/h' />
    <tag k='subtype' v='road' />
    <tag k='type' v='lanelet' />
  </relation>
  <relation id='124000150' version='1'>
    <member type='way' ref='199260' role='left' />
    <member type='way' ref='199262' role='right' />
    <tag k='location' v='urban' />
    <tag k='region' v='kr' />
    <tag k='speed_limit' v='60km/h' />
    <tag k='subtype' v='road' />
    <tag k='type' v='lanelet' />
  </relation>
  <relation id='124000151' version='1'>
    <member type='way' ref='199266' role='left' />
    <member type='way' ref='199268' role='right' />
    <tag k='location' v='urban' />
    <tag k='region' v='kr' />
    <tag k='speed_limit' v='60km/h' />
    <tag k='subtype' v='road' />
    <tag k='type' v='lanelet' />
  </relation>
  <relation id='124000152' version='1'>
    <member type='way' ref='199272' role='left' />
    <member type='way' ref='199274' role='right' />
    <tag k='location' v='urban' />
    <tag k='region' v='kr' />
    <tag k='speed_limit' v='60km/h' />
    <tag k='subtype' v='road' />
    <tag k='type' v='lanelet' />
  </relation>
  <relation id='124000153' version='1'>
    <member type='way' ref='199278' role='left' />
    <member type='way' ref='199281' role='right' />
    <tag k='location' v='urban' />
    <tag k='region' v='kr' />
    <tag k='speed_limit' v='60km/h' />
    <tag k='subtype' v='road' />
    <tag k='type' v='lanelet' />
  </relation>
  <relation id='124000154' version='1'>
    <member type='way' ref='199285' role='left' />
    <member type='way' ref='199287' role='right' />
    <tag k='location' v='urban' />
    <tag k='region' v='kr' />
    <tag k='speed_limit' v='60km/h' />
    <tag k='subtype' v='road' />
    <tag k='type' v='lanelet' />
  </relation>
  <relation id='124000155' version='1'>
    <member type='way' ref='199291' role='left' />
    <member type='way' ref='199293' role='right' />
    <tag k='location' v='urban' />
    <tag k='region' v='kr' />
    <tag k='speed_limit' v='60km/h' />
    <tag k='subtype' v='road' />
    <tag k='type' v='lanelet' />
  </relation>
  <relation id='124000156' version='1'>
    <member type='way' ref='199297' role='left' />
    <member type='way' ref='199298' role='right' />
    <tag k='location' v='urban' />
    <tag k='region' v='kr' />
    <tag k='speed_limit' v='60km/h' />
    <tag k='subtype' v='road' />
    <tag k='type' v='lanelet' />
  </relation>
  <relation id='124000170' version='1'>
    <member type='way' ref='199216' role='left' />
    <member type='way' ref='199218' role='right' />
    <tag k='location' v='urban' />
    <tag k='region' v='kr' />
    <tag k='speed_limit' v='60km/h' />
    <tag k='subtype' v='road' />
    <tag k='type' v='lanelet' />
  </relation>
  <relation id='124000171' version='1'>
    <member type='way' ref='199222' role='left' />
    <member type='way' ref='199224' role='right' />
    <tag k='location' v='urban' />
    <tag k='region' v='kr' />
    <tag k='speed_limit' v='60km/h' />
    <tag k='subtype' v='road' />
    <tag k='type' v='lanelet' />
  </relation>
  <relation id='124000172' version='1'>
    <member type='way' ref='199230' role='left' />
    <member type='way' ref='199232' role='right' />
    <tag k='location' v='urban' />
    <tag k='region' v='kr' />
    <tag k='speed_limit' v='60km/h' />
    <tag k='subtype' v='road' />
    <tag k='type' v='lanelet' />
  </relation>
  <relation id='124000173' version='1'>
    <member type='way' ref='199236' role='left' />
    <member type='way' ref='199238' role='right' />
    <tag k='location' v='urban' />
    <tag k='region' v='kr' />
    <tag k='speed_limit' v='60km/h' />
    <tag k='subtype' v='road' />
    <tag k='type' v='lanelet' />
  </relation>
  <relation id='124000174' version='1'>
    <member type='way' ref='199242' role='left' />
    <member type='way' ref='199244' role='right' />
    <tag k='location' v='urban' />
    <tag k='region' v='kr' />
    <tag k='speed_limit' v='60km/h' />
    <tag k='subtype' v='road' />
    <tag k='type' v='lanelet' />
  </relation>
  <relation id='124000175' version='1'>
    <member type='way' ref='199251' role='left' />
    <member type='way' ref='199253' role='right' />
    <tag k='location' v='urban' />
    <tag k='region' v='kr' />
    <tag k='speed_limit' v='60km/h' />
    <tag k='subtype' v='road' />
    <tag k='type' v='lanelet' />
  </relation>
  <relation id='124000176' version='1'>
    <member type='way' ref='199257' role='left' />
    <member type='way' ref='199258' role='right' />
    <tag k='location' v='urban' />
    <tag k='region' v='kr' />
    <tag k='speed_limit' v='60km/h' />
    <tag k='subtype' v='road' />
    <tag k='type' v='lanelet' />
  </relation>
  <relation id='124000201' version='1'>
    <member type='way' ref='199547' role='left' />
    <member type='way' ref='199550' role='right' />
    <tag k='location' v='urban' />
    <tag k='region' v='kr' />
    <tag k='speed_limit' v='60km/h' />
    <tag k='subtype' v='road' />
    <tag k='type' v='lanelet' />
  </relation>
  <relation id='124000202' version='1'>
    <member type='way' ref='199556' role='left' />
    <member type='way' ref='199558' role='right' />
    <tag k='location' v='urban' />
    <tag k='region' v='kr' />
    <tag k='speed_limit' v='60km/h' />
    <tag k='subtype' v='road' />
    <tag k='type' v='lanelet' />
  </relation>
  <relation id='124000203' version='1'>
    <member type='way' ref='199562' role='left' />
    <member type='way' ref='199564' role='right' />
    <tag k='location' v='urban' />
    <tag k='region' v='kr' />
    <tag k='speed_limit' v='60km/h' />
    <tag k='subtype' v='road' />
    <tag k='type' v='lanelet' />
  </relation>
  <relation id='124000204' version='1'>
    <member type='way' ref='199568' role='left' />
    <member type='way' ref='199570' role='right' />
    <tag k='location' v='urban' />
    <tag k='region' v='kr' />
    <tag k='speed_limit' v='60km/h' />
    <tag k='subtype' v='road' />
    <tag k='type' v='lanelet' />
  </relation>
  <relation id='124000205' version='1'>
    <member type='way' ref='199574' role='left' />
    <member type='way' ref='199576' role='right' />
    <tag k='location' v='urban' />
    <tag k='region' v='kr' />
    <tag k='speed_limit' v='60km/h' />
    <tag k='subtype' v='road' />
    <tag k='type' v='lanelet' />
  </relation>
  <relation id='124000206' version='1'>
    <member type='way' ref='199580' role='left' />
    <member type='way' ref='199582' role='right' />
    <tag k='location' v='urban' />
    <tag k='region' v='kr' />
    <tag k='speed_limit' v='60km/h' />
    <tag k='subtype' v='road' />
    <tag k='type' v='lanelet' />
  </relation>
  <relation id='124000207' version='1'>
    <member type='way' ref='199586' role='left' />
    <member type='way' ref='199588' role='right' />
    <tag k='location' v='urban' />
    <tag k='region' v='kr' />
    <tag k='speed_limit' v='60km/h' />
    <tag k='subtype' v='road' />
    <tag k='type' v='lanelet' />
  </relation>
  <relation id='124000208' version='1'>
    <member type='way' ref='199592' role='left' />
    <member type='way' ref='199594' role='right' />
    <tag k='location' v='urban' />
    <tag k='region' v='kr' />
    <tag k='speed_limit' v='60km/h' />
    <tag k='subtype' v='road' />
    <tag k='type' v='lanelet' />
  </relation>
  <relation id='124000209' version='1'>
    <member type='way' ref='199598' role='left' />
    <member type='way' ref='199600' role='right' />
    <tag k='location' v='urban' />
    <tag k='region' v='kr' />
    <tag k='speed_limit' v='60km/h' />
    <tag k='subtype' v='road' />
    <tag k='type' v='lanelet' />
  </relation>
  <relation id='124000210' version='1'>
    <member type='way' ref='199677' role='left' />
    <member type='way' ref='199687' role='right' />
    <tag k='location' v='urban' />
    <tag k='region' v='kr' />
    <tag k='speed_limit' v='60km/h' />
    <tag k='subtype' v='road' />
    <tag k='type' v='lanelet' />
  </relation>
  <relation id='124000211' version='1'>
    <member type='way' ref='199702' role='left' />
    <member type='way' ref='199708' role='right' />
    <tag k='location' v='urban' />
    <tag k='region' v='kr' />
    <tag k='speed_limit' v='60km/h' />
    <tag k='subtype' v='road' />
    <tag k='type' v='lanelet' />
  </relation>
  <relation id='124000212' version='1'>
    <member type='way' ref='199720' role='left' />
    <member type='way' ref='199722' role='right' />
    <tag k='location' v='urban' />
    <tag k='region' v='kr' />
    <tag k='speed_limit' v='60km/h' />
    <tag k='subtype' v='road' />
    <tag k='type' v='lanelet' />
  </relation>
  <relation id='124000213' version='1'>
    <member type='way' ref='199726' role='left' />
    <member type='way' ref='199728' role='right' />
    <tag k='location' v='urban' />
    <tag k='region' v='kr' />
    <tag k='speed_limit' v='60km/h' />
    <tag k='subtype' v='road' />
    <tag k='type' v='lanelet' />
  </relation>
  <relation id='124000214' version='1'>
    <member type='way' ref='199732' role='left' />
    <member type='way' ref='199740' role='right' />
    <tag k='location' v='urban' />
    <tag k='region' v='kr' />
    <tag k='speed_limit' v='60km/h' />
    <tag k='subtype' v='road' />
    <tag k='type' v='lanelet' />
  </relation>
  <relation id='124000215' version='1'>
    <member type='way' ref='199756' role='left' />
    <member type='way' ref='199758' role='right' />
    <tag k='location' v='urban' />
    <tag k='region' v='kr' />
    <tag k='speed_limit' v='60km/h' />
    <tag k='subtype' v='road' />
    <tag k='type' v='lanelet' />
  </relation>
  <relation id='124000216' version='1'>
    <member type='way' ref='199762' role='left' />
    <member type='way' ref='199764' role='right' />
    <tag k='location' v='urban' />
    <tag k='region' v='kr' />
    <tag k='speed_limit' v='60km/h' />
    <tag k='subtype' v='road' />
    <tag k='type' v='lanelet' />
  </relation>
  <relation id='124000217' version='1'>
    <member type='way' ref='199768' role='left' />
    <member type='way' ref='199770' role='right' />
    <tag k='location' v='urban' />
    <tag k='region' v='kr' />
    <tag k='speed_limit' v='60km/h' />
    <tag k='subtype' v='road' />
    <tag k='type' v='lanelet' />
  </relation>
  <relation id='124000218' version='1'>
    <member type='way' ref='199774' role='left' />
    <member type='way' ref='199776' role='right' />
    <tag k='location' v='urban' />
    <tag k='region' v='kr' />
    <tag k='speed_limit' v='60km/h' />
    <tag k='subtype' v='road' />
    <tag k='type' v='lanelet' />
  </relation>
  <relation id='124000219' version='1'>
    <member type='way' ref='199780' role='left' />
    <member type='way' ref='199782' role='right' />
    <tag k='location' v='urban' />
    <tag k='region' v='kr' />
    <tag k='speed_limit' v='60km/h' />
    <tag k='subtype' v='road' />
    <tag k='type' v='lanelet' />
  </relation>
  <relation id='124000340' version='1'>
    <member type='way' ref='199077' role='left' />
    <member type='way' ref='199084' role='right' />
    <tag k='location' v='urban' />
    <tag k='region' v='kr' />
    <tag k='speed_limit' v='60km/h' />
    <tag k='subtype' v='road' />
    <tag k='type' v='lanelet' />
  </relation>
  <relation id='124000341' version='1'>
    <member type='way' ref='199096' role='left' />
    <member type='way' ref='199100' role='right' />
    <tag k='location' v='urban' />
    <tag k='region' v='kr' />
    <tag k='speed_limit' v='60km/h' />
    <tag k='subtype' v='road' />
    <tag k='type' v='lanelet' />
  </relation>
  <relation id='124000342' version='1'>
    <member type='way' ref='199108' role='left' />
    <member type='way' ref='199110' role='right' />
    <tag k='location' v='urban' />
    <tag k='region' v='kr' />
    <tag k='speed_limit' v='60km/h' />
    <tag k='subtype' v='road' />
    <tag k='type' v='lanelet' />
  </relation>
  <relation id='124000343' version='1'>
    <member type='way' ref='199114' role='left' />
    <member type='way' ref='199117' role='right' />
    <tag k='location' v='urban' />
    <tag k='region' v='kr' />
    <tag k='speed_limit' v='60km/h' />
    <tag k='subtype' v='road' />
    <tag k='type' v='lanelet' />
  </relation>
  <relation id='124000344' version='1'>
    <member type='way' ref='199123' role='left' />
    <member type='way' ref='199127' role='right' />
    <tag k='location' v='urban' />
    <tag k='region' v='kr' />
    <tag k='speed_limit' v='60km/h' />
    <tag k='subtype' v='road' />
    <tag k='type' v='lanelet' />
  </relation>
  <relation id='124000345' version='1'>
    <member type='way' ref='199135' role='left' />
    <member type='way' ref='199137' role='right' />
    <tag k='location' v='urban' />
    <tag k='region' v='kr' />
    <tag k='speed_limit' v='60km/h' />
    <tag k='subtype' v='road' />
    <tag k='type' v='lanelet' />
  </relation>
  <relation id='124000346' version='1'>
    <member type='way' ref='199141' role='left' />
    <member type='way' ref='199143' role='right' />
    <tag k='location' v='urban' />
    <tag k='region' v='kr' />
    <tag k='speed_limit' v='60km/h' />
    <tag k='subtype' v='road' />
    <tag k='type' v='lanelet' />
  </relation>
  <relation id='124000347' version='1'>
    <member type='way' ref='199147' role='left' />
    <member type='way' ref='199149' role='right' />
    <tag k='location' v='urban' />
    <tag k='region' v='kr' />
    <tag k='speed_limit' v='60km/h' />
    <tag k='subtype' v='road' />
    <tag k='type' v='lanelet' />
  </relation>
  <relation id='124000348' version='1'>
    <member type='way' ref='199153' role='left' />
    <member type='way' ref='199155' role='right' />
    <tag k='location' v='urban' />
    <tag k='region' v='kr' />
    <tag k='speed_limit' v='60km/h' />
    <tag k='subtype' v='road' />
    <tag k='type' v='lanelet' />
  </relation>
  <relation id='124000350' version='1'>
    <member type='way' ref='199300' role='left' />
    <member type='way' ref='199302' role='right' />
    <tag k='location' v='urban' />
    <tag k='region' v='kr' />
    <tag k='speed_limit' v='60km/h' />
    <tag k='subtype' v='road' />
    <tag k='type' v='lanelet' />
  </relation>
  <relation id='124000351' version='1'>
    <member type='way' ref='199306' role='left' />
    <member type='way' ref='199308' role='right' />
    <tag k='location' v='urban' />
    <tag k='region' v='kr' />
    <tag k='speed_limit' v='60km/h' />
    <tag k='subtype' v='road' />
    <tag k='type' v='lanelet' />
  </relation>
  <relation id='124000352' version='1'>
    <member type='way' ref='199312' role='left' />
    <member type='way' ref='199314' role='right' />
    <tag k='location' v='urban' />
    <tag k='region' v='kr' />
    <tag k='speed_limit' v='60km/h' />
    <tag k='subtype' v='road' />
    <tag k='type' v='lanelet' />
  </relation>
  <relation id='124000353' version='1'>
    <member type='way' ref='199318' role='left' />
    <member type='way' ref='199320' role='right' />
    <tag k='location' v='urban' />
    <tag k='region' v='kr' />
    <tag k='speed_limit' v='60km/h' />
    <tag k='subtype' v='road' />
    <tag k='type' v='lanelet' />
  </relation>
  <relation id='124000354' version='1'>
    <member type='way' ref='199324' role='left' />
    <member type='way' ref='199326' role='right' />
    <tag k='location' v='urban' />
    <tag k='region' v='kr' />
    <tag k='speed_limit' v='60km/h' />
    <tag k='subtype' v='road' />
    <tag k='type' v='lanelet' />
  </relation>
  <relation id='124000361' version='1'>
    <member type='way' ref='199195' role='left' />
    <member type='way' ref='199202' role='right' />
    <tag k='location' v='urban' />
    <tag k='region' v='kr' />
    <tag k='speed_limit' v='60km/h' />
    <tag k='subtype' v='road' />
    <tag k='type' v='lanelet' />
  </relation>
  <relation id='124000370' version='1'>
    <member type='way' ref='199330' role='left' />
    <member type='way' ref='199332' role='right' />
    <tag k='location' v='urban' />
    <tag k='region' v='kr' />
    <tag k='speed_limit' v='60km/h' />
    <tag k='subtype' v='road' />
    <tag k='type' v='lanelet' />
  </relation>
  <relation id='124000371' version='1'>
    <member type='way' ref='199336' role='left' />
    <member type='way' ref='199338' role='right' />
    <tag k='location' v='urban' />
    <tag k='region' v='kr' />
    <tag k='speed_limit' v='60km/h' />
    <tag k='subtype' v='road' />
    <tag k='type' v='lanelet' />
  </relation>
  <relation id='124000372' version='1'>
    <member type='way' ref='199342' role='left' />
    <member type='way' ref='199344' role='right' />
    <tag k='location' v='urban' />
    <tag k='region' v='kr' />
    <tag k='speed_limit' v='60km/h' />
    <tag k='subtype' v='road' />
    <tag k='type' v='lanelet' />
  </relation>
  <relation id='124000373' version='1'>
    <member type='way' ref='199348' role='left' />
    <member type='way' ref='199350' role='right' />
    <tag k='location' v='urban' />
    <tag k='region' v='kr' />
    <tag k='speed_limit' v='60km/h' />
    <tag k='subtype' v='road' />
    <tag k='type' v='lanelet' />
  </relation>
  <relation id='124000374' version='1'>
    <member type='way' ref='199354' role='left' />
    <member type='way' ref='199356' role='right' />
    <tag k='location' v='urban' />
    <tag k='region' v='kr' />
    <tag k='speed_limit' v='60km/h' />
    <tag k='subtype' v='road' />
    <tag k='type' v='lanelet' />
  </relation>
  <relation id='124000375' version='1'>
    <member type='way' ref='199360' role='left' />
    <member type='way' ref='199362' role='right' />
    <tag k='location' v='urban' />
    <tag k='region' v='kr' />
    <tag k='speed_limit' v='60km/h' />
    <tag k='subtype' v='road' />
    <tag k='type' v='lanelet' />
  </relation>
  <relation id='124000376' version='1'>
    <member type='way' ref='199366' role='left' />
    <member type='way' ref='199368' role='right' />
    <tag k='location' v='urban' />
    <tag k='region' v='kr' />
    <tag k='speed_limit' v='60km/h' />
    <tag k='subtype' v='road' />
    <tag k='type' v='lanelet' />
  </relation>
  <relation id='124000377' version='1'>
    <member type='way' ref='199372' role='left' />
    <member type='way' ref='199373' role='right' />
    <tag k='location' v='urban' />
    <tag k='region' v='kr' />
    <tag k='speed_limit' v='60km/h' />
    <tag k='subtype' v='road' />
    <tag k='type' v='lanelet' />
  </relation>
  <relation id='124000380' version='1'>
    <member type='way' ref='199159' role='left' />
    <member type='way' ref='199162' role='right' />
    <tag k='location' v='urban' />
    <tag k='region' v='kr' />
    <tag k='speed_limit' v='60km/h' />
    <tag k='subtype' v='road' />
    <tag k='type' v='lanelet' />
  </relation>
  <relation id='124000381' version='1'>
    <member type='way' ref='199168' role='left' />
    <member type='way' ref='199170' role='right' />
    <tag k='location' v='urban' />
    <tag k='region' v='kr' />
    <tag k='speed_limit' v='60km/h' />
    <tag k='subtype' v='road' />
    <tag k='type' v='lanelet' />
  </relation>
  <relation id='124000382' version='1'>
    <member type='way' ref='199174' role='left' />
    <member type='way' ref='199176' role='right' />
    <tag k='location' v='urban' />
    <tag k='region' v='kr' />
    <tag k='speed_limit' v='60km/h' />
    <tag k='subtype' v='road' />
    <tag k='type' v='lanelet' />
  </relation>
  <relation id='124000383' version='1'>
    <member type='way' ref='199180' role='left' />
    <member type='way' ref='199182' role='right' />
    <tag k='location' v='urban' />
    <tag k='region' v='kr' />
    <tag k='speed_limit' v='60km/h' />
    <tag k='subtype' v='road' />
    <tag k='type' v='lanelet' />
  </relation>
  <relation id='124000384' version='1'>
    <member type='way' ref='199186' role='left' />
    <member type='way' ref='199189' role='right' />
    <tag k='location' v='urban' />
    <tag k='region' v='kr' />
    <tag k='speed_limit' v='60km/h' />
    <tag k='subtype' v='road' />
    <tag k='type' v='lanelet' />
  </relation>
  <relation id='124000450' version='1'>
    <member type='way' ref='199375' role='left' />
    <member type='way' ref='199378' role='right' />
    <tag k='location' v='urban' />
    <tag k='region' v='kr' />
    <tag k='speed_limit' v='60km/h' />
    <tag k='subtype' v='road' />
    <tag k='type' v='lanelet' />
  </relation>
  <relation id='124000451' version='1'>
    <member type='way' ref='199384' role='left' />
    <member type='way' ref='199386' role='right' />
    <tag k='location' v='urban' />
    <tag k='region' v='kr' />
    <tag k='speed_limit' v='60km/h' />
    <tag k='subtype' v='road' />
    <tag k='type' v='lanelet' />
  </relation>
  <relation id='124000480' version='1'>
    <member type='way' ref='201451' role='left' />
    <member type='way' ref='201453' role='right' />
    <tag k='location' v='urban' />
    <tag k='region' v='kr' />
    <tag k='speed_limit' v='60km/h' />
    <tag k='subtype' v='road' />
    <tag k='type' v='lanelet' />
  </relation>
  <relation id='124000481' version='1'>
    <member type='way' ref='201458' role='left' />
    <member type='way' ref='201460' role='right' />
    <tag k='location' v='urban' />
    <tag k='region' v='kr' />
    <tag k='speed_limit' v='60km/h' />
    <tag k='subtype' v='road' />
    <tag k='type' v='lanelet' />
  </relation>
  <relation id='124000482' version='1'>
    <member type='way' ref='201464' role='left' />
    <member type='way' ref='201465' role='right' />
    <tag k='location' v='urban' />
    <tag k='region' v='kr' />
    <tag k='speed_limit' v='60km/h' />
    <tag k='subtype' v='road' />
    <tag k='type' v='lanelet' />
  </relation>
  <relation id='124000510' version='1'>
    <member type='way' ref='199392' role='left' />
    <member type='way' ref='199401' role='right' />
    <tag k='location' v='urban' />
    <tag k='region' v='kr' />
    <tag k='speed_limit' v='60km/h' />
    <tag k='subtype' v='road' />
    <tag k='type' v='lanelet' />
  </relation>
  <relation id='124000511' version='1'>
    <member type='way' ref='199418' role='left' />
    <member type='way' ref='199427' role='right' />
    <tag k='location' v='urban' />
    <tag k='region' v='kr' />
    <tag k='speed_limit' v='60km/h' />
    <tag k='subtype' v='road' />
    <tag k='type' v='lanelet' />
  </relation>
  <relation id='124000512' version='1'>
    <member type='way' ref='199445' role='left' />
    <member type='way' ref='199454' role='right' />
    <tag k='location' v='urban' />
    <tag k='region' v='kr' />
    <tag k='speed_limit' v='60km/h' />
    <tag k='subtype' v='road' />
    <tag k='type' v='lanelet' />
  </relation>
  <relation id='124000513' version='1'>
    <member type='way' ref='199470' role='left' />
    <member type='way' ref='199479' role='right' />
    <tag k='location' v='urban' />
    <tag k='region' v='kr' />
    <tag k='speed_limit' v='60km/h' />
    <tag k='subtype' v='road' />
    <tag k='type' v='lanelet' />
  </relation>
  <relation id='124000514' version='1'>
    <member type='way' ref='199496' role='left' />
    <member type='way' ref='199505' role='right' />
    <tag k='location' v='urban' />
    <tag k='region' v='kr' />
    <tag k='speed_limit' v='60km/h' />
    <tag k='subtype' v='road' />
    <tag k='type' v='lanelet' />
  </relation>
  <relation id='124000515' version='1'>
    <member type='way' ref='199523' role='left' />
    <member type='way' ref='199531' role='right' />
    <tag k='location' v='urban' />
    <tag k='region' v='kr' />
    <tag k='speed_limit' v='60km/h' />
    <tag k='subtype' v='road' />
    <tag k='type' v='lanelet' />
  </relation>
  <relation id='124000570' version='1'>
    <member type='way' ref='201486' role='left' />
    <member type='way' ref='201489' role='right' />
    <tag k='location' v='urban' />
    <tag k='region' v='kr' />
    <tag k='speed_limit' v='60km/h' />
    <tag k='subtype' v='road' />
    <tag k='type' v='lanelet' />
  </relation>
  <relation id='124000571' version='1'>
    <member type='way' ref='201497' role='left' />
    <member type='way' ref='201498' role='right' />
    <tag k='location' v='urban' />
    <tag k='region' v='kr' />
    <tag k='speed_limit' v='60km/h' />
    <tag k='subtype' v='road' />
    <tag k='type' v='lanelet' />
  </relation>
  <relation id='124000590' version='1'>
    <member type='way' ref='201530' role='left' />
    <member type='way' ref='201532' role='right' />
    <tag k='location' v='urban' />
    <tag k='region' v='kr' />
    <tag k='speed_limit' v='60km/h' />
    <tag k='subtype' v='road' />
    <tag k='type' v='lanelet' />
  </relation>
  <relation id='124000591' version='1'>
    <member type='way' ref='201536' role='left' />
    <member type='way' ref='201538' role='right' />
    <tag k='location' v='urban' />
    <tag k='region' v='kr' />
    <tag k='speed_limit' v='60km/h' />
    <tag k='subtype' v='road' />
    <tag k='type' v='lanelet' />
  </relation>
  <relation id='124000592' version='1'>
    <member type='way' ref='201542' role='left' />
    <member type='way' ref='201543' role='right' />
    <tag k='location' v='urban' />
    <tag k='region' v='kr' />
    <tag k='speed_limit' v='60km/h' />
    <tag k='subtype' v='road' />
    <tag k='type' v='lanelet' />
  </relation>
  <relation id='127000030' version='1'>
    <member type='way' ref='201358' role='left' />
    <member type='way' ref='201360' role='right' />
    <tag k='location' v='urban' />
    <tag k='region' v='kr' />
    <tag k='speed_limit' v='60km/h' />
    <tag k='subtype' v='road' />
    <tag k='type' v='lanelet' />
  </relation>
  <relation id='127000120' version='1'>
    <member type='way' ref='201545' role='left' />
    <member type='way' ref='201548' role='right' />
    <tag k='location' v='urban' />
    <tag k='region' v='kr' />
    <tag k='speed_limit' v='60km/h' />
    <tag k='subtype' v='road' />
    <tag k='type' v='lanelet' />
  </relation>
  <relation id='127000121' version='1'>
    <member type='way' ref='201554' role='left' />
    <member type='way' ref='201556' role='right' />
    <tag k='location' v='urban' />
    <tag k='region' v='kr' />
    <tag k='speed_limit' v='60km/h' />
    <tag k='subtype' v='road' />
    <tag k='type' v='lanelet' />
  </relation>
  <relation id='127000122' version='1'>
    <member type='way' ref='201562' role='left' />
    <member type='way' ref='201563' role='right' />
    <tag k='location' v='urban' />
    <tag k='region' v='kr' />
    <tag k='speed_limit' v='60km/h' />
    <tag k='subtype' v='road' />
    <tag k='type' v='lanelet' />
  </relation>
  <relation id='127000150' version='1'>
    <member type='way' ref='201343' role='left' />
    <member type='way' ref='201345' role='right' />
    <tag k='location' v='urban' />
    <tag k='region' v='kr' />
    <tag k='speed_limit' v='60km/h' />
    <tag k='subtype' v='road' />
    <tag k='type' v='lanelet' />
  </relation>
  <relation id='127000151' version='1'>
    <member type='way' ref='201349' role='left' />
    <member type='way' ref='201350' role='right' />
    <tag k='location' v='urban' />
    <tag k='region' v='kr' />
    <tag k='speed_limit' v='60km/h' />
    <tag k='subtype' v='road' />
    <tag k='type' v='lanelet' />
  </relation>
  <relation id='127000230' version='1'>
    <member type='way' ref='201352' role='left' />
    <member type='way' ref='201343' role='right' />
    <tag k='location' v='urban' />
    <tag k='region' v='kr' />
    <tag k='speed_limit' v='60km/h' />
    <tag k='subtype' v='road' />
    <tag k='type' v='lanelet' />
  </relation>
  <relation id='127000231' version='1'>
    <member type='way' ref='201356' role='left' />
    <member type='way' ref='201349' role='right' />
    <tag k='location' v='urban' />
    <tag k='region' v='kr' />
    <tag k='speed_limit' v='60km/h' />
    <tag k='subtype' v='road' />
    <tag k='type' v='lanelet' />
  </relation>
  <relation id='127000350' version='1'>
    <member type='way' ref='201565' role='left' />
    <member type='way' ref='201567' role='right' />
    <tag k='location' v='urban' />
    <tag k='region' v='kr' />
    <tag k='speed_limit' v='60km/h' />
    <tag k='subtype' v='road' />
    <tag k='type' v='lanelet' />
  </relation>
  <relation id='127000351' version='1'>
    <member type='way' ref='201571' role='left' />
    <member type='way' ref='201572' role='right' />
    <tag k='location' v='urban' />
    <tag k='region' v='kr' />
    <tag k='speed_limit' v='60km/h' />
    <tag k='subtype' v='road' />
    <tag k='type' v='lanelet' />
  </relation>
  <relation id='127000370' version='1'>
    <member type='way' ref='201574' role='left' />
    <member type='way' ref='201579' role='right' />
    <tag k='location' v='urban' />
    <tag k='region' v='kr' />
    <tag k='speed_limit' v='60km/h' />
    <tag k='subtype' v='road' />
    <tag k='type' v='lanelet' />
  </relation>
  <relation id='127000371' version='1'>
    <member type='way' ref='201589' role='left' />
    <member type='way' ref='201593' role='right' />
    <tag k='location' v='urban' />
    <tag k='region' v='kr' />
    <tag k='speed_limit' v='60km/h' />
    <tag k='subtype' v='road' />
    <tag k='type' v='lanelet' />
  </relation>
  <relation id='127000731' version='1'>
    <member type='way' ref='201373' role='left' />
    <member type='way' ref='201376' role='right' />
    <tag k='location' v='urban' />
    <tag k='region' v='kr' />
    <tag k='speed_limit' v='60km/h' />
    <tag k='subtype' v='road' />
    <tag k='type' v='lanelet' />
  </relation>
  <relation id='127000732' version='1'>
    <member type='way' ref='201382' role='left' />
    <member type='way' ref='201384' role='right' />
    <tag k='location' v='urban' />
    <tag k='region' v='kr' />
    <tag k='speed_limit' v='60km/h' />
    <tag k='subtype' v='road' />
    <tag k='type' v='lanelet' />
  </relation>
  <relation id='127000733' version='1'>
    <member type='way' ref='201388' role='left' />
    <member type='way' ref='201390' role='right' />
    <tag k='location' v='urban' />
    <tag k='region' v='kr' />
    <tag k='speed_limit' v='60km/h' />
    <tag k='subtype' v='road' />
    <tag k='type' v='lanelet' />
  </relation>
  <relation id='127000734' version='1'>
    <member type='way' ref='201394' role='left' />
    <member type='way' ref='201396' role='right' />
    <tag k='location' v='urban' />
    <tag k='region' v='kr' />
    <tag k='speed_limit' v='60km/h' />
    <tag k='subtype' v='road' />
    <tag k='type' v='lanelet' />
  </relation>
  <relation id='127000735' version='1'>
    <member type='way' ref='201400' role='left' />
    <member type='way' ref='201402' role='right' />
    <tag k='location' v='urban' />
    <tag k='region' v='kr' />
    <tag k='speed_limit' v='60km/h' />
    <tag k='subtype' v='road' />
    <tag k='type' v='lanelet' />
  </relation>
  <relation id='127000736' version='1'>
    <member type='way' ref='201406' role='left' />
    <member type='way' ref='201411' role='right' />
    <tag k='location' v='urban' />
    <tag k='region' v='kr' />
    <tag k='speed_limit' v='60km/h' />
    <tag k='subtype' v='road' />
    <tag k='type' v='lanelet' />
  </relation>
  <relation id='127000741' version='1'>
    <member type='way' ref='201376' role='left' />
    <member type='way' ref='201419' role='right' />
    <tag k='location' v='urban' />
    <tag k='region' v='kr' />
    <tag k='speed_limit' v='60km/h' />
    <tag k='subtype' v='road' />
    <tag k='type' v='lanelet' />
  </relation>
  <relation id='127000742' version='1'>
    <member type='way' ref='201384' role='left' />
    <member type='way' ref='201425' role='right' />
    <tag k='location' v='urban' />
    <tag k='region' v='kr' />
    <tag k='speed_limit' v='60km/h' />
    <tag k='subtype' v='road' />
    <tag k='type' v='lanelet' />
  </relation>
  <relation id='127000743' version='1'>
    <member type='way' ref='201390' role='left' />
    <member type='way' ref='201429' role='right' />
    <tag k='location' v='urban' />
    <tag k='region' v='kr' />
    <tag k='speed_limit' v='60km/h' />
    <tag k='subtype' v='road' />
    <tag k='type' v='lanelet' />
  </relation>
  <relation id='127000744' version='1'>
    <member type='way' ref='201396' role='left' />
    <member type='way' ref='201433' role='right' />
    <tag k='location' v='urban' />
    <tag k='region' v='kr' />
    <tag k='speed_limit' v='60km/h' />
    <tag k='subtype' v='road' />
    <tag k='type' v='lanelet' />
  </relation>
  <relation id='127000745' version='1'>
    <member type='way' ref='201402' role='left' />
    <member type='way' ref='201437' role='right' />
    <tag k='location' v='urban' />
    <tag k='region' v='kr' />
    <tag k='speed_limit' v='60km/h' />
    <tag k='subtype' v='road' />
    <tag k='type' v='lanelet' />
  </relation>
  <relation id='127000746' version='1'>
    <member type='way' ref='201411' role='left' />
    <member type='way' ref='201441' role='right' />
    <tag k='location' v='urban' />
    <tag k='region' v='kr' />
    <tag k='speed_limit' v='60km/h' />
    <tag k='subtype' v='road' />
    <tag k='type' v='lanelet' />
  </relation>
  <relation id='127001000' version='1'>
    <member type='way' ref='201364' role='left' />
    <member type='way' ref='201366' role='right' />
    <tag k='location' v='urban' />
    <tag k='region' v='kr' />
    <tag k='speed_limit' v='60km/h' />
    <tag k='subtype' v='road' />
    <tag k='type' v='lanelet' />
  </relation>
  <relation id='127001001' version='1'>
    <member type='way' ref='201370' role='left' />
    <member type='way' ref='201371' role='right' />
    <tag k='location' v='urban' />
    <tag k='region' v='kr' />
    <tag k='speed_limit' v='60km/h' />
    <tag k='subtype' v='road' />
    <tag k='type' v='lanelet' />
  </relation>
  <relation id='127001011' version='1'>
    <member type='way' ref='201337' role='left' />
    <member type='way' ref='201339' role='right' />
    <tag k='location' v='urban' />
    <tag k='region' v='kr' />
    <tag k='speed_limit' v='60km/h' />
    <tag k='subtype' v='road' />
    <tag k='type' v='lanelet' />
  </relation>
  <relation id='1210011700' version='1'>
    <member type='way' ref='201597' role='left' />
    <member type='way' ref='201600' role='right' />
    <tag k='location' v='urban' />
    <tag k='region' v='kr' />
    <tag k='speed_limit' v='60km/h' />
    <tag k='subtype' v='road' />
    <tag k='type' v='lanelet' />
  </relation>
  <relation id='1210011701' version='1'>
    <member type='way' ref='201606' role='left' />
    <member type='way' ref='201609' role='right' />
    <tag k='location' v='urban' />
    <tag k='region' v='kr' />
    <tag k='speed_limit' v='60km/h' />
    <tag k='subtype' v='road' />
    <tag k='type' v='lanelet' />
  </relation>
  <relation id='1240002000' version='1'>
    <member type='way' ref='201647' role='left' />
    <member type='way' ref='201656' role='right' />
    <tag k='location' v='urban' />
    <tag k='region' v='kr' />
    <tag k='speed_limit' v='60km/h' />
    <tag k='subtype' v='road' />
    <tag k='type' v='lanelet' />
  </relation>
  <relation id='1240002001' version='1'>
    <member type='way' ref='201672' role='left' />
    <member type='way' ref='201674' role='right' />
    <tag k='location' v='urban' />
    <tag k='region' v='kr' />
    <tag k='speed_limit' v='60km/h' />
    <tag k='subtype' v='road' />
    <tag k='type' v='lanelet' />
  </relation>
  <relation id='1240002002' version='1'>
    <member type='way' ref='201678' role='left' />
    <member type='way' ref='201679' role='right' />
    <tag k='location' v='urban' />
    <tag k='region' v='kr' />
    <tag k='speed_limit' v='60km/h' />
    <tag k='subtype' v='road' />
    <tag k='type' v='lanelet' />
  </relation>
  <relation id='1240003600' version='1'>
    <member type='way' ref='201616' role='left' />
    <member type='way' ref='201623' role='right' />
    <tag k='location' v='urban' />
    <tag k='region' v='kr' />
    <tag k='speed_limit' v='60km/h' />
    <tag k='subtype' v='road' />
    <tag k='type' v='lanelet' />
  </relation>
  <relation id='1240003601' version='1'>
    <member type='way' ref='201641' role='left' />
    <member type='way' ref='201643' role='right' />
    <tag k='location' v='urban' />
    <tag k='region' v='kr' />
    <tag k='speed_limit' v='60km/h' />
    <tag k='subtype' v='road' />
    <tag k='type' v='lanelet' />
  </relation>
  <relation id='1270000310' version='1'>
    <member type='way' ref='201697' role='left' />
    <member type='way' ref='201699' role='right' />
    <tag k='location' v='urban' />
    <tag k='region' v='kr' />
    <tag k='speed_limit' v='60km/h' />
    <tag k='subtype' v='road' />
    <tag k='type' v='lanelet' />
  </relation>
  <relation id='1270000311' version='1'>
    <member type='way' ref='201703' role='left' />
    <member type='way' ref='201704' role='right' />
    <tag k='location' v='urban' />
    <tag k='region' v='kr' />
    <tag k='speed_limit' v='60km/h' />
    <tag k='subtype' v='road' />
    <tag k='type' v='lanelet' />
  </relation>
  <relation id='1270007300' version='1'>
    <member type='way' ref='201706' role='left' />
    <member type='way' ref='201709' role='right' />
    <tag k='location' v='urban' />
    <tag k='region' v='kr' />
    <tag k='speed_limit' v='60km/h' />
    <tag k='subtype' v='road' />
    <tag k='type' v='lanelet' />
  </relation>
  <relation id='1270007301' version='1'>
    <member type='way' ref='201715' role='left' />
    <member type='way' ref='201717' role='right' />
    <tag k='location' v='urban' />
    <tag k='region' v='kr' />
    <tag k='speed_limit' v='60km/h' />
    <tag k='subtype' v='road' />
    <tag k='type' v='lanelet' />
  </relation>
  <relation id='1270007302' version='1'>
    <member type='way' ref='201721' role='left' />
    <member type='way' ref='201726' role='right' />
    <tag k='location' v='urban' />
    <tag k='region' v='kr' />
    <tag k='speed_limit' v='60km/h' />
    <tag k='subtype' v='road' />
    <tag k='type' v='lanelet' />
  </relation>
  <relation id='1270007303' version='1'>
    <member type='way' ref='201736' role='left' />
    <member type='way' ref='201738' role='right' />
    <tag k='location' v='urban' />
    <tag k='region' v='kr' />
    <tag k='speed_limit' v='60km/h' />
    <tag k='subtype' v='road' />
    <tag k='type' v='lanelet' />
  </relation>
  <relation id='1270007304' version='1'>
    <member type='way' ref='201742' role='left' />
    <member type='way' ref='201743' role='right' />
    <tag k='location' v='urban' />
    <tag k='region' v='kr' />
    <tag k='speed_limit' v='60km/h' />
    <tag k='subtype' v='road' />
    <tag k='type' v='lanelet' />
  </relation>
  <relation id='1270007370' version='1'>
    <member type='way' ref='201771' role='left' />
    <member type='way' ref='201773' role='right' />
    <tag k='location' v='urban' />
    <tag k='region' v='kr' />
    <tag k='speed_limit' v='60km/h' />
    <tag k='subtype' v='road' />
    <tag k='type' v='lanelet' />
  </relation>
  <relation id='1270007371' version='1'>
    <member type='way' ref='201777' role='left' />
    <member type='way' ref='201780' role='right' />
    <tag k='location' v='urban' />
    <tag k='region' v='kr' />
    <tag k='speed_limit' v='60km/h' />
    <tag k='subtype' v='road' />
    <tag k='type' v='lanelet' />
  </relation>
  <relation id='1270007372' version='1'>
    <member type='way' ref='201786' role='left' />
    <member type='way' ref='201788' role='right' />
    <tag k='location' v='urban' />
    <tag k='region' v='kr' />
    <tag k='speed_limit' v='60km/h' />
    <tag k='subtype' v='road' />
    <tag k='type' v='lanelet' />
  </relation>
  <relation id='1270007373' version='1'>
    <member type='way' ref='201792' role='left' />
    <member type='way' ref='201794' role='right' />
    <tag k='location' v='urban' />
    <tag k='region' v='kr' />
    <tag k='speed_limit' v='60km/h' />
    <tag k='subtype' v='road' />
    <tag k='type' v='lanelet' />
  </relation>
  <relation id='1270007374' version='1'>
    <member type='way' ref='201798' role='left' />
    <member type='way' ref='201802' role='right' />
    <tag k='location' v='urban' />
    <tag k='region' v='kr' />
    <tag k='speed_limit' v='60km/h' />
    <tag k='subtype' v='road' />
    <tag k='type' v='lanelet' />
  </relation>
  <relation id='1270007400' version='1'>
    <member type='way' ref='201709' role='left' />
    <member type='way' ref='201745' role='right' />
    <tag k='location' v='urban' />
    <tag k='region' v='kr' />
    <tag k='speed_limit' v='60km/h' />
    <tag k='subtype' v='road' />
    <tag k='type' v='lanelet' />
  </relation>
  <relation id='1270007401' version='1'>
    <member type='way' ref='201717' role='left' />
    <member type='way' ref='201752' role='right' />
    <tag k='location' v='urban' />
    <tag k='region' v='kr' />
    <tag k='speed_limit' v='60km/h' />
    <tag k='subtype' v='road' />
    <tag k='type' v='lanelet' />
  </relation>
  <relation id='1270007402' version='1'>
    <member type='way' ref='201726' role='left' />
    <member type='way' ref='201756' role='right' />
    <tag k='location' v='urban' />
    <tag k='region' v='kr' />
    <tag k='speed_limit' v='60km/h' />
    <tag k='subtype' v='road' />
    <tag k='type' v='lanelet' />
  </relation>
  <relation id='1270007403' version='1'>
    <member type='way' ref='201738' role='left' />
    <member type='way' ref='201765' role='right' />
    <tag k='location' v='urban' />
    <tag k='region' v='kr' />
    <tag k='speed_limit' v='60km/h' />
    <tag k='subtype' v='road' />
    <tag k='type' v='lanelet' />
  </relation>
  <relation id='1270007404' version='1'>
    <member type='way' ref='201743' role='left' />
    <member type='way' ref='201769' role='right' />
    <tag k='location' v='urban' />
    <tag k='region' v='kr' />
    <tag k='speed_limit' v='60km/h' />
    <tag k='subtype' v='road' />
    <tag k='type' v='lanelet' />
  </relation>
  <relation id='1270007470' version='1'>
    <member type='way' ref='201773' role='left' />
    <member type='way' ref='201810' role='right' />
    <tag k='location' v='urban' />
    <tag k='region' v='kr' />
    <tag k='speed_limit' v='60km/h' />
    <tag k='subtype' v='road' />
    <tag k='type' v='lanelet' />
  </relation>
  <relation id='1270007471' version='1'>
    <member type='way' ref='201780' role='left' />
    <member type='way' ref='201814' role='right' />
    <tag k='location' v='urban' />
    <tag k='region' v='kr' />
    <tag k='speed_limit' v='60km/h' />
    <tag k='subtype' v='road' />
    <tag k='type' v='lanelet' />
  </relation>
  <relation id='1270007472' version='1'>
    <member type='way' ref='201788' role='left' />
    <member type='way' ref='201820' role='right' />
    <tag k='location' v='urban' />
    <tag k='region' v='kr' />
    <tag k='speed_limit' v='60km/h' />
    <tag k='subtype' v='road' />
    <tag k='type' v='lanelet' />
  </relation>
  <relation id='1270007473' version='1'>
    <member type='way' ref='201794' role='left' />
    <member type='way' ref='201824' role='right' />
    <tag k='location' v='urban' />
    <tag k='region' v='kr' />
    <tag k='speed_limit' v='60km/h' />
    <tag k='subtype' v='road' />
    <tag k='type' v='lanelet' />
  </relation>
  <relation id='1270007474' version='1'>
    <member type='way' ref='201802' role='left' />
    <member type='way' ref='201828' role='right' />
    <tag k='location' v='urban' />
    <tag k='region' v='kr' />
    <tag k='speed_limit' v='60km/h' />
    <tag k='subtype' v='road' />
    <tag k='type' v='lanelet' />
  </relation>
  <relation id='1270010100' version='1'>
    <member type='way' ref='201681' role='left' />
    <member type='way' ref='201684' role='right' />
    <tag k='location' v='urban' />
    <tag k='region' v='kr' />
    <tag k='speed_limit' v='60km/h' />
    <tag k='subtype' v='road' />
    <tag k='type' v='lanelet' />
  </relation>
  <relation id='1270010101' version='1'>
    <member type='way' ref='201690' role='left' />
    <member type='way' ref='201692' role='right' />
    <tag k='location' v='urban' />
    <tag k='region' v='kr' />
    <tag k='speed_limit' v='60km/h' />
    <tag k='subtype' v='road' />
    <tag k='type' v='lanelet' />
  </relation>
  <relation id='1270010483' version='1'>
    <member type='way' ref='22700112' role='ref_line' />
    <member type='way' ref='31700008' role='refers' />
    <member type='way' ref='31700017' role='refers' />
    <member type='way' ref='1270010467' role='light_bulbs' />
    <member type='way' ref='1270010473' role='light_bulbs' />
    <tag k='subtype' v='traffic_light' />
    <tag k='type' v='regulatory_element' />
  </relation>
  <relation id='1270010506' version='1'>
    <member type='way' ref='22700097' role='ref_line' />
    <member type='way' ref='31700015' role='refers' />
    <member type='way' ref='31700016' role='refers' />
    <member type='way' ref='1270010490' role='light_bulbs' />
    <member type='way' ref='1270010496' role='light_bulbs' />
    <tag k='subtype' v='traffic_light' />
    <tag k='type' v='regulatory_element' />
  </relation>
  <relation id='1270010527' version='1'>
    <member type='way' ref='22700108' role='ref_line' />
    <member type='way' ref='31700018' role='refers' />
    <member type='way' ref='31700019' role='refers' />
    <member type='way' ref='1270010513' role='light_bulbs' />
    <member type='way' ref='1270010519' role='light_bulbs' />
    <tag k='subtype' v='traffic_light' />
    <tag k='type' v='regulatory_element' />
  </relation>
  <relation id='1270010547' version='1'>
    <member type='way' ref='22700100' role='ref_line' />
    <member type='way' ref='31700022' role='refers' />
    <member type='way' ref='31700023' role='refers' />
    <member type='way' ref='1270010534' role='light_bulbs' />
    <member type='way' ref='1270010539' role='light_bulbs' />
    <tag k='subtype' v='traffic_light' />
    <tag k='type' v='regulatory_element' />
  </relation>
  <relation id='1270010566' version='1'>
    <member type='way' ref='22700111' role='ref_line' />
    <member type='way' ref='31700024' role='refers' />
    <member type='way' ref='31700025' role='refers' />
    <member type='way' ref='1270010554' role='light_bulbs' />
    <member type='way' ref='1270010559' role='light_bulbs' />
    <tag k='subtype' v='traffic_light' />
    <tag k='type' v='regulatory_element' />
  </relation>
  <relation id='1270010587' version='1'>
    <member type='way' ref='22700102' role='ref_line' />
    <member type='way' ref='31700030' role='refers' />
    <member type='way' ref='31700032' role='refers' />
    <member type='way' ref='1270010573' role='light_bulbs' />
    <member type='way' ref='1270010579' role='light_bulbs' />
    <tag k='subtype' v='traffic_light' />
    <tag k='type' v='regulatory_element' />
  </relation>
  <relation id='1270010609' version='1'>
    <member type='way' ref='22700113' role='ref_line' />
    <member type='way' ref='31700033' role='refers' />
    <member type='way' ref='31700034' role='refers' />
    <member type='way' ref='1270010594' role='light_bulbs' />
    <member type='way' ref='1270010600' role='light_bulbs' />
    <tag k='subtype' v='traffic_light' />
    <tag k='type' v='regulatory_element' />
  </relation>
  <relation id='1270010630' version='1'>
    <member type='way' ref='22700109' role='ref_line' />
    <member type='way' ref='31700035' role='refers' />
    <member type='way' ref='31700036' role='refers' />
    <member type='way' ref='1270010616' role='light_bulbs' />
    <member type='way' ref='1270010622' role='light_bulbs' />
    <tag k='subtype' v='traffic_light' />
    <tag k='type' v='regulatory_element' />
  </relation>
  <relation id='1270010651' version='1'>
    <member type='way' ref='22700099' role='ref_line' />
    <member type='way' ref='31700037' role='refers' />
    <member type='way' ref='31700038' role='refers' />
    <member type='way' ref='1270010637' role='light_bulbs' />
    <member type='way' ref='1270010643' role='light_bulbs' />
    <tag k='subtype' v='traffic_light' />
    <tag k='type' v='regulatory_element' />
  </relation>
  <relation id='1270010673' version='1'>
    <member type='way' ref='22700098' role='ref_line' />
    <member type='way' ref='31700039' role='refers' />
    <member type='way' ref='31700040' role='refers' />
    <member type='way' ref='1270010658' role='light_bulbs' />
    <member type='way' ref='1270010664' role='light_bulbs' />
    <tag k='subtype' v='traffic_light' />
    <tag k='type' v='regulatory_element' />
  </relation>
</osm>
