<?xml version='1.0' encoding='UTF-8'?>
<osm version="0.6" upload="false" generator="JOSM">
  <MetaInfo format_version="1.0" map_version="1.0"/>
  
  
  <node id="5114" version="1" lat="35.64688863532" lon="128.40134826038">
    
    
    <tag k="ele" v="47.032999999999994"/>
    
  
  </node>
  
  
  <node id="5115" version="1" lat="35.6468854117" lon="128.40133935127">
    
    
    <tag k="ele" v="47.045999999999999"/>
    
  
  </node>
  
  
  <node id="5116" version="1" lat="35.64688230148" lon="128.40132248426">
    
    
    <tag k="ele" v="47.045999999999999"/>
    
  
  </node>
  
  
  <node id="5117" version="1" lat="35.64688160782" lon="128.40129736363">
    
    
    <tag k="ele" v="47.045999999999999"/>
    
  
  </node>
  
  
  <node id="5118" version="1" lat="35.64688642676" lon="128.40127167041">
    
    
    <tag k="ele" v="47.048999999999999"/>
    
  
  </node>
  
  
  <node id="5119" version="1" lat="35.64689275631" lon="128.40125632904">
    
    
    <tag k="ele" v="47.048999999999999"/>
    
  
  </node>
  
  
  <node id="5120" version="1" lat="35.64690259878" lon="128.40124062824">
    
    
    <tag k="ele" v="47.033999999999999"/>
    
  
  </node>
  
  
  <node id="4253" version="1" lat="35.64692444766" lon="128.40135030183">
    
    
    <tag k="ele" v="46.910307826836949"/>
    
  
  </node>
  
  
  <node id="4254" version="1" lat="35.64691550106" lon="128.40133115309">
    
    
    <tag k="ele" v="46.938305590640674"/>
    
  
  </node>
  
  
  <node id="4255" version="1" lat="35.64691000615" lon="128.40130628406">
    
    
    <tag k="ele" v="47.058999999999997"/>
    
  
  </node>
  
  
  <node id="4256" version="1" lat="35.64690976902" lon="128.40128243859">
    
    
    <tag k="ele" v="47.058999999999997"/>
    
  
  </node>
  
  
  <node id="4257" version="1" lat="35.6469131779" lon="128.40126031507">
    
    
    <tag k="ele" v="47.058999999999997"/>
    
  
  </node>
  
  
  <node id="4258" version="1" lat="35.64691796366" lon="128.40124159401">
    
    
    <tag k="ele" v="47.060000000000002"/>
    
  
  </node>
  
  
  <node id="4259" version="1" lat="35.64692610645" lon="128.40122198326">
    
    
    <tag k="ele" v="47.073"/>
    
  
  </node>
  
  
  <node id="4260" version="1" lat="35.64693524172" lon="128.40120704698">
    
    
    <tag k="ele" v="47.079000000000001"/>
    
  
  </node>
  
  
  <node id="199073" version="1" lat="35.6471326247" lon="128.40175836987">
    
    
    <tag k="ele" v="46.88967516986"/>
    
  
  </node>
  
  
  <node id="199074" version="1" lat="35.64712658702" lon="128.401796849">
    
    
    <tag k="ele" v="46.95862852172"/>
    
  
  </node>
  
  
  <node id="199075" version="1" lat="35.64711477031" lon="128.40183031527">
    
    
    <tag k="ele" v="46.93767028038"/>
    
  
  </node>
  
  
  <node id="199076" version="1" lat="35.64709934304" lon="128.40185482833">
    
    
    <tag k="ele" v="46.929"/>
    
  
  </node>
  
  
  <node id="199077" version="1" lat="35.64707699184" lon="128.40187846925">
    
    
    <tag k="ele" v="46.95667720041"/>
    
  
  </node>
  
  
  <node id="199079" version="1" lat="35.64708533996" lon="128.40175715212">
    
    
    <tag k="ele" v="46.909"/>
    
  
  </node>
  
  
  <node id="199080" version="1" lat="35.6470738744" lon="128.4018137947">
    
    
    <tag k="ele" v="46.87490380404"/>
    
  
  </node>
  
  
  <node id="199081" version="1" lat="35.64705680128" lon="128.40185194708">
    
    
    <tag k="ele" v="46.90545982071"/>
    
  
  </node>
  
  
  <node id="199088" version="1" lat="35.64713939619" lon="128.40178790973">
    
    
    <tag k="ele" v="46.97604323115"/>
    
  
  </node>
  
  
  <node id="199089" version="1" lat="35.64714955527" lon="128.4018048654">
    
    
    <tag k="ele" v="46.96120630122"/>
    
  
  </node>
  
  
  <node id="199090" version="1" lat="35.64716693594" lon="128.40181802594">
    
    
    <tag k="ele" v="46.97731352005"/>
    
  
  </node>
  
  
  <node id="199091" version="1" lat="35.64718508466" lon="128.40182200388">
    
    
    <tag k="ele" v="46.978999987"/>
    
  
  </node>
  
  
  <node id="199093" version="1" lat="35.64708925754" lon="128.40179784416">
    
    
    <tag k="ele" v="46.89085478514"/>
    
  
  </node>
  
  
  <node id="199094" version="1" lat="35.64710602777" lon="128.40183936071">
    
    
    <tag k="ele" v="46.92709081468"/>
    
  
  </node>
  
  
  <node id="199095" version="1" lat="35.64711847966" lon="128.40185566226">
    
    
    <tag k="ele" v="46.9465619435"/>
    
  
  </node>
  
  
  <node id="199096" version="1" lat="35.64713845273" lon="128.40187250155">
    
    
    <tag k="ele" v="46.93787332037"/>
    
  
  </node>
  
  
  <node id="199097" version="1" lat="35.6471520237" lon="128.40188029833">
    
    
    <tag k="ele" v="46.93254561225"/>
    
  
  </node>
  
  
  <node id="199098" version="1" lat="35.64718191986" lon="128.40188841389">
    
    
    <tag k="ele" v="46.93113411028"/>
    
  
  </node>
  
  
  <node id="199105" version="1" lat="35.64709805686" lon="128.40185387454">
    
    
    <tag k="ele" v="46.92595944714"/>
    
  
  </node>
  
  
  <node id="199106" version="1" lat="35.64712131058" lon="128.40183816626">
    
    
    <tag k="ele" v="46.979"/>
    
  
  </node>
  
  
  <node id="199107" version="1" lat="35.64714885483" lon="128.40182811373">
    
    
    <tag k="ele" v="46.98143753109"/>
    
  
  </node>
  
  
  <node id="199109" version="1" lat="35.64709860965" lon="128.40190846156">
    
    
    <tag k="ele" v="46.86649420032"/>
    
  
  </node>
  
  
  <node id="199110" version="1" lat="35.64711347608" lon="128.40189923474">
    
    
    <tag k="ele" v="46.889"/>
    
  
  </node>
  
  
  <node id="199111" version="1" lat="35.64713233297" lon="128.40189296119">
    
    
    <tag k="ele" v="46.909"/>
    
  
  </node>
  
  
  <node id="199117" version="1" lat="35.64712087133" lon="128.40167024628">
    
    
    <tag k="ele" v="46.99220579552"/>
    
  
  </node>
  
  
  <node id="199118" version="1" lat="35.6471271246" lon="128.40168294445">
    
    
    <tag k="ele" v="46.97039893227"/>
    
  
  </node>
  
  
  <node id="199119" version="1" lat="35.64713049437" lon="128.40169967449">
    
    
    <tag k="ele" v="46.96913789949"/>
    
  
  </node>
  
  
  <node id="199121" version="1" lat="35.64708748169" lon="128.4017040786">
    
    
    <tag k="ele" v="46.97971033729"/>
    
  
  </node>
  
  
  <node id="199122" version="1" lat="35.64708752424" lon="128.40171907323">
    
    
    <tag k="ele" v="46.9439670976"/>
    
  
  </node>
  
  
  <node id="199127" version="1" lat="35.64718942605" lon="128.40169056109">
    
    
    <tag k="ele" v="47.00002888479"/>
    
  
  </node>
  
  
  <node id="199128" version="1" lat="35.64715810765" lon="128.40168720897">
    
    
    <tag k="ele" v="46.98505121366"/>
    
  
  </node>
  
  
  <node id="199129" version="1" lat="35.64713659369" lon="128.40168075111">
    
    
    <tag k="ele" v="46.98402904126"/>
    
  
  </node>
  
  
  <node id="199130" version="1" lat="35.64712149469" lon="128.40166989986">
    
    
    <tag k="ele" v="47.00681750714"/>
    
  
  </node>
  
  
  <node id="199131" version="1" lat="35.64710999479" lon="128.40164738926">
    
    
    <tag k="ele" v="46.994"/>
    
  
  </node>
  
  
  <node id="199133" version="1" lat="35.64718601838" lon="128.40161546151">
    
    
    <tag k="ele" v="46.94117478554"/>
    
  
  </node>
  
  
  <node id="199134" version="1" lat="35.64716491524" lon="128.40161626331">
    
    
    <tag k="ele" v="46.97838796483"/>
    
  
  </node>
  
  
  <node id="199135" version="1" lat="35.64712917629" lon="128.40162534625">
    
    
    <tag k="ele" v="46.979"/>
    
  
  </node>
  
  
  <node id="199141" version="1" lat="35.64726459979" lon="128.40166809878">
    
    
    <tag k="ele" v="46.97599964169"/>
    
  
  </node>
  
  
  <node id="199142" version="1" lat="35.64724324139" lon="128.40168210355">
    
    
    <tag k="ele" v="46.97697958229"/>
    
  
  </node>
  
  
  <node id="199144" version="1" lat="35.64723971748" lon="128.40162418869">
    
    
    <tag k="ele" v="46.88033671937"/>
    
  
  </node>
  
  
  <node id="199149" version="1" lat="35.6471714788" lon="128.40169290952">
    
    
    <tag k="ele" v="46.99418857329"/>
    
  
  </node>
  
  
  <node id="199150" version="1" lat="35.64715168026" lon="128.40170599018">
    
    
    <tag k="ele" v="46.97899998875"/>
    
  
  </node>
  
  
  <node id="199151" version="1" lat="35.64713886396" lon="128.40172483402">
    
    
    <tag k="ele" v="46.96556099931"/>
    
  
  </node>
  
  
  <node id="199153" version="1" lat="35.64714578499" lon="128.40162931045">
    
    
    <tag k="ele" v="46.97704504998"/>
    
  
  </node>
  
  
  <node id="199154" version="1" lat="35.64713214719" lon="128.40163920426">
    
    
    <tag k="ele" v="46.98900001179"/>
    
  
  </node>
  
  
  <node id="199155" version="1" lat="35.64711082734" lon="128.40166248358">
    
    
    <tag k="ele" v="46.98970675971"/>
    
  
  </node>
  
  
  <node id="199156" version="1" lat="35.64709180083" lon="128.40170316298">
    
    
    <tag k="ele" v="46.9683589698"/>
    
  
  </node>
  
  
  <node id="199157" version="1" lat="35.64708511332" lon="128.40174053771">
    
    
    <tag k="ele" v="46.94142642171"/>
    
  
  </node>
  
  
  <node id="199163" version="1" lat="35.647208878" lon="128.40181574193">
    
    
    <tag k="ele" v="46.98938515457"/>
    
  
  </node>
  
  
  <node id="199164" version="1" lat="35.64722642186" lon="128.40180029981">
    
    
    <tag k="ele" v="46.97794721097"/>
    
  
  </node>
  
  
  <node id="199165" version="1" lat="35.64723754142" lon="128.40177586294">
    
    
    <tag k="ele" v="46.9969325006"/>
    
  
  </node>
  
  
  <node id="199166" version="1" lat="35.64723974886" lon="128.40175423645">
    
    
    <tag k="ele" v="47.00202683584"/>
    
  
  </node>
  
  
  <node id="199168" version="1" lat="35.64719818985" lon="128.40188901431">
    
    
    <tag k="ele" v="46.89448658727"/>
    
  
  </node>
  
  
  <node id="199169" version="1" lat="35.64722481182" lon="128.40188323204">
    
    
    <tag k="ele" v="46.90829465002"/>
    
  
  </node>
  
  
  <node id="199170" version="1" lat="35.64723894438" lon="128.40187668414">
    
    
    <tag k="ele" v="46.90219691916"/>
    
  
  </node>
  
  
  <node id="199171" version="1" lat="35.64726467547" lon="128.40185532555">
    
    
    <tag k="ele" v="46.92323412239"/>
    
  
  </node>
  
  
  <node id="199172" version="1" lat="35.64727665518" lon="128.4018397719">
    
    
    <tag k="ele" v="46.91971869734"/>
    
  
  </node>
  
  
  <node id="199173" version="1" lat="35.64729251188" lon="128.40180920103">
    
    
    <tag k="ele" v="46.90155628121"/>
    
  
  </node>
  
  
  <node id="199174" version="1" lat="35.64729826466" lon="128.40179050346">
    
    
    <tag k="ele" v="46.89472881974"/>
    
  
  </node>
  
  
  <node id="199175" version="1" lat="35.64730327195" lon="128.40175425403">
    
    
    <tag k="ele" v="46.89111438684"/>
    
  
  </node>
  
  
  <node id="199182" version="1" lat="35.647248424" lon="128.4016931095">
    
    
    <tag k="ele" v="46.96755628811"/>
    
  
  </node>
  
  
  <node id="199183" version="1" lat="35.64725415243" lon="128.40167791885">
    
    
    <tag k="ele" v="46.97093955084"/>
    
  
  </node>
  
  
  <node id="199184" version="1" lat="35.64726242856" lon="128.4016660995">
    
    
    <tag k="ele" v="46.95769955367"/>
    
  
  </node>
  
  
  <node id="199186" version="1" lat="35.64729751323" lon="128.4016993295">
    
    
    <tag k="ele" v="46.91939233839"/>
    
  
  </node>
  
  
  <node id="199191" version="1" lat="35.64723662575" lon="128.40173340728">
    
    
    <tag k="ele" v="46.99806009609"/>
    
  
  </node>
  
  
  <node id="199192" version="1" lat="35.6472257637" lon="128.40171202448">
    
    
    <tag k="ele" v="46.9897387693"/>
    
  
  </node>
  
  
  <node id="199193" version="1" lat="35.64721016281" lon="128.40169752008">
    
    
    <tag k="ele" v="46.99896910945"/>
    
  
  </node>
  
  
  <node id="199195" version="1" lat="35.64730100741" lon="128.40172610672">
    
    
    <tag k="ele" v="46.8858313262"/>
    
  
  </node>
  
  
  <node id="199196" version="1" lat="35.6472936419" lon="128.40169562647">
    
    
    <tag k="ele" v="46.919"/>
    
  
  </node>
  
  
  <node id="199197" version="1" lat="35.64728409393" lon="128.40167359613">
    
    
    <tag k="ele" v="46.95874390163"/>
    
  
  </node>
  
  
  <node id="199198" version="1" lat="35.64726839653" lon="128.40165026345">
    
    
    <tag k="ele" v="46.95669098477"/>
    
  
  </node>
  
  
  <node id="199199" version="1" lat="35.6472525451" lon="128.4016354365">
    
    
    <tag k="ele" v="46.9220220926"/>
    
  
  </node>
  
  
  <node id="199200" version="1" lat="35.64722730926" lon="128.40162136103">
    
    
    <tag k="ele" v="46.9245870612"/>
    
  
  </node>
  
  
  <node id="199201" version="1" lat="35.64720823691" lon="128.40161631821">
    
    
    <tag k="ele" v="46.94355528718"/>
    
  
  </node>
  
  
  <node id="199207" version="1" lat="35.64725528257" lon="128.40184015755">
    
    
    <tag k="ele" v="46.94385074629"/>
    
  
  </node>
  
  
  <node id="199208" version="1" lat="35.6472448551" lon="128.40180231741">
    
    
    <tag k="ele" v="46.95938785895"/>
    
  
  </node>
  
  
  <node id="199210" version="1" lat="35.64730061832" lon="128.40181409702">
    
    
    <tag k="ele" v="46.93543757342"/>
    
  
  </node>
  
  
  <node id="199214" version="1" lat="35.64722048099" lon="128.40183072697">
    
    
    <tag k="ele" v="46.96404936061"/>
    
  
  </node>
  
  
  <node id="199215" version="1" lat="35.64725140696" lon="128.40184620723">
    
    
    <tag k="ele" v="46.94423476409"/>
    
  
  </node>
  
  
  <node id="199217" version="1" lat="35.64723657576" lon="128.40189405659">
    
    
    <tag k="ele" v="46.88870050447"/>
    
  
  </node>
  
  
  <node id="199221" version="1" lat="35.65495750212" lon="128.39496527917">
    
    
    <tag k="ele" v="47.4048741709"/>
    
  
  </node>
  
  
  <node id="199222" version="1" lat="35.65487688448" lon="128.39508938437">
    
    
    <tag k="ele" v="47.33474224405"/>
    
  
  </node>
  
  
  <node id="199223" version="1" lat="35.65482812349" lon="128.39515849564">
    
    
    <tag k="ele" v="47.33864318981"/>
    
  
  </node>
  
  
  <node id="199224" version="1" lat="35.6547691347" lon="128.39523303841">
    
    
    <tag k="ele" v="47.33941119794"/>
    
  
  </node>
  
  
  <node id="199225" version="1" lat="35.65469784541" lon="128.39531381526">
    
    
    <tag k="ele" v="47.33855781624"/>
    
  
  </node>
  
  
  <node id="199227" version="1" lat="35.65492965864" lon="128.39494015074">
    
    
    <tag k="ele" v="47.43730457999"/>
    
  
  </node>
  
  
  <node id="199228" version="1" lat="35.65481006925" lon="128.39511541548">
    
    
    <tag k="ele" v="47.38816593817"/>
    
  
  </node>
  
  
  <node id="199229" version="1" lat="35.654738362" lon="128.39520980184">
    
    
    <tag k="ele" v="47.37273615224"/>
    
  
  </node>
  
  
  <node id="199230" version="1" lat="35.65467613247" lon="128.39528430507">
    
    
    <tag k="ele" v="47.38186974562"/>
    
  
  </node>
  
  
  <node id="199237" version="1" lat="35.65463414123" lon="128.39522956987">
    
    
    <tag k="ele" v="47.4089999878"/>
    
  
  </node>
  
  
  <node id="199238" version="1" lat="35.65474221942" lon="128.39509486429">
    
    
    <tag k="ele" v="47.35902998778"/>
    
  
  </node>
  
  
  <node id="199239" version="1" lat="35.65490086452" lon="128.39486746348">
    
    
    <tag k="ele" v="47.41692198604"/>
    
  
  </node>
  
  
  <node id="199241" version="1" lat="35.65465688268" lon="128.39525835263">
    
    
    <tag k="ele" v="47.439"/>
    
  
  </node>
  
  
  <node id="199242" version="1" lat="35.65472783699" lon="128.39517340826">
    
    
    <tag k="ele" v="47.40884258196"/>
    
  
  </node>
  
  
  <node id="199243" version="1" lat="35.65479133028" lon="128.39509034687">
    
    
    <tag k="ele" v="47.40574848568"/>
    
  
  </node>
  
  
  <node id="199244" version="1" lat="35.65485542086" lon="128.39500031884">
    
    
    <tag k="ele" v="47.39328878126"/>
    
  
  </node>
  
  
  <node id="199245" version="1" lat="35.65492580541" lon="128.39489218131">
    
    
    <tag k="ele" v="47.44044370531"/>
    
  
  </node>
  
  
  <node id="199251" version="1" lat="35.65269142308" lon="128.39704592438">
    
    
    <tag k="ele" v="47.12044904091"/>
    
  
  </node>
  
  
  <node id="199252" version="1" lat="35.65268127881" lon="128.39706113621">
    
    
    <tag k="ele" v="47.14985266082"/>
    
  
  </node>
  
  
  <node id="199253" version="1" lat="35.65267427704" lon="128.39708018497">
    
    
    <tag k="ele" v="47.14315636177"/>
    
  
  </node>
  
  
  <node id="199254" version="1" lat="35.65265902956" lon="128.39713537925">
    
    
    <tag k="ele" v="47.13518866533"/>
    
  
  </node>
  
  
  <node id="199256" version="1" lat="35.65266038096" lon="128.39702933913">
    
    
    <tag k="ele" v="47.10900001793"/>
    
  
  </node>
  
  
  <node id="199257" version="1" lat="35.65262909765" lon="128.39711984771">
    
    
    <tag k="ele" v="47.1442592056"/>
    
  
  </node>
  
  
  <node id="199263" version="1" lat="35.6550283466" lon="128.39465290947">
    
    
    <tag k="ele" v="47.4198422816"/>
    
  
  </node>
  
  
  <node id="199264" version="1" lat="35.65509438603" lon="128.39453070401">
    
    
    <tag k="ele" v="47.46433969647"/>
    
  
  </node>
  
  
  <node id="199265" version="1" lat="35.65517099146" lon="128.39436556691">
    
    
    <tag k="ele" v="47.59917867924"/>
    
  
  </node>
  
  
  <node id="199266" version="1" lat="35.6552429719" lon="128.39419885846">
    
    
    <tag k="ele" v="47.76894860518"/>
    
  
  </node>
  
  
  <node id="199267" version="1" lat="35.655314617" lon="128.39402524604">
    
    
    <tag k="ele" v="47.89877243575"/>
    
  
  </node>
  
  
  <node id="199268" version="1" lat="35.65534864956" lon="128.3939321371">
    
    
    <tag k="ele" v="47.98564800837"/>
    
  
  </node>
  
  
  <node id="199270" version="1" lat="35.655059356" lon="128.39466554037">
    
    
    <tag k="ele" v="47.51337096414"/>
    
  
  </node>
  
  
  <node id="199271" version="1" lat="35.65515283781" lon="128.39448288324">
    
    
    <tag k="ele" v="47.5975702071"/>
    
  
  </node>
  
  
  <node id="199272" version="1" lat="35.65525873017" lon="128.39424828687">
    
    
    <tag k="ele" v="47.802303136"/>
    
  
  </node>
  
  
  <node id="199273" version="1" lat="35.65537981828" lon="128.39395004887">
    
    
    <tag k="ele" v="48.04916649598"/>
    
  
  </node>
  
  
  <node id="199280" version="1" lat="35.65554425447" lon="128.39335660375">
    
    
    <tag k="ele" v="48.30852212552"/>
    
  
  </node>
  
  
  <node id="199281" version="1" lat="35.65543517327" lon="128.39363519887">
    
    
    <tag k="ele" v="48.07007339197"/>
    
  
  </node>
  
  
  <node id="199282" version="1" lat="35.65542145498" lon="128.39367746173">
    
    
    <tag k="ele" v="48.05023438812"/>
    
  
  </node>
  
  
  <node id="199283" version="1" lat="35.65541629355" lon="128.39370851012">
    
    
    <tag k="ele" v="48.05985648072"/>
    
  
  </node>
  
  
  <node id="199284" version="1" lat="35.65541569945" lon="128.39373460555">
    
    
    <tag k="ele" v="48.05863232289"/>
    
  
  </node>
  
  
  <node id="199285" version="1" lat="35.65542050835" lon="128.39377299684">
    
    
    <tag k="ele" v="48.07835911509"/>
    
  
  </node>
  
  
  <node id="199286" version="1" lat="35.65543638005" lon="128.39385013708">
    
    
    <tag k="ele" v="48.13175416577"/>
    
  
  </node>
  
  
  <node id="199287" version="1" lat="35.65543645616" lon="128.39387145883">
    
    
    <tag k="ele" v="48.14369820238"/>
    
  
  </node>
  
  
  <node id="199288" version="1" lat="35.65542813379" lon="128.39391114762">
    
    
    <tag k="ele" v="48.13366017601"/>
    
  
  </node>
  
  
  <node id="199289" version="1" lat="35.65540843728" lon="128.39396619294">
    
    
    <tag k="ele" v="48.13642352795"/>
    
  
  </node>
  
  
  <node id="199291" version="1" lat="35.65550430867" lon="128.39333307599">
    
    
    <tag k="ele" v="48.30337579198"/>
    
  
  </node>
  
  
  <node id="199292" version="1" lat="35.65539519479" lon="128.39361248613">
    
    
    <tag k="ele" v="47.96381909819"/>
    
  
  </node>
  
  
  <node id="199293" version="1" lat="35.65537898093" lon="128.39366639721">
    
    
    <tag k="ele" v="47.95948641767"/>
    
  
  </node>
  
  
  <node id="199294" version="1" lat="35.65537595201" lon="128.39368828177">
    
    
    <tag k="ele" v="47.96850968359"/>
    
  
  </node>
  
  
  <node id="199295" version="1" lat="35.65537705389" lon="128.39372934545">
    
    
    <tag k="ele" v="47.96722444911"/>
    
  
  </node>
  
  
  <node id="199296" version="1" lat="35.65539965986" lon="128.39383552844">
    
    
    <tag k="ele" v="48.06077942417"/>
    
  
  </node>
  
  
  <node id="199297" version="1" lat="35.65540136632" lon="128.39386361379">
    
    
    <tag k="ele" v="48.06769444816"/>
    
  
  </node>
  
  
  <node id="199298" version="1" lat="35.6553964967" lon="128.39389734973">
    
    
    <tag k="ele" v="48.05864222039"/>
    
  
  </node>
  
  
  <node id="199299" version="1" lat="35.65537970897" lon="128.3939502778">
    
    
    <tag k="ele" v="48.04909359555"/>
    
  
  </node>
  
  
  <node id="199311" version="1" lat="35.65536165611" lon="128.39389998119">
    
    
    <tag k="ele" v="47.99521124633"/>
    
  
  </node>
  
  
  <node id="199312" version="1" lat="35.65537803625" lon="128.39387232833">
    
    
    <tag k="ele" v="48.02061967922"/>
    
  
  </node>
  
  
  <node id="199313" version="1" lat="35.65547953179" lon="128.39376153068">
    
    
    <tag k="ele" v="48.23171791925"/>
    
  
  </node>
  
  
  <node id="199314" version="1" lat="35.65549495015" lon="128.39373706421">
    
    
    <tag k="ele" v="48.30762604521"/>
    
  
  </node>
  
  
  <node id="199315" version="1" lat="35.65550997745" lon="128.39370280753">
    
    
    <tag k="ele" v="48.39688218364"/>
    
  
  </node>
  
  
  <node id="199317" version="1" lat="35.65539821271" lon="128.39390718569">
    
    
    <tag k="ele" v="48.05629378449"/>
    
  
  </node>
  
  
  <node id="199318" version="1" lat="35.65540834533" lon="128.39389161652">
    
    
    <tag k="ele" v="48.09287113288"/>
    
  
  </node>
  
  
  <node id="199319" version="1" lat="35.65543012132" lon="128.39386794649">
    
    
    <tag k="ele" v="48.13256446628"/>
    
  
  </node>
  
  
  <node id="199320" version="1" lat="35.65551188641" lon="128.39379470962">
    
    
    <tag k="ele" v="48.30554977301"/>
    
  
  </node>
  
  
  <node id="199321" version="1" lat="35.65553293982" lon="128.39376499131">
    
    
    <tag k="ele" v="48.38563168221"/>
    
  
  </node>
  
  
  <node id="199322" version="1" lat="35.65554974936" lon="128.3937269473">
    
    
    <tag k="ele" v="48.45525855276"/>
    
  
  </node>
  
  
  <node id="199329" version="1" lat="35.65580796809" lon="128.39268232092">
    
    
    <tag k="ele" v="58.43975902314"/>
    
  
  </node>
  
  
  <node id="199331" version="1" lat="35.65576758451" lon="128.39265698835">
    
    
    <tag k="ele" v="58.49374321435"/>
    
  
  </node>
  
  
  <node id="199335" version="1" lat="35.65589095096" lon="128.39272775023">
    
    
    <tag k="ele" v="58.299"/>
    
  
  </node>
  
  
  <node id="199337" version="1" lat="35.65593135431" lon="128.39275026007">
    
    
    <tag k="ele" v="58.23547113042"/>
    
  
  </node>
  
  
  <node id="199341" version="1" lat="35.64590541603" lon="128.40285031024">
    
    
    <tag k="ele" v="47.98300768749"/>
    
  
  </node>
  
  
  <node id="199342" version="1" lat="35.64600464601" lon="128.40287441833">
    
    
    <tag k="ele" v="48.00796368457"/>
    
  
  </node>
  
  
  <node id="199343" version="1" lat="35.64609520839" lon="128.40291219237">
    
    
    <tag k="ele" v="48.01969105268"/>
    
  
  </node>
  
  
  <node id="199344" version="1" lat="35.64618871988" lon="128.40297066792">
    
    
    <tag k="ele" v="48.00396720065"/>
    
  
  </node>
  
  
  <node id="199345" version="1" lat="35.64623481738" lon="128.40300592487">
    
    
    <tag k="ele" v="47.99860379037"/>
    
  
  </node>
  
  
  <node id="199346" version="1" lat="35.64626717261" lon="128.40303540122">
    
    
    <tag k="ele" v="48.02796679501"/>
    
  
  </node>
  
  
  <node id="199348" version="1" lat="35.64590065275" lon="128.40289345793">
    
    
    <tag k="ele" v="47.96078698969"/>
    
  
  </node>
  
  
  <node id="199349" version="1" lat="35.64594988555" lon="128.40290414617">
    
    
    <tag k="ele" v="47.9700210017"/>
    
  
  </node>
  
  
  <node id="199350" version="1" lat="35.64600440773" lon="128.40292086573">
    
    
    <tag k="ele" v="47.97421569968"/>
    
  
  </node>
  
  
  <node id="199351" version="1" lat="35.64609131837" lon="128.40295840375">
    
    
    <tag k="ele" v="48.00138018688"/>
    
  
  </node>
  
  
  <node id="199352" version="1" lat="35.64616959904" lon="128.40300836004">
    
    
    <tag k="ele" v="47.99833680112"/>
    
  
  </node>
  
  
  <node id="199353" version="1" lat="35.64624370181" lon="128.40307133823">
    
    
    <tag k="ele" v="48.00306150848"/>
    
  
  </node>
  
  
  <node id="199361" version="1" lat="35.64631684147" lon="128.403089457">
    
    
    <tag k="ele" v="48.05899999476"/>
    
  
  </node>
  
  
  <node id="199363" version="1" lat="35.64629205212" lon="128.40312194735">
    
    
    <tag k="ele" v="48.00799575798"/>
    
  
  </node>
  
  
  <node id="199367" version="1" lat="35.64637143594" lon="128.40315825362">
    
    
    <tag k="ele" v="48.09778441579"/>
    
  
  </node>
  
  
  <node id="199369" version="1" lat="35.64634550755" lon="128.40318634561">
    
    
    <tag k="ele" v="48.04762272084"/>
    
  
  </node>
  
  
  <node id="199373" version="1" lat="35.64654639129" lon="128.40393598667">
    
    
    <tag k="ele" v="48.09550924461"/>
    
  
  </node>
  
  
  <node id="199374" version="1" lat="35.64652804249" lon="128.40402606662">
    
    
    <tag k="ele" v="48.07755258011"/>
    
  
  </node>
  
  
  <node id="199375" version="1" lat="35.6464929292" lon="128.40414467649">
    
    
    <tag k="ele" v="48.03194243651"/>
    
  
  </node>
  
  
  <node id="199376" version="1" lat="35.64645480756" lon="128.40423797116">
    
    
    <tag k="ele" v="48.02769336001"/>
    
  
  </node>
  
  
  <node id="199377" version="1" lat="35.64640884561" lon="128.40432182786">
    
    
    <tag k="ele" v="48.04752361112"/>
    
  
  </node>
  
  
  <node id="199379" version="1" lat="35.64651011225" lon="128.40392797109">
    
    
    <tag k="ele" v="48.04790155645"/>
    
  
  </node>
  
  
  <node id="199380" version="1" lat="35.64649370056" lon="128.40401391896">
    
    
    <tag k="ele" v="47.98193626077"/>
    
  
  </node>
  
  
  <node id="199381" version="1" lat="35.64646051178" lon="128.40412676411">
    
    
    <tag k="ele" v="48.04584752102"/>
    
  
  </node>
  
  
  <node id="199382" version="1" lat="35.64642783299" lon="128.40420581219">
    
    
    <tag k="ele" v="47.95231592142"/>
    
  
  </node>
  
  
  <node id="199383" version="1" lat="35.64638041893" lon="128.4042943428">
    
    
    <tag k="ele" v="48.0121907558"/>
    
  
  </node>
  
  
  <node id="199391" version="1" lat="35.64641925342" lon="128.40323163485">
    
    
    <tag k="ele" v="48.10353298633"/>
    
  
  </node>
  
  
  <node id="199392" version="1" lat="35.64646317937" lon="128.40331874091">
    
    
    <tag k="ele" v="48.09364780806"/>
    
  
  </node>
  
  
  <node id="199393" version="1" lat="35.64650391487" lon="128.40342327475">
    
    
    <tag k="ele" v="48.07741723026"/>
    
  
  </node>
  
  
  <node id="199394" version="1" lat="35.64652843734" lon="128.40351071627">
    
    
    <tag k="ele" v="48.10006093808"/>
    
  
  </node>
  
  
  <node id="199395" version="1" lat="35.64654903181" lon="128.40361986125">
    
    
    <tag k="ele" v="48.10460979768"/>
    
  
  </node>
  
  
  <node id="199396" version="1" lat="35.64655649922" lon="128.40370585478">
    
    
    <tag k="ele" v="48.08023884652"/>
    
  
  </node>
  
  
  <node id="199397" version="1" lat="35.64655656702" lon="128.40382121152">
    
    
    <tag k="ele" v="48.0981844525"/>
    
  
  </node>
  
  
  <node id="199399" version="1" lat="35.64640341198" lon="128.40328202331">
    
    
    <tag k="ele" v="48.04945664794"/>
    
  
  </node>
  
  
  <node id="199400" version="1" lat="35.64643963156" lon="128.40335805211">
    
    
    <tag k="ele" v="48.00133604765"/>
    
  
  </node>
  
  
  <node id="199401" version="1" lat="35.64647009868" lon="128.40343891892">
    
    
    <tag k="ele" v="47.98615364083"/>
    
  
  </node>
  
  
  <node id="199402" version="1" lat="35.64650043048" lon="128.40355249638">
    
    
    <tag k="ele" v="48.05042124155"/>
    
  
  </node>
  
  
  <node id="199403" version="1" lat="35.64651904491" lon="128.40367534588">
    
    
    <tag k="ele" v="48.04752909279"/>
    
  
  </node>
  
  
  <node id="199404" version="1" lat="35.64652249865" lon="128.40376265646">
    
    
    <tag k="ele" v="48.04742706288"/>
    
  
  </node>
  
  
  <node id="199405" version="1" lat="35.64651981108" lon="128.40384005991">
    
    
    <tag k="ele" v="48.0158531654"/>
    
  
  </node>
  
  
  <node id="199415" version="1" lat="35.6473502514" lon="128.40344710694">
    
    
    <tag k="ele" v="47.58676025933"/>
    
  
  </node>
  
  
  <node id="199416" version="1" lat="35.646703765" lon="128.40404476045">
    
    
    <tag k="ele" v="48.08060120267"/>
    
  
  </node>
  
  
  <node id="199418" version="1" lat="35.64732292796" lon="128.40340196641">
    
    
    <tag k="ele" v="47.62308040927"/>
    
  
  </node>
  
  
  <node id="199419" version="1" lat="35.64716233595" lon="128.4035613531">
    
    
    <tag k="ele" v="48.03136486644"/>
    
  
  </node>
  
  
  <node id="199420" version="1" lat="35.6470332567" lon="128.40367939246">
    
    
    <tag k="ele" v="48.11028487633"/>
    
  
  </node>
  
  
  <node id="199421" version="1" lat="35.64693846648" lon="128.40376129333">
    
    
    <tag k="ele" v="48.10844153316"/>
    
  
  </node>
  
  
  <node id="199422" version="1" lat="35.64680320937" lon="128.40386703236">
    
    
    <tag k="ele" v="48.03369175572"/>
    
  
  </node>
  
  
  <node id="199423" version="1" lat="35.64665770122" lon="128.40395990202">
    
    
    <tag k="ele" v="48.03829567117"/>
    
  
  </node>
  
  
  <node id="199431" version="1" lat="35.64651784024" lon="128.40421639532">
    
    
    <tag k="ele" v="48.06089208191"/>
    
  
  </node>
  
  
  <node id="199433" version="1" lat="35.64658412052" lon="128.40403184441">
    
    
    <tag k="ele" v="48.06879525099"/>
    
  
  </node>
  
  
  <node id="199434" version="1" lat="35.6464798349" lon="128.40415020019">
    
    
    <tag k="ele" v="48.01780885333"/>
    
  
  </node>
  
  
  <node id="199435" version="1" lat="35.64642583245" lon="128.40422279116">
    
    
    <tag k="ele" v="48.00078699735"/>
    
  
  </node>
  
  
  <node id="199440" version="1" lat="35.6463633687" lon="128.40278324859">
    
    
    <tag k="ele" v="48.02667902243"/>
    
  
  </node>
  
  
  <node id="199441" version="1" lat="35.64672486827" lon="128.40273242965">
    
    
    <tag k="ele" v="47.97044449803"/>
    
  
  </node>
  
  
  <node id="199442" version="1" lat="35.64697571572" lon="128.40270211674">
    
    
    <tag k="ele" v="47.41735837442"/>
    
  
  </node>
  
  
  <node id="199444" version="1" lat="35.64637654475" lon="128.40287978434">
    
    
    <tag k="ele" v="47.93931779973"/>
    
  
  </node>
  
  
  <node id="199445" version="1" lat="35.64642831609" lon="128.402856089">
    
    
    <tag k="ele" v="47.95767012825"/>
    
  
  </node>
  
  
  <node id="199446" version="1" lat="35.64647951835" lon="128.4028387901">
    
    
    <tag k="ele" v="47.94884227652"/>
    
  
  </node>
  
  
  <node id="199447" version="1" lat="35.64663440388" lon="128.40279675674">
    
    
    <tag k="ele" v="47.96441972618"/>
    
  
  </node>
  
  
  <node id="199448" version="1" lat="35.64682895437" lon="128.40276799523">
    
    
    <tag k="ele" v="47.86046430948"/>
    
  
  </node>
  
  
  <node id="199449" version="1" lat="35.6469795674" lon="128.40275083065">
    
    
    <tag k="ele" v="47.52906848907"/>
    
  
  </node>
  
  
  <node id="199456" version="1" lat="35.65260332166" lon="128.39688850098">
    
    
    <tag k="ele" v="47.06055602339"/>
    
  
  </node>
  
  
  <node id="199457" version="1" lat="35.6526341574" lon="128.39689772464">
    
    
    <tag k="ele" v="47.06371506515"/>
    
  
  </node>
  
  
  <node id="199458" version="1" lat="35.65265863856" lon="128.39690952416">
    
    
    <tag k="ele" v="47.08530716713"/>
    
  
  </node>
  
  
  <node id="199459" version="1" lat="35.65269187783" lon="128.39694020397">
    
    
    <tag k="ele" v="47.10273209134"/>
    
  
  </node>
  
  
  <node id="199461" version="1" lat="35.65259299414" lon="128.39692554688">
    
    
    <tag k="ele" v="47.04573721006"/>
    
  
  </node>
  
  
  <node id="199462" version="1" lat="35.65262330923" lon="128.39694834847">
    
    
    <tag k="ele" v="47.08987971902"/>
    
  
  </node>
  
  
  <node id="199463" version="1" lat="35.65264692152" lon="128.39697830808">
    
    
    <tag k="ele" v="47.08900001334"/>
    
  
  </node>
  
  
  <node id="199469" version="1" lat="35.65270258635" lon="128.39695545448">
    
    
    <tag k="ele" v="47.09900016014"/>
    
  
  </node>
  
  
  <node id="199470" version="1" lat="35.65271490598" lon="128.39696513261">
    
    
    <tag k="ele" v="47.09899999605"/>
    
  
  </node>
  
  
  <node id="199471" version="1" lat="35.65273115422" lon="128.39697106561">
    
    
    <tag k="ele" v="47.09899995332"/>
    
  
  </node>
  
  
  <node id="199472" version="1" lat="35.65274864836" lon="128.39697016418">
    
    
    <tag k="ele" v="47.09900001786"/>
    
  
  </node>
  
  
  <node id="199474" version="1" lat="35.65266990675" lon="128.39700707748">
    
    
    <tag k="ele" v="47.10510068682"/>
    
  
  </node>
  
  
  <node id="199475" version="1" lat="35.65269464094" lon="128.39702423341">
    
    
    <tag k="ele" v="47.10899999734"/>
    
  
  </node>
  
  
  <node id="199476" version="1" lat="35.65272825181" lon="128.39703320114">
    
    
    <tag k="ele" v="47.10909533862"/>
    
  
  </node>
  
  
  <node id="199477" version="1" lat="35.65276016784" lon="128.39702949787">
    
    
    <tag k="ele" v="47.13628249799"/>
    
  
  </node>
  
  
  <node id="199484" version="1" lat="35.65270034676" lon="128.39696306141">
    
    
    <tag k="ele" v="47.0972374516"/>
    
  
  </node>
  
  
  <node id="199485" version="1" lat="35.65270461691" lon="128.39698951422">
    
    
    <tag k="ele" v="47.089"/>
    
  
  </node>
  
  
  <node id="199486" version="1" lat="35.65270256791" lon="128.39701371046">
    
    
    <tag k="ele" v="47.10899999734"/>
    
  
  </node>
  
  
  <node id="199488" version="1" lat="35.65265854468" lon="128.39700196058">
    
    
    <tag k="ele" v="47.12378037452"/>
    
  
  </node>
  
  
  <node id="199492" version="1" lat="35.65276037428" lon="128.3970600592">
    
    
    <tag k="ele" v="47.16724950983"/>
    
  
  </node>
  
  
  <node id="199493" version="1" lat="35.65276375973" lon="128.39698597374">
    
    
    <tag k="ele" v="47.1166522046"/>
    
  
  </node>
  
  
  <node id="199494" version="1" lat="35.65276757085" lon="128.39697024182">
    
    
    <tag k="ele" v="47.1098560469"/>
    
  
  </node>
  
  
  <node id="199495" version="1" lat="35.6527767049" lon="128.39695181358">
    
    
    <tag k="ele" v="47.12355293713"/>
    
  
  </node>
  
  
  <node id="199497" version="1" lat="35.6527900103" lon="128.39706885505">
    
    
    <tag k="ele" v="47.16563438581"/>
    
  
  </node>
  
  
  <node id="199498" version="1" lat="35.65280427473" lon="128.39701860244">
    
    
    <tag k="ele" v="47.17851123703"/>
    
  
  </node>
  
  
  <node id="199499" version="1" lat="35.65281440638" lon="128.39700467394">
    
    
    <tag k="ele" v="47.178"/>
    
  
  </node>
  
  
  <node id="199505" version="1" lat="35.65279008423" lon="128.39694236037">
    
    
    <tag k="ele" v="47.132605399"/>
    
  
  </node>
  
  
  <node id="199506" version="1" lat="35.65280807533" lon="128.39693542593">
    
    
    <tag k="ele" v="47.1498923841"/>
    
  
  </node>
  
  
  <node id="199507" version="1" lat="35.65285709185" lon="128.39692575992">
    
    
    <tag k="ele" v="47.32816947016"/>
    
  
  </node>
  
  
  <node id="199508" version="1" lat="35.65287275716" lon="128.39693209058">
    
    
    <tag k="ele" v="47.11046249833"/>
    
  
  </node>
  
  
  <node id="199509" version="1" lat="35.65288194053" lon="128.39693129419">
    
    
    <tag k="ele" v="47.19223008991"/>
    
  
  </node>
  
  
  <node id="199510" version="1" lat="35.65291081527" lon="128.39691678858">
    
    
    <tag k="ele" v="47.21214746215"/>
    
  
  </node>
  
  
  <node id="199512" version="1" lat="35.65283438285" lon="128.3969895677">
    
    
    <tag k="ele" v="47.18989855245"/>
    
  
  </node>
  
  
  <node id="199513" version="1" lat="35.65285811954" lon="128.39697728756">
    
    
    <tag k="ele" v="47.1871754617"/>
    
  
  </node>
  
  
  <node id="199514" version="1" lat="35.65292198168" lon="128.39695383394">
    
    
    <tag k="ele" v="47.20716156802"/>
    
  
  </node>
  
  
  <node id="199521" version="1" lat="35.65269138014" lon="128.39704619723">
    
    
    <tag k="ele" v="47.10261894427"/>
    
  
  </node>
  
  
  <node id="199522" version="1" lat="35.65270344735" lon="128.39701492725">
    
    
    <tag k="ele" v="47.10899999734"/>
    
  
  </node>
  
  
  <node id="199523" version="1" lat="35.65271615383" lon="128.39699580362">
    
    
    <tag k="ele" v="47.07871336502"/>
    
  
  </node>
  
  
  <node id="199524" version="1" lat="35.65272843493" lon="128.39698322381">
    
    
    <tag k="ele" v="47.09569596105"/>
    
  
  </node>
  
  
  <node id="199526" version="1" lat="35.65272118881" lon="128.39706351342">
    
    
    <tag k="ele" v="47.12861867667"/>
    
  
  </node>
  
  
  <node id="199527" version="1" lat="35.65273852029" lon="128.39704440406">
    
    
    <tag k="ele" v="47.13681256603"/>
    
  
  </node>
  
  
  <node id="199532" version="1" lat="35.6527618644" lon="128.39696498489">
    
    
    <tag k="ele" v="47.09899994602"/>
    
  
  </node>
  
  
  <node id="199534" version="1" lat="35.65279206866" lon="128.39701876248">
    
    
    <tag k="ele" v="47.15287178933"/>
    
  
  </node>
  
  
  <node id="199538" version="1" lat="35.65278698337" lon="128.39693406701">
    
    
    <tag k="ele" v="47.13818386344"/>
    
  
  </node>
  
  
  <node id="199539" version="1" lat="35.65279227185" lon="128.39690991472">
    
    
    <tag k="ele" v="47.14175108849"/>
    
  
  </node>
  
  
  <node id="199540" version="1" lat="35.65278992764" lon="128.39688512238">
    
    
    <tag k="ele" v="47.13563065053"/>
    
  
  </node>
  
  
  <node id="199541" version="1" lat="35.65277795028" lon="128.39686001408">
    
    
    <tag k="ele" v="47.13820283199"/>
    
  
  </node>
  
  
  <node id="199542" version="1" lat="35.6527581902" lon="128.39684341572">
    
    
    <tag k="ele" v="47.11481375649"/>
    
  
  </node>
  
  
  <node id="199543" version="1" lat="35.65273938608" lon="128.39683858189">
    
    
    <tag k="ele" v="47.11867035049"/>
    
  
  </node>
  
  
  <node id="199544" version="1" lat="35.65272110496" lon="128.39684232183">
    
    
    <tag k="ele" v="47.10842455377"/>
    
  
  </node>
  
  
  <node id="199545" version="1" lat="35.65270070638" lon="128.39685729808">
    
    
    <tag k="ele" v="47.10650333446"/>
    
  
  </node>
  
  
  <node id="199547" version="1" lat="35.65283098328" lon="128.39698315033">
    
    
    <tag k="ele" v="47.17674232356"/>
    
  
  </node>
  
  
  <node id="199548" version="1" lat="35.65284118906" lon="128.39696268257">
    
    
    <tag k="ele" v="47.16461384758"/>
    
  
  </node>
  
  
  <node id="199549" version="1" lat="35.65285126867" lon="128.39691990921">
    
    
    <tag k="ele" v="47.17900018894"/>
    
  
  </node>
  
  
  <node id="199550" version="1" lat="35.65284666805" lon="128.39690616533">
    
    
    <tag k="ele" v="47.18193453771"/>
    
  
  </node>
  
  
  <node id="199551" version="1" lat="35.65284019055" lon="128.39685994756">
    
    
    <tag k="ele" v="47.17068733282"/>
    
  
  </node>
  
  
  <node id="199552" version="1" lat="35.65282114273" lon="128.39682004889">
    
    
    <tag k="ele" v="47.14698308823"/>
    
  
  </node>
  
  
  <node id="199553" version="1" lat="35.65279981027" lon="128.39679609422">
    
    
    <tag k="ele" v="47.11534347538"/>
    
  
  </node>
  
  
  <node id="199554" version="1" lat="35.6527832643" lon="128.3967844399">
    
    
    <tag k="ele" v="47.10927001584"/>
    
  
  </node>
  
  
  <node id="199555" version="1" lat="35.65274661457" lon="128.39677321593">
    
    
    <tag k="ele" v="47.07941765055"/>
    
  
  </node>
  
  
  <node id="199556" version="1" lat="35.65271875275" lon="128.39677457072">
    
    
    <tag k="ele" v="47.09230039706"/>
    
  
  </node>
  
  
  <node id="199557" version="1" lat="35.65270093226" lon="128.39678066372">
    
    
    <tag k="ele" v="47.08692765351"/>
    
  
  </node>
  
  
  <node id="199558" version="1" lat="35.6526831363" lon="128.39679065508">
    
    
    <tag k="ele" v="47.07053156526"/>
    
  
  </node>
  
  
  <node id="199559" version="1" lat="35.65266530918" lon="128.39680640222">
    
    
    <tag k="ele" v="47.07627491388"/>
    
  
  </node>
  
  
  <node id="199570" version="1" lat="35.65268111046" lon="128.39687354425">
    
    
    <tag k="ele" v="47.08350110797"/>
    
  
  </node>
  
  
  <node id="199571" version="1" lat="35.65265321863" lon="128.3968885688">
    
    
    <tag k="ele" v="47.08586545774"/>
    
  
  </node>
  
  
  <node id="199572" version="1" lat="35.65263266773" lon="128.39689481285">
    
    
    <tag k="ele" v="47.06217032087"/>
    
  
  </node>
  
  
  <node id="199573" version="1" lat="35.65260745666" lon="128.39689478665">
    
    
    <tag k="ele" v="47.05885475717"/>
    
  
  </node>
  
  
  <node id="199575" version="1" lat="35.65264882299" lon="128.39682089709">
    
    
    <tag k="ele" v="47.09598877175"/>
    
  
  </node>
  
  
  <node id="199576" version="1" lat="35.65261338687" lon="128.39683328533">
    
    
    <tag k="ele" v="47.02540139992"/>
    
  
  </node>
  
  
  <node id="199582" version="1" lat="35.65268901173" lon="128.3968775508">
    
    
    <tag k="ele" v="47.08266681649"/>
    
  
  </node>
  
  
  <node id="199583" version="1" lat="35.65268433386" lon="128.39689919268">
    
    
    <tag k="ele" v="47.08052824205"/>
    
  
  </node>
  
  
  <node id="199584" version="1" lat="35.65268578641" lon="128.39692119023">
    
    
    <tag k="ele" v="47.12791039559"/>
    
  
  </node>
  
  
  <node id="199586" version="1" lat="35.65264298172" lon="128.39684156075">
    
    
    <tag k="ele" v="47.06798104604"/>
    
  
  </node>
  
  
  <node id="199587" version="1" lat="35.65263098688" lon="128.39688403389">
    
    
    <tag k="ele" v="47.0607020533"/>
    
  
  </node>
  
  
  <node id="199588" version="1" lat="35.65263133208" lon="128.39692948771">
    
    
    <tag k="ele" v="47.06559793372"/>
    
  
  </node>
  
  
  <node id="199589" version="1" lat="35.65263617055" lon="128.39695120275">
    
    
    <tag k="ele" v="47.0801090604"/>
    
  
  </node>
  
  
  <node id="199595" version="1" lat="35.64728443964" lon="128.40165259817">
    
    
    <tag k="ele" v="46.96900000594"/>
    
  
  </node>
  
  
  <node id="199596" version="1" lat="35.647313413" lon="128.40162048421">
    
    
    <tag k="ele" v="46.97316430036"/>
    
  
  </node>
  
  
  <node id="199598" version="1" lat="35.64729532764" lon="128.40168727361">
    
    
    <tag k="ele" v="46.939"/>
    
  
  </node>
  
  
  <node id="199599" version="1" lat="35.64729749907" lon="128.40168183498">
    
    
    <tag k="ele" v="46.939"/>
    
  
  </node>
  
  
  <node id="199600" version="1" lat="35.64733046285" lon="128.40164292911">
    
    
    <tag k="ele" v="46.92641110858"/>
    
  
  </node>
  
  
  <node id="199605" version="1" lat="35.6526601033" lon="128.39713321407">
    
    
    <tag k="ele" v="47.14880207084"/>
    
  
  </node>
  
  
  <node id="199606" version="1" lat="35.65267610196" lon="128.39709969821">
    
    
    <tag k="ele" v="47.139"/>
    
  
  </node>
  
  
  <node id="199607" version="1" lat="35.65268609259" lon="128.39707154134">
    
    
    <tag k="ele" v="47.11752006167"/>
    
  
  </node>
  
  
  <node id="199609" version="1" lat="35.65268847805" lon="128.39715201569">
    
    
    <tag k="ele" v="47.19393667622"/>
    
  
  </node>
  
  
  <node id="199613" version="1" lat="35.65034395797" lon="128.39830828117">
    
    
    <tag k="ele" v="46.93592608879"/>
    
  
  </node>
  
  
  <node id="199614" version="1" lat="35.65038349241" lon="128.39826153267">
    
    
    <tag k="ele" v="46.94696003449"/>
    
  
  </node>
  
  
  <node id="199615" version="1" lat="35.650403997" lon="128.39822436336">
    
    
    <tag k="ele" v="46.96940573701"/>
    
  
  </node>
  
  
  <node id="199616" version="1" lat="35.65040697059" lon="128.39821112874">
    
    
    <tag k="ele" v="46.97859566496"/>
    
  
  </node>
  
  
  <node id="199617" version="1" lat="35.650405854" lon="128.39818355137">
    
    
    <tag k="ele" v="46.98596969355"/>
    
  
  </node>
  
  
  <node id="199618" version="1" lat="35.65039975145" lon="128.39816392449">
    
    
    <tag k="ele" v="46.99557004649"/>
    
  
  </node>
  
  
  <node id="199619" version="1" lat="35.65038964063" lon="128.39814671978">
    
    
    <tag k="ele" v="46.99250919169"/>
    
  
  </node>
  
  
  <node id="199620" version="1" lat="35.65036575349" lon="128.39812604054">
    
    
    <tag k="ele" v="46.96081504989"/>
    
  
  </node>
  
  
  <node id="199621" version="1" lat="35.65034833698" lon="128.39812198702">
    
    
    <tag k="ele" v="46.95480949146"/>
    
  
  </node>
  
  
  <node id="199622" version="1" lat="35.65033093145" lon="128.3981241933">
    
    
    <tag k="ele" v="46.95242900428"/>
    
  
  </node>
  
  
  <node id="199623" version="1" lat="35.65030434431" lon="128.39814236953">
    
    
    <tag k="ele" v="46.94779981636"/>
    
  
  </node>
  
  
  <node id="199624" version="1" lat="35.65025736637" lon="128.39819215607">
    
    
    <tag k="ele" v="46.94685494704"/>
    
  
  </node>
  
  
  <node id="199626" version="1" lat="35.65037589238" lon="128.39835055486">
    
    
    <tag k="ele" v="46.91887174009"/>
    
  
  </node>
  
  
  <node id="199627" version="1" lat="35.65043135814" lon="128.39828393441">
    
    
    <tag k="ele" v="46.90161386018"/>
    
  
  </node>
  
  
  <node id="199628" version="1" lat="35.65044560822" lon="128.39825860052">
    
    
    <tag k="ele" v="46.89886903498"/>
    
  
  </node>
  
  
  <node id="199629" version="1" lat="35.65045232443" lon="128.39823611875">
    
    
    <tag k="ele" v="46.91020127047"/>
    
  
  </node>
  
  
  <node id="199630" version="1" lat="35.65045438696" lon="128.39820049762">
    
    
    <tag k="ele" v="46.92917968038"/>
    
  
  </node>
  
  
  <node id="199631" version="1" lat="35.65044794548" lon="128.39816607555">
    
    
    <tag k="ele" v="46.95717046069"/>
    
  
  </node>
  
  
  <node id="199632" version="1" lat="35.65043994817" lon="128.39814498531">
    
    
    <tag k="ele" v="46.96817047838"/>
    
  
  </node>
  
  
  <node id="199633" version="1" lat="35.65041744538" lon="128.39810799006">
    
    
    <tag k="ele" v="46.96462678084"/>
    
  
  </node>
  
  
  <node id="199634" version="1" lat="35.65039529994" lon="128.39808572222">
    
    
    <tag k="ele" v="46.94967231647"/>
    
  
  </node>
  
  
  <node id="199635" version="1" lat="35.65036880171" lon="128.39807072196">
    
    
    <tag k="ele" v="46.92846940097"/>
    
  
  </node>
  
  
  <node id="199636" version="1" lat="35.65034945323" lon="128.39806762992">
    
    
    <tag k="ele" v="46.91384710342"/>
    
  
  </node>
  
  
  <node id="199637" version="1" lat="35.65033000252" lon="128.39806895641">
    
    
    <tag k="ele" v="46.90331518431"/>
    
  
  </node>
  
  
  <node id="199638" version="1" lat="35.65031143582" lon="128.39807546731">
    
    
    <tag k="ele" v="46.90178412729"/>
    
  
  </node>
  
  
  <node id="199639" version="1" lat="35.65028905875" lon="128.39809152909">
    
    
    <tag k="ele" v="46.90794504768"/>
    
  
  </node>
  
  
  <node id="199640" version="1" lat="35.65022926427" lon="128.39815397619">
    
    
    <tag k="ele" v="46.91911231992"/>
    
  
  </node>
  
  
  <node id="199655" version="1" lat="35.64730729105" lon="128.40161197465">
    
    
    <tag k="ele" v="46.94258516913"/>
    
  
  </node>
  
  
  <node id="199656" version="1" lat="35.64728518461" lon="128.40163681999">
    
    
    <tag k="ele" v="46.98056217031"/>
    
  
  </node>
  
  
  <node id="199658" version="1" lat="35.64729053999" lon="128.40158948894">
    
    
    <tag k="ele" v="46.78546352198"/>
    
  
  </node>
  
  
  <node id="199659" version="1" lat="35.6472607106" lon="128.40162194217">
    
    
    <tag k="ele" v="46.919"/>
    
  
  </node>
  
  
  <node id="199664" version="1" lat="35.64760032921" lon="128.40117299008">
    
    
    <tag k="ele" v="46.68558054705"/>
    
  
  </node>
  
  
  <node id="199665" version="1" lat="35.64753394913" lon="128.4012519086">
    
    
    <tag k="ele" v="46.72998885145"/>
    
  
  </node>
  
  
  <node id="199666" version="1" lat="35.64749498341" lon="128.40130524637">
    
    
    <tag k="ele" v="46.7514598305"/>
    
  
  </node>
  
  
  <node id="199667" version="1" lat="35.64747452559" lon="128.40134355918">
    
    
    <tag k="ele" v="46.77357930295"/>
    
  
  </node>
  
  
  <node id="199668" version="1" lat="35.64742549536" lon="128.40145372146">
    
    
    <tag k="ele" v="46.80026325096"/>
    
  
  </node>
  
  
  <node id="199669" version="1" lat="35.64739863132" lon="128.40150231094">
    
    
    <tag k="ele" v="46.84249865194"/>
    
  
  </node>
  
  
  <node id="199670" version="1" lat="35.64736459929" lon="128.40154690283">
    
    
    <tag k="ele" v="46.91269220451"/>
    
  
  </node>
  
  
  <node id="199672" version="1" lat="35.64757847462" lon="128.40114387917">
    
    
    <tag k="ele" v="46.70890553496"/>
    
  
  </node>
  
  
  <node id="199673" version="1" lat="35.64751081159" lon="128.40122442293">
    
    
    <tag k="ele" v="46.7296490685"/>
    
  
  </node>
  
  
  <node id="199674" version="1" lat="35.64747721404" lon="128.40126942424">
    
    
    <tag k="ele" v="46.74968760269"/>
    
  
  </node>
  
  
  <node id="199675" version="1" lat="35.64745217431" lon="128.4013153572">
    
    
    <tag k="ele" v="46.77413248989"/>
    
  
  </node>
  
  
  <node id="199676" version="1" lat="35.6474057845" lon="128.40142030505">
    
    
    <tag k="ele" v="46.88361310629"/>
    
  
  </node>
  
  
  <node id="199677" version="1" lat="35.6473800868" lon="128.40146998651">
    
    
    <tag k="ele" v="46.90762798983"/>
    
  
  </node>
  
  
  <node id="199678" version="1" lat="35.64734486461" lon="128.40152301775">
    
    
    <tag k="ele" v="46.93100344749"/>
    
  
  </node>
  
  
  <node id="199688" version="1" lat="35.64734655323" lon="128.40158598957">
    
    
    <tag k="ele" v="46.93804086329"/>
    
  
  </node>
  
  
  <node id="199689" version="1" lat="35.64737078266" lon="128.40156611048">
    
    
    <tag k="ele" v="46.93800402589"/>
    
  
  </node>
  
  
  <node id="199690" version="1" lat="35.64746647453" lon="128.40151496855">
    
    
    <tag k="ele" v="46.77336172662"/>
    
  
  </node>
  
  
  <node id="199691" version="1" lat="35.64752639634" lon="128.40147038557">
    
    
    <tag k="ele" v="46.71834478227"/>
    
  
  </node>
  
  
  <node id="199692" version="1" lat="35.64761206586" lon="128.40139347162">
    
    
    <tag k="ele" v="46.68957378816"/>
    
  
  </node>
  
  
  <node id="199693" version="1" lat="35.64769731237" lon="128.40130267979">
    
    
    <tag k="ele" v="46.66923598407"/>
    
  
  </node>
  
  
  <node id="199695" version="1" lat="35.64736211986" lon="128.40161587691">
    
    
    <tag k="ele" v="46.92624599743"/>
    
  
  </node>
  
  
  <node id="199696" version="1" lat="35.64739635044" lon="128.40159226754">
    
    
    <tag k="ele" v="46.89882162226"/>
    
  
  </node>
  
  
  <node id="199697" version="1" lat="35.64748084187" lon="128.40154877354">
    
    
    <tag k="ele" v="46.73191851331"/>
    
  
  </node>
  
  
  <node id="199698" version="1" lat="35.64752799449" lon="128.4015162909">
    
    
    <tag k="ele" v="46.70134797238"/>
    
  
  </node>
  
  
  <node id="199699" version="1" lat="35.64763246079" lon="128.40142426727">
    
    
    <tag k="ele" v="46.67064547529"/>
    
  
  </node>
  
  
  <node id="199700" version="1" lat="35.64771906358" lon="128.40133191374">
    
    
    <tag k="ele" v="46.70003180568"/>
    
  
  </node>
  
  
  <node id="199708" version="1" lat="35.65589472689" lon="128.39270553305">
    
    
    <tag k="ele" v="58.34723622096"/>
    
  
  </node>
  
  
  <node id="199709" version="1" lat="35.65589079871" lon="128.39267887575">
    
    
    <tag k="ele" v="58.35400307082"/>
    
  
  </node>
  
  
  <node id="199710" version="1" lat="35.6558799364" lon="128.39266102413">
    
    
    <tag k="ele" v="58.36761226152"/>
    
  
  </node>
  
  
  <node id="199711" version="1" lat="35.65586755819" lon="128.39265199827">
    
    
    <tag k="ele" v="58.39772642685"/>
    
  
  </node>
  
  
  <node id="199712" version="1" lat="35.65584985274" lon="128.39264720332">
    
    
    <tag k="ele" v="58.41068013959"/>
    
  
  </node>
  
  
  <node id="199713" version="1" lat="35.65583529647" lon="128.39265029157">
    
    
    <tag k="ele" v="58.44044943941"/>
    
  
  </node>
  
  
  <node id="199714" version="1" lat="35.65582276261" lon="128.39266008032">
    
    
    <tag k="ele" v="58.45523911743"/>
    
  
  </node>
  
  
  <node id="199716" version="1" lat="35.65594103878" lon="128.39270849365">
    
    
    <tag k="ele" v="58.2762805852"/>
    
  
  </node>
  
  
  <node id="199717" version="1" lat="35.6559399114" lon="128.39268003483">
    
    
    <tag k="ele" v="58.27547960289"/>
    
  
  </node>
  
  
  <node id="199718" version="1" lat="35.6559358597" lon="128.39266164226">
    
    
    <tag k="ele" v="58.27729786253"/>
    
  
  </node>
  
  
  <node id="199719" version="1" lat="35.65592514701" lon="128.39263635397">
    
    
    <tag k="ele" v="58.29849339689"/>
    
  
  </node>
  
  
  <node id="199720" version="1" lat="35.65591521186" lon="128.39262172522">
    
    
    <tag k="ele" v="58.31249457217"/>
    
  
  </node>
  
  
  <node id="199721" version="1" lat="35.65589001141" lon="128.39259973736">
    
    
    <tag k="ele" v="58.35058599162"/>
    
  
  </node>
  
  
  <node id="199722" version="1" lat="35.65587545202" lon="128.39259300767">
    
    
    <tag k="ele" v="58.38979313229"/>
    
  
  </node>
  
  
  <node id="199723" version="1" lat="35.65585236898" lon="128.3925888806">
    
    
    <tag k="ele" v="58.42929707166"/>
    
  
  </node>
  
  
  <node id="199724" version="1" lat="35.65582168592" lon="128.39259484672">
    
    
    <tag k="ele" v="58.47921405321"/>
    
  
  </node>
  
  
  <node id="199725" version="1" lat="35.65580735884" lon="128.39260261054">
    
    
    <tag k="ele" v="58.48968505608"/>
    
  
  </node>
  
  
  <node id="199726" version="1" lat="35.65578846144" lon="128.39261963538">
    
    
    <tag k="ele" v="58.51756723148"/>
    
  
  </node>
  
  
  <node id="199736" version="1" lat="35.65292979952" lon="128.39696901598">
    
    
    <tag k="ele" v="47.22044065513"/>
    
  
  </node>
  
  
  <node id="199737" version="1" lat="35.65302908715" lon="128.39685762554">
    
    
    <tag k="ele" v="47.22034059723"/>
    
  
  </node>
  
  
  <node id="199738" version="1" lat="35.65313021298" lon="128.39673773811">
    
    
    <tag k="ele" v="47.23800279609"/>
    
  
  </node>
  
  
  <node id="199739" version="1" lat="35.65326643047" lon="128.39656118479">
    
    
    <tag k="ele" v="47.2002946856"/>
    
  
  </node>
  
  
  <node id="199740" version="1" lat="35.65343665471" lon="128.39631754387">
    
    
    <tag k="ele" v="47.20985235003"/>
    
  
  </node>
  
  
  <node id="199741" version="1" lat="35.65351941449" lon="128.39618927094">
    
    
    <tag k="ele" v="47.2206385231"/>
    
  
  </node>
  
  
  <node id="199742" version="1" lat="35.65358563375" lon="128.39608010299">
    
    
    <tag k="ele" v="47.20646691657"/>
    
  
  </node>
  
  
  <node id="199744" version="1" lat="35.65295512416" lon="128.39700306012">
    
    
    <tag k="ele" v="47.27839744676"/>
    
  
  </node>
  
  
  <node id="199745" version="1" lat="35.65313847963" lon="128.39678982137">
    
    
    <tag k="ele" v="47.27675232992"/>
    
  
  </node>
  
  
  <node id="199746" version="1" lat="35.65330228029" lon="128.39657808123">
    
    
    <tag k="ele" v="47.26837858137"/>
    
  
  </node>
  
  
  <node id="199747" version="1" lat="35.6533881689" lon="128.39645729246">
    
    
    <tag k="ele" v="47.30164741257"/>
    
  
  </node>
  
  
  <node id="199748" version="1" lat="35.65346386736" lon="128.39634424426">
    
    
    <tag k="ele" v="47.27409664042"/>
    
  
  </node>
  
  
  <node id="199749" version="1" lat="35.65353453782" lon="128.39623307648">
    
    
    <tag k="ele" v="47.26743873482"/>
    
  
  </node>
  
  
  <node id="199750" version="1" lat="35.65361205862" lon="128.3961034111">
    
    
    <tag k="ele" v="47.25339663216"/>
    
  
  </node>
  
  
  <node id="199758" version="1" lat="35.65297975593" lon="128.39703533286">
    
    
    <tag k="ele" v="47.33056619311"/>
    
  
  </node>
  
  
  <node id="199759" version="1" lat="35.65316480773" lon="128.39681986225">
    
    
    <tag k="ele" v="47.32707887955"/>
    
  
  </node>
  
  
  <node id="199760" version="1" lat="35.65331943643" lon="128.39661977565">
    
    
    <tag k="ele" v="47.30477456194"/>
    
  
  </node>
  
  
  <node id="199761" version="1" lat="35.6534076545" lon="128.3964965534">
    
    
    <tag k="ele" v="47.33965165695"/>
    
  
  </node>
  
  
  <node id="199762" version="1" lat="35.65349073403" lon="128.39637262604">
    
    
    <tag k="ele" v="47.33094812534"/>
    
  
  </node>
  
  
  <node id="199763" version="1" lat="35.65356527851" lon="128.39625599452">
    
    
    <tag k="ele" v="47.32842262747"/>
    
  
  </node>
  
  
  <node id="199764" version="1" lat="35.65364087784" lon="128.39612893283">
    
    
    <tag k="ele" v="47.30905223443"/>
    
  
  </node>
  
  
  <node id="199774" version="1" lat="35.65300211523" lon="128.39706448255">
    
    
    <tag k="ele" v="47.38089244931"/>
    
  
  </node>
  
  
  <node id="199775" version="1" lat="35.6532001527" lon="128.39683255836">
    
    
    <tag k="ele" v="47.37128138871"/>
    
  
  </node>
  
  
  <node id="199776" version="1" lat="35.65337295516" lon="128.39660584156">
    
    
    <tag k="ele" v="47.36085943808"/>
    
  
  </node>
  
  
  <node id="199777" version="1" lat="35.65352606813" lon="128.39638177919">
    
    
    <tag k="ele" v="47.3765948127"/>
    
  
  </node>
  
  
  <node id="199778" version="1" lat="35.65366713804" lon="128.39615179199">
    
    
    <tag k="ele" v="47.34973703078"/>
    
  
  </node>
  
  
  <node id="199786" version="1" lat="35.65302359785" lon="128.39709286794">
    
    
    <tag k="ele" v="47.41214557926"/>
    
  
  </node>
  
  
  <node id="199787" version="1" lat="35.65315311794" lon="128.39694682384">
    
    
    <tag k="ele" v="47.39108018107"/>
    
  
  </node>
  
  
  <node id="199788" version="1" lat="35.65327562402" lon="128.39679314808">
    
    
    <tag k="ele" v="47.4263113052"/>
    
  
  </node>
  
  
  <node id="199789" version="1" lat="35.65337205366" lon="128.39666585353">
    
    
    <tag k="ele" v="47.38336799804"/>
    
  
  </node>
  
  
  <node id="199790" version="1" lat="35.65345355267" lon="128.39655210532">
    
    
    <tag k="ele" v="47.39034042506"/>
    
  
  </node>
  
  
  <node id="199791" version="1" lat="35.65352965582" lon="128.396438312">
    
    
    <tag k="ele" v="47.39403607386"/>
    
  
  </node>
  
  
  <node id="199792" version="1" lat="35.65369248876" lon="128.3961750194">
    
    
    <tag k="ele" v="47.39215108745"/>
    
  
  </node>
  
  
  <node id="199800" version="1" lat="35.65369251599" lon="128.39617497452">
    
    
    <tag k="ele" v="47.38490940674"/>
    
  
  </node>
  
  
  <node id="199802" version="1" lat="35.65371600126" lon="128.39620706541">
    
    
    <tag k="ele" v="47.42133550841"/>
    
  
  </node>
  
  
  <node id="199806" version="1" lat="35.65373763353" lon="128.39623697851">
    
    
    <tag k="ele" v="47.42834740357"/>
    
  
  </node>
  
  
  <node id="199810" version="1" lat="35.65375930092" lon="128.39626679114">
    
    
    <tag k="ele" v="47.46624537675"/>
    
  
  </node>
  
  
  <node id="199814" version="1" lat="35.65502626859" lon="128.39505712437">
    
    
    <tag k="ele" v="47.25849319415"/>
    
  
  </node>
  
  
  <node id="199815" version="1" lat="35.65474309606" lon="128.39537494584">
    
    
    <tag k="ele" v="47.27145567243"/>
    
  
  </node>
  
  
  <node id="199817" version="1" lat="35.65500228801" lon="128.39502502346">
    
    
    <tag k="ele" v="47.29891340675"/>
    
  
  </node>
  
  
  <node id="199818" version="1" lat="35.65471914715" lon="128.39534297455">
    
    
    <tag k="ele" v="47.29615696009"/>
    
  
  </node>
  
  
  <node id="199823" version="1" lat="35.65498085" lon="128.3949958603">
    
    
    <tag k="ele" v="47.32886722714"/>
    
  
  </node>
  
  
  <node id="199828" version="1" lat="35.65495907766" lon="128.39496625552">
    
    
    <tag k="ele" v="47.38607786607"/>
    
  
  </node>
  
  
  <node id="199832" version="1" lat="35.64876039498" lon="128.40208954666">
    
    
    <tag k="ele" v="47.09875259571"/>
    
  
  </node>
  
  
  <node id="199833" version="1" lat="35.64827485824" lon="128.40263438879">
    
    
    <tag k="ele" v="47.27940234972"/>
    
  
  </node>
  
  
  <node id="199835" version="1" lat="35.64873662113" lon="128.40205766459">
    
    
    <tag k="ele" v="47.13961540125"/>
    
  
  </node>
  
  
  <node id="199836" version="1" lat="35.64825106137" lon="128.40260257087">
    
    
    <tag k="ele" v="47.31087445596"/>
    
  
  </node>
  
  
  <node id="199841" version="1" lat="35.64871515513" lon="128.40202806175">
    
    
    <tag k="ele" v="47.1879883748"/>
    
  
  </node>
  
  
  <node id="199842" version="1" lat="35.64822923871" lon="128.40257334028">
    
    
    <tag k="ele" v="47.36140599386"/>
    
  
  </node>
  
  
  <node id="199847" version="1" lat="35.64869381326" lon="128.40199870585">
    
    
    <tag k="ele" v="47.21389881324"/>
    
  
  </node>
  
  
  <node id="199848" version="1" lat="35.64820766386" lon="128.40254433953">
    
    
    <tag k="ele" v="47.41596341116"/>
    
  
  </node>
  
  
  <node id="199853" version="1" lat="35.64829290816" lon="128.40239885607">
    
    
    <tag k="ele" v="47.47019176201"/>
    
  
  </node>
  
  
  <node id="199854" version="1" lat="35.64818555983" lon="128.40251449259">
    
    
    <tag k="ele" v="47.44883756678"/>
    
  
  </node>
  
  
  <node id="199859" version="1" lat="35.64793056209" lon="128.40302146234">
    
    
    <tag k="ele" v="47.27499995627"/>
    
  
  </node>
  
  
  <node id="199861" version="1" lat="35.64790662089" lon="128.40298944619">
    
    
    <tag k="ele" v="47.33658724005"/>
    
  
  </node>
  
  
  <node id="199865" version="1" lat="35.64788470754" lon="128.40295976831">
    
    
    <tag k="ele" v="47.38911652006"/>
    
  
  </node>
  
  
  <node id="199869" version="1" lat="35.64786331494" lon="128.40293081362">
    
    
    <tag k="ele" v="47.42830187683"/>
    
  
  </node>
  
  
  <node id="199873" version="1" lat="35.64783913185" lon="128.40289805729">
    
    
    <tag k="ele" v="47.47860376769"/>
    
  
  </node>
  
  
  <node id="199877" version="1" lat="35.64756148717" lon="128.40248515272">
    
    
    <tag k="ele" v="47.25132545249"/>
    
  
  </node>
  
  
  <node id="199878" version="1" lat="35.64773051036" lon="128.4024394874">
    
    
    <tag k="ele" v="47.24396529087"/>
    
  
  </node>
  
  
  <node id="199879" version="1" lat="35.64783840854" lon="128.40240179475">
    
    
    <tag k="ele" v="47.23480532691"/>
    
  
  </node>
  
  
  <node id="199880" version="1" lat="35.64791712454" lon="128.40236939805">
    
    
    <tag k="ele" v="47.23899999504"/>
    
  
  </node>
  
  
  <node id="199881" version="1" lat="35.64801676368" lon="128.40232242653">
    
    
    <tag k="ele" v="47.22661595916"/>
    
  
  </node>
  
  
  <node id="199882" version="1" lat="35.64809164936" lon="128.40228211416">
    
    
    <tag k="ele" v="47.22944237952"/>
    
  
  </node>
  
  
  <node id="199883" version="1" lat="35.64820805446" lon="128.40221187997">
    
    
    <tag k="ele" v="47.20538616916"/>
    
  
  </node>
  
  
  <node id="199884" version="1" lat="35.64829984392" lon="128.40214938356">
    
    
    <tag k="ele" v="47.14655050838"/>
    
  
  </node>
  
  
  <node id="199886" version="1" lat="35.64756759972" lon="128.40252836452">
    
    
    <tag k="ele" v="47.31858430487"/>
    
  
  </node>
  
  
  <node id="199887" version="1" lat="35.64766696079" lon="128.40250412271">
    
    
    <tag k="ele" v="47.29389435567"/>
    
  
  </node>
  
  
  <node id="199888" version="1" lat="35.64776390775" lon="128.40247444266">
    
    
    <tag k="ele" v="47.29466900168"/>
    
  
  </node>
  
  
  <node id="199889" version="1" lat="35.64787426888" lon="128.40243398028">
    
    
    <tag k="ele" v="47.30066384059"/>
    
  
  </node>
  
  
  <node id="199890" version="1" lat="35.64795758563" lon="128.40239870243">
    
    
    <tag k="ele" v="47.28519991832"/>
    
  
  </node>
  
  
  <node id="199891" version="1" lat="35.64804388767" lon="128.4023571945">
    
    
    <tag k="ele" v="47.29370033252"/>
    
  
  </node>
  
  
  <node id="199892" version="1" lat="35.64814257962" lon="128.40230165728">
    
    
    <tag k="ele" v="47.25117540875"/>
    
  
  </node>
  
  
  <node id="199893" version="1" lat="35.64825259257" lon="128.40223363352">
    
    
    <tag k="ele" v="47.26563448846"/>
    
  
  </node>
  
  
  <node id="199894" version="1" lat="35.64831835198" lon="128.4021873259">
    
    
    <tag k="ele" v="47.24067940227"/>
    
  
  </node>
  
  
  <node id="199905" version="1" lat="35.64757319716" lon="128.40256768559">
    
    
    <tag k="ele" v="47.35854220883"/>
    
  
  </node>
  
  
  <node id="199906" version="1" lat="35.64765350581" lon="128.40254845346">
    
    
    <tag k="ele" v="47.34010554844"/>
    
  
  </node>
  
  
  <node id="199907" version="1" lat="35.64777271695" lon="128.40251320365">
    
    
    <tag k="ele" v="47.3384890518"/>
    
  
  </node>
  
  
  <node id="199908" version="1" lat="35.647852171" lon="128.40248435188">
    
    
    <tag k="ele" v="47.3179280439"/>
    
  
  </node>
  
  
  <node id="199909" version="1" lat="35.64796195894" lon="128.40243880067">
    
    
    <tag k="ele" v="47.34971852953"/>
    
  
  </node>
  
  
  <node id="199910" version="1" lat="35.6480405152" lon="128.4024013374">
    
    
    <tag k="ele" v="47.33673490675"/>
    
  
  </node>
  
  
  <node id="199911" version="1" lat="35.64813850319" lon="128.40234894143">
    
    
    <tag k="ele" v="47.31371509026"/>
    
  
  </node>
  
  
  <node id="199912" version="1" lat="35.64826099568" lon="128.40227309632">
    
    
    <tag k="ele" v="47.31276372466"/>
    
  
  </node>
  
  
  <node id="199913" version="1" lat="35.64833496492" lon="128.40222147118">
    
    
    <tag k="ele" v="47.27665808919"/>
    
  
  </node>
  
  
  <node id="199924" version="1" lat="35.64757868364" lon="128.40260666837">
    
    
    <tag k="ele" v="47.36876329892"/>
    
  
  </node>
  
  
  <node id="199925" version="1" lat="35.64767406491" lon="128.40258352255">
    
    
    <tag k="ele" v="47.37449344879"/>
    
  
  </node>
  
  
  <node id="199926" version="1" lat="35.64778436825" lon="128.40255007175">
    
    
    <tag k="ele" v="47.38746897214"/>
    
  
  </node>
  
  
  <node id="199927" version="1" lat="35.64789928046" lon="128.40250747594">
    
    
    <tag k="ele" v="47.37613026165"/>
    
  
  </node>
  
  
  <node id="199928" version="1" lat="35.64797831761" lon="128.40247361462">
    
    
    <tag k="ele" v="47.38793426784"/>
    
  
  </node>
  
  
  <node id="199929" version="1" lat="35.64806065569" lon="128.40243424241">
    
    
    <tag k="ele" v="47.37677236477"/>
    
  
  </node>
  
  
  <node id="199930" version="1" lat="35.64816998716" lon="128.40237344362">
    
    
    <tag k="ele" v="47.36628878316"/>
    
  
  </node>
  
  
  <node id="199931" version="1" lat="35.64825036458" lon="128.40232407184">
    
    
    <tag k="ele" v="47.38065548985"/>
    
  
  </node>
  
  
  <node id="199932" version="1" lat="35.64835047408" lon="128.40225544388">
    
    
    <tag k="ele" v="47.3469158729"/>
    
  
  </node>
  
  
  <node id="199943" version="1" lat="35.64758333858" lon="128.40264635368">
    
    
    <tag k="ele" v="47.37086332519"/>
    
  
  </node>
  
  
  <node id="199944" version="1" lat="35.64767126715" lon="128.40262549699">
    
    
    <tag k="ele" v="47.37753174304"/>
    
  
  </node>
  
  
  <node id="199945" version="1" lat="35.64777903759" lon="128.40259366281">
    
    
    <tag k="ele" v="47.4275053132"/>
    
  
  </node>
  
  
  <node id="199946" version="1" lat="35.64785263062" lon="128.40256713673">
    
    
    <tag k="ele" v="47.42788347681"/>
    
  
  </node>
  
  
  <node id="199947" version="1" lat="35.64792482304" lon="128.40253478221">
    
    
    <tag k="ele" v="47.41667088142"/>
    
  
  </node>
  
  
  <node id="199948" version="1" lat="35.64802514177" lon="128.40247849696">
    
    
    <tag k="ele" v="47.40423102245"/>
    
  
  </node>
  
  
  <node id="199949" version="1" lat="35.64812665112" lon="128.40241514623">
    
    
    <tag k="ele" v="47.39225532504"/>
    
  
  </node>
  
  
  <node id="199950" version="1" lat="35.64823989932" lon="128.40233819334">
    
    
    <tag k="ele" v="47.36998663999"/>
    
  
  </node>
  
  
  <node id="199960" version="1" lat="35.6484016572" lon="128.40207065056">
    
    
    <tag k="ele" v="47.06060973346"/>
    
  
  </node>
  
  
  <node id="199961" version="1" lat="35.64852708544" lon="128.40196064118">
    
    
    <tag k="ele" v="47.03347010879"/>
    
  
  </node>
  
  
  <node id="199962" version="1" lat="35.64860531087" lon="128.40188372459">
    
    
    <tag k="ele" v="47.08178534225"/>
    
  
  </node>
  
  
  <node id="199963" version="1" lat="35.64871437003" lon="128.40176215325">
    
    
    <tag k="ele" v="47.21933189501"/>
    
  
  </node>
  
  
  <node id="199965" version="1" lat="35.64842926512" lon="128.40210082617">
    
    
    <tag k="ele" v="47.13340525111"/>
    
  
  </node>
  
  
  <node id="199966" version="1" lat="35.64855627888" lon="128.40198916902">
    
    
    <tag k="ele" v="47.09378133388"/>
    
  
  </node>
  
  
  <node id="199967" version="1" lat="35.64862049854" lon="128.40192598418">
    
    
    <tag k="ele" v="47.12575999419"/>
    
  
  </node>
  
  
  <node id="199968" version="1" lat="35.64873862105" lon="128.40179466834">
    
    
    <tag k="ele" v="47.24262760986"/>
    
  
  </node>
  
  
  <node id="199975" version="1" lat="35.64846780998" lon="128.40211598958">
    
    
    <tag k="ele" v="47.15604284478"/>
    
  
  </node>
  
  
  <node id="199976" version="1" lat="35.64858225816" lon="128.40201434325">
    
    
    <tag k="ele" v="47.12255577433"/>
    
  
  </node>
  
  
  <node id="199977" version="1" lat="35.64865554392" lon="128.4019402207">
    
    
    <tag k="ele" v="47.15760880348"/>
    
  
  </node>
  
  
  <node id="199978" version="1" lat="35.64875997529" lon="128.40182440775">
    
    
    <tag k="ele" v="47.26778318073"/>
    
  
  </node>
  
  
  <node id="199985" version="1" lat="35.6484801822" lon="128.40215318953">
    
    
    <tag k="ele" v="47.22680184683"/>
    
  
  </node>
  
  
  <node id="199986" version="1" lat="35.64859000241" lon="128.40205715593">
    
    
    <tag k="ele" v="47.16607767158"/>
    
  
  </node>
  
  
  <node id="199987" version="1" lat="35.64866412974" lon="128.40198328841">
    
    
    <tag k="ele" v="47.17714562862"/>
    
  
  </node>
  
  
  <node id="199988" version="1" lat="35.64878167259" lon="128.40185374835">
    
    
    <tag k="ele" v="47.30097277271"/>
    
  
  </node>
  
  
  <node id="199995" version="1" lat="35.65468733261" lon="128.39267220567">
    
    
    <tag k="ele" v="47.84692774184"/>
    
  
  </node>
  
  
  <node id="199996" version="1" lat="35.65474357841" lon="128.39247902684">
    
    
    <tag k="ele" v="48.19551011779"/>
    
  
  </node>
  
  
  <node id="199997" version="1" lat="35.65477291246" lon="128.3923922651">
    
    
    <tag k="ele" v="48.3263768169"/>
    
  
  </node>
  
  
  <node id="199998" version="1" lat="35.65481559412" lon="128.39228012829">
    
    
    <tag k="ele" v="48.51836381647"/>
    
  
  </node>
  
  
  <node id="199999" version="1" lat="35.65485750227" lon="128.3921826394">
    
    
    <tag k="ele" v="48.71934767716"/>
    
  
  </node>
  
  
  <node id="200000" version="1" lat="35.65489698548" lon="128.39210156929">
    
    
    <tag k="ele" v="48.89743655676"/>
    
  
  </node>
  
  
  <node id="200001" version="1" lat="35.65493838653" lon="128.39202695486">
    
    
    <tag k="ele" v="49.02975714768"/>
    
  
  </node>
  
  
  <node id="200002" version="1" lat="35.65498823861" lon="128.39194663773">
    
    
    <tag k="ele" v="49.19279624245"/>
    
  
  </node>
  
  
  <node id="200004" version="1" lat="35.65472200909" lon="128.39268612564">
    
    
    <tag k="ele" v="47.39658176787"/>
    
  
  </node>
  
  
  <node id="200005" version="1" lat="35.65476000871" lon="128.39255153891">
    
    
    <tag k="ele" v="47.44827009641"/>
    
  
  </node>
  
  
  <node id="200006" version="1" lat="35.65479433484" lon="128.39244420951">
    
    
    <tag k="ele" v="47.45698351156"/>
    
  
  </node>
  
  
  <node id="200007" version="1" lat="35.65486236345" lon="128.3922645894">
    
    
    <tag k="ele" v="47.49696175491"/>
    
  
  </node>
  
  
  <node id="200008" version="1" lat="35.65493526802" lon="128.39211154473">
    
    
    <tag k="ele" v="47.54839970251"/>
    
  
  </node>
  
  
  <node id="200009" version="1" lat="35.65497794384" lon="128.39203647345">
    
    
    <tag k="ele" v="47.58363261038"/>
    
  
  </node>
  
  
  <node id="200010" version="1" lat="35.6550166439" lon="128.3919758573">
    
    
    <tag k="ele" v="47.58635095572"/>
    
  
  </node>
  
  
  <node id="200018" version="1" lat="35.65475252409" lon="128.39269941391">
    
    
    <tag k="ele" v="47.33904520267"/>
    
  
  </node>
  
  
  <node id="200019" version="1" lat="35.65481491373" lon="128.39248782002">
    
    
    <tag k="ele" v="47.34457894323"/>
    
  
  </node>
  
  
  <node id="200020" version="1" lat="35.65484595654" lon="128.39239762735">
    
    
    <tag k="ele" v="47.34665762052"/>
    
  
  </node>
  
  
  <node id="200021" version="1" lat="35.65488263697" lon="128.3923039272">
    
    
    <tag k="ele" v="47.33748782788"/>
    
  
  </node>
  
  
  <node id="200022" version="1" lat="35.6549175955" lon="128.39222376396">
    
    
    <tag k="ele" v="47.35279439133"/>
    
  
  </node>
  
  
  <node id="200023" version="1" lat="35.65496411775" lon="128.39213074698">
    
    
    <tag k="ele" v="47.34899997647"/>
    
  
  </node>
  
  
  <node id="200024" version="1" lat="35.65499793284" lon="128.39207050182">
    
    
    <tag k="ele" v="47.34898404318"/>
    
  
  </node>
  
  
  <node id="200025" version="1" lat="35.65504104905" lon="128.39200239431">
    
    
    <tag k="ele" v="47.3568540196"/>
    
  
  </node>
  
  
  <node id="200034" version="1" lat="35.6547828166" lon="128.39271235279">
    
    
    <tag k="ele" v="47.30718267245"/>
    
  
  </node>
  
  
  <node id="200035" version="1" lat="35.65483760586" lon="128.39252302304">
    
    
    <tag k="ele" v="47.30260955969"/>
    
  
  </node>
  
  
  <node id="200036" version="1" lat="35.65486817864" lon="128.3924320472">
    
    
    <tag k="ele" v="47.30900001775"/>
    
  
  </node>
  
  
  <node id="200037" version="1" lat="35.65490783977" lon="128.39232858103">
    
    
    <tag k="ele" v="47.319000008"/>
    
  
  </node>
  
  
  <node id="200038" version="1" lat="35.6549427692" lon="128.39224829706">
    
    
    <tag k="ele" v="47.31861863645"/>
    
  
  </node>
  
  
  <node id="200039" version="1" lat="35.65498181696" lon="128.39216822586">
    
    
    <tag k="ele" v="47.31900004785"/>
    
  
  </node>
  
  
  <node id="200040" version="1" lat="35.65502081624" lon="128.3920977677">
    
    
    <tag k="ele" v="47.32963085103"/>
    
  
  </node>
  
  
  <node id="200041" version="1" lat="35.65506478619" lon="128.39202758618">
    
    
    <tag k="ele" v="47.3390000013"/>
    
  
  </node>
  
  
  <node id="200052" version="1" lat="35.64762796519" lon="128.4031766518">
    
    
    <tag k="ele" v="47.43494153706"/>
    
  
  </node>
  
  
  <node id="200054" version="1" lat="35.64760995907" lon="128.40315141731">
    
    
    <tag k="ele" v="47.47021627753"/>
    
  
  </node>
  
  
  <node id="200058" version="1" lat="35.65478272052" lon="128.39271276589">
    
    
    <tag k="ele" v="47.32676840752"/>
    
  
  </node>
  
  
  <node id="200059" version="1" lat="35.65479444732" lon="128.39256046294">
    
    
    <tag k="ele" v="47.34721423108"/>
    
  
  </node>
  
  
  <node id="200060" version="1" lat="35.65480752021" lon="128.39244114026">
    
    
    <tag k="ele" v="47.38166319868"/>
    
  
  </node>
  
  
  <node id="200061" version="1" lat="35.65481590142" lon="128.39238864209">
    
    
    <tag k="ele" v="47.45642244463"/>
    
  
  </node>
  
  
  <node id="200062" version="1" lat="35.65484011268" lon="128.39228637948">
    
    
    <tag k="ele" v="47.74198325374"/>
    
  
  </node>
  
  
  <node id="200063" version="1" lat="35.65486112523" lon="128.39221284608">
    
    
    <tag k="ele" v="48.06013206598"/>
    
  
  </node>
  
  
  <node id="200064" version="1" lat="35.65489646449" lon="128.39211730159">
    
    
    <tag k="ele" v="48.58422722881"/>
    
  
  </node>
  
  
  <node id="200065" version="1" lat="35.65494936138" lon="128.39200964155">
    
    
    <tag k="ele" v="49.02731919555"/>
    
  
  </node>
  
  
  <node id="200067" version="1" lat="35.65481838355" lon="128.39271568803">
    
    
    <tag k="ele" v="47.27998732541"/>
    
  
  </node>
  
  
  <node id="200068" version="1" lat="35.65482716607" lon="128.39258244188">
    
    
    <tag k="ele" v="47.28856729416"/>
    
  
  </node>
  
  
  <node id="200069" version="1" lat="35.65483829713" lon="128.39247467034">
    
    
    <tag k="ele" v="47.31610282037"/>
    
  
  </node>
  
  
  <node id="200070" version="1" lat="35.65484977775" lon="128.39239951659">
    
    
    <tag k="ele" v="47.33754695266"/>
    
  
  </node>
  
  
  <node id="200071" version="1" lat="35.65487374587" lon="128.3923001778">
    
    
    <tag k="ele" v="47.34896170635"/>
    
  
  </node>
  
  
  <node id="200072" version="1" lat="35.65489413611" lon="128.3922298027">
    
    
    <tag k="ele" v="47.3933011547"/>
    
  
  </node>
  
  
  <node id="200073" version="1" lat="35.65492815007" lon="128.39213883312">
    
    
    <tag k="ele" v="47.4947816859"/>
    
  
  </node>
  
  
  <node id="200074" version="1" lat="35.65497946728" lon="128.39203548538">
    
    
    <tag k="ele" v="47.58050402565"/>
    
  
  </node>
  
  
  <node id="200085" version="1" lat="35.65485005194" lon="128.39271831571">
    
    
    <tag k="ele" v="47.26853898799"/>
    
  
  </node>
  
  
  <node id="200086" version="1" lat="35.65485806541" lon="128.39260347034">
    
    
    <tag k="ele" v="47.26545692786"/>
    
  
  </node>
  
  
  <node id="200087" version="1" lat="35.65486792403" lon="128.39252139233">
    
    
    <tag k="ele" v="47.27552732572"/>
    
  
  </node>
  
  
  <node id="200088" version="1" lat="35.6548865598" lon="128.39241500129">
    
    
    <tag k="ele" v="47.3026950275"/>
    
  
  </node>
  
  
  <node id="200089" version="1" lat="35.65490609111" lon="128.39233372762">
    
    
    <tag k="ele" v="47.31237632427"/>
    
  
  </node>
  
  
  <node id="200090" version="1" lat="35.65494140196" lon="128.39221755848">
    
    
    <tag k="ele" v="47.32512619155"/>
    
  
  </node>
  
  
  <node id="200091" version="1" lat="35.65496525877" lon="128.39215510734">
    
    
    <tag k="ele" v="47.32881768705"/>
    
  
  </node>
  
  
  <node id="200092" version="1" lat="35.65500611739" lon="128.39206299524">
    
    
    <tag k="ele" v="47.34937373058"/>
    
  
  </node>
  
  
  <node id="200103" version="1" lat="35.65488285724" lon="128.39272077402">
    
    
    <tag k="ele" v="47.25521169535"/>
    
  
  </node>
  
  
  <node id="200104" version="1" lat="35.65488811776" lon="128.39263014459">
    
    
    <tag k="ele" v="47.24156603627"/>
    
  
  </node>
  
  
  <node id="200105" version="1" lat="35.65489931203" lon="128.39252482228">
    
    
    <tag k="ele" v="47.24819009885"/>
    
  
  </node>
  
  
  <node id="200106" version="1" lat="35.65491441898" lon="128.3924384323">
    
    
    <tag k="ele" v="47.27172330993"/>
    
  
  </node>
  
  
  <node id="200107" version="1" lat="35.65493204637" lon="128.39236139626">
    
    
    <tag k="ele" v="47.30123816555"/>
    
  
  </node>
  
  
  <node id="200108" version="1" lat="35.65495659907" lon="128.39227905307">
    
    
    <tag k="ele" v="47.30242813026"/>
    
  
  </node>
  
  
  <node id="200109" version="1" lat="35.65498973566" lon="128.39218702533">
    
    
    <tag k="ele" v="47.31527286683"/>
    
  
  </node>
  
  
  <node id="200110" version="1" lat="35.65502849684" lon="128.39209605036">
    
    
    <tag k="ele" v="47.33559480689"/>
    
  
  </node>
  
  
  <node id="200121" version="1" lat="35.65405032055" lon="128.39577325496">
    
    
    <tag k="ele" v="47.38948289865"/>
    
  
  </node>
  
  
  <node id="200123" version="1" lat="35.65407421441" lon="128.39580532201">
    
    
    <tag k="ele" v="47.38116731168"/>
    
  
  </node>
  
  
  <node id="200127" version="1" lat="35.65409605148" lon="128.39583521086">
    
    
    <tag k="ele" v="47.4289774648"/>
    
  
  </node>
  
  
  <node id="200131" version="1" lat="35.65411772111" lon="128.39586480883">
    
    
    <tag k="ele" v="47.46663063328"/>
    
  
  </node>
  
  
  <node id="200135" version="1" lat="35.65458795698" lon="128.3951692831">
    
    
    <tag k="ele" v="47.35860237393"/>
    
  
  </node>
  
  
  <node id="200136" version="1" lat="35.65465502097" lon="128.39508329996">
    
    
    <tag k="ele" v="47.30880147206"/>
    
  
  </node>
  
  
  <node id="200137" version="1" lat="35.65471803117" lon="128.39498912037">
    
    
    <tag k="ele" v="47.28902759772"/>
    
  
  </node>
  
  
  <node id="200138" version="1" lat="35.65476278391" lon="128.39490733654">
    
    
    <tag k="ele" v="47.29906328864"/>
    
  
  </node>
  
  
  <node id="200139" version="1" lat="35.65480704529" lon="128.39480795595">
    
    
    <tag k="ele" v="47.29895518992"/>
    
  
  </node>
  
  
  <node id="200141" version="1" lat="35.65461253423" lon="128.39520061163">
    
    
    <tag k="ele" v="47.36211613523"/>
    
  
  </node>
  
  
  <node id="200142" version="1" lat="35.65468214839" lon="128.39511248053">
    
    
    <tag k="ele" v="47.34401972419"/>
    
  
  </node>
  
  
  <node id="200143" version="1" lat="35.65474694388" lon="128.39501480677">
    
    
    <tag k="ele" v="47.30899999171"/>
    
  
  </node>
  
  
  <node id="200144" version="1" lat="35.65479305014" lon="128.39492942719">
    
    
    <tag k="ele" v="47.31716669404"/>
    
  
  </node>
  
  
  <node id="200145" version="1" lat="35.65483881893" lon="128.39482738984">
    
    
    <tag k="ele" v="47.31579187733"/>
    
  
  </node>
  
  
  <node id="200153" version="1" lat="35.65470084381" lon="128.39514617392">
    
    
    <tag k="ele" v="47.36874542785"/>
    
  
  </node>
  
  
  <node id="200154" version="1" lat="35.65477083905" lon="128.39504102215">
    
    
    <tag k="ele" v="47.33998146284"/>
    
  
  </node>
  
  
  <node id="200155" version="1" lat="35.65482424106" lon="128.39494233277">
    
    
    <tag k="ele" v="47.34054614607"/>
    
  
  </node>
  
  
  <node id="200156" version="1" lat="35.65486765314" lon="128.3948456891">
    
    
    <tag k="ele" v="47.36844988703"/>
    
  
  </node>
  
  
  <node id="200164" version="1" lat="35.65472407262" lon="128.39517725367">
    
    
    <tag k="ele" v="47.40942997036"/>
    
  
  </node>
  
  
  <node id="200165" version="1" lat="35.65478470375" lon="128.39509218824">
    
    
    <tag k="ele" v="47.40210246327"/>
    
  
  </node>
  
  
  <node id="200166" version="1" lat="35.65484289162" lon="128.39498986711">
    
    
    <tag k="ele" v="47.37446728009"/>
    
  
  </node>
  
  
  <node id="200167" version="1" lat="35.65490030888" lon="128.3948660764">
    
    
    <tag k="ele" v="47.4168083875"/>
    
  
  </node>
  
  
  <node id="200174" version="1" lat="35.65430927387" lon="128.39548303756">
    
    
    <tag k="ele" v="47.40965776645"/>
    
  
  </node>
  
  
  <node id="200176" version="1" lat="35.65433333051" lon="128.39551528062">
    
    
    <tag k="ele" v="47.42847243018"/>
    
  
  </node>
  
  
  <node id="200180" version="1" lat="35.65435468543" lon="128.39554486615">
    
    
    <tag k="ele" v="47.44956269891"/>
    
  
  </node>
  
  
  <node id="200184" version="1" lat="35.65437642958" lon="128.39557489684">
    
    
    <tag k="ele" v="47.47979152009"/>
    
  
  </node>
  
  
  <node id="200195" version="1" lat="35.64693352725" lon="128.40203971011">
    
    
    <tag k="ele" v="46.96921056641"/>
    
  
  </node>
  
  
  <node id="200197" version="1" lat="35.64695186534" lon="128.40206390493">
    
    
    <tag k="ele" v="46.89787431506"/>
    
  
  </node>
  
  
  <node id="200198" version="1" lat="35.64706261285" lon="128.40194066217">
    
    
    <tag k="ele" v="46.87335690843"/>
    
  
  </node>
  
  
  <node id="200203" version="1" lat="35.64693358879" lon="128.40203964333">
    
    
    <tag k="ele" v="46.96909453141"/>
    
  
  </node>
  
  
  <node id="200205" version="1" lat="35.64703212164" lon="128.40188385844">
    
    
    <tag k="ele" v="46.89989636198"/>
    
  
  </node>
  
  
  <node id="200206" version="1" lat="35.64691542366" lon="128.40201518628">
    
    
    <tag k="ele" v="46.92954449492"/>
    
  
  </node>
  
  
  <node id="200210" version="1" lat="35.64679638748" lon="128.4021940166">
    
    
    <tag k="ele" v="46.9575309132"/>
    
  
  </node>
  
  
  <node id="200212" version="1" lat="35.64681450548" lon="128.40221831467">
    
    
    <tag k="ele" v="46.92584433637"/>
    
  
  </node>
  
  
  <node id="200216" version="1" lat="35.64684806688" lon="128.40213476623">
    
    
    <tag k="ele" v="46.971502992"/>
    
  
  </node>
  
  
  <node id="200217" version="1" lat="35.64685577416" lon="128.40211468624">
    
    
    <tag k="ele" v="46.9783553642"/>
    
  
  </node>
  
  
  <node id="200218" version="1" lat="35.64685953629" lon="128.40208622564">
    
    
    <tag k="ele" v="46.88773122515"/>
    
  
  </node>
  
  
  <node id="200219" version="1" lat="35.64685621467" lon="128.40206402489">
    
    
    <tag k="ele" v="46.9648108336"/>
    
  
  </node>
  
  
  <node id="200220" version="1" lat="35.64684933268" lon="128.40204570833">
    
    
    <tag k="ele" v="46.969"/>
    
  
  </node>
  
  
  <node id="200221" version="1" lat="35.64680131561" lon="128.40198029663">
    
    
    <tag k="ele" v="46.95176982725"/>
    
  
  </node>
  
  
  <node id="200223" version="1" lat="35.64687019226" lon="128.40215422908">
    
    
    <tag k="ele" v="46.91378026501"/>
    
  
  </node>
  
  
  <node id="200224" version="1" lat="35.64688099357" lon="128.40213073262">
    
    
    <tag k="ele" v="46.92447048941"/>
    
  
  </node>
  
  
  <node id="200225" version="1" lat="35.64688717628" lon="128.40209406873">
    
    
    <tag k="ele" v="46.95867067021"/>
    
  
  </node>
  
  
  <node id="200226" version="1" lat="35.64688436582" lon="128.40206145681">
    
    
    <tag k="ele" v="46.95574412607"/>
    
  
  </node>
  
  
  <node id="200227" version="1" lat="35.64687635435" lon="128.40203715251">
    
    
    <tag k="ele" v="46.95287474867"/>
    
  
  </node>
  
  
  <node id="200228" version="1" lat="35.64685325927" lon="128.40200000378">
    
    
    <tag k="ele" v="46.92176276468"/>
    
  
  </node>
  
  
  <node id="200229" version="1" lat="35.64682124227" lon="128.40195733634">
    
    
    <tag k="ele" v="46.8975794339"/>
    
  
  </node>
  
  
  <node id="200238" version="1" lat="35.64681838727" lon="128.40216934404">
    
    
    <tag k="ele" v="46.96899984609"/>
    
  
  </node>
  
  
  <node id="200240" version="1" lat="35.64680072195" lon="128.4021446464">
    
    
    <tag k="ele" v="46.91046591533"/>
    
  
  </node>
  
  
  <node id="200244" version="1" lat="35.64692336374" lon="128.40204832466">
    
    
    <tag k="ele" v="46.96582950989"/>
    
  
  </node>
  
  
  <node id="200245" version="1" lat="35.64690783438" lon="128.40205341078">
    
    
    <tag k="ele" v="46.97187018126"/>
    
  
  </node>
  
  
  <node id="200246" version="1" lat="35.6468853575" lon="128.40205337902">
    
    
    <tag k="ele" v="46.95923177665"/>
    
  
  </node>
  
  
  <node id="200247" version="1" lat="35.64686489243" lon="128.40204731632">
    
    
    <tag k="ele" v="46.959"/>
    
  
  </node>
  
  
  <node id="200248" version="1" lat="35.64683995077" lon="128.40202993277">
    
    
    <tag k="ele" v="46.949"/>
    
  
  </node>
  
  
  <node id="200250" version="1" lat="35.64689524587" lon="128.40202178798">
    
    
    <tag k="ele" v="46.94655208578"/>
    
  
  </node>
  
  
  <node id="200251" version="1" lat="35.646870791" lon="128.40201421682">
    
    
    <tag k="ele" v="46.92794819954"/>
    
  
  </node>
  
  
  <node id="200252" version="1" lat="35.64685289445" lon="128.40199819019">
    
    
    <tag k="ele" v="46.91012458421"/>
    
  
  </node>
  
  
  <node id="200258" version="1" lat="35.64678339225" lon="128.40195597607">
    
    
    <tag k="ele" v="46.94914195453"/>
    
  
  </node>
  
  
  <node id="200259" version="1" lat="35.64684360479" lon="128.40203801485">
    
    
    <tag k="ele" v="46.94730824263"/>
    
  
  </node>
  
  
  <node id="200260" version="1" lat="35.64685200624" lon="128.40205446095">
    
    
    <tag k="ele" v="46.95900002114"/>
    
  
  </node>
  
  
  <node id="200261" version="1" lat="35.64685730343" lon="128.40207443047">
    
    
    <tag k="ele" v="46.959"/>
    
  
  </node>
  
  
  <node id="200262" version="1" lat="35.64685770081" lon="128.40210069923">
    
    
    <tag k="ele" v="46.959"/>
    
  
  </node>
  
  
  <node id="200263" version="1" lat="35.64685166897" lon="128.40212606656">
    
    
    <tag k="ele" v="46.98350596639"/>
    
  
  </node>
  
  
  <node id="200264" version="1" lat="35.64684401364" lon="128.40213992149">
    
    
    <tag k="ele" v="46.97173964219"/>
    
  
  </node>
  
  
  <node id="200266" version="1" lat="35.64676347451" lon="128.40197829067">
    
    
    <tag k="ele" v="46.90739616914"/>
    
  
  </node>
  
  
  <node id="200267" version="1" lat="35.64681689205" lon="128.40205081359">
    
    
    <tag k="ele" v="46.91152279538"/>
    
  
  </node>
  
  
  <node id="200268" version="1" lat="35.64682913862" lon="128.40207801203">
    
    
    <tag k="ele" v="46.939"/>
    
  
  </node>
  
  
  <node id="200269" version="1" lat="35.64683021387" lon="128.40209454017">
    
    
    <tag k="ele" v="46.929"/>
    
  
  </node>
  
  
  <node id="200270" version="1" lat="35.64682706758" lon="128.40211060101">
    
    
    <tag k="ele" v="46.95733204418"/>
    
  
  </node>
  
  
  <node id="200278" version="1" lat="35.64683596629" lon="128.40202629606">
    
    
    <tag k="ele" v="46.97710944021"/>
    
  
  </node>
  
  
  <node id="200279" version="1" lat="35.64685244797" lon="128.40204145521">
    
    
    <tag k="ele" v="46.959"/>
    
  
  </node>
  
  
  <node id="200280" version="1" lat="35.64687901661" lon="128.40205152941">
    
    
    <tag k="ele" v="46.9603523661"/>
    
  
  </node>
  
  
  <node id="200281" version="1" lat="35.64690099164" lon="128.40205338835">
    
    
    <tag k="ele" v="46.95185081395"/>
    
  
  </node>
  
  
  <node id="200282" version="1" lat="35.64691995513" lon="128.40204982918">
    
    
    <tag k="ele" v="46.969"/>
    
  
  </node>
  
  
  <node id="200284" version="1" lat="35.6468273714" lon="128.40206236279">
    
    
    <tag k="ele" v="46.92291114372"/>
    
  
  </node>
  
  
  <node id="200285" version="1" lat="35.64685838359" lon="128.40208400859">
    
    
    <tag k="ele" v="46.94864373768"/>
    
  
  </node>
  
  
  <node id="200286" version="1" lat="35.64688897182" lon="128.40209235728">
    
    
    <tag k="ele" v="46.95726976699"/>
    
  
  </node>
  
  
  <node id="200287" version="1" lat="35.64690670853" lon="128.40209188154">
    
    
    <tag k="ele" v="46.94054367237"/>
    
  
  </node>
  
  
  <node id="200288" version="1" lat="35.64693446448" lon="128.40208034113">
    
    
    <tag k="ele" v="46.91074991435"/>
    
  
  </node>
  
  
  <node id="200296" version="1" lat="35.64651736127" lon="128.40159997358">
    
    
    <tag k="ele" v="46.95095720115"/>
    
  
  </node>
  
  
  <node id="200298" version="1" lat="35.64649690928" lon="128.4016225317">
    
    
    <tag k="ele" v="46.92771490532"/>
    
  
  </node>
  
  
  <node id="200302" version="1" lat="35.64653260464" lon="128.40162050785">
    
    
    <tag k="ele" v="46.97715634803"/>
    
  
  </node>
  
  
  <node id="200304" version="1" lat="35.64655233865" lon="128.40159829947">
    
    
    <tag k="ele" v="46.93885475012"/>
    
  
  </node>
  
  
  <node id="200308" version="1" lat="35.65367968727" lon="128.39591655613">
    
    
    <tag k="ele" v="47.21578668908"/>
    
  
  </node>
  
  
  <node id="200309" version="1" lat="35.65376838299" lon="128.39574977113">
    
    
    <tag k="ele" v="47.22005067857"/>
    
  
  </node>
  
  
  <node id="200311" version="1" lat="35.65370490739" lon="128.395937114">
    
    
    <tag k="ele" v="47.26158334656"/>
    
  
  </node>
  
  
  <node id="200312" version="1" lat="35.65379234545" lon="128.3957680293">
    
    
    <tag k="ele" v="47.25240851136"/>
    
  
  </node>
  
  
  <node id="200317" version="1" lat="35.65374482979" lon="128.39594186887">
    
    
    <tag k="ele" v="47.30675761805"/>
    
  
  </node>
  
  
  <node id="200318" version="1" lat="35.65382262403" lon="128.39579090033">
    
    
    <tag k="ele" v="47.31103900597"/>
    
  
  </node>
  
  
  <node id="200323" version="1" lat="35.65376536044" lon="128.39597624757">
    
    
    <tag k="ele" v="47.34907701429"/>
    
  
  </node>
  
  
  <node id="200324" version="1" lat="35.65385007401" lon="128.39581193508">
    
    
    <tag k="ele" v="47.34912149573"/>
    
  
  </node>
  
  
  <node id="200329" version="1" lat="35.6537949041" lon="128.39599407032">
    
    
    <tag k="ele" v="47.38664109165"/>
    
  
  </node>
  
  
  <node id="200330" version="1" lat="35.6538774344" lon="128.39583199584">
    
    
    <tag k="ele" v="47.38397528516"/>
    
  
  </node>
  
  
  <node id="200335" version="1" lat="35.64677684099" lon="128.40221601027">
    
    
    <tag k="ele" v="46.96041193668"/>
    
  
  </node>
  
  
  <node id="200337" version="1" lat="35.64679470878" lon="128.40224054436">
    
    
    <tag k="ele" v="46.9212192455"/>
    
  
  </node>
  
  
  <node id="200341" version="1" lat="35.64700839874" lon="128.4005728837">
    
    
    <tag k="ele" v="47.20913351395"/>
    
  
  </node>
  
  
  <node id="200342" version="1" lat="35.64746319325" lon="128.40001672735">
    
    
    <tag k="ele" v="47.22284012318"/>
    
  
  </node>
  
  
  <node id="200344" version="1" lat="35.64703094802" lon="128.40059833599">
    
    
    <tag k="ele" v="47.16979273706"/>
    
  
  </node>
  
  
  <node id="200345" version="1" lat="35.64748402389" lon="128.40004244906">
    
    
    <tag k="ele" v="47.212"/>
    
  
  </node>
  
  
  <node id="200350" version="1" lat="35.64931355596" lon="128.39823249002">
    
    
    <tag k="ele" v="47.28949609835"/>
    
  
  </node>
  
  
  <node id="200351" version="1" lat="35.64927618552" lon="128.39818879639">
    
    
    <tag k="ele" v="47.29186715804"/>
    
  
  </node>
  
  
  <node id="200352" version="1" lat="35.64925308643" lon="128.39816742426">
    
    
    <tag k="ele" v="47.32013754216"/>
    
  
  </node>
  
  
  <node id="200353" version="1" lat="35.64921915219" lon="128.39814506557">
    
    
    <tag k="ele" v="47.2926280356"/>
    
  
  </node>
  
  
  <node id="200354" version="1" lat="35.64918406041" lon="128.39813105941">
    
    
    <tag k="ele" v="47.30184447452"/>
    
  
  </node>
  
  
  <node id="200356" version="1" lat="35.64933640142" lon="128.39820846993">
    
    
    <tag k="ele" v="47.21017314739"/>
    
  
  </node>
  
  
  <node id="200357" version="1" lat="35.64929623658" lon="128.3981581693">
    
    
    <tag k="ele" v="47.20778486907"/>
    
  
  </node>
  
  
  <node id="200358" version="1" lat="35.64926343084" lon="128.39812861547">
    
    
    <tag k="ele" v="47.20515419903"/>
    
  
  </node>
  
  
  <node id="200359" version="1" lat="35.64923751757" lon="128.39811171901">
    
    
    <tag k="ele" v="47.18697329944"/>
    
  
  </node>
  
  
  <node id="200360" version="1" lat="35.64919266642" lon="128.3980947659">
    
    
    <tag k="ele" v="47.18601027509"/>
    
  
  </node>
  
  
  <node id="200368" version="1" lat="35.64956945106" lon="128.39857674485">
    
    
    <tag k="ele" v="47.14074071521"/>
    
  
  </node>
  
  
  <node id="200369" version="1" lat="35.64953716804" lon="128.39853264021">
    
    
    <tag k="ele" v="47.19383750546"/>
    
  
  </node>
  
  
  <node id="200371" version="1" lat="35.64959056925" lon="128.39855319722">
    
    
    <tag k="ele" v="47.09288015007"/>
    
  
  </node>
  
  
  <node id="200372" version="1" lat="35.64955869782" lon="128.39850851459">
    
    
    <tag k="ele" v="47.11779369303"/>
    
  
  </node>
  
  
  <node id="200377" version="1" lat="35.64951746738" lon="128.39850630837">
    
    
    <tag k="ele" v="47.20870343027"/>
    
  
  </node>
  
  
  <node id="200378" version="1" lat="35.64957040576" lon="128.39857804954">
    
    
    <tag k="ele" v="47.13763471542"/>
    
  
  </node>
  
  
  <node id="200380" version="1" lat="35.64949586641" lon="128.398530266">
    
    
    <tag k="ele" v="47.16645440591"/>
    
  
  </node>
  
  
  <node id="200381" version="1" lat="35.64954784083" lon="128.39860027408">
    
    
    <tag k="ele" v="47.09773165551"/>
    
  
  </node>
  
  
  <node id="200386" version="1" lat="35.64807081709" lon="128.39982619897">
    
    
    <tag k="ele" v="47.18270542611"/>
    
  
  </node>
  
  
  <node id="200387" version="1" lat="35.64784054948" lon="128.40008465877">
    
    
    <tag k="ele" v="47.24755398338"/>
    
  
  </node>
  
  
  <node id="200389" version="1" lat="35.64805362444" lon="128.39980357343">
    
    
    <tag k="ele" v="47.14841973282"/>
    
  
  </node>
  
  
  <node id="200390" version="1" lat="35.64782343402" lon="128.40006189414">
    
    
    <tag k="ele" v="47.19653013385"/>
    
  
  </node>
  
  
  <node id="200395" version="1" lat="35.6487401241" lon="128.39951102657">
    
    
    <tag k="ele" v="47.019"/>
    
  
  </node>
  
  
  <node id="200396" version="1" lat="35.64870003269" lon="128.39945736228">
    
    
    <tag k="ele" v="47.08674315503"/>
    
  
  </node>
  
  
  <node id="200398" version="1" lat="35.64876076044" lon="128.39948546215">
    
    
    <tag k="ele" v="46.99859770011"/>
    
  
  </node>
  
  
  <node id="200399" version="1" lat="35.64872132987" lon="128.39943272055">
    
    
    <tag k="ele" v="47.06248636371"/>
    
  
  </node>
  
  
  <node id="200404" version="1" lat="35.64868020336" lon="128.3994306367">
    
    
    <tag k="ele" v="47.12025426813"/>
    
  
  </node>
  
  
  <node id="200405" version="1" lat="35.64873986888" lon="128.39951068741">
    
    
    <tag k="ele" v="47.019"/>
    
  
  </node>
  
  
  <node id="200407" version="1" lat="35.64865949844" lon="128.39945344252">
    
    
    <tag k="ele" v="47.0742728697"/>
    
  
  </node>
  
  
  <node id="200408" version="1" lat="35.64871861261" lon="128.39953398026">
    
    
    <tag k="ele" v="47.00426349435"/>
    
  
  </node>
  
  
  <node id="200413" version="1" lat="35.64687791449" lon="128.40140223273">
    
    
    <tag k="ele" v="47.24607041596"/>
    
  
  </node>
  
  
  <node id="200414" version="1" lat="35.64694826242" lon="128.40149957103">
    
    
    <tag k="ele" v="47.15553421193"/>
    
  
  </node>
  
  
  <node id="200415" version="1" lat="35.64706044256" lon="128.40164115599">
    
    
    <tag k="ele" v="46.98941006901"/>
    
  
  </node>
  
  
  <node id="200417" version="1" lat="35.64685403974" lon="128.40142760479">
    
    
    <tag k="ele" v="47.29530309717"/>
    
  
  </node>
  
  
  <node id="200418" version="1" lat="35.64694644896" lon="128.40155051406">
    
    
    <tag k="ele" v="47.17150380937"/>
    
  
  </node>
  
  
  <node id="200419" version="1" lat="35.6469753964" lon="128.40158451819">
    
    
    <tag k="ele" v="47.1355950735"/>
    
  
  </node>
  
  
  <node id="200420" version="1" lat="35.64700343922" lon="128.40160634814">
    
    
    <tag k="ele" v="47.08939479962"/>
    
  
  </node>
  
  
  <node id="200421" version="1" lat="35.64704009882" lon="128.40162522331">
    
    
    <tag k="ele" v="47.0289535622"/>
    
  
  </node>
  
  
  <node id="200426" version="1" lat="35.64690218012" lon="128.40137508082">
    
    
    <tag k="ele" v="47.17203093627"/>
    
  
  </node>
  
  
  <node id="200427" version="1" lat="35.64705182041" lon="128.4015763001">
    
    
    <tag k="ele" v="47.05816661144"/>
    
  
  </node>
  
  
  <node id="200428" version="1" lat="35.64707730552" lon="128.40161910685">
    
    
    <tag k="ele" v="47.0283483591"/>
    
  
  </node>
  
  
  <node id="200433" version="1" lat="35.64764175756" lon="128.40030753376">
    
    
    <tag k="ele" v="47.27555197366"/>
    
  
  </node>
  
  
  <node id="200434" version="1" lat="35.64699678541" lon="128.40103062072">
    
    
    <tag k="ele" v="47.19134032617"/>
    
  
  </node>
  
  
  <node id="200436" version="1" lat="35.64762518156" lon="128.40028367479">
    
    
    <tag k="ele" v="47.23312339076"/>
    
  
  </node>
  
  
  <node id="200437" version="1" lat="35.64697923138" lon="128.4010073385">
    
    
    <tag k="ele" v="47.1900603562"/>
    
  
  </node>
  
  
  <node id="200442" version="1" lat="35.64682363579" lon="128.40095355553">
    
    
    <tag k="ele" v="47.23216710708"/>
    
  
  </node>
  
  
  <node id="200443" version="1" lat="35.64685485121" lon="128.40081406316">
    
    
    <tag k="ele" v="47.18992753909"/>
    
  
  </node>
  
  
  <node id="200444" version="1" lat="35.64688194875" lon="128.40073498808">
    
    
    <tag k="ele" v="47.16091033962"/>
    
  
  </node>
  
  
  <node id="200445" version="1" lat="35.64690853828" lon="128.40069492886">
    
    
    <tag k="ele" v="47.14484011231"/>
    
  
  </node>
  
  
  <node id="200447" version="1" lat="35.6468535062" lon="128.4009588986">
    
    
    <tag k="ele" v="47.30340550357"/>
    
  
  </node>
  
  
  <node id="200448" version="1" lat="35.64687091651" lon="128.40086251147">
    
    
    <tag k="ele" v="47.26813363304"/>
    
  
  </node>
  
  
  <node id="200449" version="1" lat="35.64688408757" lon="128.4008160579">
    
    
    <tag k="ele" v="47.24375862699"/>
    
  
  </node>
  
  
  <node id="200450" version="1" lat="35.64690509837" lon="128.40075811303">
    
    
    <tag k="ele" v="47.21044918476"/>
    
  
  </node>
  
  
  <node id="200451" version="1" lat="35.64691847583" lon="128.40073793304">
    
    
    <tag k="ele" v="47.18493725696"/>
    
  
  </node>
  
  
  <node id="200458" version="1" lat="35.64757794288" lon="128.39999895002">
    
    
    <tag k="ele" v="47.23374452146"/>
    
  
  </node>
  
  
  <node id="200459" version="1" lat="35.6476387605" lon="128.40007967259">
    
    
    <tag k="ele" v="47.26692849842"/>
    
  
  </node>
  
  
  <node id="200461" version="1" lat="35.64755549516" lon="128.40002491873">
    
    
    <tag k="ele" v="47.25211497093"/>
    
  
  </node>
  
  
  <node id="200462" version="1" lat="35.64757278358" lon="128.40004236272">
    
    
    <tag k="ele" v="47.25805257178"/>
    
  
  </node>
  
  
  <node id="200463" version="1" lat="35.64761820709" lon="128.40010305476">
    
    
    <tag k="ele" v="47.24665418244"/>
    
  
  </node>
  
  
  <node id="200468" version="1" lat="35.64790838496" lon="128.40044058316">
    
    
    <tag k="ele" v="46.9165524409"/>
    
  
  </node>
  
  
  <node id="200469" version="1" lat="35.64787022584" lon="128.4003891769">
    
    
    <tag k="ele" v="47.02036119938"/>
    
  
  </node>
  
  
  <node id="200471" version="1" lat="35.64792994495" lon="128.40041621689">
    
    
    <tag k="ele" v="46.94723653645"/>
    
  
  </node>
  
  
  <node id="200472" version="1" lat="35.64789148182" lon="128.40036522945">
    
    
    <tag k="ele" v="47.00994582473"/>
    
  
  </node>
  
  
  <node id="200477" version="1" lat="35.64785057823" lon="128.40036289392">
    
    
    <tag k="ele" v="47.069"/>
    
  
  </node>
  
  
  <node id="200478" version="1" lat="35.64790802658" lon="128.40044011172">
    
    
    <tag k="ele" v="46.93026853269"/>
    
  
  </node>
  
  
  <node id="200480" version="1" lat="35.64782947438" lon="128.40038604786">
    
    
    <tag k="ele" v="47.06972761062"/>
    
  
  </node>
  
  
  <node id="200481" version="1" lat="35.64788676141" lon="128.40046382365">
    
    
    <tag k="ele" v="46.89047301834"/>
    
  
  </node>
  
  
  <node id="200486" version="1" lat="35.64765814684" lon="128.40010567694">
    
    
    <tag k="ele" v="47.28694081535"/>
    
  
  </node>
  
  
  <node id="200487" version="1" lat="35.64757818178" lon="128.39999926174">
    
    
    <tag k="ele" v="47.23035164211"/>
    
  
  </node>
  
  
  <node id="200489" version="1" lat="35.64767915185" lon="128.40008323748">
    
    
    <tag k="ele" v="47.23223066207"/>
    
  
  </node>
  
  
  <node id="200490" version="1" lat="35.64761672991" lon="128.40000049623">
    
    
    <tag k="ele" v="47.19305205987"/>
    
  
  </node>
  
  
  <node id="200491" version="1" lat="35.64760011323" lon="128.39997417035">
    
    
    <tag k="ele" v="47.22024614541"/>
    
  
  </node>
  
  
  <node id="200496" version="1" lat="35.64766192093" lon="128.40033326513">
    
    
    <tag k="ele" v="47.29339829778"/>
    
  
  </node>
  
  
  <node id="200497" version="1" lat="35.64701667835" lon="128.40105716289">
    
    
    <tag k="ele" v="47.26250544455"/>
    
  
  </node>
  
  
  <node id="200502" version="1" lat="35.64848912229" lon="128.39917349756">
    
    
    <tag k="ele" v="47.2505810996"/>
    
  
  </node>
  
  
  <node id="200503" version="1" lat="35.64838058206" lon="128.39902713236">
    
    
    <tag k="ele" v="47.24363722376"/>
    
  
  </node>
  
  
  <node id="200505" version="1" lat="35.64851036511" lon="128.39914943168">
    
    
    <tag k="ele" v="47.18145701488"/>
    
  
  </node>
  
  
  <node id="200506" version="1" lat="35.64840232146" lon="128.39900327724">
    
    
    <tag k="ele" v="47.13855450787"/>
    
  
  </node>
  
  
  <node id="200511" version="1" lat="35.64846947066" lon="128.39914707278">
    
    
    <tag k="ele" v="47.24246519365"/>
    
  
  </node>
  
  
  <node id="200513" version="1" lat="35.64835944272" lon="128.39905310726">
    
    
    <tag k="ele" v="47.21218261252"/>
    
  
  </node>
  
  
  <node id="200514" version="1" lat="35.64844833434" lon="128.39917087045">
    
    
    <tag k="ele" v="47.17900008808"/>
    
  
  </node>
  
  
  <node id="200519" version="1" lat="35.64809104219" lon="128.39985215585">
    
    
    <tag k="ele" v="47.23299127323"/>
    
  
  </node>
  
  
  <node id="200520" version="1" lat="35.64786019919" lon="128.40011094479">
    
    
    <tag k="ele" v="47.2910063381"/>
    
  
  </node>
  
  
  <node id="200525" version="1" lat="35.64798813702" lon="128.39997575213">
    
    
    <tag k="ele" v="47.26136157648"/>
    
  
  </node>
  
  
  <node id="200526" version="1" lat="35.64824905459" lon="128.39968235431">
    
    
    <tag k="ele" v="47.24726726341"/>
    
  
  </node>
  
  
  <node id="200528" version="1" lat="35.64800566884" lon="128.39999881893">
    
    
    <tag k="ele" v="47.20605219592"/>
    
  
  </node>
  
  
  <node id="200529" version="1" lat="35.64826664059" lon="128.39970589009">
    
    
    <tag k="ele" v="47.19581618196"/>
    
  
  </node>
  
  
  <node id="200534" version="1" lat="35.64802756012" lon="128.40002796284">
    
    
    <tag k="ele" v="47.15987852298"/>
    
  
  </node>
  
  
  <node id="200535" version="1" lat="35.64828785468" lon="128.399734206">
    
    
    <tag k="ele" v="47.1712403044"/>
    
  
  </node>
  
  
  <node id="200540" version="1" lat="35.64681672885" lon="128.40104294007">
    
    
    <tag k="ele" v="47.25489884"/>
    
  
  </node>
  
  
  <node id="200542" version="1" lat="35.64684704439" lon="128.40104147855">
    
    
    <tag k="ele" v="47.30806144797"/>
    
  
  </node>
  
  
  <node id="200546" version="1" lat="35.6468757648" lon="128.40104309393">
    
    
    <tag k="ele" v="47.25171111277"/>
    
  
  </node>
  
  
  <node id="200547" version="1" lat="35.6468837203" lon="128.40096387382">
    
    
    <tag k="ele" v="47.2541558546"/>
    
  
  </node>
  
  
  <node id="200552" version="1" lat="35.64688634245" lon="128.400928389">
    
    
    <tag k="ele" v="47.23877657475"/>
    
  
  </node>
  
  
  <node id="200553" version="1" lat="35.64689644849" lon="128.40088221321">
    
    
    <tag k="ele" v="47.21738830947"/>
    
  
  </node>
  
  
  <node id="200554" version="1" lat="35.64693119715" lon="128.40077467693">
    
    
    <tag k="ele" v="47.15810831376"/>
    
  
  </node>
  
  
  <node id="200555" version="1" lat="35.64696751104" lon="128.40070204131">
    
    
    <tag k="ele" v="47.1506853437"/>
    
  
  </node>
  
  
  <node id="200561" version="1" lat="35.64697035188" lon="128.40106014176">
    
    
    <tag k="ele" v="47.23872654978"/>
    
  
  </node>
  
  
  <node id="200562" version="1" lat="35.64695681892" lon="128.40106723838">
    
    
    <tag k="ele" v="47.20613842492"/>
    
  
  </node>
  
  
  <node id="200564" version="1" lat="35.6469524527" lon="128.40102478889">
    
    
    <tag k="ele" v="47.17089782015"/>
    
  
  </node>
  
  
  <node id="200568" version="1" lat="35.64696120779" lon="128.40111963584">
    
    
    <tag k="ele" v="47.2660507788"/>
    
  
  </node>
  
  
  <node id="200569" version="1" lat="35.64690992944" lon="128.40118193538">
    
    
    <tag k="ele" v="47.24059065759"/>
    
  
  </node>
  
  
  <node id="200570" version="1" lat="35.64689781702" lon="128.40120470709">
    
    
    <tag k="ele" v="47.23378805445"/>
    
  
  </node>
  
  
  <node id="200571" version="1" lat="35.64688662661" lon="128.40123707569">
    
    
    <tag k="ele" v="47.22900000372"/>
    
  
  </node>
  
  
  <node id="200572" version="1" lat="35.64688156926" lon="128.40127106384">
    
    
    <tag k="ele" v="47.21899998557"/>
    
  
  </node>
  
  
  <node id="200573" version="1" lat="35.64688201708" lon="128.40131003753">
    
    
    <tag k="ele" v="47.20647887231"/>
    
  
  </node>
  
  
  <node id="200574" version="1" lat="35.64688948195" lon="128.40134862792">
    
    
    <tag k="ele" v="47.22925229716"/>
    
  
  </node>
  
  
  <node id="200576" version="1" lat="35.64694104249" lon="128.40109353427">
    
    
    <tag k="ele" v="47.2101226109"/>
    
  
  </node>
  
  
  <node id="200577" version="1" lat="35.64688204363" lon="128.40115955891">
    
    
    <tag k="ele" v="47.2387765202"/>
    
  
  </node>
  
  
  <node id="200578" version="1" lat="35.6468683065" lon="128.40118837157">
    
    
    <tag k="ele" v="47.25562460697"/>
    
  
  </node>
  
  
  <node id="200579" version="1" lat="35.64685728168" lon="128.40122704032">
    
    
    <tag k="ele" v="47.27118761599"/>
    
  
  </node>
  
  
  <node id="200580" version="1" lat="35.6468508119" lon="128.40128110946">
    
    
    <tag k="ele" v="47.23899999635"/>
    
  
  </node>
  
  
  <node id="200581" version="1" lat="35.6468524295" lon="128.40133139622">
    
    
    <tag k="ele" v="47.26021313904"/>
    
  
  </node>
  
  
  <node id="200582" version="1" lat="35.64686352618" lon="128.40137641394">
    
    
    <tag k="ele" v="47.25010530847"/>
    
  
  </node>
  
  
  <node id="200592" version="1" lat="35.64690010953" lon="128.40137196961">
    
    
    <tag k="ele" v="47.18697135665"/>
    
  
  </node>
  
  
  <node id="200593" version="1" lat="35.64685076764" lon="128.40128902479">
    
    
    <tag k="ele" v="47.23841331936"/>
    
  
  </node>
  
  
  <node id="200594" version="1" lat="35.6468337807" lon="128.40124561026">
    
    
    <tag k="ele" v="47.23580340813"/>
    
  
  </node>
  
  
  <node id="200595" version="1" lat="35.64682707077" lon="128.4012195912">
    
    
    <tag k="ele" v="47.2391557418"/>
    
  
  </node>
  
  
  <node id="200596" version="1" lat="35.64681776472" lon="128.40114913608">
    
    
    <tag k="ele" v="47.2484310276"/>
    
  
  </node>
  
  
  <node id="200598" version="1" lat="35.64692453435" lon="128.4013510563">
    
    
    <tag k="ele" v="47.12324525938"/>
    
  
  </node>
  
  
  <node id="200599" version="1" lat="35.64687721933" lon="128.40127186356">
    
    
    <tag k="ele" v="47.21899998557"/>
    
  
  </node>
  
  
  <node id="200600" version="1" lat="35.64685643484" lon="128.40121191779">
    
    
    <tag k="ele" v="47.28398878129"/>
    
  
  </node>
  
  
  <node id="200601" version="1" lat="35.6468467038" lon="128.40112794586">
    
    
    <tag k="ele" v="47.29489522555"/>
    
  
  </node>
  
  
  <node id="200608" version="1" lat="35.64690957625" lon="128.40132214416">
    
    
    <tag k="ele" v="47.18702652876"/>
    
  
  </node>
  
  
  <node id="200609" version="1" lat="35.64689619422" lon="128.40128565617">
    
    
    <tag k="ele" v="47.19027548065"/>
    
  
  </node>
  
  
  <node id="200610" version="1" lat="35.64688165716" lon="128.40122298377">
    
    
    <tag k="ele" v="47.23943532868"/>
    
  
  </node>
  
  
  <node id="200611" version="1" lat="35.64687634111" lon="128.40116576469">
    
    
    <tag k="ele" v="47.2595093398"/>
    
  
  </node>
  
  
  
  <node id="200621" version="1" lat="35.64696293532" lon="128.40117341176">
    
    
    <tag k="ele" v="47.219"/>
    
  
  </node>
  
  
  <node id="200623" version="1" lat="35.64691738247" lon="128.40133214294">
    
    
    <tag k="ele" v="47.169"/>
    
  
  </node>
  
  
  <node id="200624" version="1" lat="35.6469164442" lon="128.40131947225">
    
    
    <tag k="ele" v="47.14034048026"/>
    
  
  </node>
  
  
  <node id="200625" version="1" lat="35.64691874868" lon="128.40129687015">
    
    
    <tag k="ele" v="47.179"/>
    
  
  </node>
  
  
  <node id="200626" version="1" lat="35.6469238516" lon="128.40128123802">
    
    
    <tag k="ele" v="47.15215990583"/>
    
  
  </node>
  
  
  <node id="200627" version="1" lat="35.64694010695" lon="128.40125259523">
    
    
    <tag k="ele" v="47.14422120561"/>
    
  
  </node>
  
  
  <node id="200628" version="1" lat="35.64698301093" lon="128.40120021121">
    
    
    <tag k="ele" v="47.1386956315"/>
    
  
  </node>
  
  
  <node id="200636" version="1" lat="35.64688864645" lon="128.40134542605">
    
    
    <tag k="ele" v="47.2144197755"/>
    
  
  </node>
  
  
  <node id="200637" version="1" lat="35.64688358572" lon="128.40132419954">
    
    
    <tag k="ele" v="47.24580264651"/>
    
  
  </node>
  
  
  <node id="200638" version="1" lat="35.64688239534" lon="128.4012935856">
    
    
    <tag k="ele" v="47.21608176758"/>
    
  
  </node>
  
  
  <node id="200639" version="1" lat="35.64688500094" lon="128.40126851287">
    
    
    <tag k="ele" v="47.20967943637"/>
    
  
  </node>
  
  
  <node id="200640" version="1" lat="35.6468952752" lon="128.40122942774">
    
    
    <tag k="ele" v="47.21480614054"/>
    
  
  </node>
  
  
  <node id="200641" version="1" lat="35.64690517467" lon="128.40120704572">
    
    
    <tag k="ele" v="47.22482407297"/>
    
  
  </node>
  
  
  <node id="200642" version="1" lat="35.64694249896" lon="128.40114828786">
    
    
    <tag k="ele" v="47.259"/>
    
  
  </node>
  
  
  <node id="200655" version="1" lat="35.64785420696" lon="128.40036432568">
    
    
    <tag k="ele" v="47.06503408867"/>
    
  
  </node>
  
  
  <node id="200656" version="1" lat="35.64782137381" lon="128.40032410983">
    
    
    <tag k="ele" v="47.12590354264"/>
    
  
  </node>
  
  
  <node id="200657" version="1" lat="35.64780122133" lon="128.40030556849">
    
    
    <tag k="ele" v="47.21163653174"/>
    
  
  </node>
  
  
  <node id="200658" version="1" lat="35.64777368861" lon="128.40029209147">
    
    
    <tag k="ele" v="47.21698745964"/>
    
  
  </node>
  
  
  <node id="200659" version="1" lat="35.64773917035" lon="128.40028934863">
    
    
    <tag k="ele" v="47.30248196978"/>
    
  
  </node>
  
  
  <node id="200660" version="1" lat="35.64770660871" lon="128.400297156">
    
    
    <tag k="ele" v="47.30670675254"/>
    
  
  </node>
  
  
  <node id="200661" version="1" lat="35.64768109105" lon="128.40031296822">
    
    
    <tag k="ele" v="47.29695155291"/>
    
  
  </node>
  
  
  <node id="200663" version="1" lat="35.64787255822" lon="128.40033938094">
    
    
    <tag k="ele" v="47.04749269013"/>
    
  
  </node>
  
  
  <node id="200664" version="1" lat="35.6478250935" lon="128.40028905867">
    
    
    <tag k="ele" v="47.15969985945"/>
    
  
  </node>
  
  
  <node id="200665" version="1" lat="35.64780156111" lon="128.40027168284">
    
    
    <tag k="ele" v="47.20674370246"/>
    
  
  </node>
  
  
  <node id="200666" version="1" lat="35.64776641065" lon="128.40026011567">
    
    
    <tag k="ele" v="47.28278741471"/>
    
  
  </node>
  
  
  <node id="200667" version="1" lat="35.6477354882" lon="128.40025909016">
    
    
    <tag k="ele" v="47.32330132199"/>
    
  
  </node>
  
  
  <node id="200668" version="1" lat="35.64770815026" lon="128.40026544465">
    
    
    <tag k="ele" v="47.32192539681"/>
    
  
  </node>
  
  
  <node id="200669" version="1" lat="35.64766829578" lon="128.40028507766">
    
    
    <tag k="ele" v="47.282457024"/>
    
  
  </node>
  
  
  <node id="200679" version="1" lat="35.64764842678" lon="128.40035603621">
    
    
    <tag k="ele" v="47.31074381239"/>
    
  
  </node>
  
  
  <node id="200680" version="1" lat="35.64769531849" lon="128.40029839475">
    
    
    <tag k="ele" v="47.33457013607"/>
    
  
  </node>
  
  
  <node id="200681" version="1" lat="35.6477060467" lon="128.40027086409">
    
    
    <tag k="ele" v="47.32619476825"/>
    
  
  </node>
  
  
  <node id="200682" version="1" lat="35.6477087022" lon="128.40024751011">
    
    
    <tag k="ele" v="47.32133136004"/>
    
  
  </node>
  
  
  <node id="200683" version="1" lat="35.64770611451" lon="128.40020369043">
    
    
    <tag k="ele" v="47.30774649935"/>
    
  
  </node>
  
  
  <node id="200684" version="1" lat="35.64769727488" lon="128.4001681269">
    
    
    <tag k="ele" v="47.28260313678"/>
    
  
  </node>
  
  
  <node id="200685" version="1" lat="35.64768321498" lon="128.40013906688">
    
    
    <tag k="ele" v="47.289"/>
    
  
  </node>
  
  
  <node id="200687" version="1" lat="35.64766872854" lon="128.40038274794">
    
    
    <tag k="ele" v="47.24114774854"/>
    
  
  </node>
  
  
  <node id="200688" version="1" lat="35.64770507427" lon="128.40033802965">
    
    
    <tag k="ele" v="47.25257163962"/>
    
  
  </node>
  
  
  <node id="200689" version="1" lat="35.64772414096" lon="128.40030536472">
    
    
    <tag k="ele" v="47.27890753181"/>
    
  
  </node>
  
  
  <node id="200690" version="1" lat="35.64773304971" lon="128.40027691415">
    
    
    <tag k="ele" v="47.31277790612"/>
    
  
  </node>
  
  
  <node id="200691" version="1" lat="35.64773591843" lon="128.40024754485">
    
    
    <tag k="ele" v="47.33134056647"/>
    
  
  </node>
  
  
  <node id="200692" version="1" lat="35.6477330059" lon="128.40019511298">
    
    
    <tag k="ele" v="47.30111380813"/>
    
  
  </node>
  
  
  <node id="200693" version="1" lat="35.64772503388" lon="128.40016585108">
    
    
    <tag k="ele" v="47.279"/>
    
  
  </node>
  
  
  <node id="200694" version="1" lat="35.64770343945" lon="128.40012088602">
    
    
    <tag k="ele" v="47.24924184636"/>
    
  
  </node>
  
  
  <node id="200704" version="1" lat="35.64784647941" lon="128.40013421959">
    
    
    <tag k="ele" v="47.30785687982"/>
    
  
  </node>
  
  
  <node id="200706" version="1" lat="35.64786427005" lon="128.40015762126">
    
    
    <tag k="ele" v="47.24236663977"/>
    
  
  </node>
  
  
  <node id="200710" version="1" lat="35.64772430072" lon="128.40032785957">
    
    
    <tag k="ele" v="47.239"/>
    
  
  </node>
  
  
  <node id="200711" version="1" lat="35.64774518046" lon="128.4003140195">
    
    
    <tag k="ele" v="47.24116423097"/>
    
  
  </node>
  
  
  <node id="200712" version="1" lat="35.64776676076" lon="128.40030662644">
    
    
    <tag k="ele" v="47.22437827797"/>
    
  
  </node>
  
  
  <node id="200713" version="1" lat="35.64778571728" lon="128.40030725269">
    
    
    <tag k="ele" v="47.209"/>
    
  
  </node>
  
  
  <node id="200714" version="1" lat="35.6478040018" lon="128.40031525906">
    
    
    <tag k="ele" v="47.17933351419"/>
    
  
  </node>
  
  
  <node id="200715" version="1" lat="35.64782357664" lon="128.40033029797">
    
    
    <tag k="ele" v="47.12171103804"/>
    
  
  </node>
  
  
  <node id="200717" version="1" lat="35.64768848893" lon="128.4004087739">
    
    
    <tag k="ele" v="47.17931856064"/>
    
  
  </node>
  
  
  <node id="200718" version="1" lat="35.64773771874" lon="128.40035446326">
    
    
    <tag k="ele" v="47.23795837959"/>
    
  
  </node>
  
  
  <node id="200719" version="1" lat="35.64774608977" lon="128.40034724738">
    
    
    <tag k="ele" v="47.23592514582"/>
    
  
  </node>
  
  
  <node id="200720" version="1" lat="35.64776231524" lon="128.40034054484">
    
    
    <tag k="ele" v="47.19900096732"/>
    
  
  </node>
  
  
  <node id="200721" version="1" lat="35.64777868491" lon="128.4003401665">
    
    
    <tag k="ele" v="47.15708260147"/>
    
  
  </node>
  
  
  <node id="200722" version="1" lat="35.64779892377" lon="128.40034877255">
    
    
    <tag k="ele" v="47.12915516077"/>
    
  
  </node>
  
  
  <node id="200730" version="1" lat="35.64788635481" lon="128.40018712198">
    
    
    <tag k="ele" v="47.15833600209"/>
    
  
  </node>
  
  
  <node id="200734" version="1" lat="35.6477846592" lon="128.40014546044">
    
    
    <tag k="ele" v="47.2656843566"/>
    
  
  </node>
  
  
  <node id="200735" version="1" lat="35.6477676938" lon="128.40015757741">
    
    
    <tag k="ele" v="47.27196188652"/>
    
  
  </node>
  
  
  <node id="200736" version="1" lat="35.64774851185" lon="128.40016396759">
    
    
    <tag k="ele" v="47.26337279766"/>
    
  
  </node>
  
  
  <node id="200737" version="1" lat="35.64773051286" lon="128.4001636658">
    
    
    <tag k="ele" v="47.25875056414"/>
    
  
  </node>
  
  
  <node id="200738" version="1" lat="35.64770594876" lon="128.40015382703">
    
    
    <tag k="ele" v="47.25665240928"/>
    
  
  </node>
  
  
  <node id="200739" version="1" lat="35.64768617576" lon="128.40013757168">
    
    
    <tag k="ele" v="47.28613789762"/>
    
  
  </node>
  
  
  <node id="200741" version="1" lat="35.64777100362" lon="128.40011966777">
    
    
    <tag k="ele" v="47.24899999457"/>
    
  
  </node>
  
  
  <node id="200742" version="1" lat="35.64774735924" lon="128.40013193734">
    
    
    <tag k="ele" v="46.49215531899"/>
    
  
  </node>
  
  
  <node id="200743" version="1" lat="35.6477293807" lon="128.40013133065">
    
    
    <tag k="ele" v="47.22361096089"/>
    
  
  </node>
  
  
  <node id="200744" version="1" lat="35.64771209131" lon="128.40012231329">
    
    
    <tag k="ele" v="47.2555281767"/>
    
  
  </node>
  
  
  <node id="200756" version="1" lat="35.64783611185" lon="128.40013517775">
    
    
    <tag k="ele" v="47.30951327054"/>
    
  
  </node>
  
  
  <node id="200757" version="1" lat="35.64781811472" lon="128.40016144093">
    
    
    <tag k="ele" v="47.299"/>
    
  
  </node>
  
  
  <node id="200758" version="1" lat="35.64780661291" lon="128.40019230826">
    
    
    <tag k="ele" v="47.31588561661"/>
    
  
  </node>
  
  
  <node id="200759" version="1" lat="35.64780234641" lon="128.40022978984">
    
    
    <tag k="ele" v="47.25898754355"/>
    
  
  </node>
  
  
  <node id="200760" version="1" lat="35.64780532255" lon="128.40027046217">
    
    
    <tag k="ele" v="47.23978582789"/>
    
  
  </node>
  
  
  <node id="200761" version="1" lat="35.64781217366" lon="128.40029744484">
    
    
    <tag k="ele" v="47.19201202153"/>
    
  
  </node>
  
  
  <node id="200762" version="1" lat="35.64782605205" lon="128.40032872135">
    
    
    <tag k="ele" v="47.12415634205"/>
    
  
  </node>
  
  
  <node id="200764" version="1" lat="35.64781558678" lon="128.40011368897">
    
    
    <tag k="ele" v="47.26835292767"/>
    
  
  </node>
  
  
  <node id="200765" version="1" lat="35.64779557217" lon="128.40014813406">
    
    
    <tag k="ele" v="47.27838064563"/>
    
  
  </node>
  
  
  <node id="200766" version="1" lat="35.64778306271" lon="128.40018469892">
    
    
    <tag k="ele" v="47.32040706258"/>
    
  
  </node>
  
  
  <node id="200767" version="1" lat="35.64777682066" lon="128.40022976346">
    
    
    <tag k="ele" v="47.2920468846"/>
    
  
  </node>
  
  
  <node id="200768" version="1" lat="35.64778040959" lon="128.40027834586">
    
    
    <tag k="ele" v="47.219"/>
    
  
  </node>
  
  
  <node id="200769" version="1" lat="35.64778849114" lon="128.40031082699">
    
    
    <tag k="ele" v="47.18899178207"/>
    
  
  </node>
  
  
  <node id="200770" version="1" lat="35.64780488136" lon="128.40034804862">
    
    
    <tag k="ele" v="47.10509207101"/>
    
  
  </node>
  
  
  <node id="200780" version="1" lat="35.64765529425" lon="128.40010444634">
    
    
    <tag k="ele" v="47.28416280491"/>
    
  
  </node>
  
  
  <node id="200781" version="1" lat="35.64769652058" lon="128.40015443401">
    
    
    <tag k="ele" v="47.28446613512"/>
    
  
  </node>
  
  
  <node id="200782" version="1" lat="35.64771471454" lon="128.40017003116">
    
    
    <tag k="ele" v="47.27729043699"/>
    
  
  </node>
  
  
  <node id="200783" version="1" lat="35.64774204323" lon="128.40018167944">
    
    
    <tag k="ele" v="47.27353342695"/>
    
  
  </node>
  
  
  <node id="200784" version="1" lat="35.64776688945" lon="128.40018373226">
    
    
    <tag k="ele" v="47.30428414304"/>
    
  
  </node>
  
  
  <node id="200785" version="1" lat="35.64780207849" lon="128.40017252152">
    
    
    <tag k="ele" v="47.31273304444"/>
    
  
  </node>
  
  
  <node id="200786" version="1" lat="35.64782479654" lon="128.40015725481">
    
    
    <tag k="ele" v="47.30172487362"/>
    
  
  </node>
  
  
  <node id="200788" version="1" lat="35.6476375098" lon="128.40012816667">
    
    
    <tag k="ele" v="47.22907515087"/>
    
  
  </node>
  
  
  <node id="200789" version="1" lat="35.64768356771" lon="128.40017635288">
    
    
    <tag k="ele" v="47.279"/>
    
  
  </node>
  
  
  <node id="200790" version="1" lat="35.64771522946" lon="128.40020025626">
    
    
    <tag k="ele" v="47.27390799701"/>
    
  
  </node>
  
  
  <node id="200791" version="1" lat="35.64773836232" lon="128.40020979393">
    
    
    <tag k="ele" v="47.31653324642"/>
    
  
  </node>
  
  
  <node id="200792" version="1" lat="35.64776073611" lon="128.40021217807">
    
    
    <tag k="ele" v="47.31255924913"/>
    
  
  </node>
  
  
  <node id="200793" version="1" lat="35.64779712842" lon="128.40020390129">
    
    
    <tag k="ele" v="47.32717035261"/>
    
  
  </node>
  
  
  <node id="200794" version="1" lat="35.64783862358" lon="128.40018175551">
    
    
    <tag k="ele" v="47.25232398688"/>
    
  
  </node>
  
  
  <node id="200807" version="1" lat="35.64864452754" lon="128.39938468819">
    
    
    <tag k="ele" v="47.18310410399"/>
    
  
  </node>
  
  
  <node id="200808" version="1" lat="35.64861914156" lon="128.39936473127">
    
    
    <tag k="ele" v="47.19038818806"/>
    
  
  </node>
  
  
  <node id="200809" version="1" lat="35.64858413596" lon="128.39934983753">
    
    
    <tag k="ele" v="47.28309196915"/>
    
  
  </node>
  
  
  <node id="200810" version="1" lat="35.64856388459" lon="128.39934969892">
    
    
    <tag k="ele" v="47.31668257976"/>
    
  
  </node>
  
  
  <node id="200811" version="1" lat="35.64854578947" lon="128.3993556467">
    
    
    <tag k="ele" v="47.33295433747"/>
    
  
  </node>
  
  
  <node id="200812" version="1" lat="35.64851327054" lon="128.39938020375">
    
    
    <tag k="ele" v="47.28277042639"/>
    
  
  </node>
  
  
  <node id="200813" version="1" lat="35.64849318278" lon="128.39940213489">
    
    
    <tag k="ele" v="47.28837087642"/>
    
  
  </node>
  
  
  <node id="200815" version="1" lat="35.64868348037" lon="128.39938545528">
    
    
    <tag k="ele" v="47.15021738721"/>
    
  
  </node>
  
  
  <node id="200816" version="1" lat="35.64864489782" lon="128.39934724803">
    
    
    <tag k="ele" v="47.206"/>
    
  
  </node>
  
  
  <node id="200817" version="1" lat="35.64861613707" lon="128.39932828302">
    
    
    <tag k="ele" v="47.27748060016"/>
    
  
  </node>
  
  
  <node id="200818" version="1" lat="35.64858461697" lon="128.39931759488">
    
    
    <tag k="ele" v="47.31464709465"/>
    
  
  </node>
  
  
  <node id="200819" version="1" lat="35.64855869502" lon="128.39931860389">
    
    
    <tag k="ele" v="47.32899998435"/>
    
  
  </node>
  
  
  <node id="200820" version="1" lat="35.64853547249" lon="128.39932684914">
    
    
    <tag k="ele" v="47.27829905892"/>
    
  
  </node>
  
  
  <node id="200821" version="1" lat="35.64849706618" lon="128.39935177643">
    
    
    <tag k="ele" v="47.24640382876"/>
    
  
  </node>
  
  
  <node id="200822" version="1" lat="35.64847303711" lon="128.3993745704">
    
    
    <tag k="ele" v="47.22801543353"/>
    
  
  </node>
  
  
  <node id="200832" version="1" lat="35.64847680922" lon="128.39942783559">
    
    
    <tag k="ele" v="47.2638435922"/>
    
  
  </node>
  
  
  <node id="200833" version="1" lat="35.64867718216" lon="128.39920264562">
    
    
    <tag k="ele" v="47.3008864531"/>
    
  
  </node>
  
  
  <node id="200835" version="1" lat="35.64849432627" lon="128.39945071091">
    
    
    <tag k="ele" v="47.23801669688"/>
    
  
  </node>
  
  
  <node id="200836" version="1" lat="35.64869434972" lon="128.39922571318">
    
    
    <tag k="ele" v="47.23823494291"/>
    
  
  </node>
  
  
  <node id="200841" version="1" lat="35.64850549856" lon="128.39939645007">
    
    
    <tag k="ele" v="47.28286341746"/>
    
  
  </node>
  
  
  <node id="200842" version="1" lat="35.64852998203" lon="128.3993600858">
    
    
    <tag k="ele" v="47.30135400972"/>
    
  
  </node>
  
  
  <node id="200843" version="1" lat="35.64854071393" lon="128.39932875825">
    
    
    <tag k="ele" v="47.28882062372"/>
    
  
  </node>
  
  
  <node id="200844" version="1" lat="35.64854417632" lon="128.39929896952">
    
    
    <tag k="ele" v="47.28714201742"/>
    
  
  </node>
  
  
  <node id="200845" version="1" lat="35.64854203823" lon="128.39927163162">
    
    
    <tag k="ele" v="47.29318674876"/>
    
  
  </node>
  
  
  <node id="200846" version="1" lat="35.64852956657" lon="128.3992340623">
    
    
    <tag k="ele" v="47.25254943327"/>
    
  
  </node>
  
  
  <node id="200847" version="1" lat="35.64850955946" lon="128.39919970625">
    
    
    <tag k="ele" v="47.22002913865"/>
    
  
  </node>
  
  
  <node id="200849" version="1" lat="35.64852387474" lon="128.39941394747">
    
    
    <tag k="ele" v="47.24333439899"/>
    
  
  </node>
  
  
  <node id="200850" version="1" lat="35.64854779851" lon="128.39937267126">
    
    
    <tag k="ele" v="47.26898289536"/>
    
  
  </node>
  
  
  <node id="200851" version="1" lat="35.64856186705" lon="128.39933483573">
    
    
    <tag k="ele" v="47.32899998435"/>
    
  
  </node>
  
  
  <node id="200852" version="1" lat="35.64856658757" lon="128.39929848969">
    
    
    <tag k="ele" v="47.31633989245"/>
    
  
  </node>
  
  
  <node id="200853" version="1" lat="35.64856378814" lon="128.39926479659">
    
    
    <tag k="ele" v="47.2920397743"/>
    
  
  </node>
  
  
  <node id="200854" version="1" lat="35.64855423438" lon="128.39923128951">
    
    
    <tag k="ele" v="47.23276203234"/>
    
  
  </node>
  
  
  <node id="200855" version="1" lat="35.64853079031" lon="128.39917904624">
    
    
    <tag k="ele" v="47.19400827413"/>
    
  
  </node>
  
  
  <node id="200865" version="1" lat="35.64851591418" lon="128.39947954224">
    
    
    <tag k="ele" v="47.179"/>
    
  
  </node>
  
  
  <node id="200866" version="1" lat="35.64871577185" lon="128.39925484864">
    
    
    <tag k="ele" v="47.20749594584"/>
    
  
  </node>
  
  
  <node id="200871" version="1" lat="35.64855583536" lon="128.3993951104">
    
    
    <tag k="ele" v="47.23949725029"/>
    
  
  </node>
  
  
  <node id="200872" version="1" lat="35.6485894385" lon="128.39937875843">
    
    
    <tag k="ele" v="47.23923731826"/>
    
  
  </node>
  
  
  <node id="200873" version="1" lat="35.64860976745" lon="128.39937848485">
    
    
    <tag k="ele" v="47.179"/>
    
  
  </node>
  
  
  <node id="200874" version="1" lat="35.64862950731" lon="128.39938513276">
    
    
    <tag k="ele" v="47.17588646321"/>
    
  
  </node>
  
  
  <node id="200875" version="1" lat="35.64864812212" lon="128.39939766129">
    
    
    <tag k="ele" v="47.15992519808"/>
    
  
  </node>
  
  
  <node id="200877" version="1" lat="35.6485683002" lon="128.39942163823">
    
    
    <tag k="ele" v="47.21900007796"/>
    
  
  </node>
  
  
  <node id="200878" version="1" lat="35.64859158116" lon="128.39941035865">
    
    
    <tag k="ele" v="47.20825992521"/>
    
  
  </node>
  
  
  <node id="200879" version="1" lat="35.64861209143" lon="128.39940977704">
    
    
    <tag k="ele" v="47.14012190025"/>
    
  
  </node>
  
  
  <node id="200880" version="1" lat="35.64862688318" lon="128.39941528461">
    
    
    <tag k="ele" v="47.16698043226"/>
    
  
  </node>
  
  
  <node id="200881" version="1" lat="35.64863412353" lon="128.39942051619">
    
    
    <tag k="ele" v="47.09946174983"/>
    
  
  </node>
  
  
  <node id="200888" version="1" lat="35.64853002306" lon="128.39922547203">
    
    
    <tag k="ele" v="47.22928678024"/>
    
  
  </node>
  
  
  <node id="200889" version="1" lat="35.64855333505" lon="128.39924541873">
    
    
    <tag k="ele" v="47.24285082196"/>
    
  
  </node>
  
  
  <node id="200890" version="1" lat="35.64857452511" lon="128.39925475164">
    
    
    <tag k="ele" v="47.28777297094"/>
    
  
  </node>
  
  
  <node id="200891" version="1" lat="35.64859690294" lon="128.39925577137">
    
    
    <tag k="ele" v="47.29721267966"/>
    
  
  </node>
  
  
  <node id="200892" version="1" lat="35.6486204883" lon="128.39924966923">
    
    
    <tag k="ele" v="46.53224165609"/>
    
  
  </node>
  
  
  <node id="200893" version="1" lat="35.64865430343" lon="128.39922608849">
    
    
    <tag k="ele" v="47.299"/>
    
  
  </node>
  
  
  <node id="200895" version="1" lat="35.6484650626" lon="128.39919380409">
    
    
    <tag k="ele" v="47.17798071397"/>
    
  
  </node>
  
  
  <node id="200896" version="1" lat="35.64851613481" lon="128.3992482668">
    
    
    <tag k="ele" v="47.19735180283"/>
    
  
  </node>
  
  
  <node id="200897" version="1" lat="35.64854479711" lon="128.39926959176">
    
    
    <tag k="ele" v="47.24136708537"/>
    
  
  </node>
  
  
  <node id="200898" version="1" lat="35.64857064845" lon="128.39927955843">
    
    
    <tag k="ele" v="47.30900000537"/>
    
  
  </node>
  
  
  <node id="200899" version="1" lat="35.64859924359" lon="128.39928185189">
    
    
    <tag k="ele" v="47.32015450166"/>
    
  
  </node>
  
  
  <node id="200900" version="1" lat="35.64862730272" lon="128.3992742144">
    
    
    <tag k="ele" v="47.29418848981"/>
    
  
  </node>
  
  
  <node id="200901" version="1" lat="35.64866700525" lon="128.39925132437">
    
    
    <tag k="ele" v="47.26319811238"/>
    
  
  </node>
  
  
  <node id="200913" version="1" lat="35.64869391985" lon="128.39917688981">
    
    
    <tag k="ele" v="47.279"/>
    
  
  </node>
  
  
  <node id="200914" version="1" lat="35.64866722648" lon="128.39920613472">
    
    
    <tag k="ele" v="47.29996620749"/>
    
  
  </node>
  
  
  <node id="200915" version="1" lat="35.64863782451" lon="128.39924647723">
    
    
    <tag k="ele" v="47.27088179544"/>
    
  
  </node>
  
  
  <node id="200916" version="1" lat="35.64862979818" lon="128.39926454496">
    
    
    <tag k="ele" v="47.25108138985"/>
    
  
  </node>
  
  
  <node id="200917" version="1" lat="35.648625223" lon="128.3992933808">
    
    
    <tag k="ele" v="47.29523696173"/>
    
  
  </node>
  
  
  <node id="200918" version="1" lat="35.64862639566" lon="128.39931861835">
    
    
    <tag k="ele" v="47.25938335487"/>
    
  
  </node>
  
  
  <node id="200919" version="1" lat="35.64863746862" lon="128.39936026702">
    
    
    <tag k="ele" v="47.19327053767"/>
    
  
  </node>
  
  
  <node id="200920" version="1" lat="35.64865341274" lon="128.399392731">
    
    
    <tag k="ele" v="47.15824908415"/>
    
  
  </node>
  
  
  <node id="200922" version="1" lat="35.6486738585" lon="128.39914965715">
    
    
    <tag k="ele" v="47.23149787017"/>
    
  
  </node>
  
  
  <node id="200923" version="1" lat="35.64864643775" lon="128.39918404551">
    
    
    <tag k="ele" v="47.26669129879"/>
    
  
  </node>
  
  
  <node id="200924" version="1" lat="35.64861701957" lon="128.39923042586">
    
    
    <tag k="ele" v="47.28132834249"/>
    
  
  </node>
  
  
  <node id="200925" version="1" lat="35.64860633725" lon="128.39925551209">
    
    
    <tag k="ele" v="47.32107264188"/>
    
  
  </node>
  
  
  <node id="200926" version="1" lat="35.64860089817" lon="128.39929382667">
    
    
    <tag k="ele" v="47.31660567558"/>
    
  
  </node>
  
  
  <node id="200927" version="1" lat="35.6486063205" lon="128.3993410205">
    
    
    <tag k="ele" v="47.27701500332"/>
    
  
  </node>
  
  
  <node id="200928" version="1" lat="35.64861670561" lon="128.3993728441">
    
    
    <tag k="ele" v="47.199"/>
    
  
  </node>
  
  
  <node id="200929" version="1" lat="35.64863268104" lon="128.39940884412">
    
    
    <tag k="ele" v="47.15305685996"/>
    
  
  </node>
  
  
  <node id="200943" version="1" lat="35.64861210733" lon="128.39921338213">
    
    
    <tag k="ele" v="47.2499061759"/>
    
  
  </node>
  
  
  <node id="200944" version="1" lat="35.64859939403" lon="128.39922177739">
    
    
    <tag k="ele" v="47.229"/>
    
  
  </node>
  
  
  <node id="200945" version="1" lat="35.64857790658" lon="128.3992284869">
    
    
    <tag k="ele" v="47.24399624313"/>
    
  
  </node>
  
  
  <node id="200946" version="1" lat="35.64855515992" lon="128.39922616056">
    
    
    <tag k="ele" v="47.22930475563"/>
    
  
  </node>
  
  
  <node id="200947" version="1" lat="35.64853413738" lon="128.39921621615">
    
    
    <tag k="ele" v="47.23139908831"/>
    
  
  </node>
  
  
  <node id="200948" version="1" lat="35.64851586202" lon="128.39920180441">
    
    
    <tag k="ele" v="47.23556669307"/>
    
  
  </node>
  
  
  <node id="200950" version="1" lat="35.64865456963" lon="128.39912393478">
    
    
    <tag k="ele" v="47.16718356418"/>
    
  
  </node>
  
  
  <node id="200951" version="1" lat="35.64860766002" lon="128.39917663388">
    
    
    <tag k="ele" v="47.20006585954"/>
    
  
  </node>
  
  
  <node id="200952" version="1" lat="35.64859119673" lon="128.39919078514">
    
    
    <tag k="ele" v="47.22052962202"/>
    
  
  </node>
  
  
  <node id="200953" version="1" lat="35.64857747995" lon="128.39919624915">
    
    
    <tag k="ele" v="47.20490069713"/>
    
  
  </node>
  
  
  <node id="200954" version="1" lat="35.64856310127" lon="128.39919603006">
    
    
    <tag k="ele" v="47.19699441476"/>
    
  
  </node>
  
  
  <node id="200955" version="1" lat="35.64854643868" lon="128.39918997204">
    
    
    <tag k="ele" v="47.2337831399"/>
    
  
  </node>
  
  
  <node id="200964" version="1" lat="35.64845642759" lon="128.39935061131">
    
    
    <tag k="ele" v="47.18891689935"/>
    
  
  </node>
  
  
  <node id="200971" version="1" lat="35.64929338817" lon="128.39820753174">
    
    
    <tag k="ele" v="47.28526341776"/>
    
  
  </node>
  
  
  <node id="200973" version="1" lat="35.64927221681" lon="128.39823197106">
    
    
    <tag k="ele" v="47.23899992518"/>
    
  
  </node>
  
  
  <node id="200977" version="1" lat="35.64934606808" lon="128.39827936366">
    
    
    <tag k="ele" v="47.27922340096"/>
    
  
  </node>
  
  
  <node id="200978" version="1" lat="35.64935419407" lon="128.39829800385">
    
    
    <tag k="ele" v="47.27635324317"/>
    
  
  </node>
  
  
  <node id="200979" version="1" lat="35.64935958893" lon="128.39832303773">
    
    
    <tag k="ele" v="47.27120778603"/>
    
  
  </node>
  
  
  <node id="200980" version="1" lat="35.64935895898" lon="128.39835034532">
    
    
    <tag k="ele" v="47.2692652061"/>
    
  
  </node>
  
  
  <node id="200981" version="1" lat="35.64935006755" lon="128.39837798123">
    
    
    <tag k="ele" v="47.2657375405"/>
    
  
  </node>
  
  
  <node id="200982" version="1" lat="35.64933281165" lon="128.3984055873">
    
    
    <tag k="ele" v="47.24794382458"/>
    
  
  </node>
  
  
  <node id="200983" version="1" lat="35.64930573151" lon="128.39843945695">
    
    
    <tag k="ele" v="47.22941591867"/>
    
  
  </node>
  
  
  <node id="200985" version="1" lat="35.64931776764" lon="128.39829253372">
    
    
    <tag k="ele" v="47.22687364813"/>
    
  
  </node>
  
  
  <node id="200986" version="1" lat="35.64932878878" lon="128.39831803371">
    
    
    <tag k="ele" v="47.26685342285"/>
    
  
  </node>
  
  
  <node id="200987" version="1" lat="35.64933179895" lon="128.39833399261">
    
    
    <tag k="ele" v="47.2447040901"/>
    
  
  </node>
  
  
  <node id="200988" version="1" lat="35.64933068406" lon="128.39835013886">
    
    
    <tag k="ele" v="47.23900113302"/>
    
  
  </node>
  
  
  <node id="200989" version="1" lat="35.64932255919" lon="128.39837077131">
    
    
    <tag k="ele" v="47.22471623409"/>
    
  
  </node>
  
  
  <node id="200990" version="1" lat="35.64928604241" lon="128.39841396452">
    
    
    <tag k="ele" v="47.16014306474"/>
    
  
  </node>
  
  
  <node id="200998" version="1" lat="35.64930906677" lon="128.39849314121">
    
    
    <tag k="ele" v="47.25056020062"/>
    
  
  </node>
  
  
  <node id="200999" version="1" lat="35.64934343454" lon="128.39845357929">
    
    
    <tag k="ele" v="47.27676778076"/>
    
  
  </node>
  
  
  <node id="201000" version="1" lat="35.64935862382" lon="128.39843140656">
    
    
    <tag k="ele" v="47.26638851301"/>
    
  
  </node>
  
  
  <node id="201001" version="1" lat="35.64937006221" lon="128.39840563115">
    
    
    <tag k="ele" v="47.29192129302"/>
    
  
  </node>
  
  
  <node id="201002" version="1" lat="35.64937532953" lon="128.39837270481">
    
    
    <tag k="ele" v="47.29094203769"/>
    
  
  </node>
  
  
  <node id="201003" version="1" lat="35.64937066648" lon="128.39833125737">
    
    
    <tag k="ele" v="47.27900000931"/>
    
  
  </node>
  
  
  <node id="201004" version="1" lat="35.64936142867" lon="128.39830495293">
    
    
    <tag k="ele" v="47.27240874565"/>
    
  
  </node>
  
  
  <node id="201005" version="1" lat="35.64934851621" lon="128.3982804864">
    
    
    <tag k="ele" v="47.29448689218"/>
    
  
  </node>
  
  
  <node id="201007" version="1" lat="35.64932616933" lon="128.39851645462">
    
    
    <tag k="ele" v="47.20756268228"/>
    
  
  </node>
  
  
  <node id="201008" version="1" lat="35.64935591483" lon="128.39848168539">
    
    
    <tag k="ele" v="47.22847870687"/>
    
  
  </node>
  
  
  <node id="201009" version="1" lat="35.64937831328" lon="128.3984458513">
    
    
    <tag k="ele" v="47.279"/>
    
  
  </node>
  
  
  <node id="201010" version="1" lat="35.6493918191" lon="128.39841544145">
    
    
    <tag k="ele" v="47.28854333366"/>
    
  
  </node>
  
  
  <node id="201011" version="1" lat="35.64940092826" lon="128.39837251287">
    
    
    <tag k="ele" v="47.26298219493"/>
    
  
  </node>
  
  
  <node id="201012" version="1" lat="35.64939707412" lon="128.39833283751">
    
    
    <tag k="ele" v="47.23552876733"/>
    
  
  </node>
  
  
  <node id="201013" version="1" lat="35.64938294195" lon="128.39828977322">
    
    
    <tag k="ele" v="47.22835104571"/>
    
  
  </node>
  
  
  <node id="201014" version="1" lat="35.64935686304" lon="128.39823878747">
    
    
    <tag k="ele" v="47.219"/>
    
  
  </node>
  
  
  <node id="201025" version="1" lat="35.64939363223" lon="128.39845245879">
    
    
    <tag k="ele" v="47.24299665332"/>
    
  
  </node>
  
  
  <node id="201026" version="1" lat="35.64941844794" lon="128.39844303559">
    
    
    <tag k="ele" v="47.23423613748"/>
    
  
  </node>
  
  
  <node id="201027" version="1" lat="35.64944301097" lon="128.39844447167">
    
    
    <tag k="ele" v="47.2191664318"/>
    
  
  </node>
  
  
  <node id="201028" version="1" lat="35.64946236949" lon="128.39845279203">
    
    
    <tag k="ele" v="47.21405798051"/>
    
  
  </node>
  
  
  <node id="201029" version="1" lat="35.64949908785" lon="128.39848449705">
    
    
    <tag k="ele" v="47.19095157706"/>
    
  
  </node>
  
  
  <node id="201031" version="1" lat="35.64934924931" lon="128.3985476091">
    
    
    <tag k="ele" v="47.14472277275"/>
    
  
  </node>
  
  
  <node id="201032" version="1" lat="35.64940014425" lon="128.39849055691">
    
    
    <tag k="ele" v="47.21050528883"/>
    
  
  </node>
  
  
  <node id="201033" version="1" lat="35.6494128969" lon="128.39848225917">
    
    
    <tag k="ele" v="47.20935426469"/>
    
  
  </node>
  
  
  <node id="201034" version="1" lat="35.64942979752" lon="128.39847703899">
    
    
    <tag k="ele" v="47.20281429925"/>
    
  
  </node>
  
  
  <node id="201035" version="1" lat="35.64944266032" lon="128.3984775656">
    
    
    <tag k="ele" v="47.15808910022"/>
    
  
  </node>
  
  
  <node id="201036" version="1" lat="35.64945845363" lon="128.39848446512">
    
    
    <tag k="ele" v="47.16951927971"/>
    
  
  </node>
  
  
  <node id="201037" version="1" lat="35.64948153608" lon="128.39850920347">
    
    
    <tag k="ele" v="47.1324034392"/>
    
  
  </node>
  
  
  <node id="201046" version="1" lat="35.64950472989" lon="128.39848634589">
    
    
    <tag k="ele" v="47.17695417378"/>
    
  
  </node>
  
  
  <node id="201047" version="1" lat="35.64947763701" lon="128.39845409317">
    
    
    <tag k="ele" v="47.20400520639"/>
    
  
  </node>
  
  
  <node id="201048" version="1" lat="35.64945686092" lon="128.39843642536">
    
    
    <tag k="ele" v="47.2289999967"/>
    
  
  </node>
  
  
  <node id="201049" version="1" lat="35.64943682328" lon="128.39842621201">
    
    
    <tag k="ele" v="47.23899999994"/>
    
  
  </node>
  
  
  <node id="201050" version="1" lat="35.64941490141" lon="128.39842156063">
    
    
    <tag k="ele" v="47.25062442055"/>
    
  
  </node>
  
  
  <node id="201051" version="1" lat="35.64939857987" lon="128.39842206426">
    
    
    <tag k="ele" v="47.2741223358"/>
    
  
  </node>
  
  
  <node id="201052" version="1" lat="35.64937173196" lon="128.39842877378">
    
    
    <tag k="ele" v="47.27900002804"/>
    
  
  </node>
  
  
  <node id="201053" version="1" lat="35.64934021304" lon="128.39844863458">
    
    
    <tag k="ele" v="47.26865622446"/>
    
  
  </node>
  
  
  <node id="201054" version="1" lat="35.6493262121" lon="128.39846650582">
    
    
    <tag k="ele" v="47.269"/>
    
  
  </node>
  
  
  <node id="201056" version="1" lat="35.64952176465" lon="128.39846227063">
    
    
    <tag k="ele" v="47.13099306477"/>
    
  
  </node>
  
  
  <node id="201057" version="1" lat="35.64949139745" lon="128.39843115264">
    
    
    <tag k="ele" v="47.16142610835"/>
    
  
  </node>
  
  
  <node id="201058" version="1" lat="35.64946691184" lon="128.39841102128">
    
    
    <tag k="ele" v="47.18204162352"/>
    
  
  </node>
  
  
  <node id="201059" version="1" lat="35.64944140889" lon="128.3983984205">
    
    
    <tag k="ele" v="47.22190474094"/>
    
  
  </node>
  
  
  <node id="201060" version="1" lat="35.64941428604" lon="128.39839370516">
    
    
    <tag k="ele" v="47.25415835803"/>
    
  
  </node>
  
  
  <node id="201061" version="1" lat="35.6493651104" lon="128.39840120914">
    
    
    <tag k="ele" v="47.28363033555"/>
    
  
  </node>
  
  
  <node id="201062" version="1" lat="35.64932423293" lon="128.39842102675">
    
    
    <tag k="ele" v="47.24390269531"/>
    
  
  </node>
  
  
  <node id="201073" version="1" lat="35.64931510966" lon="128.39816067916">
    
    
    <tag k="ele" v="47.20352161514"/>
    
  
  </node>
  
  
  <node id="201074" version="1" lat="35.6492995023" lon="128.398137824">
    
    
    <tag k="ele" v="47.20197710034"/>
    
  
  </node>
  
  
  <node id="201075" version="1" lat="35.64923034163" lon="128.39807179477">
    
    
    <tag k="ele" v="47.06877364832"/>
    
  
  </node>
  
  
  <node id="201076" version="1" lat="35.64920239296" lon="128.39805695272">
    
    
    <tag k="ele" v="47.0387461273"/>
    
  
  </node>
  
  
  <node id="201083" version="1" lat="35.64799705798" lon="128.40045339978">
    
    
    <tag k="ele" v="46.88701023377"/>
    
  
  </node>
  
  
  <node id="201084" version="1" lat="35.64797632221" lon="128.4004693899">
    
    
    <tag k="ele" v="46.86582985832"/>
    
  
  </node>
  
  
  <node id="201085" version="1" lat="35.64795266732" lon="128.40047215477">
    
    
    <tag k="ele" v="46.87085764882"/>
    
  
  </node>
  
  
  <node id="201086" version="1" lat="35.64792994601" lon="128.400461756">
    
    
    <tag k="ele" v="46.88734621358"/>
    
  
  </node>
  
  
  <node id="201088" version="1" lat="35.64797577146" lon="128.40042469064">
    
    
    <tag k="ele" v="46.868"/>
    
  
  </node>
  
  
  <node id="201089" version="1" lat="35.6479646412" lon="128.40043355552">
    
    
    <tag k="ele" v="46.94832864671"/>
    
  
  </node>
  
  
  <node id="201090" version="1" lat="35.64795363082" lon="128.40043606732">
    
    
    <tag k="ele" v="46.879"/>
    
  
  </node>
  
  
  <node id="201097" version="1" lat="35.6479245213" lon="128.40046801266">
    
    
    <tag k="ele" v="46.89"/>
    
  
  </node>
  
  
  <node id="201098" version="1" lat="35.64792976193" lon="128.40049989919">
    
    
    <tag k="ele" v="46.87716679813"/>
    
  
  </node>
  
  
  <node id="201099" version="1" lat="35.64792195858" lon="128.40053101897">
    
    
    <tag k="ele" v="46.86502278791"/>
    
  
  </node>
  
  
  <node id="201100" version="1" lat="35.64790376095" lon="128.40055849928">
    
    
    <tag k="ele" v="46.88975552632"/>
    
  
  </node>
  
  
  <node id="201102" version="1" lat="35.6478999579" lon="128.40048975166">
    
    
    <tag k="ele" v="46.879"/>
    
  
  </node>
  
  
  <node id="201103" version="1" lat="35.64790191136" lon="128.40050282729">
    
    
    <tag k="ele" v="46.859"/>
    
  
  </node>
  
  
  <node id="201104" version="1" lat="35.64789752957" lon="128.40051294734">
    
    
    <tag k="ele" v="46.849"/>
    
  
  </node>
  
  
  <node id="201105" version="1" lat="35.64788255399" lon="128.4005305358">
    
    
    <tag k="ele" v="46.85445375603"/>
    
  
  </node>
  
  
  <node id="201112" version="1" lat="35.6484118507" lon="128.39890601811">
    
    
    <tag k="ele" v="47.1037012444"/>
    
  
  </node>
  
  
  <node id="201113" version="1" lat="35.64864200091" lon="128.39862374359">
    
    
    <tag k="ele" v="47.21703248347"/>
    
  
  </node>
  
  
  <node id="201115" version="1" lat="35.6484428912" lon="128.39894409952">
    
    
    <tag k="ele" v="47.10310368091"/>
    
  
  </node>
  
  
  <node id="201116" version="1" lat="35.64867344792" lon="128.39866184196">
    
    
    <tag k="ele" v="47.08982316669"/>
    
  
  </node>
  
  
  <node id="201121" version="1" lat="35.64836103813" lon="128.39898992965">
    
    
    <tag k="ele" v="47.19492931553"/>
    
  
  </node>
  
  
  <node id="201122" version="1" lat="35.64835624574" lon="128.39895478198">
    
    
    <tag k="ele" v="47.16981076039"/>
    
  
  </node>
  
  
  <node id="201123" version="1" lat="35.64835874153" lon="128.398937374">
    
    
    <tag k="ele" v="47.16874725038"/>
    
  
  </node>
  
  
  <node id="201124" version="1" lat="35.64836610943" lon="128.39891671238">
    
    
    <tag k="ele" v="47.18035091449"/>
    
  
  </node>
  
  
  <node id="201125" version="1" lat="35.64839111237" lon="128.39888063218">
    
    
    <tag k="ele" v="47.17920123083"/>
    
  
  </node>
  
  
  <node id="201127" version="1" lat="35.64838868245" lon="128.39897717002">
    
    
    <tag k="ele" v="47.99782154231"/>
    
  
  </node>
  
  
  <node id="201128" version="1" lat="35.64838685351" lon="128.39895545971">
    
    
    <tag k="ele" v="47.16508026244"/>
    
  
  </node>
  
  
  <node id="201129" version="1" lat="35.64839474621" lon="128.39893065105">
    
    
    <tag k="ele" v="47.129"/>
    
  
  </node>
  
  
  <node id="201136" version="1" lat="35.64824320911" lon="128.39906195384">
    
    
    <tag k="ele" v="47.19763890617"/>
    
  
  </node>
  
  
  <node id="201137" version="1" lat="35.64828455358" lon="128.3990169407">
    
    
    <tag k="ele" v="47.17709113371"/>
    
  
  </node>
  
  
  <node id="201138" version="1" lat="35.64830295578" lon="128.39900493933">
    
    
    <tag k="ele" v="47.17601126451"/>
    
  
  </node>
  
  
  <node id="201139" version="1" lat="35.64831796996" lon="128.39899955939">
    
    
    <tag k="ele" v="47.18111967184"/>
    
  
  </node>
  
  
  <node id="201140" version="1" lat="35.64833680058" lon="128.39899874046">
    
    
    <tag k="ele" v="47.197"/>
    
  
  </node>
  
  
  <node id="201141" version="1" lat="35.64835135459" lon="128.39900302152">
    
    
    <tag k="ele" v="47.19954105154"/>
    
  
  </node>
  
  
  <node id="201142" version="1" lat="35.64836490596" lon="128.399011374">
    
    
    <tag k="ele" v="47.208"/>
    
  
  </node>
  
  
  <node id="201144" version="1" lat="35.64826383719" lon="128.39908720944">
    
    
    <tag k="ele" v="47.15325433952"/>
    
  
  </node>
  
  
  <node id="201145" version="1" lat="35.64829246121" lon="128.39905577962">
    
    
    <tag k="ele" v="47.14629213702"/>
    
  
  </node>
  
  
  <node id="201146" version="1" lat="35.64831454626" lon="128.39904172552">
    
    
    <tag k="ele" v="47.15334539039"/>
    
  
  </node>
  
  
  <node id="201147" version="1" lat="35.64833577945" lon="128.39903969188">
    
    
    <tag k="ele" v="47.16496456541"/>
    
  
  </node>
  
  
  <node id="201148" version="1" lat="35.64834736748" lon="128.39904370752">
    
    
    <tag k="ele" v="47.199"/>
    
  
  </node>
  
  
  <node id="201156" version="1" lat="35.64818981772" lon="128.39969248955">
    
    
    <tag k="ele" v="47.18985439393"/>
    
  
  </node>
  
  
  <node id="201157" version="1" lat="35.64816747127" lon="128.39971255243">
    
    
    <tag k="ele" v="47.18884297795"/>
    
  
  </node>
  
  
  <node id="201158" version="1" lat="35.6481451796" lon="128.39972083407">
    
    
    <tag k="ele" v="47.17393054091"/>
    
  
  </node>
  
  
  <node id="201159" version="1" lat="35.6481229864" lon="128.39971626021">
    
    
    <tag k="ele" v="47.226"/>
    
  
  </node>
  
  
  <node id="201160" version="1" lat="35.64810454672" lon="128.39970032167">
    
    
    <tag k="ele" v="47.27736067643"/>
    
  
  </node>
  
  
  <node id="201162" version="1" lat="35.64817290417" lon="128.39966906312">
    
    
    <tag k="ele" v="47.14049759264"/>
    
  
  </node>
  
  
  <node id="201163" version="1" lat="35.64815776291" lon="128.39968340198">
    
    
    <tag k="ele" v="47.16120194384"/>
    
  
  </node>
  
  
  <node id="201164" version="1" lat="35.64814510582" lon="128.39968938995">
    
    
    <tag k="ele" v="47.16237033055"/>
    
  
  </node>
  
  
  <node id="201165" version="1" lat="35.64813358495" lon="128.39968780784">
    
    
    <tag k="ele" v="47.22065451487"/>
    
  
  </node>
  
  
  <node id="201166" version="1" lat="35.64812244014" lon="128.39967801401">
    
    
    <tag k="ele" v="47.30760820555"/>
    
  
  </node>
  
  
  <node id="201174" version="1" lat="35.64809147134" lon="128.39971739128">
    
    
    <tag k="ele" v="47.28493851296"/>
    
  
  </node>
  
  
  <node id="201175" version="1" lat="35.64809952748" lon="128.39974551635">
    
    
    <tag k="ele" v="47.20302046872"/>
    
  
  </node>
  
  
  <node id="201176" version="1" lat="35.64809852761" lon="128.39977433486">
    
    
    <tag k="ele" v="47.15251826416"/>
    
  
  </node>
  
  
  <node id="201177" version="1" lat="35.64808867312" lon="128.39980127903">
    
    
    <tag k="ele" v="47.17363354358"/>
    
  
  </node>
  
  
  <node id="201179" version="1" lat="35.64806913263" lon="128.39973176714">
    
    
    <tag k="ele" v="47.30826931543"/>
    
  
  </node>
  
  
  <node id="201180" version="1" lat="35.64807452911" lon="128.39974971735">
    
    
    <tag k="ele" v="47.23843819789"/>
    
  
  </node>
  
  
  <node id="201181" version="1" lat="35.6480736906" lon="128.39976852968">
    
    
    <tag k="ele" v="47.14647521766"/>
    
  
  </node>
  
  
  <node id="201182" version="1" lat="35.6480665964" lon="128.39978608513">
    
    
    <tag k="ele" v="47.14610189368"/>
    
  
  </node>
  
  
  <node id="201189" version="1" lat="35.64782120686" lon="128.40032243185">
    
    
    <tag k="ele" v="47.13413640966"/>
    
  
  </node>
  
  
  <node id="201190" version="1" lat="35.64781133482" lon="128.4002981232">
    
    
    <tag k="ele" v="47.13747542719"/>
    
  
  </node>
  
  
  <node id="201191" version="1" lat="35.64780742705" lon="128.40027217982">
    
    
    <tag k="ele" v="47.19412647382"/>
    
  
  </node>
  
  
  <node id="201192" version="1" lat="35.64780993684" lon="128.40024609692">
    
    
    <tag k="ele" v="47.24175779404"/>
    
  
  </node>
  
  
  <node id="201193" version="1" lat="35.64782069762" lon="128.40021603842">
    
    
    <tag k="ele" v="47.24154064784"/>
    
  
  </node>
  
  
  <node id="201194" version="1" lat="35.64783529249" lon="128.40019227581">
    
    
    <tag k="ele" v="47.24174983311"/>
    
  
  </node>
  
  
  <node id="201196" version="1" lat="35.64784643862" lon="128.40030338268">
    
    
    <tag k="ele" v="47.12866938765"/>
    
  
  </node>
  
  
  <node id="201197" version="1" lat="35.64784102885" lon="128.40029054217">
    
    
    <tag k="ele" v="47.13193041377"/>
    
  
  </node>
  
  
  <node id="201198" version="1" lat="35.64783801991" lon="128.40027236416">
    
    
    <tag k="ele" v="47.11384682626"/>
    
  
  </node>
  
  
  <node id="201199" version="1" lat="35.64783970632" lon="128.40025360022">
    
    
    <tag k="ele" v="47.17514109115"/>
    
  
  </node>
  
  
  <node id="201200" version="1" lat="35.64784787316" lon="128.40023275433">
    
    
    <tag k="ele" v="47.17983506654"/>
    
  
  </node>
  
  
  <node id="201208" version="1" lat="35.64829075026" lon="128.3996845651">
    
    
    <tag k="ele" v="47.22310848102"/>
    
  
  </node>
  
  
  <node id="201209" version="1" lat="35.64831537492" lon="128.39967884988">
    
    
    <tag k="ele" v="47.19239377432"/>
    
  
  </node>
  
  
  <node id="201210" version="1" lat="35.64833947648" lon="128.39968725615">
    
    
    <tag k="ele" v="47.19553322343"/>
    
  
  </node>
  
  
  <node id="201211" version="1" lat="35.64836280871" lon="128.39970900846">
    
    
    <tag k="ele" v="47.26630847763"/>
    
  
  </node>
  
  
  <node id="201213" version="1" lat="35.64830159546" lon="128.3997208091">
    
    
    <tag k="ele" v="47.18669331144"/>
    
  
  </node>
  
  
  <node id="201214" version="1" lat="35.64831309687" lon="128.39971718399">
    
    
    <tag k="ele" v="47.199"/>
    
  
  </node>
  
  
  <node id="201215" version="1" lat="35.64832612743" lon="128.39972210447">
    
    
    <tag k="ele" v="47.21948134511"/>
    
  
  </node>
  
  
  <node id="201216" version="1" lat="35.64834085466" lon="128.39973646482">
    
    
    <tag k="ele" v="47.26926286644"/>
    
  
  </node>
  
  
  <node id="201223" version="1" lat="35.6479918969" lon="128.4001079562">
    
    
    <tag k="ele" v="47.1923418547"/>
    
  
  </node>
  
  
  <node id="201224" version="1" lat="35.64798090063" lon="128.4000809181">
    
    
    <tag k="ele" v="47.16843720894"/>
    
  
  </node>
  
  
  <node id="201225" version="1" lat="35.64797930757" lon="128.40005156702">
    
    
    <tag k="ele" v="47.17182307803"/>
    
  
  </node>
  
  
  <node id="201226" version="1" lat="35.64798782206" lon="128.4000240835">
    
    
    <tag k="ele" v="47.20777722042"/>
    
  
  </node>
  
  
  <node id="201228" version="1" lat="35.64801846857" lon="128.40008539688">
    
    
    <tag k="ele" v="47.21892140734"/>
    
  
  </node>
  
  
  <node id="201229" version="1" lat="35.64801212092" lon="128.40007063839">
    
    
    <tag k="ele" v="47.17655674308"/>
    
  
  </node>
  
  
  <node id="201230" version="1" lat="35.6480113374" lon="128.40005693859">
    
    
    <tag k="ele" v="47.18667553722"/>
    
  
  </node>
  
  
  <node id="201231" version="1" lat="35.64801698356" lon="128.40004183138">
    
    
    <tag k="ele" v="47.16592534514"/>
    
  
  </node>
  
  
  <node id="201238" version="1" lat="35.64756148821" lon="128.39996632105">
    
    
    <tag k="ele" v="47.205"/>
    
  
  </node>
  
  
  <node id="201239" version="1" lat="35.64755843637" lon="128.39994799293">
    
    
    <tag k="ele" v="47.20807365893"/>
    
  
  </node>
  
  
  <node id="201240" version="1" lat="35.64755915555" lon="128.39992933215">
    
    
    <tag k="ele" v="47.20332752757"/>
    
  
  </node>
  
  
  <node id="201241" version="1" lat="35.64757065785" lon="128.39989288489">
    
    
    <tag k="ele" v="47.20980702154"/>
    
  
  </node>
  
  
  <node id="201242" version="1" lat="35.6475971746" lon="128.39985300696">
    
    
    <tag k="ele" v="47.22482812977"/>
    
  
  </node>
  
  
  <node id="201244" version="1" lat="35.64759191011" lon="128.39995207067">
    
    
    <tag k="ele" v="47.37011054"/>
    
  
  </node>
  
  
  <node id="201245" version="1" lat="35.64759145198" lon="128.39992478295">
    
    
    <tag k="ele" v="47.20301101694"/>
    
  
  </node>
  
  
  <node id="201246" version="1" lat="35.64759894341" lon="128.39990435781">
    
    
    <tag k="ele" v="47.20052776669"/>
    
  
  </node>
  
  
  <node id="201247" version="1" lat="35.64761794905" lon="128.39987827903">
    
    
    <tag k="ele" v="47.17685528734"/>
    
  
  </node>
  
  
  <node id="201254" version="1" lat="35.64749504942" lon="128.39998602424">
    
    
    <tag k="ele" v="47.21892783979"/>
    
  
  </node>
  
  
  <node id="201255" version="1" lat="35.64752404093" lon="128.39997359674">
    
    
    <tag k="ele" v="47.21218713412"/>
    
  
  </node>
  
  
  <node id="201256" version="1" lat="35.64753865572" lon="128.39997355288">
    
    
    <tag k="ele" v="47.21138810367"/>
    
  
  </node>
  
  
  <node id="201257" version="1" lat="35.64755277006" lon="128.39997794266">
    
    
    <tag k="ele" v="47.215"/>
    
  
  </node>
  
  
  <node id="201259" version="1" lat="35.64750236813" lon="128.40002582475">
    
    
    <tag k="ele" v="47.22958680834"/>
    
  
  </node>
  
  
  <node id="201260" version="1" lat="35.64752197361" lon="128.40001600103">
    
    
    <tag k="ele" v="47.21533420868"/>
    
  
  </node>
  
  
  <node id="201261" version="1" lat="35.64753979346" lon="128.40001630385">
    
    
    <tag k="ele" v="47.22706967778"/>
    
  
  </node>
  
  
  <node id="201267" version="1" lat="35.64709431331" lon="128.40146832862">
    
    
    <tag k="ele" v="46.95187340397"/>
    
  
  </node>
  
  
  <node id="201268" version="1" lat="35.64706337163" lon="128.40150018297">
    
    
    <tag k="ele" v="46.957"/>
    
  
  </node>
  
  
  <node id="201269" version="1" lat="35.6470471749" lon="128.40150811929">
    
    
    <tag k="ele" v="46.968"/>
    
  
  </node>
  
  
  <node id="201270" version="1" lat="35.64703362314" lon="128.40151017492">
    
    
    <tag k="ele" v="47.01206211475"/>
    
  
  </node>
  
  
  <node id="201271" version="1" lat="35.64702006182" lon="128.40150827907">
    
    
    <tag k="ele" v="47.03151588698"/>
    
  
  </node>
  
  
  <node id="201272" version="1" lat="35.64700375559" lon="128.4015007946">
    
    
    <tag k="ele" v="47.04440178662"/>
    
  
  </node>
  
  
  <node id="201273" version="1" lat="35.64697352393" lon="128.40147151796">
    
    
    <tag k="ele" v="47.06994037685"/>
    
  
  </node>
  
  
  <node id="201275" version="1" lat="35.64707318598" lon="128.40144023856">
    
    
    <tag k="ele" v="46.95550680924"/>
    
  
  </node>
  
  
  <node id="201276" version="1" lat="35.64704674121" lon="128.40146210549">
    
    
    <tag k="ele" v="46.98226481363"/>
    
  
  </node>
  
  
  <node id="201277" version="1" lat="35.64702174484" lon="128.40147126639">
    
    
    <tag k="ele" v="46.71796720931"/>
    
  
  </node>
  
  
  <node id="201278" version="1" lat="35.64701048493" lon="128.40146606934">
    
    
    <tag k="ele" v="46.96694778752"/>
    
  
  </node>
  
  
  <node id="201279" version="1" lat="35.64699457986" lon="128.40144769496">
    
    
    <tag k="ele" v="47.01023603546"/>
    
  
  </node>
  
  
  <node id="201287" version="1" lat="35.64852588243" lon="128.39922451312">
    
    
    <tag k="ele" v="47.21403359106"/>
    
  
  </node>
  
  
  <node id="201288" version="1" lat="35.6485352608" lon="128.39924708049">
    
    
    <tag k="ele" v="47.24579038276"/>
    
  
  </node>
  
  
  <node id="201289" version="1" lat="35.64853789809" lon="128.39926727539">
    
    
    <tag k="ele" v="47.2553179876"/>
    
  
  </node>
  
  
  <node id="201290" version="1" lat="35.64853434719" lon="128.39929127204">
    
    
    <tag k="ele" v="47.2653946852"/>
    
  
  </node>
  
  
  <node id="201291" version="1" lat="35.64852436514" lon="128.39931359075">
    
    
    <tag k="ele" v="47.233"/>
    
  
  </node>
  
  
  <node id="201293" version="1" lat="35.64849536244" lon="128.39923781399">
    
    
    <tag k="ele" v="47.1886716611"/>
    
  
  </node>
  
  
  <node id="201294" version="1" lat="35.64850087965" lon="128.3992676238">
    
    
    <tag k="ele" v="47.18468572719"/>
    
  
  </node>
  
  
  <node id="201295" version="1" lat="35.64849867157" lon="128.39928976875">
    
    
    <tag k="ele" v="47.22664595874"/>
    
  
  </node>
  
  
  <node id="201296" version="1" lat="35.64849280681" lon="128.39930623864">
    
    
    <tag k="ele" v="47.15484800816"/>
    
  
  </node>
  
  
  <node id="201304" version="1" lat="35.64864402114" lon="128.39938233347">
    
    
    <tag k="ele" v="47.18588174625"/>
    
  
  </node>
  
  
  <node id="201305" version="1" lat="35.64863379844" lon="128.39935939766">
    
    
    <tag k="ele" v="47.189"/>
    
  
  </node>
  
  
  <node id="201306" version="1" lat="35.64862969368" lon="128.39933494708">
    
    
    <tag k="ele" v="47.18945388882"/>
    
  
  </node>
  
  
  <node id="201307" version="1" lat="35.6486327195" lon="128.39931043317">
    
    
    <tag k="ele" v="47.25970875749"/>
    
  
  </node>
  
  
  <node id="201308" version="1" lat="35.64864229523" lon="128.39928823272">
    
    
    <tag k="ele" v="47.299"/>
    
  
  </node>
  
  
  <node id="201310" version="1" lat="35.64867771252" lon="128.39937348408">
    
    
    <tag k="ele" v="47.14617488281"/>
    
  
  </node>
  
  
  <node id="201311" version="1" lat="35.64867043738" lon="128.39935702647">
    
    
    <tag k="ele" v="47.12463880808"/>
    
  
  </node>
  
  
  <node id="201312" version="1" lat="35.64866689006" lon="128.39933635184">
    
    
    <tag k="ele" v="47.18307704589"/>
    
  
  </node>
  
  
  <node id="201313" version="1" lat="35.64866862333" lon="128.39931891397">
    
    
    <tag k="ele" v="47.18543689685"/>
    
  
  </node>
  
  
  <node id="201314" version="1" lat="35.64867435976" lon="128.3993046287">
    
    
    <tag k="ele" v="47.17001226075"/>
    
  
  </node>
  
  
  <node id="201322" version="1" lat="35.64883657021" lon="128.3995091333">
    
    
    <tag k="ele" v="46.95680383612"/>
    
  
  </node>
  
  
  <node id="201323" version="1" lat="35.64881368475" lon="128.39952888359">
    
    
    <tag k="ele" v="46.95629439277"/>
    
  
  </node>
  
  
  <node id="201324" version="1" lat="35.64878842633" lon="128.39953651191">
    
    
    <tag k="ele" v="46.949"/>
    
  
  </node>
  
  
  <node id="201325" version="1" lat="35.64876303443" lon="128.39953001523">
    
    
    <tag k="ele" v="46.97974142032"/>
    
  
  </node>
  
  
  <node id="201327" version="1" lat="35.64881541724" lon="128.39948049017">
    
    
    <tag k="ele" v="46.93921071941"/>
    
  
  </node>
  
  
  <node id="201328" version="1" lat="35.64879981897" lon="128.39949622582">
    
    
    <tag k="ele" v="47.06228178106"/>
    
  
  </node>
  
  
  <node id="201329" version="1" lat="35.64878557267" lon="128.39950092026">
    
    
    <tag k="ele" v="46.99132465695"/>
    
  
  </node>
  
  
  <node id="201330" version="1" lat="35.64877376321" lon="128.39949717282">
    
    
    <tag k="ele" v="46.93158556641"/>
    
  
  </node>
  
  
  <node id="201337" version="1" lat="35.64875483918" lon="128.39953703765">
    
    
    <tag k="ele" v="46.985"/>
    
  
  </node>
  
  
  <node id="201338" version="1" lat="35.64876027563" lon="128.39956582835">
    
    
    <tag k="ele" v="46.96763778334"/>
    
  
  </node>
  
  
  <node id="201339" version="1" lat="35.64875435908" lon="128.39959428339">
    
    
    <tag k="ele" v="46.96611857711"/>
    
  
  </node>
  
  
  <node id="201340" version="1" lat="35.64873917787" lon="128.39961833422">
    
    
    <tag k="ele" v="46.95012360376"/>
    
  
  </node>
  
  
  <node id="201342" version="1" lat="35.64872771253" lon="128.39955134365">
    
    
    <tag k="ele" v="47.00368111495"/>
    
  
  </node>
  
  
  <node id="201343" version="1" lat="35.64873182651" lon="128.39956905772">
    
    
    <tag k="ele" v="46.95040368216"/>
    
  
  </node>
  
  
  <node id="201344" version="1" lat="35.64872908486" lon="128.39957693901">
    
    
    <tag k="ele" v="46.97129110524"/>
    
  
  </node>
  
  
  <node id="201345" version="1" lat="35.64871756216" lon="128.39958979446">
    
    
    <tag k="ele" v="46.93689295933"/>
    
  
  </node>
  
  
  <node id="201352" version="1" lat="35.64769476035" lon="128.40015580693">
    
    
    <tag k="ele" v="47.28133367347"/>
    
  
  </node>
  
  
  <node id="201353" version="1" lat="35.64770427248" lon="128.40017839287">
    
    
    <tag k="ele" v="47.29380207197"/>
    
  
  </node>
  
  
  <node id="201354" version="1" lat="35.64770736257" lon="128.40019825063">
    
    
    <tag k="ele" v="47.28694473128"/>
    
  
  </node>
  
  
  <node id="201355" version="1" lat="35.64770461524" lon="128.40022198524">
    
    
    <tag k="ele" v="47.30654328873"/>
    
  
  </node>
  
  
  <node id="201356" version="1" lat="35.64769542609" lon="128.40024385704">
    
    
    <tag k="ele" v="47.279"/>
    
  
  </node>
  
  
  <node id="201358" version="1" lat="35.64766545267" lon="128.40016831845">
    
    
    <tag k="ele" v="47.24625631893"/>
    
  
  </node>
  
  
  <node id="201359" version="1" lat="35.6476716791" lon="128.40019474145">
    
    
    <tag k="ele" v="47.25379225057"/>
    
  
  </node>
  
  
  <node id="201360" version="1" lat="35.64766909288" lon="128.40022018111">
    
    
    <tag k="ele" v="47.2028916604"/>
    
  
  </node>
  
  
  <node id="201361" version="1" lat="35.64766215872" lon="128.40023957068">
    
    
    <tag k="ele" v="47.26805741848"/>
    
  
  </node>
  
  
  <node id="201370" version="1" lat="35.64829439108" lon="128.39912481748">
    
    
    <tag k="ele" v="47.07967630129"/>
    
  
  </node>
  
  
  <node id="201374" version="1" lat="35.6483449131" lon="128.39906422724">
    
    
    <tag k="ele" v="47.18986833205"/>
    
  
  </node>
  
  
  <node id="201386" version="1" lat="35.64840771232" lon="128.39899048278">
    
    
    <tag k="ele" v="47.189"/>
    
  
  </node>
  
  
  <node id="201387" version="1" lat="35.64841283915" lon="128.39898201505">
    
    
    <tag k="ele" v="47.18196255222"/>
    
  
  </node>
  
  
  <node id="201395" version="1" lat="35.64779870372" lon="128.39960612158">
    
    
    <tag k="ele" v="47.20277221059"/>
    
  
  </node>
  
  
  <node id="201397" version="1" lat="35.64781898273" lon="128.39963245759">
    
    
    <tag k="ele" v="47.1666946935"/>
    
  
  </node>
  
  
  <node id="201407" version="1" lat="35.64820950335" lon="128.39971884011">
    
    
    <tag k="ele" v="47.2314458278"/>
    
  
  </node>
  
  
  <node id="201419" version="1" lat="35.64792840924" lon="128.39949799182">
    
    
    <tag k="ele" v="47.16687377656"/>
    
  
  </node>
  
  
  <node id="201421" version="1" lat="35.64788333456" lon="128.39960324553">
    
    
    <tag k="ele" v="47.13829638123"/>
    
  
  </node>
  
  
  <node id="201422" version="1" lat="35.64791138037" lon="128.39958702082">
    
    
    <tag k="ele" v="47.127"/>
    
  
  </node>
  
  
  <node id="201423" version="1" lat="35.64792199898" lon="128.39957940319">
    
    
    <tag k="ele" v="47.14750847576"/>
    
  
  </node>
  
  
  <node id="201424" version="1" lat="35.64795799599" lon="128.39953546973">
    
    
    <tag k="ele" v="47.11631085859"/>
    
  
  </node>
  
  
  <node id="201429" version="1" lat="35.64790767724" lon="128.39947262703">
    
    
    <tag k="ele" v="47.19998526713"/>
    
  
  </node>
  
  
  <node id="201433" version="1" lat="35.64710235235" lon="128.40165295497">
    
    
    <tag k="ele" v="47.00604095031"/>
    
  
  </node>
  
  
  <node id="201435" version="1" lat="35.64708389821" lon="128.40167338271">
    
    
    <tag k="ele" v="46.959"/>
    
  
  </node>
  
  
  <node id="201439" version="1" lat="35.64862145726" lon="128.39859877537">
    
    
    <tag k="ele" v="47.18847124979"/>
    
  
  </node>
  
  
  <node id="201443" version="1" lat="35.64810474263" lon="128.39913259462">
    
    
    <tag k="ele" v="47.05330763677"/>
    
  
  </node>
  
  
  <node id="201444" version="1" lat="35.64782149183" lon="128.39947991612">
    
    
    <tag k="ele" v="47.071988695"/>
    
  
  </node>
  
  
  <node id="201446" version="1" lat="35.64808496443" lon="128.39910738713">
    
    
    <tag k="ele" v="47.07658530399"/>
    
  
  </node>
  
  
  <node id="201447" version="1" lat="35.6478015697" lon="128.39945486487">
    
    
    <tag k="ele" v="47.006"/>
    
  
  </node>
  
  
  <node id="201452" version="1" lat="35.64814571193" lon="128.39918132671">
    
    
    <tag k="ele" v="47.2105676327"/>
    
  
  </node>
  
  
  <node id="201453" version="1" lat="35.6478613748" lon="128.39952943841">
    
    
    <tag k="ele" v="47.199"/>
    
  
  </node>
  
  
  <node id="201455" version="1" lat="35.64812569853" lon="128.39915712037">
    
    
    <tag k="ele" v="47.12022658028"/>
    
  
  </node>
  
  
  <node id="201456" version="1" lat="35.64784157684" lon="128.3995051798">
    
    
    <tag k="ele" v="47.149"/>
    
  
  </node>
  
  
  <node id="201464" version="1" lat="35.64820889518" lon="128.39910403324">
    
    
    <tag k="ele" v="47.18048493487"/>
    
  
  </node>
  
  
  <node id="201466" version="1" lat="35.64818921042" lon="128.39907935526">
    
    
    <tag k="ele" v="47.10749425996"/>
    
  
  </node>
  
  
  <node id="201470" version="1" lat="35.6481697853" lon="128.39905287162">
    
    
    <tag k="ele" v="47.039"/>
    
  
  </node>
  
  
  <node id="201474" version="1" lat="35.64772407336" lon="128.39964944152">
    
    
    <tag k="ele" v="47.15140158354"/>
    
  
  </node>
  
  
  <node id="201476" version="1" lat="35.64770359078" lon="128.39962432957">
    
    
    <tag k="ele" v="47.06251303454"/>
    
  
  </node>
  
  
  <node id="201480" version="1" lat="35.64774376781" lon="128.39967335453">
    
    
    <tag k="ele" v="47.19307915539"/>
    
  
  </node>
  
  
  <node id="201484" version="1" lat="35.64814655995" lon="128.39903203471">
    
    
    <tag k="ele" v="46.955"/>
    
  
  </node>
  
  
  <node id="201488" version="1" lat="35.64771287101" lon="128.39956476365">
    
    
    <tag k="ele" v="47.045"/>
    
  
  </node>
  
  
  <node id="201489" version="1" lat="35.64771097861" lon="128.39956887772">
    
    
    <tag k="ele" v="47.0559443623"/>
    
  
  </node>
  
  
  <node id="201490" version="1" lat="35.64771944518" lon="128.39960489379">
    
    
    <tag k="ele" v="47.05831835527"/>
    
  
  </node>
  
  
  <node id="201495" version="1" lat="35.65327841186" lon="128.3965434836">
    
    
    <tag k="ele" v="47.20782640457"/>
    
  
  </node>
  
  
  <node id="201496" version="1" lat="35.65343585942" lon="128.39631676355">
    
    
    <tag k="ele" v="47.21147570379"/>
    
  
  </node>
  
  
  <node id="201497" version="1" lat="35.65351913799" lon="128.39618901606">
    
    
    <tag k="ele" v="47.22056917375"/>
    
  
  </node>
  
  
  <node id="201499" version="1" lat="35.65330462737" lon="128.3965721446">
    
    
    <tag k="ele" v="47.26591072902"/>
    
  
  </node>
  
  
  <node id="201500" version="1" lat="35.65346279254" lon="128.39634318966">
    
    
    <tag k="ele" v="47.27250830381"/>
    
  
  </node>
  
  
  <node id="201501" version="1" lat="35.65354576913" lon="128.39621356457">
    
    
    <tag k="ele" v="47.27032732618"/>
    
  
  </node>
  
  
  <node id="201507" version="1" lat="35.65264351848" lon="128.39717398668">
    
    
    <tag k="ele" v="47.16386087218"/>
    
  
  </node>
  
  
  <node id="201508" version="1" lat="35.65263556811" lon="128.39718639298">
    
    
    <tag k="ele" v="47.15310740511"/>
    
  
  </node>
  
  
  <node id="201509" version="1" lat="35.65260993428" lon="128.39721016629">
    
    
    <tag k="ele" v="47.16348897696"/>
    
  
  </node>
  
  
  <node id="201510" version="1" lat="35.65257727869" lon="128.3972251364">
    
    
    <tag k="ele" v="47.15278550961"/>
    
  
  </node>
  
  
  <node id="201511" version="1" lat="35.65233308474" lon="128.39731565976">
    
    
    <tag k="ele" v="47.09606758317"/>
    
  
  </node>
  
  
  <node id="201512" version="1" lat="35.65221867627" lon="128.39736981387">
    
    
    <tag k="ele" v="47.06963087888"/>
    
  
  </node>
  
  
  <node id="201514" version="1" lat="35.65261237764" lon="128.39715741889">
    
    
    <tag k="ele" v="47.13403278234"/>
    
  
  </node>
  
  
  <node id="201515" version="1" lat="35.6525960114" lon="128.3971742163">
    
    
    <tag k="ele" v="47.15135239117"/>
    
  
  </node>
  
  
  <node id="201516" version="1" lat="35.65257739515" lon="128.39718552089">
    
    
    <tag k="ele" v="47.16109836496"/>
    
  
  </node>
  
  
  <node id="201517" version="1" lat="35.6523434453" lon="128.39727215571">
    
    
    <tag k="ele" v="47.10564893184"/>
    
  
  </node>
  
  
  <node id="201518" version="1" lat="35.65220642052" lon="128.39733434278">
    
    
    <tag k="ele" v="47.07487521079"/>
    
  
  </node>
  
  
  <node id="201526" version="1" lat="35.65213792526" lon="128.39741475476">
    
    
    <tag k="ele" v="47.05297540336"/>
    
  
  </node>
  
  
  <node id="201527" version="1" lat="35.65205508929" lon="128.3974662495">
    
    
    <tag k="ele" v="47.03774800705"/>
    
  
  </node>
  
  
  <node id="201528" version="1" lat="35.65179706081" lon="128.39764521859">
    
    
    <tag k="ele" v="46.99560544169"/>
    
  
  </node>
  
  
  <node id="201530" version="1" lat="35.65212403227" lon="128.39737956476">
    
    
    <tag k="ele" v="47.05691436728"/>
    
  
  </node>
  
  
  <node id="201531" version="1" lat="35.65203985466" lon="128.39743139006">
    
    
    <tag k="ele" v="47.0406343444"/>
    
  
  </node>
  
  
  <node id="201532" version="1" lat="35.65178036442" lon="128.39761082489">
    
    
    <tag k="ele" v="46.99696479254"/>
    
  
  </node>
  
  
  <node id="201538" version="1" lat="35.65138802731" lon="128.39795280878">
    
    
    <tag k="ele" v="46.96700001397"/>
    
  
  </node>
  
  
  <node id="201540" version="1" lat="35.6513706271" lon="128.3979187261">
    
    
    <tag k="ele" v="46.96742003835"/>
    
  
  </node>
  
  
  <node id="201544" version="1" lat="35.65114082372" lon="128.39814817703">
    
    
    <tag k="ele" v="46.96100000111"/>
    
  
  </node>
  
  
  <node id="201545" version="1" lat="35.65098738603" lon="128.39827519526">
    
    
    <tag k="ele" v="46.96227437728"/>
    
  
  </node>
  
  
  <node id="201547" version="1" lat="35.65112267888" lon="128.39811454406">
    
    
    <tag k="ele" v="46.96141872515"/>
    
  
  </node>
  
  
  <node id="201548" version="1" lat="35.65096827346" lon="128.39824210864">
    
    
    <tag k="ele" v="46.96452049072"/>
    
  
  </node>
  
  
  <node id="201553" version="1" lat="35.65086963663" lon="128.39838405936">
    
    
    <tag k="ele" v="46.97421312133"/>
    
  
  </node>
  
  
  <node id="201554" version="1" lat="35.65077754407" lon="128.39847980563">
    
    
    <tag k="ele" v="46.98100001307"/>
    
  
  </node>
  
  
  <node id="201555" version="1" lat="35.65062230511" lon="128.39865296044">
    
    
    <tag k="ele" v="46.98299999928"/>
    
  
  </node>
  
  
  <node id="201557" version="1" lat="35.65084122216" lon="128.39836004374">
    
    
    <tag k="ele" v="46.97293529966"/>
    
  
  </node>
  
  
  <node id="201558" version="1" lat="35.6507553023" lon="128.39844936508">
    
    
    <tag k="ele" v="46.98088486752"/>
    
  
  </node>
  
  
  <node id="201559" version="1" lat="35.65059982911" lon="128.39862276907">
    
    
    <tag k="ele" v="46.98218953906"/>
    
  
  </node>
  
  
  <node id="201565" version="1" lat="35.65026741569" lon="128.39904949257">
    
    
    <tag k="ele" v="46.986999998"/>
    
  
  </node>
  
  
  <node id="201567" version="1" lat="35.65024494165" lon="128.39901930271">
    
    
    <tag k="ele" v="46.98710182502"/>
    
  
  </node>
  
  
  <node id="201571" version="1" lat="35.64991252386" lon="128.3994460224">
    
    
    <tag k="ele" v="46.99099999786"/>
    
  
  </node>
  
  
  <node id="201573" version="1" lat="35.64989004749" lon="128.39941582306">
    
    
    <tag k="ele" v="46.99087123871"/>
    
  
  </node>
  
  
  <node id="201577" version="1" lat="35.64955763013" lon="128.39984254498">
    
    
    <tag k="ele" v="46.99499999182"/>
    
  
  </node>
  
  
  <node id="201579" version="1" lat="35.64953515755" lon="128.39981235042">
    
    
    <tag k="ele" v="46.99515850909"/>
    
  
  </node>
  
  
  <node id="201583" version="1" lat="35.64920274822" lon="128.40023905053">
    
    
    <tag k="ele" v="47.01038966055"/>
    
  
  </node>
  
  
  <node id="201585" version="1" lat="35.64918025254" lon="128.40020888706">
    
    
    <tag k="ele" v="46.98865575796"/>
    
  
  </node>
  
  
  <node id="201589" version="1" lat="35.65091031317" lon="128.3989900075">
    
    
    <tag k="ele" v="47.21893991602"/>
    
  
  </node>
  
  
  <node id="201590" version="1" lat="35.65125403562" lon="128.39860702598">
    
    
    <tag k="ele" v="47.166447562"/>
    
  
  </node>
  
  
  <node id="201592" version="1" lat="35.65093371591" lon="128.39902137677">
    
    
    <tag k="ele" v="47.22847464908"/>
    
  
  </node>
  
  
  <node id="201593" version="1" lat="35.65127710461" lon="128.39863862211">
    
    
    <tag k="ele" v="47.16752053634"/>
    
  
  </node>
  
  
  <node id="201598" version="1" lat="35.65160061123" lon="128.39822799227">
    
    
    <tag k="ele" v="47.14035017246"/>
    
  
  </node>
  
  
  <node id="201600" version="1" lat="35.65162345736" lon="128.39825982683">
    
    
    <tag k="ele" v="47.14123136929"/>
    
  
  </node>
  
  
  <node id="201604" version="1" lat="35.65195369939" lon="128.39785743207">
    
    
    <tag k="ele" v="47.12308248986"/>
    
  
  </node>
  
  
  <node id="201606" version="1" lat="35.65197573444" lon="128.39789002744">
    
    
    <tag k="ele" v="47.12299999341"/>
    
  
  </node>
  
  
  <node id="201610" version="1" lat="35.65231332358" lon="128.39749716362">
    
    
    <tag k="ele" v="47.14506718236"/>
    
  
  </node>
  
  
  <node id="201612" version="1" lat="35.65233517207" lon="128.39752992877">
    
    
    <tag k="ele" v="47.14409667806"/>
    
  
  </node>
  
  
  <node id="201616" version="1" lat="35.64773193485" lon="128.40227895696">
    
    
    <tag k="ele" v="47.19550773968"/>
    
  
  </node>
  
  
  <node id="201617" version="1" lat="35.64795358828" lon="128.40218836692">
    
    
    <tag k="ele" v="47.14814726534"/>
    
  
  </node>
  
  
  <node id="201618" version="1" lat="35.64804969004" lon="128.40214157093">
    
    
    <tag k="ele" v="47.09538551588"/>
    
  
  </node>
  
  
  <node id="201619" version="1" lat="35.6481387806" lon="128.40208487193">
    
    
    <tag k="ele" v="47.04130285237"/>
    
  
  </node>
  
  
  <node id="201620" version="1" lat="35.64817661725" lon="128.40205356153">
    
    
    <tag k="ele" v="47.00428849775"/>
    
  
  </node>
  
  
  <node id="201621" version="1" lat="35.64821747599" lon="128.40201140498">
    
    
    <tag k="ele" v="46.98088012968"/>
    
  
  </node>
  
  
  <node id="201623" version="1" lat="35.64774303961" lon="128.4023209833">
    
    
    <tag k="ele" v="47.20095434931"/>
    
  
  </node>
  
  
  <node id="201624" version="1" lat="35.64796619762" lon="128.40222974018">
    
    
    <tag k="ele" v="47.14794676948"/>
    
  
  </node>
  
  
  <node id="201625" version="1" lat="35.64806511175" lon="128.40218125583">
    
    
    <tag k="ele" v="47.09231317763"/>
    
  
  </node>
  
  
  <node id="201626" version="1" lat="35.64815762942" lon="128.40212161819">
    
    
    <tag k="ele" v="47.06855181851"/>
    
  
  </node>
  
  
  <node id="201627" version="1" lat="35.64819061269" lon="128.40209439307">
    
    
    <tag k="ele" v="47.04904079066"/>
    
  
  </node>
  
  
  <node id="201628" version="1" lat="35.64824074313" lon="128.40204277971">
    
    
    <tag k="ele" v="47.0190450475"/>
    
  
  </node>
  
  
  <node id="201637" version="1" lat="35.64987770249" lon="128.39861768881">
    
    
    <tag k="ele" v="46.88235517194"/>
    
  
  </node>
  
  
  <node id="201639" version="1" lat="35.64984950342" lon="128.39857996344">
    
    
    <tag k="ele" v="46.99112314572"/>
    
  
  </node>
  
  
  <node id="201643" version="1" lat="35.64949818041" lon="128.39904362076">
    
    
    <tag k="ele" v="46.91250785133"/>
    
  
  </node>
  
  
  <node id="201645" version="1" lat="35.6496963086" lon="128.39875148996">
    
    
    <tag k="ele" v="46.93997263359"/>
    
  
  </node>
  
  
  <node id="201646" version="1" lat="35.64952884116" lon="128.39892506936">
    
    
    <tag k="ele" v="46.93513610756"/>
    
  
  </node>
  
  
  <node id="201647" version="1" lat="35.64946377759" lon="128.39899760444">
    
    
    <tag k="ele" v="46.97942674421"/>
    
  
  </node>
  
  
  <node id="201651" version="1" lat="35.64911860815" lon="128.39946956662">
    
    
    <tag k="ele" v="46.90017796979"/>
    
  
  </node>
  
  
  <node id="201653" version="1" lat="35.6490842464" lon="128.39942360068">
    
    
    <tag k="ele" v="46.95372899619"/>
    
  
  </node>
  
  
  <node id="201657" version="1" lat="35.64873893062" lon="128.39989532606">
    
    
    <tag k="ele" v="46.86436334566"/>
    
  
  </node>
  
  
  <node id="201659" version="1" lat="35.6487046743" lon="128.39984958368">
    
    
    <tag k="ele" v="46.90900744991"/>
    
  
  </node>
  
  
  <node id="201663" version="1" lat="35.6483596832" lon="128.40032145025">
    
    
    <tag k="ele" v="46.77239215792"/>
    
  
  </node>
  
  
  <node id="201665" version="1" lat="35.64856372269" lon="128.40000835393">
    
    
    <tag k="ele" v="46.89038637325"/>
    
  
  </node>
  
  
  <node id="201666" version="1" lat="35.64837644878" lon="128.40024900745">
    
    
    <tag k="ele" v="46.7997034601"/>
    
  
  </node>
  
  
  <node id="201667" version="1" lat="35.64833799344" lon="128.40029245405">
    
    
    <tag k="ele" v="46.78672057668"/>
    
  
  </node>
  
  
  <node id="201672" version="1" lat="35.64798008148" lon="128.40074736951">
    
    
    <tag k="ele" v="46.70595062138"/>
    
  
  </node>
  
  
  <node id="201674" version="1" lat="35.64795852154" lon="128.40071850503">
    
    
    <tag k="ele" v="46.70938087412"/>
    
  
  </node>
  
  
  <node id="201681" version="1" lat="35.64807664577" lon="128.40087659114">
    
    
    <tag k="ele" v="46.76567180524"/>
    
  
  </node>
  
  
  <node id="201683" version="1" lat="35.64809849641" lon="128.40090581307">
    
    
    <tag k="ele" v="46.77003902687"/>
    
  
  </node>
  
  
  <node id="201687" version="1" lat="35.64845628885" lon="128.40045083204">
    
    
    <tag k="ele" v="46.72557232991"/>
    
  
  </node>
  
  
  <node id="201689" version="1" lat="35.64847806975" lon="128.40047998062">
    
    
    <tag k="ele" v="46.74015905775"/>
    
  
  </node>
  
  
  <node id="201693" version="1" lat="35.64883555159" lon="128.40002461891">
    
    
    <tag k="ele" v="46.90192012074"/>
    
  
  </node>
  
  
  <node id="201695" version="1" lat="35.64885760246" lon="128.40005403582">
    
    
    <tag k="ele" v="46.86091518769"/>
    
  
  </node>
  
  
  <node id="201699" version="1" lat="35.64914958591" lon="128.39964899355">
    
    
    <tag k="ele" v="46.90814838696"/>
    
  
  </node>
  
  
  <node id="201700" version="1" lat="35.64920555676" lon="128.39958610118">
    
    
    <tag k="ele" v="46.9137714684"/>
    
  
  </node>
  
  
  <node id="201702" version="1" lat="35.64923718882" lon="128.39962828374">
    
    
    <tag k="ele" v="46.90845410447"/>
    
  
  </node>
  
  
  <node id="201706" version="1" lat="35.64958516374" lon="128.39916024665">
    
    
    <tag k="ele" v="46.91692575818"/>
    
  
  </node>
  
  
  <node id="201708" version="1" lat="35.64961680551" lon="128.399202545">
    
    
    <tag k="ele" v="46.89777109249"/>
    
  
  </node>
  
  
  <node id="201712" version="1" lat="35.64996453626" lon="128.39873412699">
    
    
    <tag k="ele" v="46.91916376486"/>
    
  
  </node>
  
  
  <node id="201714" version="1" lat="35.64999625683" lon="128.39877653251">
    
    
    <tag k="ele" v="46.91899999887"/>
    
  
  </node>
  
  
  <node id="201721" version="1" lat="35.64883323253" lon="128.40065333182">
    
    
    <tag k="ele" v="46.85246520907"/>
    
  
  </node>
  
  
  <node id="201723" version="1" lat="35.6488107173" lon="128.40062325651">
    
    
    <tag k="ele" v="46.82208149061"/>
    
  
  </node>
  
  
  <node id="201727" version="1" lat="35.64846397293" lon="128.40106797791">
    
    
    <tag k="ele" v="47.00663334245"/>
    
  
  </node>
  
  
  <node id="201729" version="1" lat="35.64844156296" lon="128.40103810878">
    
    
    <tag k="ele" v="46.96422294328"/>
    
  
  </node>
  
  
  <node id="201733" version="1" lat="35.64809451785" lon="128.40148245777">
    
    
    <tag k="ele" v="46.95470412604"/>
    
  
  </node>
  
  
  <node id="201735" version="1" lat="35.64807230132" lon="128.40145271976">
    
    
    <tag k="ele" v="46.92478387386"/>
    
  
  </node>
  
  
  <node id="201739" version="1" lat="35.64772513302" lon="128.40189696874">
    
    
    <tag k="ele" v="46.84391939334"/>
    
  
  </node>
  
  
  <node id="201741" version="1" lat="35.64770291352" lon="128.40186722145">
    
    
    <tag k="ele" v="46.80216530492"/>
    
  
  </node>
  
  
  <node id="201745" version="1" lat="35.64735560153" lon="128.4023111502">
    
    
    <tag k="ele" v="47.16676899498"/>
    
  
  </node>
  
  
  <node id="201747" version="1" lat="35.64733340782" lon="128.4022816937">
    
    
    <tag k="ele" v="47.11924343296"/>
    
  
  </node>
  
  
  <node id="201751" version="1" lat="35.64855411445" lon="128.40163388727">
    
    
    <tag k="ele" v="47.1766975926"/>
    
  
  </node>
  
  
  <node id="201753" version="1" lat="35.64857739421" lon="128.40166504252">
    
    
    <tag k="ele" v="47.17729668304"/>
    
  
  </node>
  
  
  <node id="201757" version="1" lat="35.64889088946" lon="128.40125641019">
    
    
    <tag k="ele" v="47.19906746668"/>
    
  
  </node>
  
  
  <node id="201759" version="1" lat="35.64891413585" lon="128.40128756574">
    
    
    <tag k="ele" v="47.22024940135"/>
    
  
  </node>
  
  
  <node id="201763" version="1" lat="35.649227619" lon="128.40087889097">
    
    
    <tag k="ele" v="47.13905747064"/>
    
  
  </node>
  
  
  <node id="201765" version="1" lat="35.64925078591" lon="128.40090994464">
    
    
    <tag k="ele" v="47.16834363498"/>
    
  
  </node>
  
  
  <node id="201769" version="1" lat="35.64956423856" lon="128.40050125161">
    
    
    <tag k="ele" v="47.1914407511"/>
    
  
  </node>
  
  
  <node id="201771" version="1" lat="35.64958751462" lon="128.40053239859">
    
    
    <tag k="ele" v="47.20100779019"/>
    
  
  </node>
  
  
  <node id="201775" version="1" lat="35.64990076137" lon="128.40012345505">
    
    
    <tag k="ele" v="47.20258358682"/>
    
  
  </node>
  
  
  <node id="201777" version="1" lat="35.64992402575" lon="128.40015458629">
    
    
    <tag k="ele" v="47.20707335461"/>
    
  
  </node>
  
  
  <node id="201781" version="1" lat="35.6502371583" lon="128.3997455175">
    
    
    <tag k="ele" v="47.20906730604"/>
    
  
  </node>
  
  
  <node id="201783" version="1" lat="35.65026049951" lon="128.39977669372">
    
    
    <tag k="ele" v="47.20871966219"/>
    
  
  </node>
  
  
  <node id="201787" version="1" lat="35.65057375564" lon="128.39936779107">
    
    
    <tag k="ele" v="47.21907278687"/>
    
  
  </node>
  
  
  <node id="201789" version="1" lat="35.65059701072" lon="128.39939890499">
    
    
    <tag k="ele" v="47.21900000954"/>
    
  
  </node>
  
  
  <node id="201796" version="1" lat="35.65525820839" lon="128.39434441227">
    
    
    <tag k="ele" v="47.85061160944"/>
    
  
  </node>
  
  
  <node id="201797" version="1" lat="35.65520176844" lon="128.39447783935">
    
    
    <tag k="ele" v="47.73807212196"/>
    
  
  </node>
  
  
  <node id="201799" version="1" lat="35.65525850234" lon="128.3942557069">
    
    
    <tag k="ele" v="47.80632709859"/>
    
  
  </node>
  
  
  <node id="201800" version="1" lat="35.65517319042" lon="128.39445896612">
    
    
    <tag k="ele" v="47.65046051803"/>
    
  
  </node>
  
  
  <node id="201805" version="1" lat="35.65509805654" lon="128.39469879324">
    
    
    <tag k="ele" v="47.58234330168"/>
    
  
  </node>
  
  
  <node id="201807" version="1" lat="35.65511427039" lon="128.39459050893">
    
    
    <tag k="ele" v="47.60122617299"/>
    
  
  </node>
  
  
  <node id="201808" version="1" lat="35.65501689873" lon="128.39479246135">
    
    
    <tag k="ele" v="47.49129817722"/>
    
  
  </node>
  
  
  <node id="201813" version="1" lat="35.64635763292" lon="128.40439717534">
    
    
    <tag k="ele" v="48.05924876364"/>
    
  
  </node>
  
  
  <node id="201814" version="1" lat="35.64631738308" lon="128.40444679875">
    
    
    <tag k="ele" v="48.05715725389"/>
    
  
  </node>
  
  
  <node id="201815" version="1" lat="35.64627486111" lon="128.4044919779">
    
    
    <tag k="ele" v="48.0446621909"/>
    
  
  </node>
  
  
  <node id="201816" version="1" lat="35.64622136287" lon="128.40453965088">
    
    
    <tag k="ele" v="48.02647387353"/>
    
  
  </node>
  
  
  <node id="201817" version="1" lat="35.64614828531" lon="128.40459211394">
    
    
    <tag k="ele" v="48.03964578778"/>
    
  
  </node>
  
  
  <node id="201818" version="1" lat="35.64609677021" lon="128.40462205501">
    
    
    <tag k="ele" v="48.05709895377"/>
    
  
  </node>
  
  
  <node id="201819" version="1" lat="35.64603417999" lon="128.40465035159">
    
    
    <tag k="ele" v="48.05140564964"/>
    
  
  </node>
  
  
  <node id="201820" version="1" lat="35.64597368316" lon="128.40467077407">
    
    
    <tag k="ele" v="48.03127746952"/>
    
  
  </node>
  
  
  <node id="201822" version="1" lat="35.64634407127" lon="128.4043501193">
    
    
    <tag k="ele" v="47.96590526054"/>
    
  
  </node>
  
  
  <node id="201823" version="1" lat="35.64629321168" lon="128.40441418362">
    
    
    <tag k="ele" v="48.06080823521"/>
    
  
  </node>
  
  
  <node id="201824" version="1" lat="35.64623825176" lon="128.40447103925">
    
    
    <tag k="ele" v="47.99155568912"/>
    
  
  </node>
  
  
  <node id="201825" version="1" lat="35.64619377034" lon="128.40450952171">
    
    
    <tag k="ele" v="47.95284603011"/>
    
  
  </node>
  
  
  <node id="201826" version="1" lat="35.64613217456" lon="128.40455301555">
    
    
    <tag k="ele" v="47.98557824365"/>
    
  
  </node>
  
  
  <node id="201827" version="1" lat="35.64606584603" lon="128.40458973072">
    
    
    <tag k="ele" v="47.98073879306"/>
    
  
  </node>
  
  
  <node id="201828" version="1" lat="35.6459653507" lon="128.40462861272">
    
    
    <tag k="ele" v="47.98906756478"/>
    
  
  </node>
  
  
  <node id="201839" version="1" lat="35.64590645989" lon="128.40468665388">
    
    
    <tag k="ele" v="48.05923410938"/>
    
  
  </node>
  
  
  <node id="201840" version="1" lat="35.64584874226" lon="128.40469406158">
    
    
    <tag k="ele" v="48.05069015232"/>
    
  
  </node>
  
  
  <node id="201841" version="1" lat="35.64579235539" lon="128.40469571132">
    
    
    <tag k="ele" v="48.02718184081"/>
    
  
  </node>
  
  
  <node id="201842" version="1" lat="35.64570777428" lon="128.40468844043">
    
    
    <tag k="ele" v="48.03833648701"/>
    
  
  </node>
  
  
  <node id="201843" version="1" lat="35.64564296325" lon="128.40467564608">
    
    
    <tag k="ele" v="48.02342298479"/>
    
  
  </node>
  
  
  <node id="201844" version="1" lat="35.6455697599" lon="128.40465206256">
    
    
    <tag k="ele" v="48.01818654116"/>
    
  
  </node>
  
  
  <node id="201845" version="1" lat="35.64551478548" lon="128.40462732302">
    
    
    <tag k="ele" v="48.01697990324"/>
    
  
  </node>
  
  
  <node id="201846" version="1" lat="35.64545703897" lon="128.40459421622">
    
    
    <tag k="ele" v="48.01025885546"/>
    
  
  </node>
  
  
  <node id="201848" version="1" lat="35.64591035908" lon="128.40464140252">
    
    
    <tag k="ele" v="47.86628240552"/>
    
  
  </node>
  
  
  <node id="201849" version="1" lat="35.64585580438" lon="128.40464896177">
    
    
    <tag k="ele" v="47.96479682129"/>
    
  
  </node>
  
  
  <node id="201850" version="1" lat="35.64578311551" lon="128.40465114416">
    
    
    <tag k="ele" v="47.94965263206"/>
    
  
  </node>
  
  
  <node id="201851" version="1" lat="35.64571257998" lon="128.4046453844">
    
    
    <tag k="ele" v="47.93337175656"/>
    
  
  </node>
  
  
  <node id="201852" version="1" lat="35.64564109731" lon="128.40463050732">
    
    
    <tag k="ele" v="47.96866869171"/>
    
  
  </node>
  
  
  <node id="201853" version="1" lat="35.64560705376" lon="128.40461986136">
    
    
    <tag k="ele" v="47.91643501888"/>
    
  
  </node>
  
  
  <node id="201854" version="1" lat="35.64553918729" lon="128.4045918043">
    
    
    <tag k="ele" v="47.95688013399"/>
    
  
  </node>
  
  
  <node id="201855" version="1" lat="35.64547295728" lon="128.4045550017">
    
    
    <tag k="ele" v="47.93052369622"/>
    
  
  </node>
  
  
  <node id="201866" version="1" lat="35.64540432123" lon="128.40455873013">
    
    
    <tag k="ele" v="48.01877422982"/>
    
  
  </node>
  
  
  <node id="201867" version="1" lat="35.64534365993" lon="128.4045075041">
    
    
    <tag k="ele" v="47.9993100317"/>
    
  
  </node>
  
  
  <node id="201868" version="1" lat="35.64529228454" lon="128.40445526437">
    
    
    <tag k="ele" v="47.9900721913"/>
    
  
  </node>
  
  
  <node id="201869" version="1" lat="35.64524506381" lon="128.40439798757">
    
    
    <tag k="ele" v="47.99156692718"/>
    
  
  </node>
  
  
  <node id="201870" version="1" lat="35.64520241749" lon="128.40433649209">
    
    
    <tag k="ele" v="48.01402240618"/>
    
  
  </node>
  
  
  <node id="201871" version="1" lat="35.64516412048" lon="128.40427002432">
    
    
    <tag k="ele" v="48.0037768411"/>
    
  
  </node>
  
  
  <node id="201872" version="1" lat="35.6451304499" lon="128.40419922111">
    
    
    <tag k="ele" v="47.99052436109"/>
    
  
  </node>
  
  
  <node id="201873" version="1" lat="35.64510241332" lon="128.40412635807">
    
    
    <tag k="ele" v="47.99515870265"/>
    
  
  </node>
  
  
  <node id="201875" version="1" lat="35.64542368532" lon="128.4045211698">
    
    
    <tag k="ele" v="47.90602181716"/>
    
  
  </node>
  
  
  <node id="201876" version="1" lat="35.64536557711" lon="128.40447285622">
    
    
    <tag k="ele" v="47.90864404848"/>
    
  
  </node>
  
  
  <node id="201877" version="1" lat="35.64530764173" lon="128.40441333658">
    
    
    <tag k="ele" v="47.98859890292"/>
    
  
  </node>
  
  
  <node id="201878" version="1" lat="35.64527150346" lon="128.40436871876">
    
    
    <tag k="ele" v="47.93499471797"/>
    
  
  </node>
  
  
  <node id="201879" version="1" lat="35.6452248556" lon="128.40430038422">
    
    
    <tag k="ele" v="48.00316138998"/>
    
  
  </node>
  
  
  <node id="201880" version="1" lat="35.64518472361" lon="128.40422748919">
    
    
    <tag k="ele" v="47.94956963498"/>
    
  
  </node>
  
  
  <node id="201881" version="1" lat="35.6451357271" lon="128.40411024584">
    
    
    <tag k="ele" v="47.9498447568"/>
    
  
  </node>
  
  
  <node id="201891" version="1" lat="35.64508144936" lon="128.40405582604">
    
    
    <tag k="ele" v="48.02085242278"/>
    
  
  </node>
  
  
  <node id="201892" version="1" lat="35.64506275918" lon="128.4039713868">
    
    
    <tag k="ele" v="47.99776705886"/>
    
  
  </node>
  
  
  <node id="201893" version="1" lat="35.64504903971" lon="128.40387381712">
    
    
    <tag k="ele" v="47.994783297"/>
    
  
  </node>
  
  
  <node id="201894" version="1" lat="35.64504445221" lon="128.40380371303">
    
    
    <tag k="ele" v="47.98607652513"/>
    
  
  </node>
  
  
  <node id="201895" version="1" lat="35.64504484463" lon="128.40371679524">
    
    
    <tag k="ele" v="48.0116073161"/>
    
  
  </node>
  
  
  <node id="201896" version="1" lat="35.64505006194" lon="128.40364869612">
    
    
    <tag k="ele" v="48.00267110319"/>
    
  
  </node>
  
  
  <node id="201897" version="1" lat="35.64506347933" lon="128.40355706">
    
    
    <tag k="ele" v="48.0044748959"/>
    
  
  </node>
  
  
  <node id="201898" version="1" lat="35.6450788575" lon="128.40348961668">
    
    
    <tag k="ele" v="48.02122495535"/>
    
  
  </node>
  
  
  <node id="201900" version="1" lat="35.64511562379" lon="128.40404310234">
    
    
    <tag k="ele" v="47.97201179628"/>
    
  
  </node>
  
  
  <node id="201901" version="1" lat="35.64509754722" lon="128.40396234332">
    
    
    <tag k="ele" v="47.98311066175"/>
    
  
  </node>
  
  
  <node id="201902" version="1" lat="35.64508447753" lon="128.4038693597">
    
    
    <tag k="ele" v="47.83728437697"/>
    
  
  </node>
  
  
  <node id="201903" version="1" lat="35.6450802728" lon="128.40380230625">
    
    
    <tag k="ele" v="47.97315367787"/>
    
  
  </node>
  
  
  <node id="201904" version="1" lat="35.64508338477" lon="128.40367722245">
    
    
    <tag k="ele" v="47.96097197661"/>
    
  
  </node>
  
  
  <node id="201905" version="1" lat="35.64509267122" lon="128.40360276207">
    
    
    <tag k="ele" v="47.96010249101"/>
    
  
  </node>
  
  
  <node id="201906" version="1" lat="35.64511354269" lon="128.40350250206">
    
    
    <tag k="ele" v="47.97943723909"/>
    
  
  </node>
  
  
  <node id="201917" version="1" lat="35.64510485382" lon="128.40340366339">
    
    
    <tag k="ele" v="48.00275423577"/>
    
  
  </node>
  
  
  <node id="201918" version="1" lat="35.64513099668" lon="128.4033356277">
    
    
    <tag k="ele" v="48.00600462391"/>
    
  
  </node>
  
  
  <node id="201919" version="1" lat="35.64516612505" lon="128.40326239784">
    
    
    <tag k="ele" v="48.01478348744"/>
    
  
  </node>
  
  
  <node id="201920" version="1" lat="35.64520132499" lon="128.40320115336">
    
    
    <tag k="ele" v="48.02843488453"/>
    
  
  </node>
  
  
  <node id="201921" version="1" lat="35.64524390185" lon="128.40313971601">
    
    
    <tag k="ele" v="48.02042223716"/>
    
  
  </node>
  
  
  <node id="201922" version="1" lat="35.64528449903" lon="128.40308999827">
    
    
    <tag k="ele" v="48.01716675034"/>
    
  
  </node>
  
  
  <node id="201923" version="1" lat="35.64533444354" lon="128.40303782562">
    
    
    <tag k="ele" v="48.04503429471"/>
    
  
  </node>
  
  
  <node id="201924" version="1" lat="35.64539644333" lon="128.40298357345">
    
    
    <tag k="ele" v="48.03908875176"/>
    
  
  </node>
  
  
  <node id="201926" version="1" lat="35.64513754053" lon="128.40342122235">
    
    
    <tag k="ele" v="47.97877648905"/>
    
  
  </node>
  
  
  <node id="201927" version="1" lat="35.64516241561" lon="128.40335620261">
    
    
    <tag k="ele" v="47.9748838336"/>
    
  
  </node>
  
  
  <node id="201928" version="1" lat="35.64519599188" lon="128.40328663696">
    
    
    <tag k="ele" v="47.97718092503"/>
    
  
  </node>
  
  
  <node id="201929" version="1" lat="35.6452334975" lon="128.40322282598">
    
    
    <tag k="ele" v="47.98235501906"/>
    
  
  </node>
  
  
  <node id="201930" version="1" lat="35.64527677658" lon="128.40316099395">
    
    
    <tag k="ele" v="47.99007500561"/>
    
  
  </node>
  
  
  <node id="201931" version="1" lat="35.6453287862" lon="128.40310018991">
    
    
    <tag k="ele" v="48.00582745348"/>
    
  
  </node>
  
  
  <node id="201932" version="1" lat="35.64538560193" lon="128.4030450366">
    
    
    <tag k="ele" v="48.00863601663"/>
    
  
  </node>
  
  
  <node id="201933" version="1" lat="35.64541546266" lon="128.40302096962">
    
    
    <tag k="ele" v="47.99564560517"/>
    
  
  </node>
  
  
  <node id="201944" version="1" lat="35.64545019714" lon="128.4029452632">
    
    
    <tag k="ele" v="48.00291292056"/>
    
  
  </node>
  
  
  <node id="201945" version="1" lat="35.64549742093" lon="128.40291793736">
    
    
    <tag k="ele" v="48.02647041494"/>
    
  
  </node>
  
  
  <node id="201946" version="1" lat="35.64555899679" lon="128.40288945265">
    
    
    <tag k="ele" v="48.02958533461"/>
    
  
  </node>
  
  
  <node id="201947" version="1" lat="35.64564052632" lon="128.40286156628">
    
    
    <tag k="ele" v="48.02637350155"/>
    
  
  </node>
  
  
  <node id="201948" version="1" lat="35.64570690619" lon="128.40284827054">
    
    
    <tag k="ele" v="48.01024751963"/>
    
  
  </node>
  
  
  <node id="201949" version="1" lat="35.64576966589" lon="128.40284213186">
    
    
    <tag k="ele" v="48.00891547064"/>
    
  
  </node>
  
  
  <node id="201950" version="1" lat="35.64583787294" lon="128.40284257765">
    
    
    <tag k="ele" v="48.00743951336"/>
    
  
  </node>
  
  
  <node id="201952" version="1" lat="35.64546669242" lon="128.4029846164">
    
    
    <tag k="ele" v="47.99893998337"/>
    
  
  </node>
  
  
  <node id="201953" version="1" lat="35.64552537129" lon="128.4029510229">
    
    
    <tag k="ele" v="47.97612015137"/>
    
  
  </node>
  
  
  <node id="201954" version="1" lat="35.64559559692" lon="128.40292133998">
    
    
    <tag k="ele" v="47.96666753697"/>
    
  
  </node>
  
  
  <node id="201955" version="1" lat="35.64566437275" lon="128.40290052753">
    
    
    <tag k="ele" v="47.96995745765"/>
    
  
  </node>
  
  
  <node id="201956" version="1" lat="35.64572029276" lon="128.40288994377">
    
    
    <tag k="ele" v="47.96262338864"/>
    
  
  </node>
  
  
  <node id="201957" version="1" lat="35.64578933345" lon="128.40288507815">
    
    
    <tag k="ele" v="47.96266434008"/>
    
  
  </node>
  
  
  <node id="201958" version="1" lat="35.64586201724" lon="128.40288760808">
    
    
    <tag k="ele" v="47.96986880392"/>
    
  
  </node>
  
  
  <node id="201968" version="1" lat="35.64762213242" lon="128.40168320102">
    
    
    <tag k="ele" v="46.86419349917"/>
    
  
  </node>
  
  
  <node id="201969" version="1" lat="35.64796480769" lon="128.40130014603">
    
    
    <tag k="ele" v="46.84793591714"/>
    
  
  </node>
  
  
  <node id="201971" version="1" lat="35.64764021772" lon="128.40170737991">
    
    
    <tag k="ele" v="46.83414577073"/>
    
  
  </node>
  
  
  <node id="201972" version="1" lat="35.64798302782" lon="128.40132467321">
    
    
    <tag k="ele" v="46.84084901682"/>
    
  
  </node>
  
  
  <node id="201977" version="1" lat="35.64830696807" lon="128.4009165385">
    
    
    <tag k="ele" v="46.8896710716"/>
    
  
  </node>
  
  
  <node id="201979" version="1" lat="35.64832513331" lon="128.40094087868">
    
    
    <tag k="ele" v="46.86974307275"/>
    
  
  </node>
  
  
  <node id="201983" version="1" lat="35.6486491177" lon="128.40053287764">
    
    
    <tag k="ele" v="46.77923934325"/>
    
  
  </node>
  
  
  <node id="201985" version="1" lat="35.64866724915" lon="128.40055713353">
    
    
    <tag k="ele" v="46.75051805372"/>
    
  
  </node>
  
  
  <node id="201989" version="1" lat="35.64899114354" lon="128.40014903686">
    
    
    <tag k="ele" v="46.91929881235"/>
    
  
  </node>
  
  
  <node id="201991" version="1" lat="35.64900933068" lon="128.4001733536">
    
    
    <tag k="ele" v="46.89062645487"/>
    
  
  </node>
  
  
  <node id="201995" version="1" lat="35.64933295424" lon="128.39976488862">
    
    
    <tag k="ele" v="46.93030116009"/>
    
  
  </node>
  
  
  <node id="201997" version="1" lat="35.64935138928" lon="128.39978955977">
    
    
    <tag k="ele" v="46.90734378774"/>
    
  
  </node>
  
  
  <node id="202001" version="1" lat="35.64967506197" lon="128.39938114062">
    
    
    <tag k="ele" v="46.9413105047"/>
    
  
  </node>
  
  
  <node id="202003" version="1" lat="35.64969343348" lon="128.3994057402">
    
    
    <tag k="ele" v="46.89488770415"/>
    
  
  </node>
  
  
  <node id="202007" version="1" lat="35.65001724683" lon="128.39899750909">
    
    
    <tag k="ele" v="46.95570925152"/>
    
  
  </node>
  
  
  <node id="202009" version="1" lat="35.65003559273" lon="128.39902205826">
    
    
    <tag k="ele" v="46.91947711052"/>
    
  
  </node>
  
  
  <node id="202013" version="1" lat="35.65035915545" lon="128.39861349918">
    
    
    <tag k="ele" v="46.96911287987"/>
    
  
  </node>
  
  
  <node id="202015" version="1" lat="35.6503775764" lon="128.39863814734">
    
    
    <tag k="ele" v="46.92158866423"/>
    
  
  </node>
  
  
  <node id="202019" version="1" lat="35.65070093332" lon="128.3982292096">
    
    
    <tag k="ele" v="47.12151836505"/>
    
  
  </node>
  
  
  <node id="202021" version="1" lat="35.65071933645" lon="128.39825403966">
    
    
    <tag k="ele" v="47.07322572705"/>
    
  
  </node>
  
  
  <node id="202025" version="1" lat="35.65110004762" lon="128.39796384718">
    
    
    <tag k="ele" v="46.81409881775"/>
    
  
  </node>
  
  
  <node id="202026" version="1" lat="35.65144197351" lon="128.3975802023">
    
    
    <tag k="ele" v="46.74025702061"/>
    
  
  </node>
  
  
  <node id="202028" version="1" lat="35.65112091907" lon="128.39799238217">
    
    
    <tag k="ele" v="46.837"/>
    
  
  </node>
  
  
  <node id="202029" version="1" lat="35.65146325607" lon="128.39760859445">
    
    
    <tag k="ele" v="46.75414604899"/>
    
  
  </node>
  
  
  <node id="202034" version="1" lat="35.6517841906" lon="128.39719653776">
    
    
    <tag k="ele" v="46.81359189543"/>
    
  
  </node>
  
  
  <node id="202036" version="1" lat="35.65180541315" lon="128.39722497063">
    
    
    <tag k="ele" v="46.82734726471"/>
    
  
  </node>
  
  
  <node id="202040" version="1" lat="35.65215242979" lon="128.39684209095">
    
    
    <tag k="ele" v="46.87460190573"/>
    
  
  </node>
  
  
  <node id="202041" version="1" lat="35.65218218859" lon="128.39685040487">
    
    
    <tag k="ele" v="46.90980561937"/>
    
  
  </node>
  
  
  <node id="202042" version="1" lat="35.65225224586" lon="128.39689880674">
    
    
    <tag k="ele" v="46.93677941087"/>
    
  
  </node>
  
  
  <node id="202043" version="1" lat="35.6522902105" lon="128.39691025124">
    
    
    <tag k="ele" v="46.92347886014"/>
    
  
  </node>
  
  
  <node id="202044" version="1" lat="35.6523498451" lon="128.39690574473">
    
    
    <tag k="ele" v="46.94649673461"/>
    
  
  </node>
  
  
  <node id="202045" version="1" lat="35.65246017954" lon="128.39687814906">
    
    
    <tag k="ele" v="46.98237419809"/>
    
  
  </node>
  
  
  <node id="202046" version="1" lat="35.65250488119" lon="128.3968711788">
    
    
    <tag k="ele" v="47.02457223776"/>
    
  
  </node>
  
  
  <node id="202047" version="1" lat="35.65255450017" lon="128.39687274407">
    
    
    <tag k="ele" v="47.03322879857"/>
    
  
  </node>
  
  
  <node id="202049" version="1" lat="35.65215040173" lon="128.39688005785">
    
    
    <tag k="ele" v="46.89819046653"/>
    
  
  </node>
  
  
  <node id="202050" version="1" lat="35.65217506567" lon="128.39688906766">
    
    
    <tag k="ele" v="46.89899998316"/>
    
  
  </node>
  
  
  <node id="202051" version="1" lat="35.65225131017" lon="128.39693997924">
    
    
    <tag k="ele" v="46.94621497629"/>
    
  
  </node>
  
  
  <node id="202052" version="1" lat="35.65228894386" lon="128.39694894859">
    
    
    <tag k="ele" v="46.98127317275"/>
    
  
  </node>
  
  
  <node id="202053" version="1" lat="35.65234755124" lon="128.39694418151">
    
    
    <tag k="ele" v="46.9735218499"/>
    
  
  </node>
  
  
  <node id="202054" version="1" lat="35.65249990461" lon="128.39691059764">
    
    
    <tag k="ele" v="46.99052620261"/>
    
  
  </node>
  
  
  <node id="202055" version="1" lat="35.65254959895" lon="128.39691274172">
    
    
    <tag k="ele" v="47.03003371676"/>
    
  
  </node>
  
  
  <node id="202065" version="1" lat="35.6525987873" lon="128.39688664023">
    
    
    <tag k="ele" v="47.05420066142"/>
    
  
  </node>
  
  
  <node id="202066" version="1" lat="35.65256882637" lon="128.39687583372">
    
    
    <tag k="ele" v="47.03951999631"/>
    
  
  </node>
  
  
  <node id="202067" version="1" lat="35.6525149709" lon="128.39687068091">
    
    
    <tag k="ele" v="47.00885007341"/>
    
  
  </node>
  
  
  <node id="202068" version="1" lat="35.65246799735" lon="128.39687641994">
    
    
    <tag k="ele" v="46.97617845523"/>
    
  
  </node>
  
  
  <node id="202069" version="1" lat="35.65234970676" lon="128.39690576869">
    
    
    <tag k="ele" v="46.94628913641"/>
    
  
  </node>
  
  
  <node id="202070" version="1" lat="35.65228908016" lon="128.39691009218">
    
    
    <tag k="ele" v="46.92015471511"/>
    
  
  </node>
  
  
  <node id="202071" version="1" lat="35.65224815848" lon="128.39689668449">
    
    
    <tag k="ele" v="46.93677941087"/>
    
  
  </node>
  
  
  <node id="202072" version="1" lat="35.65218615056" lon="128.39685269989">
    
    
    <tag k="ele" v="46.90980561937"/>
    
  
  </node>
  
  
  <node id="202073" version="1" lat="35.65216201297" lon="128.3968432971">
    
    
    <tag k="ele" v="46.88765892566"/>
    
  
  </node>
  
  
  <node id="202075" version="1" lat="35.65249467035" lon="128.39683169097">
    
    
    <tag k="ele" v="47.00922512521"/>
    
  
  </node>
  
  
  <node id="202076" version="1" lat="35.65235313497" lon="128.39686594596">
    
    
    <tag k="ele" v="46.91048370853"/>
    
  
  </node>
  
  
  <node id="202077" version="1" lat="35.65229271017" lon="128.39687235022">
    
    
    <tag k="ele" v="46.8921902212"/>
    
  
  </node>
  
  
  <node id="202078" version="1" lat="35.65226663998" lon="128.39686444803">
    
    
    <tag k="ele" v="46.96547169372"/>
    
  
  </node>
  
  
  <node id="202079" version="1" lat="35.65220467795" lon="128.39681747472">
    
    
    <tag k="ele" v="46.87807491776"/>
    
  
  </node>
  
  
  <node id="202080" version="1" lat="35.65216606387" lon="128.39680468496">
    
    
    <tag k="ele" v="46.87945630698"/>
    
  
  </node>
  
  
  <node id="202090" version="1" lat="35.6518111474" lon="128.39716631803">
    
    
    <tag k="ele" v="46.81532840289"/>
    
  
  </node>
  
  
  <node id="202091" version="1" lat="35.6514693499" lon="128.39754938812">
    
    
    <tag k="ele" v="46.73039901575"/>
    
  
  </node>
  
  
  <node id="202093" version="1" lat="35.65178979469" lon="128.39713770734">
    
    
    <tag k="ele" v="46.80275038697"/>
    
  
  </node>
  
  
  <node id="202094" version="1" lat="35.65144793505" lon="128.3975207821">
    
    
    <tag k="ele" v="46.72089150558"/>
    
  
  </node>
  
  
  <node id="202099" version="1" lat="35.65112781681" lon="128.39793288383">
    
    
    <tag k="ele" v="46.81404459552"/>
    
  
  </node>
  
  
  <node id="202101" version="1" lat="35.65110649172" lon="128.39790433918">
    
    
    <tag k="ele" v="46.79889606091"/>
    
  
  </node>
  
  
  <node id="202105" version="1" lat="35.65072875007" lon="128.39819822389">
    
    
    <tag k="ele" v="47.1528881902"/>
    
  
  </node>
  
  
  <node id="202106" version="1" lat="35.65038738695" lon="128.39858178509">
    
    
    <tag k="ele" v="46.94676460412"/>
    
  
  </node>
  
  
  <node id="202108" version="1" lat="35.65071069326" lon="128.39817384761">
    
    
    <tag k="ele" v="47.10021099659"/>
    
  
  </node>
  
  
  <node id="202109" version="1" lat="35.65036905207" lon="128.39855729285">
    
    
    <tag k="ele" v="46.945"/>
    
  
  </node>
  
  
  <node id="202114" version="1" lat="35.65004591675" lon="128.3989653357">
    
    
    <tag k="ele" v="46.94934647192"/>
    
  
  </node>
  
  
  <node id="202116" version="1" lat="35.65002766739" lon="128.39894094734">
    
    
    <tag k="ele" v="46.91225620459"/>
    
  
  </node>
  
  
  <node id="202120" version="1" lat="35.64970415983" lon="128.39934851695">
    
    
    <tag k="ele" v="46.94268237402"/>
    
  
  </node>
  
  
  <node id="202122" version="1" lat="35.6496860305" lon="128.39932424769">
    
    
    <tag k="ele" v="46.90752969282"/>
    
  
  </node>
  
  
  <node id="202126" version="1" lat="35.64936248022" lon="128.39973177436">
    
    
    <tag k="ele" v="46.94895873769"/>
    
  
  </node>
  
  
  <node id="202128" version="1" lat="35.6493444294" lon="128.39970762014">
    
    
    <tag k="ele" v="46.90079224263"/>
    
  
  </node>
  
  
  <node id="202132" version="1" lat="35.64902109233" lon="128.40011540076">
    
    
    <tag k="ele" v="46.93631344934"/>
    
  
  </node>
  
  
  <node id="202134" version="1" lat="35.64900278251" lon="128.40009094884">
    
    
    <tag k="ele" v="46.8846011603"/>
    
  
  </node>
  
  
  <node id="202138" version="1" lat="35.64867948261" lon="128.40049875595">
    
    
    <tag k="ele" v="46.7876537765"/>
    
  
  </node>
  
  
  <node id="202140" version="1" lat="35.64866116798" lon="128.4004742925">
    
    
    <tag k="ele" v="46.77109085418"/>
    
  
  </node>
  
  
  <node id="202144" version="1" lat="35.64833775999" lon="128.4008819742">
    
    
    <tag k="ele" v="46.86423560564"/>
    
  
  </node>
  
  
  <node id="202146" version="1" lat="35.64831950242" lon="128.40085755072">
    
    
    <tag k="ele" v="46.855"/>
    
  
  </node>
  
  
  <node id="202150" version="1" lat="35.64799602042" lon="128.40126518081">
    
    
    <tag k="ele" v="46.84812605848"/>
    
  
  </node>
  
  
  <node id="202152" version="1" lat="35.64797781059" lon="128.4012407597">
    
    
    <tag k="ele" v="46.79810193413"/>
    
  
  </node>
  
  
  <node id="202156" version="1" lat="35.64765380969" lon="128.40164766294">
    
    
    <tag k="ele" v="46.86964517178"/>
    
  
  </node>
  
  
  <node id="202158" version="1" lat="35.64763540873" lon="128.40162310502">
    
    
    <tag k="ele" v="46.85005491982"/>
    
  
  </node>
  
  
  <node id="202162" version="1" lat="35.65383020426" lon="128.39562528008">
    
    
    <tag k="ele" v="47.21949821191"/>
    
  
  </node>
  
  
  <node id="202163" version="1" lat="35.65392085295" lon="128.39543036107">
    
    
    <tag k="ele" v="47.22762407463"/>
    
  
  </node>
  
  
  <node id="202164" version="1" lat="35.65398507012" lon="128.39527898163">
    
    
    <tag k="ele" v="47.22824013883"/>
    
  
  </node>
  
  
  <node id="202165" version="1" lat="35.65404372605" lon="128.3951299643">
    
    
    <tag k="ele" v="47.24412556679"/>
    
  
  </node>
  
  
  <node id="202167" version="1" lat="35.65387766938" lon="128.39558196699">
    
    
    <tag k="ele" v="47.25584895809"/>
    
  
  </node>
  
  
  <node id="202168" version="1" lat="35.65398181211" lon="128.39534115812">
    
    
    <tag k="ele" v="47.26145187841"/>
    
  
  </node>
  
  
  <node id="202169" version="1" lat="35.6540383989" lon="128.39520326963">
    
    
    <tag k="ele" v="47.2735799297"/>
    
  
  </node>
  
  
  <node id="202170" version="1" lat="35.6540573774" lon="128.39515387288">
    
    
    <tag k="ele" v="47.26954904351"/>
    
  
  </node>
  
  
  <node id="202171" version="1" lat="35.65405945419" lon="128.39514031872">
    
    
    <tag k="ele" v="47.27595725641"/>
    
  
  </node>
  
  
  <node id="202177" version="1" lat="35.65410387967" lon="128.39496658066">
    
    
    <tag k="ele" v="47.2621990246"/>
    
  
  </node>
  
  
  <node id="202178" version="1" lat="35.65416084914" lon="128.39479856527">
    
    
    <tag k="ele" v="47.25610084584"/>
    
  
  </node>
  
  
  <node id="202179" version="1" lat="35.65421539251" lon="128.39462489934">
    
    
    <tag k="ele" v="47.25709986516"/>
    
  
  </node>
  
  
  <node id="202180" version="1" lat="35.65425724714" lon="128.39447771739">
    
    
    <tag k="ele" v="47.24336891849"/>
    
  
  </node>
  
  
  <node id="202182" version="1" lat="35.65406915402" lon="128.39512489479">
    
    
    <tag k="ele" v="47.28365342258"/>
    
  
  </node>
  
  
  <node id="202183" version="1" lat="35.65410478727" lon="128.39504125116">
    
    
    <tag k="ele" v="47.28661382892"/>
    
  
  </node>
  
  
  <node id="202184" version="1" lat="35.65420109864" lon="128.39479954786">
    
    
    <tag k="ele" v="47.31212554521"/>
    
  
  </node>
  
  
  <node id="202185" version="1" lat="35.65424403192" lon="128.39466165528">
    
    
    <tag k="ele" v="47.32086599425"/>
    
  
  </node>
  
  
  <node id="202186" version="1" lat="35.65429209779" lon="128.39449048368">
    
    
    <tag k="ele" v="47.27454998126"/>
    
  
  </node>
  
  
  <node id="202193" version="1" lat="35.65388709167" lon="128.39565709833">
    
    
    <tag k="ele" v="47.30585362718"/>
    
  
  </node>
  
  
  <node id="202194" version="1" lat="35.65397266075" lon="128.39546419568">
    
    
    <tag k="ele" v="47.31865105886"/>
    
  
  </node>
  
  
  <node id="202195" version="1" lat="35.65403287902" lon="128.39531595528">
    
    
    <tag k="ele" v="47.3190117921"/>
    
  
  </node>
  
  
  <node id="202196" version="1" lat="35.65409228698" lon="128.39515816536">
    
    
    <tag k="ele" v="47.3146185498"/>
    
  
  </node>
  
  
  <node id="202203" version="1" lat="35.65415713108" lon="128.3949689586">
    
    
    <tag k="ele" v="47.33067752724"/>
    
  
  </node>
  
  
  <node id="202204" version="1" lat="35.65420978008" lon="128.39479862089">
    
    
    <tag k="ele" v="47.33062687108"/>
    
  
  </node>
  
  
  <node id="202205" version="1" lat="35.65425091421" lon="128.39465276206">
    
    
    <tag k="ele" v="47.32964312133"/>
    
  
  </node>
  
  
  <node id="202211" version="1" lat="35.65393154888" lon="128.39564070306">
    
    
    <tag k="ele" v="47.35655312072"/>
    
  
  </node>
  
  
  <node id="202212" version="1" lat="35.65399283809" lon="128.39550188889">
    
    
    <tag k="ele" v="47.35624744647"/>
    
  
  </node>
  
  
  <node id="202213" version="1" lat="35.65405386656" lon="128.39535356365">
    
    
    <tag k="ele" v="47.35460370941"/>
    
  
  </node>
  
  
  <node id="202214" version="1" lat="35.6541213696" lon="128.39517561295">
    
    
    <tag k="ele" v="47.34775017506"/>
    
  
  </node>
  
  
  <node id="202221" version="1" lat="35.65417318112" lon="128.39502538602">
    
    
    <tag k="ele" v="47.36452143154"/>
    
  
  </node>
  
  
  <node id="202222" version="1" lat="35.65422871302" lon="128.39485021814">
    
    
    <tag k="ele" v="47.3697779496"/>
    
  
  </node>
  
  
  <node id="202223" version="1" lat="35.65428054356" lon="128.39466713348">
    
    
    <tag k="ele" v="47.36050651886"/>
    
  
  </node>
  
  
  <node id="202224" version="1" lat="35.65432267523" lon="128.39450182982">
    
    
    <tag k="ele" v="47.35109757952"/>
    
  
  </node>
  
  
  <node id="202231" version="1" lat="35.65394526723" lon="128.39569175226">
    
    
    <tag k="ele" v="47.38726627795"/>
    
  
  </node>
  
  
  <node id="202232" version="1" lat="35.65401235539" lon="128.39554218249">
    
    
    <tag k="ele" v="47.38097387003"/>
    
  
  </node>
  
  
  <node id="202233" version="1" lat="35.65410144023" lon="128.39532317268">
    
    
    <tag k="ele" v="47.39866481271"/>
    
  
  </node>
  
  
  <node id="202234" version="1" lat="35.65415017978" lon="128.39519295389">
    
    
    <tag k="ele" v="47.39864586379"/>
    
  
  </node>
  
  
  <node id="202241" version="1" lat="35.65420216081" lon="128.39504315492">
    
    
    <tag k="ele" v="47.38734768964"/>
    
  
  </node>
  
  
  <node id="202242" version="1" lat="35.6542648182" lon="128.39484420805">
    
    
    <tag k="ele" v="47.41224744491"/>
    
  
  </node>
  
  
  <node id="202243" version="1" lat="35.65430741232" lon="128.394693689">
    
    
    <tag k="ele" v="47.38714574964"/>
    
  
  </node>
  
  
  <node id="202244" version="1" lat="35.65435336545" lon="128.39451311003">
    
    
    <tag k="ele" v="47.37897613888"/>
    
  
  </node>
  
  
  <node id="202251" version="1" lat="35.65439921907" lon="128.39387800729">
    
    
    <tag k="ele" v="47.27602257056"/>
    
  
  </node>
  
  
  <node id="202253" version="1" lat="35.6544337915" lon="128.39389025581">
    
    
    <tag k="ele" v="47.32813080251"/>
    
  
  </node>
  
  
  <node id="202257" version="1" lat="35.6545410793" lon="128.39327708464">
    
    
    <tag k="ele" v="47.27212547263"/>
    
  
  </node>
  
  
  <node id="202259" version="1" lat="35.65457551877" lon="128.39328928871">
    
    
    <tag k="ele" v="47.32189308652"/>
    
  
  </node>
  
  
  <node id="202263" version="1" lat="35.65464365547" lon="128.39284410511">
    
    
    <tag k="ele" v="47.49826027302"/>
    
  
  </node>
  
  
  <node id="202265" version="1" lat="35.65467458941" lon="128.39287222915">
    
    
    <tag k="ele" v="47.35703454588"/>
    
  
  </node>
  
  
  <node id="202269" version="1" lat="35.65446479897" lon="128.39390123878">
    
    
    <tag k="ele" v="47.37297739311"/>
    
  
  </node>
  
  
  <node id="202273" version="1" lat="35.65460675573" lon="128.393300356">
    
    
    <tag k="ele" v="47.36346557716"/>
    
  
  </node>
  
  
  <node id="202277" version="1" lat="35.65470492319" lon="128.39288523528">
    
    
    <tag k="ele" v="47.34862449138"/>
    
  
  </node>
  
  
  <node id="202281" version="1" lat="35.6544954519" lon="128.39391210178">
    
    
    <tag k="ele" v="47.39848625574"/>
    
  
  </node>
  
  
  <node id="202285" version="1" lat="35.65463754731" lon="128.39331127106">
    
    
    <tag k="ele" v="47.40215217187"/>
    
  
  </node>
  
  
  <node id="202289" version="1" lat="35.65473611091" lon="128.39289652382">
    
    
    <tag k="ele" v="47.30183687162"/>
    
  
  </node>
  
  
  <node id="202293" version="1" lat="35.65504259108" lon="128.39187224056">
    
    
    <tag k="ele" v="49.30941568102"/>
    
  
  </node>
  
  
  <node id="202294" version="1" lat="35.65509311992" lon="128.39181095483">
    
    
    <tag k="ele" v="49.4235078098"/>
    
  
  </node>
  
  
  <node id="202295" version="1" lat="35.6551828391" lon="128.39172095046">
    
    
    <tag k="ele" v="49.64939926317"/>
    
  
  </node>
  
  
  <node id="202296" version="1" lat="35.65528202745" lon="128.3916442968">
    
    
    <tag k="ele" v="49.75962449358"/>
    
  
  </node>
  
  
  <node id="202297" version="1" lat="35.65538829867" lon="128.39158412167">
    
    
    <tag k="ele" v="49.75108893067"/>
    
  
  </node>
  
  
  <node id="202299" version="1" lat="35.6550966524" lon="128.39186899767">
    
    
    <tag k="ele" v="47.62913631871"/>
    
  
  </node>
  
  
  <node id="202300" version="1" lat="35.655142395" lon="128.39181769193">
    
    
    <tag k="ele" v="47.63950054105"/>
    
  
  </node>
  
  
  <node id="202301" version="1" lat="35.65519269158" lon="128.39176825462">
    
    
    <tag k="ele" v="47.68348790717"/>
    
  
  </node>
  
  
  <node id="202302" version="1" lat="35.65524693311" lon="128.3917225152">
    
    
    <tag k="ele" v="47.67779278125"/>
    
  
  </node>
  
  
  <node id="202303" version="1" lat="35.65529113966" lon="128.39169003136">
    
    
    <tag k="ele" v="47.69806012772"/>
    
  
  </node>
  
  
  <node id="202304" version="1" lat="35.65534030361" lon="128.39165881642">
    
    
    <tag k="ele" v="47.6835779219"/>
    
  
  </node>
  
  
  <node id="202305" version="1" lat="35.6554022641" lon="128.39162594478">
    
    
    <tag k="ele" v="47.67630875288"/>
    
  
  </node>
  
  
  <node id="202312" version="1" lat="35.65543502268" lon="128.39156386061">
    
    
    <tag k="ele" v="49.758132829"/>
    
  
  </node>
  
  
  <node id="202313" version="1" lat="35.65552191075" lon="128.39153426726">
    
    
    <tag k="ele" v="49.77312667793"/>
    
  
  </node>
  
  
  <node id="202314" version="1" lat="35.65564352875" lon="128.39151097992">
    
    
    <tag k="ele" v="49.74849114344"/>
    
  
  </node>
  
  
  <node id="202315" version="1" lat="35.65575713771" lon="128.39150761337">
    
    
    <tag k="ele" v="49.74739527444"/>
    
  
  </node>
  
  
  <node id="202316" version="1" lat="35.65580789536" lon="128.39151189291">
    
    
    <tag k="ele" v="49.73641104912"/>
    
  
  </node>
  
  
  <node id="202317" version="1" lat="35.65589153058" lon="128.39152644188">
    
    
    <tag k="ele" v="49.76973682415"/>
    
  
  </node>
  
  
  <node id="202319" version="1" lat="35.65547248963" lon="128.39159618611">
    
    
    <tag k="ele" v="47.70087740835"/>
    
  
  </node>
  
  
  <node id="202320" version="1" lat="35.65552926593" lon="128.39157817894">
    
    
    <tag k="ele" v="47.69918048769"/>
    
  
  </node>
  
  
  <node id="202321" version="1" lat="35.65559539812" lon="128.39156345916">
    
    
    <tag k="ele" v="47.69884905039"/>
    
  
  </node>
  
  
  <node id="202322" version="1" lat="35.65564630691" lon="128.39155619447">
    
    
    <tag k="ele" v="47.68226492302"/>
    
  
  </node>
  
  
  <node id="202323" version="1" lat="35.65570616796" lon="128.39155235982">
    
    
    <tag k="ele" v="47.68501646355"/>
    
  
  </node>
  
  
  <node id="202324" version="1" lat="35.65576397868" lon="128.39155349391">
    
    
    <tag k="ele" v="47.68801275204"/>
    
  
  </node>
  
  
  <node id="202325" version="1" lat="35.65582895801" lon="128.39156000269">
    
    
    <tag k="ele" v="47.69624100303"/>
    
  
  </node>
  
  
  <node id="202326" version="1" lat="35.65588480511" lon="128.39157070832">
    
    
    <tag k="ele" v="47.7001169191"/>
    
  
  </node>
  
  
  <node id="202335" version="1" lat="35.65596597527" lon="128.39154713549">
    
    
    <tag k="ele" v="49.74684348111"/>
    
  
  </node>
  
  
  <node id="202336" version="1" lat="35.65601871205" lon="128.39156696146">
    
    
    <tag k="ele" v="49.71511041471"/>
    
  
  </node>
  
  
  <node id="202337" version="1" lat="35.65610262763" lon="128.39160812159">
    
    
    <tag k="ele" v="49.76354474204"/>
    
  
  </node>
  
  
  <node id="202338" version="1" lat="35.65614813148" lon="128.39163486282">
    
    
    <tag k="ele" v="49.78990939734"/>
    
  
  </node>
  
  
  <node id="202339" version="1" lat="35.65622655026" lon="128.39169076071">
    
    
    <tag k="ele" v="49.7746206169"/>
    
  
  </node>
  
  
  <node id="202340" version="1" lat="35.65626050911" lon="128.39171987312">
    
    
    <tag k="ele" v="49.79598739952"/>
    
  
  </node>
  
  
  <node id="202341" version="1" lat="35.65634424986" lon="128.39180312253">
    
    
    <tag k="ele" v="49.75328937776"/>
    
  
  </node>
  
  
  <node id="202343" version="1" lat="35.6559415848" lon="128.39158621959">
    
    
    <tag k="ele" v="47.66913965939"/>
    
  
  </node>
  
  
  <node id="202344" version="1" lat="35.65600608115" lon="128.39160958795">
    
    
    <tag k="ele" v="47.68158302033"/>
    
  
  </node>
  
  
  <node id="202345" version="1" lat="35.65605855721" lon="128.39163346691">
    
    
    <tag k="ele" v="47.68846804168"/>
    
  
  </node>
  
  
  <node id="202346" version="1" lat="35.65611580015" lon="128.39166545286">
    
    
    <tag k="ele" v="47.67996537377"/>
    
  
  </node>
  
  
  <node id="202347" version="1" lat="35.65616531269" lon="128.39169844408">
    
    
    <tag k="ele" v="47.6788471487"/>
    
  
  </node>
  
  
  <node id="202348" version="1" lat="35.65622129237" lon="128.39174197151">
    
    
    <tag k="ele" v="47.66893356145"/>
    
  
  </node>
  
  
  <node id="202349" version="1" lat="35.65627257553" lon="128.39178864073">
    
    
    <tag k="ele" v="47.6696652819"/>
    
  
  </node>
  
  
  <node id="202350" version="1" lat="35.65631825983" lon="128.39183659219">
    
    
    <tag k="ele" v="47.66375858004"/>
    
  
  </node>
  
  
  <node id="202358" version="1" lat="35.6564251218" lon="128.391906943">
    
    
    <tag k="ele" v="49.64991906861"/>
    
  
  </node>
  
  
  <node id="202359" version="1" lat="35.65649819618" lon="128.39202738998">
    
    
    <tag k="ele" v="49.68182496248"/>
    
  
  </node>
  
  
  <node id="202360" version="1" lat="35.65652876345" lon="128.39209173313">
    
    
    <tag k="ele" v="49.72932657671"/>
    
  
  </node>
  
  
  <node id="202361" version="1" lat="35.65656051041" lon="128.39216847875">
    
    
    <tag k="ele" v="49.72092699795"/>
    
  
  </node>
  
  
  <node id="202362" version="1" lat="35.65659202975" lon="128.39226599557">
    
    
    <tag k="ele" v="49.73028209592"/>
    
  
  </node>
  
  
  <node id="202363" version="1" lat="35.65660781965" lon="128.39232756151">
    
    
    <tag k="ele" v="49.70377681151"/>
    
  
  </node>
  
  
  <node id="202365" version="1" lat="35.65636932004" lon="128.39189864616">
    
    
    <tag k="ele" v="47.66710484894"/>
    
  
  </node>
  
  
  <node id="202366" version="1" lat="35.65641037926" lon="128.3919560741">
    
    
    <tag k="ele" v="47.68110541896"/>
    
  
  </node>
  
  
  <node id="202367" version="1" lat="35.65644418104" lon="128.3920106083">
    
    
    <tag k="ele" v="47.67478654715"/>
    
  
  </node>
  
  
  <node id="202368" version="1" lat="35.65647497906" lon="128.39206854071">
    
    
    <tag k="ele" v="47.64739831276"/>
    
  
  </node>
  
  
  <node id="202369" version="1" lat="35.65650602524" lon="128.39213556408">
    
    
    <tag k="ele" v="47.6499818405"/>
    
  
  </node>
  
  
  <node id="202370" version="1" lat="35.65652968853" lon="128.39219701598">
    
    
    <tag k="ele" v="47.65851683862"/>
    
  
  </node>
  
  
  <node id="202371" version="1" lat="35.65655361217" lon="128.39227109365">
    
    
    <tag k="ele" v="47.658142136"/>
    
  
  </node>
  
  
  <node id="202372" version="1" lat="35.65657181397" lon="128.39234003318">
    
    
    <tag k="ele" v="47.64063123871"/>
    
  
  </node>
  
  
  <node id="202381" version="1" lat="35.6566263437" lon="128.39242718361">
    
    
    <tag k="ele" v="49.66135029898"/>
    
  
  </node>
  
  
  <node id="202382" version="1" lat="35.65663488588" lon="128.3924941248">
    
    
    <tag k="ele" v="49.70588103189"/>
    
  
  </node>
  
  
  <node id="202383" version="1" lat="35.65664086732" lon="128.39257781075">
    
    
    <tag k="ele" v="49.71901502609"/>
    
  
  </node>
  
  
  <node id="202384" version="1" lat="35.65664247034" lon="128.39265509141">
    
    
    <tag k="ele" v="49.72637738369"/>
    
  
  </node>
  
  
  <node id="202385" version="1" lat="35.65663290193" lon="128.3927945172">
    
    
    <tag k="ele" v="49.6249664323"/>
    
  
  </node>
  
  
  <node id="202386" version="1" lat="35.65661886144" lon="128.39288845138">
    
    
    <tag k="ele" v="49.54708980436"/>
    
  
  </node>
  
  
  <node id="202387" version="1" lat="35.65660644973" lon="128.39294447256">
    
    
    <tag k="ele" v="49.44745442716"/>
    
  
  </node>
  
  
  <node id="202389" version="1" lat="35.65658673455" lon="128.39241495867">
    
    
    <tag k="ele" v="47.64220999552"/>
    
  
  </node>
  
  
  <node id="202390" version="1" lat="35.65659832817" lon="128.39249866822">
    
    
    <tag k="ele" v="47.64848246522"/>
    
  
  </node>
  
  
  <node id="202391" version="1" lat="35.65660533003" lon="128.39262971449">
    
    
    <tag k="ele" v="47.65694352005"/>
    
  
  </node>
  
  
  <node id="202392" version="1" lat="35.6566031291" lon="128.39270819125">
    
    
    <tag k="ele" v="47.64181015734"/>
    
  
  </node>
  
  
  <node id="202393" version="1" lat="35.65659766586" lon="128.39277419017">
    
    
    <tag k="ele" v="47.66199714949"/>
    
  
  </node>
  
  
  <node id="202394" version="1" lat="35.65658578721" lon="128.39286067158">
    
    
    <tag k="ele" v="47.66033692352"/>
    
  
  </node>
  
  
  <node id="202395" version="1" lat="35.6565714355" lon="128.39293253907">
    
    
    <tag k="ele" v="47.64583277912"/>
    
  
  </node>
  
  
  <node id="202404" version="1" lat="35.65657634669" lon="128.39305724881">
    
    
    <tag k="ele" v="49.24738703544"/>
    
  
  </node>
  
  
  <node id="202405" version="1" lat="35.65654384865" lon="128.39315302912">
    
    
    <tag k="ele" v="49.09350825552"/>
    
  
  </node>
  
  
  <node id="202406" version="1" lat="35.65652102436" lon="128.39321023455">
    
    
    <tag k="ele" v="48.98808840014"/>
    
  
  </node>
  
  
  <node id="202407" version="1" lat="35.65645554531" lon="128.39334729467">
    
    
    <tag k="ele" v="48.72981482088"/>
    
  
  </node>
  
  
  <node id="202408" version="1" lat="35.65637853671" lon="128.39348069139">
    
    
    <tag k="ele" v="48.48009091601"/>
    
  
  </node>
  
  
  <node id="202410" version="1" lat="35.65653698287" lon="128.39305949605">
    
    
    <tag k="ele" v="47.58675482327"/>
    
  
  </node>
  
  
  <node id="202411" version="1" lat="35.65648851501" lon="128.39318866074">
    
    
    <tag k="ele" v="47.57722093455"/>
    
  
  </node>
  
  
  <node id="202412" version="1" lat="35.6564325489" lon="128.39330853727">
    
    
    <tag k="ele" v="47.53272482152"/>
    
  
  </node>
  
  
  <node id="202413" version="1" lat="35.65635003697" lon="128.39345345649">
    
    
    <tag k="ele" v="47.4762427069"/>
    
  
  </node>
  
  
  <node id="202420" version="1" lat="35.6563293209" lon="128.393556205">
    
    
    <tag k="ele" v="48.33666453644"/>
    
  
  </node>
  
  
  <node id="202421" version="1" lat="35.65623001352" lon="128.39369294316">
    
    
    <tag k="ele" v="48.05910586618"/>
    
  
  </node>
  
  
  <node id="202422" version="1" lat="35.65615557923" lon="128.39378516265">
    
    
    <tag k="ele" v="47.849632648"/>
    
  
  </node>
  
  
  <node id="202423" version="1" lat="35.65605213469" lon="128.39390550552">
    
    
    <tag k="ele" v="47.50592358892"/>
    
  
  </node>
  
  
  <node id="202425" version="1" lat="35.65627748168" lon="128.39356208067">
    
    
    <tag k="ele" v="47.44117414533"/>
    
  
  </node>
  
  
  <node id="202426" version="1" lat="35.65620338271" lon="128.39366166673">
    
    
    <tag k="ele" v="47.41616298496"/>
    
  
  </node>
  
  
  <node id="202427" version="1" lat="35.65602757725" lon="128.39387321862">
    
    
    <tag k="ele" v="47.33678726089"/>
    
  
  </node>
  
  
  <node id="202433" version="1" lat="35.65571039122" lon="128.39429026255">
    
    
    <tag k="ele" v="47.22915841237"/>
    
  
  </node>
  
  
  <node id="202435" version="1" lat="35.65568610346" lon="128.39425774909">
    
    
    <tag k="ele" v="47.30045940893"/>
    
  
  </node>
  
  
  <node id="202439" version="1" lat="35.65536841393" lon="128.39467337537">
    
    
    <tag k="ele" v="47.26282498197"/>
    
  
  </node>
  
  
  <node id="202441" version="1" lat="35.65534432941" lon="128.39464111753">
    
    
    <tag k="ele" v="47.31609113425"/>
    
  
  </node>
  
  
  <node id="202448" version="1" lat="35.6551212603" lon="128.39189567263">
    
    
    <tag k="ele" v="47.33773531519"/>
    
  
  </node>
  
  
  <node id="202449" version="1" lat="35.6551612005" lon="128.39185076252">
    
    
    <tag k="ele" v="47.346504007"/>
    
  
  </node>
  
  
  <node id="202450" version="1" lat="35.65521128072" lon="128.39180106193">
    
    
    <tag k="ele" v="47.35120186419"/>
    
  
  </node>
  
  
  <node id="202451" version="1" lat="35.6552992416" lon="128.39172983834">
    
    
    <tag k="ele" v="47.3410550713"/>
    
  
  </node>
  
  
  <node id="202452" version="1" lat="35.65535513362" lon="128.39169375862">
    
    
    <tag k="ele" v="47.33134347469"/>
    
  
  </node>
  
  
  <node id="202453" version="1" lat="35.65541418346" lon="128.39166224517">
    
    
    <tag k="ele" v="47.34192032321"/>
    
  
  </node>
  
  
  <node id="202462" version="1" lat="35.65547809772" lon="128.39163562487">
    
    
    <tag k="ele" v="47.344019158"/>
    
  
  </node>
  
  
  <node id="202463" version="1" lat="35.65553175292" lon="128.3916183209">
    
    
    <tag k="ele" v="47.34883723606"/>
    
  
  </node>
  
  
  <node id="202464" version="1" lat="35.6556010358" lon="128.39160210185">
    
    
    <tag k="ele" v="47.3570838285"/>
    
  
  </node>
  
  
  <node id="202465" version="1" lat="35.65565475835" lon="128.39159441282">
    
    
    <tag k="ele" v="47.36553243491"/>
    
  
  </node>
  
  
  <node id="202466" version="1" lat="35.65571221544" lon="128.39159143113">
    
    
    <tag k="ele" v="47.34809663901"/>
    
  
  </node>
  
  
  <node id="202467" version="1" lat="35.65576534702" lon="128.39159294074">
    
    
    <tag k="ele" v="47.34853377136"/>
    
  
  </node>
  
  
  <node id="202468" version="1" lat="35.65581586999" lon="128.39159800906">
    
    
    <tag k="ele" v="47.35872772837"/>
    
  
  </node>
  
  
  <node id="202469" version="1" lat="35.65587871999" lon="128.39160969872">
    
    
    <tag k="ele" v="47.35455146167"/>
    
  
  </node>
  
  
  <node id="202480" version="1" lat="35.65593751469" lon="128.39162563423">
    
    
    <tag k="ele" v="47.34355449822"/>
    
  
  </node>
  
  
  <node id="202481" version="1" lat="35.65599214724" lon="128.39164527128">
    
    
    <tag k="ele" v="47.33416978616"/>
    
  
  </node>
  
  
  <node id="202482" version="1" lat="35.65605454418" lon="128.3916741479">
    
    
    <tag k="ele" v="47.33050718752"/>
    
  
  </node>
  
  
  <node id="202483" version="1" lat="35.65610112496" lon="128.39170071234">
    
    
    <tag k="ele" v="47.33353874965"/>
    
  
  </node>
  
  
  <node id="202484" version="1" lat="35.65615711814" lon="128.39173819505">
    
    
    <tag k="ele" v="47.34254206849"/>
    
  
  </node>
  
  
  <node id="202485" version="1" lat="35.65620739254" lon="128.39177762877">
    
    
    <tag k="ele" v="47.33442100386"/>
    
  
  </node>
  
  
  <node id="202486" version="1" lat="35.65625068783" lon="128.39181707979">
    
    
    <tag k="ele" v="47.32810664765"/>
    
  
  </node>
  
  
  <node id="202487" version="1" lat="35.65629657323" lon="128.39186531214">
    
    
    <tag k="ele" v="47.33992111267"/>
    
  
  </node>
  
  
  <node id="202498" version="1" lat="35.65633043789" lon="128.39190529001">
    
    
    <tag k="ele" v="47.32917089422"/>
    
  
  </node>
  
  
  <node id="202499" version="1" lat="35.65638043434" lon="128.39197380771">
    
    
    <tag k="ele" v="47.3435662746"/>
    
  
  </node>
  
  
  <node id="202500" version="1" lat="35.65644600453" lon="128.39208635055">
    
    
    <tag k="ele" v="47.30909093487"/>
    
  
  </node>
  
  
  <node id="202501" version="1" lat="35.65647691795" lon="128.39215337542">
    
    
    <tag k="ele" v="47.31729052688"/>
    
  
  </node>
  
  
  <node id="202502" version="1" lat="35.65650229212" lon="128.39221785348">
    
    
    <tag k="ele" v="47.31511366236"/>
    
  
  </node>
  
  
  <node id="202503" version="1" lat="35.65652252938" lon="128.39227923408">
    
    
    <tag k="ele" v="47.30990767476"/>
    
  
  </node>
  
  
  <node id="202504" version="1" lat="35.65654107868" lon="128.39235060254">
    
    
    <tag k="ele" v="47.30730138699"/>
    
  
  </node>
  
  
  <node id="202514" version="1" lat="35.65655570823" lon="128.39242473043">
    
    
    <tag k="ele" v="47.30579106278"/>
    
  
  </node>
  
  
  <node id="202515" version="1" lat="35.65656474088" lon="128.39248916407">
    
    
    <tag k="ele" v="47.30838680328"/>
    
  
  </node>
  
  
  <node id="202516" version="1" lat="35.65657102754" lon="128.39256307808">
    
    
    <tag k="ele" v="47.30609357978"/>
    
  
  </node>
  
  
  <node id="202517" version="1" lat="35.65657296204" lon="128.39262788029">
    
    
    <tag k="ele" v="47.31076654741"/>
    
  
  </node>
  
  
  <node id="202518" version="1" lat="35.65657169749" lon="128.39269355353">
    
    
    <tag k="ele" v="47.3029536356"/>
    
  
  </node>
  
  
  <node id="202519" version="1" lat="35.65656549363" lon="128.39277395575">
    
    
    <tag k="ele" v="47.30519075641"/>
    
  
  </node>
  
  
  <node id="202520" version="1" lat="35.65655478548" lon="128.39284979491">
    
    
    <tag k="ele" v="47.31516311647"/>
    
  
  </node>
  
  
  <node id="202521" version="1" lat="35.65654045672" lon="128.3929219542">
    
    
    <tag k="ele" v="47.32695475271"/>
    
  
  </node>
  
  
  <node id="202531" version="1" lat="35.65650277953" lon="128.3930559872">
    
    
    <tag k="ele" v="47.30621725284"/>
    
  
  </node>
  
  
  <node id="202532" version="1" lat="35.65645822276" lon="128.39317453469">
    
    
    <tag k="ele" v="47.3173453111"/>
    
  
  </node>
  
  
  <node id="202533" version="1" lat="35.65639594239" lon="128.39330560003">
    
    
    <tag k="ele" v="47.32238420816"/>
    
  
  </node>
  
  
  <node id="202534" version="1" lat="35.65632429011" lon="128.39342917392">
    
    
    <tag k="ele" v="47.31738485787"/>
    
  
  </node>
  
  
  <node id="202541" version="1" lat="35.65625305776" lon="128.39353627567">
    
    
    <tag k="ele" v="47.30850768254"/>
    
  
  </node>
  
  
  <node id="202542" version="1" lat="35.65618056457" lon="128.39363379124">
    
    
    <tag k="ele" v="47.30146624497"/>
    
  
  </node>
  
  
  <node id="202543" version="1" lat="35.65600562324" lon="128.39384447908">
    
    
    <tag k="ele" v="47.30513041381"/>
    
  
  </node>
  
  
  <node id="202549" version="1" lat="35.65566425741" lon="128.39422852078">
    
    
    <tag k="ele" v="47.34681673421"/>
    
  
  </node>
  
  
  <node id="202553" version="1" lat="35.65532264067" lon="128.39461208641">
    
    
    <tag k="ele" v="47.36715506985"/>
    
  
  </node>
  
  
  <node id="202559" version="1" lat="35.65514223316" lon="128.39192495806">
    
    
    <tag k="ele" v="47.29613283287"/>
    
  
  </node>
  
  
  <node id="202560" version="1" lat="35.65518400827" lon="128.39187836417">
    
    
    <tag k="ele" v="47.30251019955"/>
    
  
  </node>
  
  
  <node id="202561" version="1" lat="35.6552348483" lon="128.39182830461">
    
    
    <tag k="ele" v="47.31066963218"/>
    
  
  </node>
  
  
  <node id="202562" version="1" lat="35.65532857286" lon="128.39175437639">
    
    
    <tag k="ele" v="47.29883651332"/>
    
  
  </node>
  
  
  <node id="202563" version="1" lat="35.65542632014" lon="128.39169863746">
    
    
    <tag k="ele" v="47.30053157529"/>
    
  
  </node>
  
  
  <node id="202570" version="1" lat="35.65547648426" lon="128.3916771799">
    
    
    <tag k="ele" v="47.32337471837"/>
    
  
  </node>
  
  
  <node id="202571" version="1" lat="35.65553510609" lon="128.39165729366">
    
    
    <tag k="ele" v="47.323818791"/>
    
  
  </node>
  
  
  <node id="202572" version="1" lat="35.65559227208" lon="128.39164370939">
    
    
    <tag k="ele" v="47.32302887071"/>
    
  
  </node>
  
  
  <node id="202573" version="1" lat="35.65564839215" lon="128.39163531616">
    
    
    <tag k="ele" v="47.32253244299"/>
    
  
  </node>
  
  
  <node id="202574" version="1" lat="35.65571366114" lon="128.39163160473">
    
    
    <tag k="ele" v="47.30981714101"/>
    
  
  </node>
  
  
  <node id="202575" version="1" lat="35.65576296342" lon="128.39163281824">
    
    
    <tag k="ele" v="47.30949010743"/>
    
  
  </node>
  
  
  <node id="202576" version="1" lat="35.65581173149" lon="128.39163720018">
    
    
    <tag k="ele" v="47.32071924248"/>
    
  
  </node>
  
  
  <node id="202577" version="1" lat="35.65587291671" lon="128.39164831887">
    
    
    <tag k="ele" v="47.32198668317"/>
    
  
  </node>
  
  
  <node id="202587" version="1" lat="35.65597776363" lon="128.39168086203">
    
    
    <tag k="ele" v="47.32900002452"/>
    
  
  </node>
  
  
  <node id="202588" version="1" lat="35.65604514844" lon="128.39171255218">
    
    
    <tag k="ele" v="47.30032244821"/>
    
  
  </node>
  
  
  <node id="202589" version="1" lat="35.65609442123" lon="128.39174078127">
    
    
    <tag k="ele" v="47.3076484192"/>
    
  
  </node>
  
  
  <node id="202590" version="1" lat="35.65613469223" lon="128.39176755518">
    
    
    <tag k="ele" v="47.30741911767"/>
    
  
  </node>
  
  
  <node id="202591" version="1" lat="35.65618491481" lon="128.39180675949">
    
    
    <tag k="ele" v="47.30926128342"/>
    
  
  </node>
  
  
  <node id="202592" version="1" lat="35.65623417505" lon="128.39185143353">
    
    
    <tag k="ele" v="47.28798929129"/>
    
  
  </node>
  
  
  <node id="202593" version="1" lat="35.6562743362" lon="128.39189351391">
    
    
    <tag k="ele" v="47.3140794025"/>
    
  
  </node>
  
  
  <node id="202603" version="1" lat="35.65631649692" lon="128.3919443859">
    
    
    <tag k="ele" v="47.32236910592"/>
    
  
  </node>
  
  
  <node id="202604" version="1" lat="35.65635236178" lon="128.39199409461">
    
    
    <tag k="ele" v="47.31996635524"/>
    
  
  </node>
  
  
  <node id="202605" version="1" lat="35.65638793497" lon="128.39205051364">
    
    
    <tag k="ele" v="47.31183255511"/>
    
  
  </node>
  
  
  <node id="202606" version="1" lat="35.65641975755" lon="128.39210928951">
    
    
    <tag k="ele" v="47.31033852752"/>
    
  
  </node>
  
  
  <node id="202607" version="1" lat="35.65644949648" lon="128.39217388693">
    
    
    <tag k="ele" v="47.30634880841"/>
    
  
  </node>
  
  
  <node id="202608" version="1" lat="35.65647198683" lon="128.39223188869">
    
    
    <tag k="ele" v="47.29900001815"/>
    
  
  </node>
  
  
  <node id="202609" version="1" lat="35.65649345556" lon="128.39229739492">
    
    
    <tag k="ele" v="47.29895486239"/>
    
  
  </node>
  
  
  <node id="202610" version="1" lat="35.65651000095" lon="128.39236147356">
    
    
    <tag k="ele" v="47.29557827009"/>
    
  
  </node>
  
  
  <node id="202620" version="1" lat="35.65652002108" lon="128.3924073945">
    
    
    <tag k="ele" v="47.28108586755"/>
    
  
  </node>
  
  
  <node id="202621" version="1" lat="35.65653217781" lon="128.39248818019">
    
    
    <tag k="ele" v="47.29472176238"/>
    
  
  </node>
  
  
  <node id="202622" version="1" lat="35.65654093948" lon="128.39262559767">
    
    
    <tag k="ele" v="47.28828107114"/>
    
  
  </node>
  
  
  <node id="202623" version="1" lat="35.65653896409" lon="128.39270498289">
    
    
    <tag k="ele" v="47.28866159676"/>
    
  
  </node>
  
  
  <node id="202624" version="1" lat="35.65653374471" lon="128.3927637579">
    
    
    <tag k="ele" v="47.30251549799"/>
    
  
  </node>
  
  
  <node id="202625" version="1" lat="35.65652342938" lon="128.39283866317">
    
    
    <tag k="ele" v="47.29612666049"/>
    
  
  </node>
  
  
  <node id="202626" version="1" lat="35.65650904424" lon="128.39291151798">
    
    
    <tag k="ele" v="47.30130259226"/>
    
  
  </node>
  
  
  <node id="202635" version="1" lat="35.65647300038" lon="128.39304163777">
    
    
    <tag k="ele" v="47.29513458649"/>
    
  
  </node>
  
  
  <node id="202636" version="1" lat="35.65643401496" lon="128.39314563427">
    
    
    <tag k="ele" v="47.29969173307"/>
    
  
  </node>
  
  
  <node id="202637" version="1" lat="35.65637128434" lon="128.39327959335">
    
    
    <tag k="ele" v="47.30515243782"/>
    
  
  </node>
  
  
  <node id="202638" version="1" lat="35.65629885453" lon="128.39340460122">
    
    
    <tag k="ele" v="47.28379333349"/>
    
  
  </node>
  
  
  <node id="202645" version="1" lat="35.65623964637" lon="128.39349441171">
    
    
    <tag k="ele" v="47.28201750072"/>
    
  
  </node>
  
  
  <node id="202646" version="1" lat="35.65616014201" lon="128.39360304997">
    
    
    <tag k="ele" v="47.28624624076"/>
    
  
  </node>
  
  
  <node id="202647" version="1" lat="35.65607225891" lon="128.3937122776">
    
    
    <tag k="ele" v="47.27681713921"/>
    
  
  </node>
  
  
  <node id="202648" version="1" lat="35.65598375026" lon="128.39381575956">
    
    
    <tag k="ele" v="47.28459049237"/>
    
  
  </node>
  
  
  <node id="202654" version="1" lat="35.65564269723" lon="128.39419964494">
    
    
    <tag k="ele" v="47.39905612594"/>
    
  
  </node>
  
  
  <node id="202658" version="1" lat="35.65530099066" lon="128.39458308809">
    
    
    <tag k="ele" v="47.40894892704"/>
    
  
  </node>
  
  
  <node id="202664" version="1" lat="35.65439199338" lon="128.39576991614">
    
    
    <tag k="ele" v="47.26000584059"/>
    
  
  </node>
  
  
  <node id="202666" version="1" lat="35.65436791845" lon="128.39573770407">
    
    
    <tag k="ele" v="47.3089260631"/>
    
  
  </node>
  
  
  <node id="202670" version="1" lat="35.65404013101" lon="128.39616481567">
    
    
    <tag k="ele" v="47.28101261401"/>
    
  
  </node>
  
  
  <node id="202672" version="1" lat="35.65401604247" lon="128.39613264169">
    
    
    <tag k="ele" v="47.31247516561"/>
    
  
  </node>
  
  
  <node id="202676" version="1" lat="35.65368826855" lon="128.3965599047">
    
    
    <tag k="ele" v="47.26713590893"/>
    
  
  </node>
  
  
  <node id="202678" version="1" lat="35.65366419371" lon="128.39652772423">
    
    
    <tag k="ele" v="47.31267071426"/>
    
  
  </node>
  
  
  <node id="202682" version="1" lat="35.65333617357" lon="128.39695477239">
    
    
    <tag k="ele" v="47.25702511314"/>
    
  
  </node>
  
  
  <node id="202684" version="1" lat="35.65331213838" lon="128.39692258143">
    
    
    <tag k="ele" v="47.29746038446"/>
    
  
  </node>
  
  
  <node id="202688" version="1" lat="35.65298421585" lon="128.39734963103">
    
    
    <tag k="ele" v="47.23716025368"/>
    
  
  </node>
  
  
  <node id="202690" version="1" lat="35.6529601602" lon="128.39731743013">
    
    
    <tag k="ele" v="47.28915750988"/>
    
  
  </node>
  
  
  <node id="202694" version="1" lat="35.65263211354" lon="128.39774428942">
    
    
    <tag k="ele" v="47.24503265392"/>
    
  
  </node>
  
  
  <node id="202696" version="1" lat="35.65260820705" lon="128.39771230766">
    
    
    <tag k="ele" v="47.29862288043"/>
    
  
  </node>
  
  
  <node id="202700" version="1" lat="35.65228029531" lon="128.39813930245">
    
    
    <tag k="ele" v="47.19581447402"/>
    
  
  </node>
  
  
  <node id="202702" version="1" lat="35.65225614414" lon="128.3981070231">
    
    
    <tag k="ele" v="47.2322236977"/>
    
  
  </node>
  
  
  <node id="202706" version="1" lat="35.65192861773" lon="128.39853446997">
    
    
    <tag k="ele" v="47.2401728478"/>
    
  
  </node>
  
  
  <node id="202708" version="1" lat="35.65190442778" lon="128.39850218196">
    
    
    <tag k="ele" v="47.27293921573"/>
    
  
  </node>
  
  
  <node id="202712" version="1" lat="35.65157681516" lon="128.39892964323">
    
    
    <tag k="ele" v="47.19349254416"/>
    
  
  </node>
  
  
  <node id="202714" version="1" lat="35.6515526731" lon="128.39889738823">
    
    
    <tag k="ele" v="47.22943734679"/>
    
  
  </node>
  
  
  <node id="202718" version="1" lat="35.65122469901" lon="128.39932446418">
    
    
    <tag k="ele" v="47.27630978458"/>
    
  
  </node>
  
  
  <node id="202720" version="1" lat="35.65120078701" lon="128.39929245692">
    
    
    <tag k="ele" v="47.31685232482"/>
    
  
  </node>
  
  
  <node id="202724" version="1" lat="35.65087268975" lon="128.39971938554">
    
    
    <tag k="ele" v="47.28955708417"/>
    
  
  </node>
  
  
  <node id="202726" version="1" lat="35.6508485901" lon="128.39968708433">
    
    
    <tag k="ele" v="47.32792615845"/>
    
  
  </node>
  
  
  <node id="202730" version="1" lat="35.65052085593" lon="128.40011420561">
    
    
    <tag k="ele" v="47.27856207899"/>
    
  
  </node>
  
  
  <node id="202732" version="1" lat="35.65049685925" lon="128.40008214141">
    
    
    <tag k="ele" v="47.34105978012"/>
    
  
  </node>
  
  
  <node id="202736" version="1" lat="35.6501688885" lon="128.40050915225">
    
    
    <tag k="ele" v="47.28308944684"/>
    
  
  </node>
  
  
  <node id="202738" version="1" lat="35.65014499739" lon="128.40047719828">
    
    
    <tag k="ele" v="47.33144338374"/>
    
  
  </node>
  
  
  <node id="202742" version="1" lat="35.64981694813" lon="128.40090408153">
    
    
    <tag k="ele" v="47.27324044052"/>
    
  
  </node>
  
  
  <node id="202744" version="1" lat="35.64979312906" lon="128.40087221497">
    
    
    <tag k="ele" v="47.32658696847"/>
    
  
  </node>
  
  
  <node id="202748" version="1" lat="35.64946501314" lon="128.40129895086">
    
    
    <tag k="ele" v="47.26145598798"/>
    
  
  </node>
  
  
  <node id="202750" version="1" lat="35.64944107782" lon="128.40126694745">
    
    
    <tag k="ele" v="47.31759701282"/>
    
  
  </node>
  
  
  <node id="202754" version="1" lat="35.64911324242" lon="128.40169405644">
    
    
    <tag k="ele" v="47.27959862067"/>
    
  
  </node>
  
  
  <node id="202756" version="1" lat="35.64908928118" lon="128.40166202928">
    
    
    <tag k="ele" v="47.32813351619"/>
    
  
  </node>
  
  
  <node id="202763" version="1" lat="35.65434615779" lon="128.39570857706">
    
    
    <tag k="ele" v="47.34471656063"/>
    
  
  </node>
  
  
  <node id="202767" version="1" lat="35.65399422909" lon="128.39610348713">
    
    
    <tag k="ele" v="47.3513989499"/>
    
  
  </node>
  
  
  <node id="202771" version="1" lat="35.6536422629" lon="128.39649840894">
    
    
    <tag k="ele" v="47.35700209453"/>
    
  
  </node>
  
  
  <node id="202775" version="1" lat="35.65329040125" lon="128.3968934766">
    
    
    <tag k="ele" v="47.33960637121"/>
    
  
  </node>
  
  
  <node id="202779" version="1" lat="35.65293847813" lon="128.39728841612">
    
    
    <tag k="ele" v="47.33761048082"/>
    
  
  </node>
  
  
  <node id="202783" version="1" lat="35.65258631745" lon="128.39768300576">
    
    
    <tag k="ele" v="47.33268776311"/>
    
  
  </node>
  
  
  <node id="202787" version="1" lat="35.65223433945" lon="128.3980778613">
    
    
    <tag k="ele" v="47.26987131126"/>
    
  
  </node>
  
  
  <node id="202791" version="1" lat="35.65188260267" lon="128.39847306431">
    
    
    <tag k="ele" v="47.29720433668"/>
    
  
  </node>
  
  
  <node id="202795" version="1" lat="35.65153092679" lon="128.39886832576">
    
    
    <tag k="ele" v="47.26856894811"/>
    
  
  </node>
  
  
  <node id="202799" version="1" lat="35.6511789588" lon="128.39926323743">
    
    
    <tag k="ele" v="47.35172216623"/>
    
  
  </node>
  
  
  <node id="202803" version="1" lat="35.65082688423" lon="128.39965800304">
    
    
    <tag k="ele" v="47.36408538048"/>
    
  
  </node>
  
  
  <node id="202807" version="1" lat="35.65047505183" lon="128.40005298661">
    
    
    <tag k="ele" v="47.35881596131"/>
    
  
  </node>
  
  
  <node id="202811" version="1" lat="35.65012312943" lon="128.40044795053">
    
    
    <tag k="ele" v="47.36018498356"/>
    
  
  </node>
  
  
  <node id="202815" version="1" lat="35.64977118308" lon="128.40084286671">
    
    
    <tag k="ele" v="47.35026193278"/>
    
  
  </node>
  
  
  <node id="202819" version="1" lat="35.64941923637" lon="128.4012377254">
    
    
    <tag k="ele" v="47.33323745223"/>
    
  
  </node>
  
  
  <node id="202823" version="1" lat="35.64906741803" lon="128.40163281198">
    
    
    <tag k="ele" v="47.36035082387"/>
    
  
  </node>
  
  
  <node id="202829" version="1" lat="35.65432435767" lon="128.39567941397">
    
    
    <tag k="ele" v="47.38808694743"/>
    
  
  </node>
  
  
  <node id="202833" version="1" lat="35.65397241652" lon="128.396074351">
    
    
    <tag k="ele" v="47.39900000069"/>
    
  
  </node>
  
  
  <node id="202837" version="1" lat="35.65362054289" lon="128.39646936656">
    
    
    <tag k="ele" v="47.40747663307"/>
    
  
  </node>
  
  
  <node id="202841" version="1" lat="35.65326864548" lon="128.3968643409">
    
    
    <tag k="ele" v="47.39220437988"/>
    
  
  </node>
  
  
  <node id="202845" version="1" lat="35.65291666977" lon="128.3972592224">
    
    
    <tag k="ele" v="47.39459217887"/>
    
  
  </node>
  
  
  <node id="202849" version="1" lat="35.65256466572" lon="128.39765404734">
    
    
    <tag k="ele" v="47.39042353136"/>
    
  
  </node>
  
  
  <node id="202853" version="1" lat="35.65221247885" lon="128.39804863133">
    
    
    <tag k="ele" v="47.31600121242"/>
    
  
  </node>
  
  
  <node id="202857" version="1" lat="35.65186086679" lon="128.39844405427">
    
    
    <tag k="ele" v="47.32717048441"/>
    
  
  </node>
  
  
  <node id="202861" version="1" lat="35.65150921748" lon="128.39883931148">
    
    
    <tag k="ele" v="47.32455699672"/>
    
  
  </node>
  
  
  <node id="202865" version="1" lat="35.65115725643" lon="128.39923418659">
    
    
    <tag k="ele" v="47.38307078064"/>
    
  
  </node>
  
  
  <node id="202869" version="1" lat="35.65080516106" lon="128.39962890891">
    
    
    <tag k="ele" v="47.42265965459"/>
    
  
  </node>
  
  
  <node id="202873" version="1" lat="35.65045337464" lon="128.40002402331">
    
    
    <tag k="ele" v="47.40761064578"/>
    
  
  </node>
  
  
  <node id="202877" version="1" lat="35.65010142616" lon="128.40041892243">
    
    
    <tag k="ele" v="47.41998950668"/>
    
  
  </node>
  
  
  <node id="202881" version="1" lat="35.649749504" lon="128.40081384372">
    
    
    <tag k="ele" v="47.38990775142"/>
    
  
  </node>
  
  
  <node id="202885" version="1" lat="35.64939749201" lon="128.40120864356">
    
    
    <tag k="ele" v="47.38429935803"/>
    
  
  </node>
  
  
  <node id="202889" version="1" lat="35.6490456727" lon="128.40160374038">
    
    
    <tag k="ele" v="47.40719899231"/>
    
  
  </node>
  
  
  <node id="202895" version="1" lat="35.64758555359" lon="128.4034083481">
    
    
    <tag k="ele" v="47.27899999779"/>
    
  
  </node>
  
  
  <node id="202897" version="1" lat="35.64756156823" lon="128.40337623968">
    
    
    <tag k="ele" v="47.3233410986"/>
    
  
  </node>
  
  
  <node id="202901" version="1" lat="35.64724028365" lon="128.40379545639">
    
    
    <tag k="ele" v="47.28987729866"/>
    
  
  </node>
  
  
  <node id="202903" version="1" lat="35.64721630099" lon="128.40376337838">
    
    
    <tag k="ele" v="47.32865687337"/>
    
  
  </node>
  
  
  <node id="202907" version="1" lat="35.64689547853" lon="128.40418321583">
    
    
    <tag k="ele" v="47.28736598781"/>
    
  
  </node>
  
  
  <node id="202909" version="1" lat="35.64687087513" lon="128.40415032144">
    
    
    <tag k="ele" v="47.32560834254"/>
    
  
  </node>
  
  
  <node id="202913" version="1" lat="35.64671694244" lon="128.40437971101">
    
    
    <tag k="ele" v="47.77328028119"/>
    
  
  </node>
  
  
  <node id="202914" version="1" lat="35.64665019462" lon="128.40444814087">
    
    
    <tag k="ele" v="47.93766961589"/>
    
  
  </node>
  
  
  <node id="202915" version="1" lat="35.64653230149" lon="128.40456022121">
    
    
    <tag k="ele" v="48.22487269523"/>
    
  
  </node>
  
  
  <node id="202917" version="1" lat="35.64667802281" lon="128.40436234853">
    
    
    <tag k="ele" v="47.37790877389"/>
    
  
  </node>
  
  
  <node id="202918" version="1" lat="35.64659728831" lon="128.40444373606">
    
    
    <tag k="ele" v="47.36784917975"/>
    
  
  </node>
  
  
  <node id="202919" version="1" lat="35.64651062014" lon="128.40452486535">
    
    
    <tag k="ele" v="47.41269597483"/>
    
  
  </node>
  
  
  <node id="202924" version="1" lat="35.64642531359" lon="128.40464955125">
    
    
    <tag k="ele" v="48.50906684369"/>
    
  
  </node>
  
  
  <node id="202925" version="1" lat="35.64630159066" lon="128.40473593991">
    
    
    <tag k="ele" v="48.77546137167"/>
    
  
  </node>
  
  
  <node id="202926" version="1" lat="35.64619054692" lon="128.40479735981">
    
    
    <tag k="ele" v="49.04167302854"/>
    
  
  </node>
  
  
  <node id="202927" version="1" lat="35.64609334835" lon="128.40483948816">
    
    
    <tag k="ele" v="49.23634542643"/>
    
  
  </node>
  
  
  <node id="202929" version="1" lat="35.64639234982" lon="128.40462108031">
    
    
    <tag k="ele" v="47.42382872175"/>
    
  
  </node>
  
  
  <node id="202930" version="1" lat="35.64628506862" lon="128.40469498126">
    
    
    <tag k="ele" v="47.47952328633"/>
    
  
  </node>
  
  
  <node id="202931" version="1" lat="35.64617752639" lon="128.40475527344">
    
    
    <tag k="ele" v="47.55012887263"/>
    
  
  </node>
  
  
  <node id="202932" version="1" lat="35.64608223376" lon="128.40479621658">
    
    
    <tag k="ele" v="47.5699564177"/>
    
  
  </node>
  
  
  <node id="202939" version="1" lat="35.64597035202" lon="128.40487549744">
    
    
    <tag k="ele" v="49.4469292689"/>
    
  
  </node>
  
  
  <node id="202940" version="1" lat="35.64591235131" lon="128.40488578779">
    
    
    <tag k="ele" v="49.53667070349"/>
    
  
  </node>
  
  
  <node id="202941" version="1" lat="35.64584460302" lon="128.40489296428">
    
    
    <tag k="ele" v="49.73914700147"/>
    
  
  </node>
  
  
  <node id="202942" version="1" lat="35.64578965054" lon="128.40489445403">
    
    
    <tag k="ele" v="49.74924208033"/>
    
  
  </node>
  
  
  <node id="202943" version="1" lat="35.64570372303" lon="128.4048882662">
    
    
    <tag k="ele" v="49.76217900537"/>
    
  
  </node>
  
  
  <node id="202944" version="1" lat="35.64565330371" lon="128.40487978813">
    
    
    <tag k="ele" v="49.67978678134"/>
    
  
  </node>
  
  
  <node id="202945" version="1" lat="35.64558506147" lon="128.4048623348">
    
    
    <tag k="ele" v="49.70305253603"/>
    
  
  </node>
  
  
  <node id="202947" version="1" lat="35.64596468666" lon="128.40483140531">
    
    
    <tag k="ele" v="47.62805721662"/>
    
  
  </node>
  
  
  <node id="202948" version="1" lat="35.64589237148" lon="128.40484388443">
    
    
    <tag k="ele" v="47.67266484238"/>
    
  
  </node>
  
  
  <node id="202949" version="1" lat="35.64583488011" lon="128.40484849495">
    
    
    <tag k="ele" v="47.68696218077"/>
    
  
  </node>
  
  
  <node id="202950" version="1" lat="35.6457666676" lon="128.40484837385">
    
    
    <tag k="ele" v="47.66360569839"/>
    
  
  </node>
  
  
  <node id="202951" version="1" lat="35.6457085957" lon="128.40484351782">
    
    
    <tag k="ele" v="47.66855511072"/>
    
  
  </node>
  
  
  <node id="202952" version="1" lat="35.6456602631" lon="128.40483586951">
    
    
    <tag k="ele" v="47.66795471041"/>
    
  
  </node>
  
  
  <node id="202953" version="1" lat="35.64559383473" lon="128.4048195675">
    
    
    <tag k="ele" v="47.68223857202"/>
    
  
  </node>
  
  
  <node id="202963" version="1" lat="35.64548727338" lon="128.40482700647">
    
    
    <tag k="ele" v="49.72189051247"/>
    
  
  </node>
  
  
  <node id="202964" version="1" lat="35.64543064936" lon="128.40479907796">
    
    
    <tag k="ele" v="49.72036953471"/>
    
  
  </node>
  
  
  <node id="202965" version="1" lat="35.64536715438" lon="128.40476191224">
    
    
    <tag k="ele" v="49.71122043459"/>
    
  
  </node>
  
  
  <node id="202966" version="1" lat="35.64529461204" lon="128.40470859953">
    
    
    <tag k="ele" v="49.73967562943"/>
    
  
  </node>
  
  
  <node id="202967" version="1" lat="35.64523960165" lon="128.40465999863">
    
    
    <tag k="ele" v="49.71054516905"/>
    
  
  </node>
  
  
  <node id="202968" version="1" lat="35.64519753946" lon="128.40461808542">
    
    
    <tag k="ele" v="49.73016466537"/>
    
  
  </node>
  
  
  <node id="202969" version="1" lat="35.64514326438" lon="128.40455525465">
    
    
    <tag k="ele" v="49.69990124849"/>
    
  
  </node>
  
  
  <node id="202971" version="1" lat="35.64554345914" lon="128.40480282664">
    
    
    <tag k="ele" v="47.65699550732"/>
    
  
  </node>
  
  
  <node id="202972" version="1" lat="35.6454842044" lon="128.40477763055">
    
    
    <tag k="ele" v="47.61859238547"/>
    
  
  </node>
  
  
  <node id="202973" version="1" lat="35.64541553495" lon="128.40474166053">
    
    
    <tag k="ele" v="47.64402716064"/>
    
  
  </node>
  
  
  <node id="202974" version="1" lat="35.64536593474" lon="128.40470976034">
    
    
    <tag k="ele" v="47.66885158841"/>
    
  
  </node>
  
  
  <node id="202975" version="1" lat="35.645315347" lon="128.40467127957">
    
    
    <tag k="ele" v="47.63906283574"/>
    
  
  </node>
  
  
  <node id="202976" version="1" lat="35.64526240269" lon="128.40462481207">
    
    
    <tag k="ele" v="47.64805468149"/>
    
  
  </node>
  
  
  <node id="202977" version="1" lat="35.64520082205" lon="128.40456122251">
    
    
    <tag k="ele" v="47.64512206896"/>
    
  
  </node>
  
  
  <node id="202978" version="1" lat="35.64516952233" lon="128.40452374232">
    
    
    <tag k="ele" v="47.64007190104"/>
    
  
  </node>
  
  
  <node id="202987" version="1" lat="35.64509404637" lon="128.40448882561">
    
    
    <tag k="ele" v="49.75314961742"/>
    
  
  </node>
  
  
  <node id="202988" version="1" lat="35.64506133756" lon="128.40443747106">
    
    
    <tag k="ele" v="49.7610213561"/>
    
  
  </node>
  
  
  <node id="202989" version="1" lat="35.64501526224" lon="128.40435439881">
    
    
    <tag k="ele" v="49.7331001065"/>
    
  
  </node>
  
  
  <node id="202990" version="1" lat="35.64499688697" lon="128.40431458167">
    
    
    <tag k="ele" v="49.75545401368"/>
    
  
  </node>
  
  
  <node id="202991" version="1" lat="35.6449761928" lon="128.40426684938">
    
    
    <tag k="ele" v="49.68850246376"/>
    
  
  </node>
  
  
  <node id="202992" version="1" lat="35.6449446425" lon="128.40417890638">
    
    
    <tag k="ele" v="49.74808344147"/>
    
  
  </node>
  
  
  <node id="202993" version="1" lat="35.64491769714" lon="128.40408057592">
    
    
    <tag k="ele" v="49.71952616401"/>
    
  
  </node>
  
  
  <node id="202994" version="1" lat="35.64490214407" lon="128.40400396753">
    
    
    <tag k="ele" v="50.099"/>
    
  
  </node>
  
  
  <node id="202996" version="1" lat="35.64512285043" lon="128.40446054462">
    
    
    <tag k="ele" v="47.64467486852"/>
    
  
  </node>
  
  
  <node id="202997" version="1" lat="35.64508010451" lon="128.40439243654">
    
    
    <tag k="ele" v="47.67012334368"/>
    
  
  </node>
  
  
  <node id="202998" version="1" lat="35.64501914393" lon="128.40427030502">
    
    
    <tag k="ele" v="47.66106187155"/>
    
  
  </node>
  
  
  <node id="202999" version="1" lat="35.64497220097" lon="128.40414039064">
    
    
    <tag k="ele" v="47.65867754409"/>
    
  
  </node>
  
  
  <node id="203000" version="1" lat="35.64495302939" lon="128.40406957255">
    
    
    <tag k="ele" v="47.66136135274"/>
    
  
  </node>
  
  
  <node id="203001" version="1" lat="35.64493790899" lon="128.4039952983">
    
    
    <tag k="ele" v="47.63470664135"/>
    
  
  </node>
  
  
  <node id="203011" version="1" lat="35.64489325386" lon="128.4039500442">
    
    
    <tag k="ele" v="49.69816501989"/>
    
  
  </node>
  
  
  <node id="203012" version="1" lat="35.64488366489" lon="128.40384634389">
    
    
    <tag k="ele" v="49.66739011769"/>
    
  
  </node>
  
  
  <node id="203013" version="1" lat="35.64488224535" lon="128.40371553521">
    
    
    <tag k="ele" v="49.65221698917"/>
    
  
  </node>
  
  
  <node id="203014" version="1" lat="35.64488855879" lon="128.403630213">
    
    
    <tag k="ele" v="49.65857234998"/>
    
  
  </node>
  
  
  <node id="203015" version="1" lat="35.64490109405" lon="128.4035367684">
    
    
    <tag k="ele" v="49.65995120087"/>
    
  
  </node>
  
  
  <node id="203016" version="1" lat="35.64491596339" lon="128.40346337265">
    
    
    <tag k="ele" v="49.67842171674"/>
    
  
  </node>
  
  
  <node id="203017" version="1" lat="35.64493695586" lon="128.40338325898">
    
    
    <tag k="ele" v="49.69675438556"/>
    
  
  </node>
  
  
  <node id="203019" version="1" lat="35.64492651508" lon="128.40391717663">
    
    
    <tag k="ele" v="47.62853074227"/>
    
  
  </node>
  
  
  <node id="203020" version="1" lat="35.64491908545" lon="128.40382720768">
    
    
    <tag k="ele" v="47.62697686229"/>
    
  
  </node>
  
  
  <node id="203021" version="1" lat="35.64491788384" lon="128.40375752132">
    
    
    <tag k="ele" v="47.62273351033"/>
    
  
  </node>
  
  
  <node id="203022" version="1" lat="35.64492050665" lon="128.40368577878">
    
    
    <tag k="ele" v="47.62919429504"/>
    
  
  </node>
  
  
  <node id="203023" version="1" lat="35.64492742232" lon="128.4036115373">
    
    
    <tag k="ele" v="47.63785037036"/>
    
  
  </node>
  
  
  <node id="203024" version="1" lat="35.64493876765" lon="128.40353617348">
    
    
    <tag k="ele" v="47.63975615941"/>
    
  
  </node>
  
  
  <node id="203025" version="1" lat="35.64495360302" lon="128.40346522203">
    
    
    <tag k="ele" v="47.62901503795"/>
    
  
  </node>
  
  
  <node id="203026" version="1" lat="35.64497120514" lon="128.40339874078">
    
    
    <tag k="ele" v="47.62066327512"/>
    
  
  </node>
  
  
  <node id="203037" version="1" lat="35.64495158837" lon="128.4033360329">
    
    
    <tag k="ele" v="49.6704104109"/>
    
  
  </node>
  
  
  <node id="203038" version="1" lat="35.64498332759" lon="128.40325371837">
    
    
    <tag k="ele" v="49.70494773292"/>
    
  
  </node>
  
  
  <node id="203039" version="1" lat="35.64501361783" lon="128.4031866428">
    
    
    <tag k="ele" v="49.68063976728"/>
    
  
  </node>
  
  
  <node id="203040" version="1" lat="35.64505849507" lon="128.40310437222">
    
    
    <tag k="ele" v="49.73807770597"/>
    
  
  </node>
  
  
  <node id="203041" version="1" lat="35.64510613901" lon="128.40302971905">
    
    
    <tag k="ele" v="49.75426831816"/>
    
  
  </node>
  
  
  <node id="203042" version="1" lat="35.6451377792" lon="128.40298762906">
    
    
    <tag k="ele" v="49.73615088035"/>
    
  
  </node>
  
  
  <node id="203043" version="1" lat="35.64517830382" lon="128.40293884459">
    
    
    <tag k="ele" v="49.74928658235"/>
    
  
  </node>
  
  
  <node id="203044" version="1" lat="35.64523578636" lon="128.40287981881">
    
    
    <tag k="ele" v="49.60899328785"/>
    
  
  </node>
  
  
  <node id="203046" version="1" lat="35.64499472987" lon="128.40332623822">
    
    
    <tag k="ele" v="47.63884792641"/>
    
  
  </node>
  
  
  <node id="203047" version="1" lat="35.64502292583" lon="128.40325585016">
    
    
    <tag k="ele" v="47.6528493891"/>
    
  
  </node>
  
  
  <node id="203048" version="1" lat="35.64508759415" lon="128.40313086788">
    
    
    <tag k="ele" v="47.68028498272"/>
    
  
  </node>
  
  
  <node id="203049" version="1" lat="35.64512094835" lon="128.40307836794">
    
    
    <tag k="ele" v="47.68225383917"/>
    
  
  </node>
  
  
  <node id="203050" version="1" lat="35.64517027357" lon="128.40301133103">
    
    
    <tag k="ele" v="47.69005793319"/>
    
  
  </node>
  
  
  <node id="203051" version="1" lat="35.64521465455" lon="128.4029597809">
    
    
    <tag k="ele" v="47.69921989488"/>
    
  
  </node>
  
  
  <node id="203052" version="1" lat="35.64525856622" lon="128.40291525392">
    
    
    <tag k="ele" v="47.67572703116"/>
    
  
  </node>
  
  
  <node id="203062" version="1" lat="35.64531733837" lon="128.40280938097">
    
    
    <tag k="ele" v="49.46402190043"/>
    
  
  </node>
  
  
  <node id="203063" version="1" lat="35.64542299726" lon="128.40273706788">
    
    
    <tag k="ele" v="49.22062574517"/>
    
  
  </node>
  
  
  <node id="203064" version="1" lat="35.64549659006" lon="128.40269782812">
    
    
    <tag k="ele" v="49.05601563569"/>
    
  
  </node>
  
  
  <node id="203065" version="1" lat="35.6455636021" lon="128.40266730158">
    
    
    <tag k="ele" v="48.91450852912"/>
    
  
  </node>
  
  
  <node id="203066" version="1" lat="35.6456897877" lon="128.40262190993">
    
    
    <tag k="ele" v="48.64724536297"/>
    
  
  </node>
  
  
  <node id="203068" version="1" lat="35.64534385844" lon="128.40284189333">
    
    
    <tag k="ele" v="47.65411859051"/>
    
  
  </node>
  
  
  <node id="203069" version="1" lat="35.64545266252" lon="128.40276922094">
    
    
    <tag k="ele" v="47.59629785845"/>
    
  
  </node>
  
  
  <node id="203070" version="1" lat="35.64556609241" lon="128.40271298558">
    
    
    <tag k="ele" v="47.55877842132"/>
    
  
  </node>
  
  
  <node id="203071" version="1" lat="35.6456984564" lon="128.40266509215">
    
    
    <tag k="ele" v="47.4763346656"/>
    
  
  </node>
  
  
  <node id="203078" version="1" lat="35.64579299692" lon="128.40259475669">
    
    
    <tag k="ele" v="48.43583387783"/>
    
  
  </node>
  
  
  <node id="203079" version="1" lat="35.64589111192" lon="128.40257607413">
    
    
    <tag k="ele" v="48.24316963543"/>
    
  
  </node>
  
  
  <node id="203080" version="1" lat="35.64603585847" lon="128.40255932179">
    
    
    <tag k="ele" v="47.95696257512"/>
    
  
  </node>
  
  
  <node id="203081" version="1" lat="35.64617051607" lon="128.40255038">
    
    
    <tag k="ele" v="47.71882281806"/>
    
  
  </node>
  
  
  <node id="203083" version="1" lat="35.64580794514" lon="128.40263674698">
    
    
    <tag k="ele" v="47.44696735245"/>
    
  
  </node>
  
  
  <node id="203084" version="1" lat="35.64592915958" lon="128.40261522202">
    
    
    <tag k="ele" v="47.41368821114"/>
    
  
  </node>
  
  
  <node id="203085" version="1" lat="35.6460472913" lon="128.40260243931">
    
    
    <tag k="ele" v="47.39833497213"/>
    
  
  </node>
  
  
  <node id="203086" version="1" lat="35.64617195128" lon="128.40259441807">
    
    
    <tag k="ele" v="47.37989612262"/>
    
  
  </node>
  
  
  <node id="203093" version="1" lat="35.64664020328" lon="128.40253841029">
    
    
    <tag k="ele" v="47.2714850761"/>
    
  
  </node>
  
  
  <node id="203095" version="1" lat="35.64664090273" lon="128.4025825536">
    
    
    <tag k="ele" v="47.31035784344"/>
    
  
  </node>
  
  
  <node id="203099" version="1" lat="35.64710831701" lon="128.40252841328">
    
    
    <tag k="ele" v="47.1753659907"/>
    
  
  </node>
  
  
  <node id="203101" version="1" lat="35.64710896041" lon="128.40257229799">
    
    
    <tag k="ele" v="47.24434590795"/>
    
  
  </node>
  
  
  <node id="203105" version="1" lat="35.64735188235" lon="128.40251871459">
    
    
    <tag k="ele" v="47.24609874661"/>
    
  
  </node>
  
  
  <node id="203106" version="1" lat="35.64742616692" lon="128.40250945164">
    
    
    <tag k="ele" v="47.24717750796"/>
    
  
  </node>
  
  
  <node id="203108" version="1" lat="35.64734368663" lon="128.40256388815">
    
    
    <tag k="ele" v="47.29909921358"/>
    
  
  </node>
  
  
  <node id="203109" version="1" lat="35.647469894" lon="128.40254658554">
    
    
    <tag k="ele" v="47.30544167316"/>
    
  
  </node>
  
  
  <node id="203114" version="1" lat="35.64753968609" lon="128.40334692807">
    
    
    <tag k="ele" v="47.35738353136"/>
    
  
  </node>
  
  
  <node id="203118" version="1" lat="35.64719439612" lon="128.40373405876">
    
    
    <tag k="ele" v="47.36403021495"/>
    
  
  </node>
  
  
  <node id="203122" version="1" lat="35.64684920472" lon="128.4041213312">
    
    
    <tag k="ele" v="47.34446617273"/>
    
  
  </node>
  
  
  <node id="203126" version="1" lat="35.64663923049" lon="128.40435064035">
    
    
    <tag k="ele" v="47.29900000326"/>
    
  
  </node>
  
  
  <node id="203127" version="1" lat="35.64656092928" lon="128.40442897742">
    
    
    <tag k="ele" v="47.2986404955"/>
    
  
  </node>
  
  
  <node id="203128" version="1" lat="35.64649139912" lon="128.40449300347">
    
    
    <tag k="ele" v="47.28714192686"/>
    
  
  </node>
  
  
  <node id="203133" version="1" lat="35.64638286327" lon="128.40458173797">
    
    
    <tag k="ele" v="47.2693330634"/>
    
  
  </node>
  
  
  <node id="203134" version="1" lat="35.6462805188" lon="128.40465315377">
    
    
    <tag k="ele" v="47.27877230594"/>
    
  
  </node>
  
  
  <node id="203135" version="1" lat="35.64616535801" lon="128.40471901766">
    
    
    <tag k="ele" v="47.30891280584"/>
    
  
  </node>
  
  
  <node id="203136" version="1" lat="35.64607280008" lon="128.40475848062">
    
    
    <tag k="ele" v="47.30649725374"/>
    
  
  </node>
  
  
  <node id="203143" version="1" lat="35.6460000285" lon="128.40478170521">
    
    
    <tag k="ele" v="47.32664859119"/>
    
  
  </node>
  
  
  <node id="203144" version="1" lat="35.64593801783" lon="128.40479603469">
    
    
    <tag k="ele" v="47.32513225447"/>
    
  
  </node>
  
  
  <node id="203145" version="1" lat="35.64588997727" lon="128.40480408155">
    
    
    <tag k="ele" v="47.32775708088"/>
    
  
  </node>
  
  
  <node id="203146" version="1" lat="35.6458308367" lon="128.40480902393">
    
    
    <tag k="ele" v="47.32816627677"/>
    
  
  </node>
  
  
  <node id="203147" version="1" lat="35.64576994558" lon="128.40480892298">
    
    
    <tag k="ele" v="47.322786464"/>
    
  
  </node>
  
  
  <node id="203148" version="1" lat="35.6457108259" lon="128.40480430304">
    
    
    <tag k="ele" v="47.32692968359"/>
    
  
  </node>
  
  
  <node id="203149" version="1" lat="35.64565817997" lon="128.40479588222">
    
    
    <tag k="ele" v="47.32340064185"/>
    
  
  </node>
  
  
  <node id="203150" version="1" lat="35.64560153941" lon="128.40478172437">
    
    
    <tag k="ele" v="47.32966660262"/>
    
  
  </node>
  
  
  <node id="203160" version="1" lat="35.64554719527" lon="128.40476294699">
    
    
    <tag k="ele" v="47.31841478026"/>
    
  
  </node>
  
  
  <node id="203161" version="1" lat="35.64549359297" lon="128.40473929222">
    
    
    <tag k="ele" v="47.30826170129"/>
    
  
  </node>
  
  
  <node id="203162" version="1" lat="35.64544407795" lon="128.40471424035">
    
    
    <tag k="ele" v="47.28912430029"/>
    
  
  </node>
  
  
  <node id="203163" version="1" lat="35.64539474919" lon="128.4046838216">
    
    
    <tag k="ele" v="47.28881538565"/>
    
  
  </node>
  
  
  <node id="203164" version="1" lat="35.64533344186" lon="128.40463823623">
    
    
    <tag k="ele" v="47.28781887165"/>
    
  
  </node>
  
  
  <node id="203165" version="1" lat="35.64528082284" lon="128.4045921278">
    
    
    <tag k="ele" v="47.28279826512"/>
    
  
  </node>
  
  
  <node id="203166" version="1" lat="35.64522892779" lon="128.40453882143">
    
    
    <tag k="ele" v="47.28894577078"/>
    
  
  </node>
  
  
  <node id="203167" version="1" lat="35.64519266836" lon="128.40449612522">
    
    
    <tag k="ele" v="47.29068724587"/>
    
  
  </node>
  
  
  <node id="203178" version="1" lat="35.64515221102" lon="128.40444149636">
    
    
    <tag k="ele" v="47.29742039796"/>
    
  
  </node>
  
  
  <node id="203179" version="1" lat="35.64511796863" lon="128.40438858436">
    
    
    <tag k="ele" v="47.31893607577"/>
    
  
  </node>
  
  
  <node id="203180" version="1" lat="35.64508609894" lon="128.40433243006">
    
    
    <tag k="ele" v="47.29866885047"/>
    
  
  </node>
  
  
  <node id="203181" version="1" lat="35.64505280869" lon="128.40426315217">
    
    
    <tag k="ele" v="47.31967089153"/>
    
  
  </node>
  
  
  <node id="203182" version="1" lat="35.6450059492" lon="128.4041387357">
    
    
    <tag k="ele" v="47.31262321823"/>
    
  
  </node>
  
  
  <node id="203183" version="1" lat="35.64498564742" lon="128.40406435204">
    
    
    <tag k="ele" v="47.30758760002"/>
    
  
  </node>
  
  
  <node id="203184" version="1" lat="35.64496926602" lon="128.40398730922">
    
    
    <tag k="ele" v="47.30211093857"/>
    
  
  </node>
  
  
  <node id="203193" version="1" lat="35.64495849278" lon="128.40391105657">
    
    
    <tag k="ele" v="47.27280130418"/>
    
  
  </node>
  
  
  <node id="203194" version="1" lat="35.64495249734" lon="128.40384383746">
    
    
    <tag k="ele" v="47.25175839849"/>
    
  
  </node>
  
  
  <node id="203195" version="1" lat="35.64494999584" lon="128.40376563111">
    
    
    <tag k="ele" v="47.25710380076"/>
    
  
  </node>
  
  
  <node id="203196" version="1" lat="35.64495171644" lon="128.40369872081">
    
    
    <tag k="ele" v="47.2807646445"/>
    
  
  </node>
  
  
  <node id="203197" version="1" lat="35.64495921169" lon="128.40361560646">
    
    
    <tag k="ele" v="47.29982683154"/>
    
  
  </node>
  
  
  <node id="203198" version="1" lat="35.64496975333" lon="128.40354672302">
    
    
    <tag k="ele" v="47.29303494462"/>
    
  
  </node>
  
  
  <node id="203199" version="1" lat="35.64500130825" lon="128.40341209547">
    
    
    <tag k="ele" v="47.30005182004"/>
    
  
  </node>
  
  
  <node id="203209" version="1" lat="35.6450196133" lon="128.40335568429">
    
    
    <tag k="ele" v="47.27354888963"/>
    
  
  </node>
  
  
  <node id="203210" version="1" lat="35.64504847176" lon="128.40328221511">
    
    
    <tag k="ele" v="47.28958494876"/>
    
  
  </node>
  
  
  <node id="203211" version="1" lat="35.6450781108" lon="128.40321898896">
    
    
    <tag k="ele" v="47.30100838737"/>
    
  
  </node>
  
  
  <node id="203212" version="1" lat="35.64511028918" lon="128.40316104167">
    
    
    <tag k="ele" v="47.30865220026"/>
    
  
  </node>
  
  
  <node id="203213" version="1" lat="35.64514675568" lon="128.40310272082">
    
    
    <tag k="ele" v="47.33361788378"/>
    
  
  </node>
  
  
  <node id="203214" version="1" lat="35.64518334928" lon="128.40305191758">
    
    
    <tag k="ele" v="47.33201794253"/>
    
  
  </node>
  
  
  <node id="203215" version="1" lat="35.64523752694" lon="128.40298764562">
    
    
    <tag k="ele" v="47.34918642071"/>
    
  
  </node>
  
  
  <node id="203216" version="1" lat="35.64527828752" lon="128.40294601804">
    
    
    <tag k="ele" v="47.33536165663"/>
    
  
  </node>
  
  
  <node id="203226" version="1" lat="35.64537367961" lon="128.40286617655">
    
    
    <tag k="ele" v="47.32197192006"/>
    
  
  </node>
  
  
  <node id="203227" version="1" lat="35.64547467734" lon="128.40280095806">
    
    
    <tag k="ele" v="47.31776618733"/>
    
  
  </node>
  
  
  <node id="203228" version="1" lat="35.64558989606" lon="128.40274464922">
    
    
    <tag k="ele" v="47.30888862779"/>
    
  
  </node>
  
  
  <node id="203229" version="1" lat="35.64570637178" lon="128.40270442775">
    
    
    <tag k="ele" v="47.29794093783"/>
    
  
  </node>
  
  
  <node id="203236" version="1" lat="35.64582084538" lon="128.40267512311">
    
    
    <tag k="ele" v="47.29099895952"/>
    
  
  </node>
  
  
  <node id="203237" version="1" lat="35.64590650638" lon="128.40265911149">
    
    
    <tag k="ele" v="47.29774117594"/>
    
  
  </node>
  
  
  <node id="203238" version="1" lat="35.64603832239" lon="128.40264279511">
    
    
    <tag k="ele" v="47.32019877137"/>
    
  
  </node>
  
  
  <node id="203239" version="1" lat="35.64617313192" lon="128.40263417482">
    
    
    <tag k="ele" v="47.30754653913"/>
    
  
  </node>
  
  
  <node id="203246" version="1" lat="35.64664150209" lon="128.40262239389">
    
    
    <tag k="ele" v="47.35951830597"/>
    
  
  </node>
  
  
  <node id="203250" version="1" lat="35.64710950328" lon="128.40261220039">
    
    
    <tag k="ele" v="47.25945483472"/>
    
  
  </node>
  
  
  <node id="203254" version="1" lat="35.64735123839" lon="128.40260209147">
    
    
    <tag k="ele" v="47.33333099499"/>
    
  
  </node>
  
  
  <node id="203255" version="1" lat="35.64745622978" lon="128.40258952445">
    
    
    <tag k="ele" v="47.34071537713"/>
    
  
  </node>
  
  
  <node id="203260" version="1" lat="35.6475179206" lon="128.40331779825">
    
    
    <tag k="ele" v="47.42193971066"/>
    
  
  </node>
  
  
  <node id="203264" version="1" lat="35.64717255094" lon="128.40370483858">
    
    
    <tag k="ele" v="47.41840923995"/>
    
  
  </node>
  
  
  <node id="203268" version="1" lat="35.64682740373" lon="128.40409221724">
    
    
    <tag k="ele" v="47.36375929198"/>
    
  
  </node>
  
  
  <node id="203272" version="1" lat="35.64663095068" lon="128.40430743163">
    
    
    <tag k="ele" v="47.29642094832"/>
    
  
  </node>
  
  
  <node id="203273" version="1" lat="35.64653976968" lon="128.40439920639">
    
    
    <tag k="ele" v="47.27136889248"/>
    
  
  </node>
  
  
  <node id="203274" version="1" lat="35.64647196352" lon="128.40446132933">
    
    
    <tag k="ele" v="47.26447001774"/>
    
  
  </node>
  
  
  <node id="203280" version="1" lat="35.64636467839" lon="128.404549527">
    
    
    <tag k="ele" v="47.25303126975"/>
    
  
  </node>
  
  
  <node id="203281" version="1" lat="35.64626893344" lon="128.40461659636">
    
    
    <tag k="ele" v="47.25191175349"/>
    
  
  </node>
  
  
  <node id="203282" version="1" lat="35.6461556028" lon="128.40468149682">
    
    
    <tag k="ele" v="47.26746779352"/>
    
  
  </node>
  
  
  <node id="203283" version="1" lat="35.64606325507" lon="128.40472111934">
    
    
    <tag k="ele" v="47.27598088673"/>
    
  
  </node>
  
  
  <node id="203290" version="1" lat="35.64599997384" lon="128.40474169861">
    
    
    <tag k="ele" v="47.28900001175"/>
    
  
  </node>
  
  
  <node id="203291" version="1" lat="35.64593421192" lon="128.40475744313">
    
    
    <tag k="ele" v="47.28584648428"/>
    
  
  </node>
  
  
  <node id="203292" version="1" lat="35.64582959535" lon="128.40477004061">
    
    
    <tag k="ele" v="47.30580068059"/>
    
  
  </node>
  
  
  <node id="203293" version="1" lat="35.64577142519" lon="128.40477018751">
    
    
    <tag k="ele" v="47.26754188131"/>
    
  
  </node>
  
  
  <node id="203294" version="1" lat="35.64572191055" lon="128.40476614635">
    
    
    <tag k="ele" v="47.27899999501"/>
    
  
  </node>
  
  
  <node id="203295" version="1" lat="35.64560956472" lon="128.40474306365">
    
    
    <tag k="ele" v="47.28434809674"/>
    
  
  </node>
  
  
  <node id="203303" version="1" lat="35.64555535209" lon="128.40472445975">
    
    
    <tag k="ele" v="47.26973438351"/>
    
  
  </node>
  
  
  <node id="203304" version="1" lat="35.64550113901" lon="128.40470098471">
    
    
    <tag k="ele" v="47.27312975488"/>
    
  
  </node>
  
  
  <node id="203305" version="1" lat="35.64540473573" lon="128.40464499228">
    
    
    <tag k="ele" v="47.24596621116"/>
    
  
  </node>
  
  
  <node id="203306" version="1" lat="35.64534583832" lon="128.40460111833">
    
    
    <tag k="ele" v="47.25542843286"/>
    
  
  </node>
  
  
  <node id="203307" version="1" lat="35.64530055887" lon="128.40456158813">
    
    
    <tag k="ele" v="47.25742246419"/>
    
  
  </node>
  
  
  <node id="203308" version="1" lat="35.64524926269" lon="128.40450889321">
    
    
    <tag k="ele" v="47.26343250186"/>
    
  
  </node>
  
  
  <node id="203309" version="1" lat="35.64521565609" lon="128.4044687337">
    
    
    <tag k="ele" v="47.27179789873"/>
    
  
  </node>
  
  
  <node id="203319" version="1" lat="35.64517431693" lon="128.40441286446">
    
    
    <tag k="ele" v="47.25485387343"/>
    
  
  </node>
  
  
  <node id="203320" version="1" lat="35.64514252456" lon="128.4043630517">
    
    
    <tag k="ele" v="47.28304432584"/>
    
  
  </node>
  
  
  <node id="203321" version="1" lat="35.6451134682" lon="128.40431213267">
    
    
    <tag k="ele" v="47.25249653624"/>
    
  
  </node>
  
  
  <node id="203322" version="1" lat="35.64508166411" lon="128.40424636239">
    
    
    <tag k="ele" v="47.27383022234"/>
    
  
  </node>
  
  
  <node id="203323" version="1" lat="35.6450567404" lon="128.40418494032">
    
    
    <tag k="ele" v="47.25910346086"/>
    
  
  </node>
  
  
  <node id="203324" version="1" lat="35.64503282264" lon="128.40411371237">
    
    
    <tag k="ele" v="47.26918618576"/>
    
  
  </node>
  
  
  <node id="203325" version="1" lat="35.64501395879" lon="128.40404304274">
    
    
    <tag k="ele" v="47.27059100502"/>
    
  
  </node>
  
  
  <node id="203326" version="1" lat="35.64500117802" lon="128.40397973634">
    
    
    <tag k="ele" v="47.25090966979"/>
    
  
  </node>
  
  
  <node id="203336" version="1" lat="35.64499108517" lon="128.40391018567">
    
    
    <tag k="ele" v="47.22580424932"/>
    
  
  </node>
  
  
  <node id="203337" version="1" lat="35.64498471561" lon="128.40383841226">
    
    
    <tag k="ele" v="47.22219758441"/>
    
  
  </node>
  
  
  <node id="203338" version="1" lat="35.64498375474" lon="128.40371166351">
    
    
    <tag k="ele" v="47.2521818527"/>
    
  
  </node>
  
  
  <node id="203339" version="1" lat="35.64498923749" lon="128.40364088833">
    
    
    <tag k="ele" v="47.27054637278"/>
    
  
  </node>
  
  
  <node id="203340" version="1" lat="35.64500034637" lon="128.40355943495">
    
    
    <tag k="ele" v="47.26563894854"/>
    
  
  </node>
  
  
  <node id="203341" version="1" lat="35.64501223353" lon="128.40349952436">
    
    
    <tag k="ele" v="47.25753561033"/>
    
  
  </node>
  
  
  <node id="203342" version="1" lat="35.64503153113" lon="128.40342612833">
    
    
    <tag k="ele" v="47.25900000745"/>
    
  
  </node>
  
  
  <node id="203351" version="1" lat="35.64505630122" lon="128.40335176059">
    
    
    <tag k="ele" v="47.26639373745"/>
    
  
  </node>
  
  
  <node id="203352" version="1" lat="35.64507668662" lon="128.40330136349">
    
    
    <tag k="ele" v="47.26240802049"/>
    
  
  </node>
  
  
  <node id="203353" version="1" lat="35.64510365594" lon="128.40324339673">
    
    
    <tag k="ele" v="47.28899999834"/>
    
  
  </node>
  
  
  <node id="203354" version="1" lat="35.64513633836" lon="128.40318323919">
    
    
    <tag k="ele" v="47.26588981849"/>
    
  
  </node>
  
  
  <node id="203355" version="1" lat="35.64517713069" lon="128.40311938586">
    
    
    <tag k="ele" v="47.29457556841"/>
    
  
  </node>
  
  
  <node id="203356" version="1" lat="35.64520845772" lon="128.40307661255">
    
    
    <tag k="ele" v="47.29466675283"/>
    
  
  </node>
  
  
  <node id="203357" version="1" lat="35.64524640125" lon="128.40303087627">
    
    
    <tag k="ele" v="47.31408961052"/>
    
  
  </node>
  
  
  <node id="203358" version="1" lat="35.6452983415" lon="128.40297735992">
    
    
    <tag k="ele" v="47.31873873111"/>
    
  
  </node>
  
  
  <node id="203368" version="1" lat="35.64539173793" lon="128.40289862299">
    
    
    <tag k="ele" v="47.30370141151"/>
    
  
  </node>
  
  
  <node id="203369" version="1" lat="35.64547767396" lon="128.40284250396">
    
    
    <tag k="ele" v="47.29873201659"/>
    
  
  </node>
  
  
  <node id="203370" version="1" lat="35.64558866473" lon="128.40278695765">
    
    
    <tag k="ele" v="47.28781779041"/>
    
  
  </node>
  
  
  <node id="203371" version="1" lat="35.64571398082" lon="128.40274213531">
    
    
    <tag k="ele" v="47.27296573908"/>
    
  
  </node>
  
  
  <node id="203378" version="1" lat="35.64580877724" lon="128.40271705501">
    
    
    <tag k="ele" v="47.26451612345"/>
    
  
  </node>
  
  
  <node id="203379" version="1" lat="35.64592968492" lon="128.40269495362">
    
    
    <tag k="ele" v="47.282858593"/>
    
  
  </node>
  
  
  <node id="203380" version="1" lat="35.6460611691" lon="128.40268039052">
    
    
    <tag k="ele" v="47.30009624811"/>
    
  
  </node>
  
  
  <node id="203381" version="1" lat="35.64617443965" lon="128.40267344614">
    
    
    <tag k="ele" v="47.29140203421"/>
    
  
  </node>
  
  
  <node id="203388" version="1" lat="35.64664213128" lon="128.40266169496">
    
    
    <tag k="ele" v="47.36969303002"/>
    
  
  </node>
  
  
  <node id="203392" version="1" lat="35.64711012372" lon="128.40265098128">
    
    
    <tag k="ele" v="47.31484188349"/>
    
  
  </node>
  
  
  <node id="203396" version="1" lat="35.64734638395" lon="128.40264160711">
    
    
    <tag k="ele" v="47.37637129391"/>
    
  
  </node>
  
  
  <node id="203397" version="1" lat="35.64748446195" lon="128.40262429489">
    
    
    <tag k="ele" v="47.38307078152"/>
    
  
  </node>
  
  
  <node id="203402" version="1" lat="35.64948131822" lon="128.40085894302">
    
    
    <tag k="ele" v="47.25081302916"/>
    
  
  </node>
  
  
  <node id="203404" version="1" lat="35.64949948244" lon="128.40088119639">
    
    
    <tag k="ele" v="47.2843573268"/>
    
  
  </node>
  
  
  <node id="203408" version="1" lat="35.64987106981" lon="128.40040462079">
    
    
    <tag k="ele" v="47.25571116353"/>
    
  
  </node>
  
  
  <node id="203410" version="1" lat="35.64989533916" lon="128.40043696186">
    
    
    <tag k="ele" v="47.28507673713"/>
    
  
  </node>
  
  
  <node id="203414" version="1" lat="35.6495238691" lon="128.40091382451">
    
    
    <tag k="ele" v="47.32176764518"/>
    
  
  </node>
  
  
  <node id="203418" version="1" lat="35.6499193566" lon="128.4004700142">
    
    
    <tag k="ele" v="47.34967404998"/>
    
  
  </node>
  
  
  <node id="203422" version="1" lat="35.64954640813" lon="128.40094237893">
    
    
    <tag k="ele" v="47.37206549119"/>
    
  
  </node>
  
  
  <node id="203426" version="1" lat="35.64994079398" lon="128.400499672">
    
    
    <tag k="ele" v="47.36873190505"/>
    
  
  </node>
  
  
  <node id="203430" version="1" lat="35.64956864284" lon="128.40097061369">
    
    
    <tag k="ele" v="47.39621851368"/>
    
  
  </node>
  
  
  <node id="203434" version="1" lat="35.64996193438" lon="128.40052881162">
    
    
    <tag k="ele" v="47.40856471796"/>
    
  
  </node>
  
  
  <node id="203438" version="1" lat="35.65021678245" lon="128.40001612054">
    
    
    <tag k="ele" v="47.23208629864"/>
    
  
  </node>
  
  
  <node id="203440" version="1" lat="35.65024121578" lon="128.4000487489">
    
    
    <tag k="ele" v="47.27713611875"/>
    
  
  </node>
  
  
  <node id="203444" version="1" lat="35.65056274031" lon="128.3996279555">
    
    
    <tag k="ele" v="47.22105315582"/>
    
  
  </node>
  
  
  <node id="203446" version="1" lat="35.65058704142" lon="128.39966045697">
    
    
    <tag k="ele" v="47.27199388189"/>
    
  
  </node>
  
  
  <node id="203450" version="1" lat="35.65090874305" lon="128.39923986">
    
    
    <tag k="ele" v="47.22712484765"/>
    
  
  </node>
  
  
  <node id="203452" version="1" lat="35.65093299405" lon="128.39927232169">
    
    
    <tag k="ele" v="47.26438718401"/>
    
  
  </node>
  
  
  <node id="203456" version="1" lat="35.65125456048" lon="128.39885154083">
    
    
    <tag k="ele" v="47.20718290658"/>
    
  
  </node>
  
  
  <node id="203458" version="1" lat="35.65127901101" lon="128.39888424497">
    
    
    <tag k="ele" v="47.23786401942"/>
    
  
  </node>
  
  
  <node id="203462" version="1" lat="35.6516005911" lon="128.39846347612">
    
    
    <tag k="ele" v="47.1737827836"/>
    
  
  </node>
  
  
  <node id="203464" version="1" lat="35.65162490837" lon="128.3984960358">
    
    
    <tag k="ele" v="47.19744246392"/>
    
  
  </node>
  
  
  <node id="203468" version="1" lat="35.65194634999" lon="128.39807507013">
    
    
    <tag k="ele" v="47.18153278166"/>
    
  
  </node>
  
  
  <node id="203470" version="1" lat="35.6519707954" lon="128.39810778747">
    
    
    <tag k="ele" v="47.21004763259"/>
    
  
  </node>
  
  
  <node id="203474" version="1" lat="35.65229222522" lon="128.39768682458">
    
    
    <tag k="ele" v="47.22796167602"/>
    
  
  </node>
  
  
  <node id="203476" version="1" lat="35.6523167649" lon="128.39771964138">
    
    
    <tag k="ele" v="47.26835008999"/>
    
  
  </node>
  
  
  <node id="203480" version="1" lat="35.65263790908" lon="128.39729829493">
    
    
    <tag k="ele" v="47.25185661347"/>
    
  
  </node>
  
  
  <node id="203482" version="1" lat="35.65266262034" lon="128.39733136775">
    
    
    <tag k="ele" v="47.27008999355"/>
    
  
  </node>
  
  
  <node id="203486" version="1" lat="35.65026552623" lon="128.40008124083">
    
    
    <tag k="ele" v="47.31888401353"/>
    
  
  </node>
  
  
  <node id="203490" version="1" lat="35.65061152132" lon="128.39969321249">
    
    
    <tag k="ele" v="47.32680899175"/>
    
  
  </node>
  
  
  <node id="203494" version="1" lat="35.65095752088" lon="128.39930513776">
    
    
    <tag k="ele" v="47.3252775757"/>
    
  
  </node>
  
  
  <node id="203498" version="1" lat="35.651303323" lon="128.39891676586">
    
    
    <tag k="ele" v="47.30597013032"/>
    
  
  </node>
  
  
  <node id="203502" version="1" lat="35.65164931149" lon="128.39852867221">
    
    
    <tag k="ele" v="47.24923229965"/>
    
  
  </node>
  
  
  <node id="203506" version="1" lat="35.6519951369" lon="128.39814036542">
    
    
    <tag k="ele" v="47.26274390485"/>
    
  
  </node>
  
  
  <node id="203510" version="1" lat="35.65234109725" lon="128.39775217042">
    
    
    <tag k="ele" v="47.32003711153"/>
    
  
  </node>
  
  
  <node id="203514" version="1" lat="35.65268694827" lon="128.39736450462">
    
    
    <tag k="ele" v="47.31810135997"/>
    
  
  </node>
  
  
  <node id="203518" version="1" lat="35.65028743326" lon="128.40011048759">
    
    
    <tag k="ele" v="47.37295472441"/>
    
  
  </node>
  
  
  <node id="203522" version="1" lat="35.65063343726" lon="128.3997225229">
    
    
    <tag k="ele" v="47.36950146933"/>
    
  
  </node>
  
  
  <node id="203526" version="1" lat="35.6509793973" lon="128.39933442747">
    
    
    <tag k="ele" v="47.37052655267"/>
    
  
  </node>
  
  
  <node id="203530" version="1" lat="35.65132530279" lon="128.39894616661">
    
    
    <tag k="ele" v="47.3492673191"/>
    
  
  </node>
  
  
  <node id="203534" version="1" lat="35.65167114994" lon="128.39855792853">
    
    
    <tag k="ele" v="47.2928133521"/>
    
  
  </node>
  
  
  <node id="203538" version="1" lat="35.6520170938" lon="128.39816974161">
    
    
    <tag k="ele" v="47.31135776006"/>
    
  
  </node>
  
  
  <node id="203542" version="1" lat="35.65236296651" lon="128.39778143362">
    
    
    <tag k="ele" v="47.33678681472"/>
    
  
  </node>
  
  
  <node id="203546" version="1" lat="35.6527084994" lon="128.39739381214">
    
    
    <tag k="ele" v="47.35938590619"/>
    
  
  </node>
  
  
  <node id="203550" version="1" lat="35.65030902254" lon="128.40013930585">
    
    
    <tag k="ele" v="47.41753288086"/>
    
  
  </node>
  
  
  <node id="203554" version="1" lat="35.65065483841" lon="128.39975112907">
    
    
    <tag k="ele" v="47.41031336346"/>
    
  
  </node>
  
  
  <node id="203558" version="1" lat="35.6510007901" lon="128.3993630736">
    
    
    <tag k="ele" v="47.409327172"/>
    
  
  </node>
  
  
  <node id="203562" version="1" lat="35.65134676469" lon="128.39897484984">
    
    
    <tag k="ele" v="47.37822993409"/>
    
  
  </node>
  
  
  <node id="203566" version="1" lat="35.65169258368" lon="128.3985866166">
    
    
    <tag k="ele" v="47.32346698183"/>
    
  
  </node>
  
  
  <node id="203570" version="1" lat="35.65203849028" lon="128.39819837945">
    
    
    <tag k="ele" v="47.342419508"/>
    
  
  </node>
  
  
  <node id="203574" version="1" lat="35.65238453195" lon="128.39781027803">
    
    
    <tag k="ele" v="47.37767984156"/>
    
  
  </node>
  
  
  <node id="203578" version="1" lat="35.65272995414" lon="128.39742280314">
    
    
    <tag k="ele" v="47.38160470516"/>
    
  
  </node>
  
  
  <node id="203582" version="1" lat="35.65483169114" lon="128.39474267447">
    
    
    <tag k="ele" v="47.31893035027"/>
    
  
  </node>
  
  
  <node id="203583" version="1" lat="35.65486510407" lon="128.39463904905">
    
    
    <tag k="ele" v="47.39906288106"/>
    
  
  </node>
  
  
  <node id="203584" version="1" lat="35.65488529615" lon="128.39455947707">
    
    
    <tag k="ele" v="47.35893033379"/>
    
  
  </node>
  
  
  <node id="203585" version="1" lat="35.65489870577" lon="128.39449180387">
    
    
    <tag k="ele" v="47.42111226123"/>
    
  
  </node>
  
  
  <node id="203586" version="1" lat="35.65491061806" lon="128.39441018683">
    
    
    <tag k="ele" v="47.4189407127"/>
    
  
  </node>
  
  
  <node id="203587" version="1" lat="35.65491881699" lon="128.39432344209">
    
    
    <tag k="ele" v="47.41902247861"/>
    
  
  </node>
  
  
  <node id="203588" version="1" lat="35.65492304703" lon="128.3942263286">
    
    
    <tag k="ele" v="47.40911179217"/>
    
  
  </node>
  
  
  <node id="203589" version="1" lat="35.65492224422" lon="128.39414352424">
    
    
    <tag k="ele" v="47.40236485683"/>
    
  
  </node>
  
  
  <node id="203591" version="1" lat="35.65486516645" lon="128.39475994958">
    
    
    <tag k="ele" v="47.346717097"/>
    
  
  </node>
  
  
  <node id="203592" version="1" lat="35.65489486716" lon="128.39466733024">
    
    
    <tag k="ele" v="47.41961047188"/>
    
  
  </node>
  
  
  <node id="203593" version="1" lat="35.65491411562" lon="128.39459115187">
    
    
    <tag k="ele" v="47.44703073501"/>
    
  
  </node>
  
  
  <node id="203594" version="1" lat="35.65493258439" lon="128.39450042466">
    
    
    <tag k="ele" v="47.44855727366"/>
    
  
  </node>
  
  
  <node id="203595" version="1" lat="35.65494538147" lon="128.39441603629">
    
    
    <tag k="ele" v="47.44113341058"/>
    
  
  </node>
  
  
  <node id="203596" version="1" lat="35.65495472471" lon="128.39431580216">
    
    
    <tag k="ele" v="47.44240950193"/>
    
  
  </node>
  
  
  <node id="203597" version="1" lat="35.65495893344" lon="128.39421589381">
    
    
    <tag k="ele" v="47.42791875071"/>
    
  
  </node>
  
  
  <node id="203598" version="1" lat="35.65495803586" lon="128.39414143914">
    
    
    <tag k="ele" v="47.43451829987"/>
    
  
  </node>
  
  
  <node id="203609" version="1" lat="35.65491066677" lon="128.39401660218">
    
    
    <tag k="ele" v="47.39983752464"/>
    
  
  </node>
  
  
  <node id="203610" version="1" lat="35.65483301304" lon="128.3934571663">
    
    
    <tag k="ele" v="47.4278928175"/>
    
  
  </node>
  
  
  <node id="203612" version="1" lat="35.65494142912" lon="128.39397540436">
    
    
    <tag k="ele" v="47.44115336245"/>
    
  
  </node>
  
  
  <node id="203613" version="1" lat="35.6548681336" lon="128.39345005484">
    
    
    <tag k="ele" v="47.38082652987"/>
    
  
  </node>
  
  
  <node id="203618" version="1" lat="35.65490185889" lon="128.39475630308">
    
    
    <tag k="ele" v="47.38487807765"/>
    
  
  </node>
  
  
  <node id="203619" version="1" lat="35.65491952724" lon="128.39470142671">
    
    
    <tag k="ele" v="47.42291885011"/>
    
  
  </node>
  
  
  <node id="203620" version="1" lat="35.65494664228" lon="128.39459884927">
    
    
    <tag k="ele" v="47.47417685288"/>
    
  
  </node>
  
  
  <node id="203621" version="1" lat="35.65496493338" lon="128.3945099672">
    
    
    <tag k="ele" v="47.46279624468"/>
    
  
  </node>
  
  
  <node id="203622" version="1" lat="35.65497885185" lon="128.39441635582">
    
    
    <tag k="ele" v="47.47609810015"/>
    
  
  </node>
  
  
  <node id="203623" version="1" lat="35.65498838743" lon="128.3943025283">
    
    
    <tag k="ele" v="47.47113341541"/>
    
  
  </node>
  
  
  <node id="203624" version="1" lat="35.65499081971" lon="128.39421493369">
    
    
    <tag k="ele" v="47.43564645231"/>
    
  
  </node>
  
  
  <node id="203625" version="1" lat="35.65498894838" lon="128.39413935902">
    
    
    <tag k="ele" v="47.47328162668"/>
    
  
  </node>
  
  
  <node id="203636" version="1" lat="35.65497283109" lon="128.39396852367">
    
    
    <tag k="ele" v="47.478256721"/>
    
  
  </node>
  
  
  <node id="203637" version="1" lat="35.654900755" lon="128.39344362371">
    
    
    <tag k="ele" v="47.41396298549"/>
    
  
  </node>
  
  
  <node id="203642" version="1" lat="35.65492885749" lon="128.39478456949">
    
    
    <tag k="ele" v="47.42664530814"/>
    
  
  </node>
  
  
  <node id="203643" version="1" lat="35.65495673418" lon="128.39468959096">
    
    
    <tag k="ele" v="47.48208929501"/>
    
  
  </node>
  
  
  <node id="203644" version="1" lat="35.65497998638" lon="128.39459838302">
    
    
    <tag k="ele" v="47.48878625659"/>
    
  
  </node>
  
  
  <node id="203645" version="1" lat="35.65499953724" lon="128.39450346926">
    
    
    <tag k="ele" v="47.50291663004"/>
    
  
  </node>
  
  
  <node id="203646" version="1" lat="35.65501446361" lon="128.39439587212">
    
    
    <tag k="ele" v="47.4735710738"/>
    
  
  </node>
  
  
  <node id="203647" version="1" lat="35.65502083026" lon="128.39431434421">
    
    
    <tag k="ele" v="47.49744103573"/>
    
  
  </node>
  
  
  <node id="203648" version="1" lat="35.65502323839" lon="128.39423169626">
    
    
    <tag k="ele" v="47.50254302554"/>
    
  
  </node>
  
  
  <node id="203649" version="1" lat="35.65502126538" lon="128.39413748144">
    
    
    <tag k="ele" v="47.51002714321"/>
    
  
  </node>
  
  
  <node id="203660" version="1" lat="35.65500734744" lon="128.39398018977">
    
    
    <tag k="ele" v="47.49117441673"/>
    
  
  </node>
  
  
  <node id="203661" version="1" lat="35.65493219342" lon="128.3934373411">
    
    
    <tag k="ele" v="47.41772623782"/>
    
  
  </node>
  
  
  <node id="203666" version="1" lat="35.64923196421" lon="128.39906631711">
    
    
    <tag k="ele" v="46.97841154926"/>
    
  
  </node>
  
  
  <node id="203668" version="1" lat="35.64921070922" lon="128.39903784369">
    
    
    <tag k="ele" v="46.9390403567"/>
    
  
  </node>
  
  
  <node id="203672" version="1" lat="35.64731618767" lon="128.40077830105">
    
    
    <tag k="ele" v="47.25116853852"/>
    
  
  </node>
  
  
  <node id="203674" version="1" lat="35.64733582445" lon="128.40080450687">
    
    
    <tag k="ele" v="47.18332214708"/>
    
  
  </node>
  
  
  <node id="203678" version="1" lat="35.64729618353" lon="128.400751605">
    
    
    <tag k="ele" v="47.2723958987"/>
    
  
  </node>
  
  
  <node id="203682" version="1" lat="35.64749909238" lon="128.40101359107">
    
    
    <tag k="ele" v="46.88017559525"/>
    
  
  </node>
  
  
  <node id="203684" version="1" lat="35.6474779188" lon="128.40098534424">
    
    
    <tag k="ele" v="46.84904118053"/>
    
  
  </node>
  
  
  <node id="203688" version="1" lat="35.6483679526" lon="128.40003560879">
    
    
    <tag k="ele" v="46.91"/>
    
  
  </node>
  
  
  <node id="203690" version="1" lat="35.64834662295" lon="128.40000723044">
    
    
    <tag k="ele" v="46.89522342029"/>
    
  
  </node>
  
  
  <node id="203697" version="1" lat="35.64742319334" lon="128.40006581892">
    
    
    <tag k="ele" v="47.22261643427"/>
    
  
  </node>
  
  
  <node id="203699" version="1" lat="35.64740349002" lon="128.40004161198">
    
    
    <tag k="ele" v="47.14579099101"/>
    
  
  </node>
  
  
  <node id="203703" version="1" lat="35.6471025764" lon="128.40045825222">
    
    
    <tag k="ele" v="47.21777363133"/>
    
  
  </node>
  
  
  <node id="203705" version="1" lat="35.64708280019" lon="128.4004339081">
    
    
    <tag k="ele" v="47.14934554834"/>
    
  
  </node>
  
  
  <node id="203709" version="1" lat="35.64738282878" lon="128.40001626332">
    
    
    <tag k="ele" v="47.07886481752"/>
    
  
  </node>
  
  
  <node id="203713" version="1" lat="35.64706232649" lon="128.40040869389">
    
    
    <tag k="ele" v="47.23473758662"/>
    
  
  </node>
  
  
  <node id="203717" version="1" lat="35.64865508889" lon="128.39850880932">
    
    
    <tag k="ele" v="47.11887909663"/>
    
  
  </node>
  
  
  <node id="203719" version="1" lat="35.64863449135" lon="128.39848374423">
    
    
    <tag k="ele" v="47.05606494959"/>
    
  
  </node>
  
  
  <node id="203723" version="1" lat="35.64867497587" lon="128.3985333419">
    
    
    <tag k="ele" v="47.18141187017"/>
    
  
  </node>
  
  
  <node id="203727" version="1" lat="35.64752121691" lon="128.40328513318">
    
    
    <tag k="ele" v="47.43997571523"/>
    
  
  </node>
  
  
  <node id="203729" version="1" lat="35.64754853088" lon="128.40321722619">
    
    
    <tag k="ele" v="47.47070999958"/>
    
  
  </node>
  
  
  <node id="203730" version="1" lat="35.64750514931" lon="128.40325784098">
    
    
    <tag k="ele" v="47.50745716865"/>
    
  
  </node>
  
  
  <node id="203734" version="1" lat="35.64741502626" lon="128.40338615429">
    
    
    <tag k="ele" v="47.44910223521"/>
    
  
  </node>
  
  
  <node id="203736" version="1" lat="35.64738360767" lon="128.40333281791">
    
    
    <tag k="ele" v="47.48894724714"/>
    
  
  </node>
  
  
  <node id="203743" version="1" lat="35.65265886687" lon="128.39727408167">
    
    
    <tag k="ele" v="47.209"/>
    
  
  </node>
  
  
  <node id="203744" version="1" lat="35.65267614192" lon="128.39721950454">
    
    
    <tag k="ele" v="47.18300621413"/>
    
  
  </node>
  
  
  <node id="203745" version="1" lat="35.6526859929" lon="128.39719851336">
    
    
    <tag k="ele" v="47.17687910906"/>
    
  
  </node>
  
  
  <node id="203746" version="1" lat="35.65273864516" lon="128.39712704134">
    
    
    <tag k="ele" v="47.14749016323"/>
    
  
  </node>
  
  
  <node id="203748" version="1" lat="35.65268857783" lon="128.39729820079">
    
    
    <tag k="ele" v="47.25547537767"/>
    
  
  </node>
  
  
  <node id="203749" version="1" lat="35.65271874384" lon="128.39722855362">
    
    
    <tag k="ele" v="47.22435295811"/>
    
  
  </node>
  
  
  <node id="203750" version="1" lat="35.65275709334" lon="128.39717131826">
    
    
    <tag k="ele" v="47.20320167915"/>
    
  
  </node>
  
  
  <node id="203751" version="1" lat="35.6527692621" lon="128.39714781411">
    
    
    <tag k="ele" v="47.18756333561"/>
    
  
  </node>
  
  
  <node id="203757" version="1" lat="35.65275323345" lon="128.3971000232">
    
    
    <tag k="ele" v="47.169"/>
    
  
  </node>
  
  
  <node id="203762" version="1" lat="35.64601825383" lon="128.40283650419">
    
    
    <tag k="ele" v="48.01988658856"/>
    
  
  </node>
  
  
  <node id="203763" version="1" lat="35.64626193184" lon="128.40279847274">
    
    
    <tag k="ele" v="48.06539365733"/>
    
  
  </node>
  
  
  <node id="203765" version="1" lat="35.64596571356" lon="128.40290515753">
    
    
    <tag k="ele" v="47.9677953104"/>
    
  
  </node>
  
  
  <node id="203766" version="1" lat="35.64604784814" lon="128.40290865256">
    
    
    <tag k="ele" v="48.0010923465"/>
    
  
  </node>
  
  
  <node id="203767" version="1" lat="35.64627238313" lon="128.40289249109">
    
    
    <tag k="ele" v="48.00522825141"/>
    
  
  </node>
  
  
  <node id="203774" version="1" lat="35.64630753624" lon="128.40292267328">
    
    
    <tag k="ele" v="47.93926810462"/>
    
  
  </node>
  
  
  <node id="203775" version="1" lat="35.64633286792" lon="128.40290379394">
    
    
    <tag k="ele" v="47.94224587003"/>
    
  
  </node>
  
  
  <node id="203779" version="1" lat="35.6527699864" lon="128.39714847122">
    
    
    <tag k="ele" v="47.18017373716"/>
    
  
  </node>
  
  
  <node id="203781" version="1" lat="35.65279546447" lon="128.39718226665">
    
    
    <tag k="ele" v="47.2550094576"/>
    
  
  </node>
  
  
  <node id="203788" version="1" lat="35.65281999995" lon="128.39721493097">
    
    
    <tag k="ele" v="47.29716030168"/>
    
  
  </node>
  
  
  <node id="203794" version="1" lat="35.65284198418" lon="128.39724408597">
    
    
    <tag k="ele" v="47.34240653073"/>
    
  
  </node>
  
  
  <node id="203800" version="1" lat="35.65286355224" lon="128.39727269294">
    
    
    <tag k="ele" v="47.38120133777"/>
    
  
  </node>
  
  
  <node id="203806" version="1" lat="35.65480014305" lon="128.39319086919">
    
    
    <tag k="ele" v="47.39110142713"/>
    
  
  </node>
  
  
  <node id="203808" version="1" lat="35.65483578774" lon="128.39318564074">
    
    
    <tag k="ele" v="47.3584062038"/>
    
  
  </node>
  
  
  <node id="203812" version="1" lat="35.6547810303" lon="128.39292249275">
    
    
    <tag k="ele" v="47.32827236093"/>
    
  
  </node>
  
  
  <node id="203813" version="1" lat="35.6547799927" lon="128.39280574935">
    
    
    <tag k="ele" v="47.2994784452"/>
    
  
  </node>
  
  
  <node id="203815" version="1" lat="35.65482375893" lon="128.39304259017">
    
    
    <tag k="ele" v="47.30977998359"/>
    
  
  </node>
  
  
  <node id="203816" version="1" lat="35.65481714456" lon="128.39292071519">
    
    
    <tag k="ele" v="47.27010160311"/>
    
  
  </node>
  
  
  <node id="203817" version="1" lat="35.65481524172" lon="128.39280648746">
    
    
    <tag k="ele" v="47.26441991678"/>
    
  
  </node>
  
  
  <node id="203822" version="1" lat="35.65486779722" lon="128.39318106353">
    
    
    <tag k="ele" v="47.3002061161"/>
    
  
  </node>
  
  
  <node id="203826" version="1" lat="35.65484986661" lon="128.39294449888">
    
    
    <tag k="ele" v="47.23897958469"/>
    
  
  </node>
  
  
  <node id="203827" version="1" lat="35.65484777996" lon="128.39283161957">
    
    
    <tag k="ele" v="47.24564859504"/>
    
  
  </node>
  
  
  <node id="203832" version="1" lat="35.65489975234" lon="128.39317654643">
    
    
    <tag k="ele" v="47.27348918926"/>
    
  
  </node>
  
  
  <node id="203836" version="1" lat="35.65488149615" lon="128.39292750812">
    
    
    <tag k="ele" v="47.210269556"/>
    
  
  </node>
  
  
  <node id="203837" version="1" lat="35.65487983839" lon="128.39283907457">
    
    
    <tag k="ele" v="47.22899999741"/>
    
  
  </node>
  
  
  <node id="203842" version="1" lat="35.64726349372" lon="128.40266758368">
    
    
    <tag k="ele" v="47.35751590333"/>
    
  
  </node>
  
  
  <node id="203844" version="1" lat="35.64726644438" lon="128.40269679905">
    
    
    <tag k="ele" v="47.38906692232"/>
    
  
  </node>
  
  
  <node id="203848" version="1" lat="35.64730115581" lon="128.40266297364">
    
    
    <tag k="ele" v="47.40056916835"/>
    
  
  </node>
  
  
  <node id="203850" version="1" lat="35.64730400299" lon="128.40269188193">
    
    
    <tag k="ele" v="47.38769549854"/>
    
  
  </node>
  
  
  <node id="203857" version="1" lat="35.64873840421" lon="128.39907706209">
    
    
    <tag k="ele" v="47.19592752988"/>
    
  
  </node>
  
  
  <node id="203859" version="1" lat="35.64871889201" lon="128.39905098733">
    
    
    <tag k="ele" v="47.13154090362"/>
    
  
  </node>
  
  
  <node id="203866" version="1" lat="35.64875867909" lon="128.39910404254">
    
    
    <tag k="ele" v="47.25605584683"/>
    
  
  </node>
  
  
  <node id="203872" version="1" lat="35.64929078245" lon="128.39855623627">
    
    
    <tag k="ele" v="47.21262337269"/>
    
  
  </node>
  
  
  <node id="203874" version="1" lat="35.64931390328" lon="128.39858725024">
    
    
    <tag k="ele" v="47.13701273774"/>
    
  
  </node>
  
  
  <node id="203881" version="1" lat="35.64927342159" lon="128.39853313827">
    
    
    <tag k="ele" v="47.25899999184"/>
    
  
  </node>
  
  
  <node id="203887" version="1" lat="35.64707967346" lon="128.40160610399">
    
    
    <tag k="ele" v="47.01473805767"/>
    
  
  </node>
  
  
  <node id="203888" version="1" lat="35.64705707558" lon="128.40158398792">
    
    
    <tag k="ele" v="47.05816661144"/>
    
  
  </node>
  
  
  <node id="203890" version="1" lat="35.64709825004" lon="128.40158544594">
    
    
    <tag k="ele" v="47.02595342083"/>
    
  
  </node>
  
  
  <node id="203891" action="modify" version="1" lat="35.64708810869" lon="128.40156976862">
    
    
    <tag k="ele" v="46.92755273898"/>
    
  
  </node>
  
  
  <node id="203892" action="modify" version="1" lat="35.6470805706" lon="128.40155906609">
    
    
    <tag k="ele" v="46.96758014797"/>
    
  
  </node>
  
  
  <node id="203896" version="1" lat="35.64704017947" lon="128.40156070108">
    
    
    <tag k="ele" v="47.06958666566"/>
    
  
  </node>
  
  
  <node id="203898" action="modify" version="1" lat="35.64707096855" lon="128.40154477129">
    
    
    <tag k="ele" v="47.02961670462"/>
    
  
  </node>
  
  
  <node id="203899" action="modify" version="1" lat="35.64705873369" lon="128.4015292189">
    
    
    <tag k="ele" v="46.9888701597"/>
    
  
  </node>
  
  
  <node id="203907" version="1" lat="35.64699100141" lon="128.40108622224">
    
    
    <tag k="ele" v="47.25371919506"/>
    
  
  </node>
  
  
  <node id="203909" version="1" lat="35.64697116916" lon="128.40105962955">
    
    
    <tag k="ele" v="47.23734640247"/>
    
  
  </node>
  
  
  <node id="203916" version="1" lat="35.64693877105" lon="128.40107154249">
    
    
    <tag k="ele" v="47.22399442927"/>
    
  
  </node>
  
  
  <node id="203917" version="1" lat="35.64691823025" lon="128.40106885453">
    
    
    <tag k="ele" v="47.21996777083"/>
    
  
  </node>
  
  
  <node id="203918" version="1" lat="35.64689812146" lon="128.4010599175">
    
    
    <tag k="ele" v="47.33651865905"/>
    
  
  </node>
  
  
  <node id="203919" version="1" lat="35.6468758337" lon="128.40104170269">
    
    
    <tag k="ele" v="47.25810093118"/>
    
  
  </node>
  
  
  <node id="203921" version="1" lat="35.64693968807" lon="128.40102802659">
    
    
    <tag k="ele" v="47.1548903012"/>
    
  
  </node>
  
  
  <node id="203922" version="1" lat="35.64692645086" lon="128.40102595673">
    
    
    <tag k="ele" v="47.17699928275"/>
    
  
  </node>
  
  
  <node id="203923" version="1" lat="35.64691354412" lon="128.40102068445">
    
    
    <tag k="ele" v="47.0350839942"/>
    
  
  </node>
  
  
  <node id="203924" version="1" lat="35.64689848709" lon="128.40100827442">
    
    
    <tag k="ele" v="47.23045241045"/>
    
  
  </node>
  
  
  <node id="203931" version="1" lat="35.6468656866" lon="128.40102708166">
    
    
    <tag k="ele" v="47.26584806424"/>
    
  
  </node>
  
  
  <node id="203932" version="1" lat="35.64685732297" lon="128.40100629606">
    
    
    <tag k="ele" v="47.28345768821"/>
    
  
  </node>
  
  
  <node id="203933" version="1" lat="35.64685256604" lon="128.40097576201">
    
    
    <tag k="ele" v="47.28963402307"/>
    
  
  </node>
  
  
  <node id="203935" version="1" lat="35.6468890563" lon="128.40099262446">
    
    
    <tag k="ele" v="47.22303128341"/>
    
  
  </node>
  
  
  <node id="203939" version="1" lat="35.64812779878" lon="128.39925357136">
    
    
    <tag k="ele" v="47.13825972994"/>
    
  
  </node>
  
  
  <node id="203941" version="1" lat="35.64815901106" lon="128.3992919746">
    
    
    <tag k="ele" v="47.05839536559"/>
    
  
  </node>
  
  
  <node id="203948" version="1" lat="35.64810724422" lon="128.39922834382">
    
    
    <tag k="ele" v="47.1789242974"/>
    
  
  </node>
  
  
  <node id="203954" version="1" lat="35.64791721596" lon="128.40005521409">
    
    
    <tag k="ele" v="47.259"/>
    
  
  </node>
  
  
  <node id="203956" version="1" lat="35.64793469887" lon="128.40007856529">
    
    
    <tag k="ele" v="47.21514077321"/>
    
  
  </node>
  
  
  <node id="203963" version="1" lat="35.64795664969" lon="128.40010788414">
    
    
    <tag k="ele" v="47.16785774307"/>
    
  
  </node>
  
  
  <node id="203969" version="1" lat="35.6483213586" lon="128.3996015922">
    
    
    <tag k="ele" v="47.27160444648"/>
    
  
  </node>
  
  
  <node id="203971" version="1" lat="35.6483387976" lon="128.39962489773">
    
    
    <tag k="ele" v="47.23071591451"/>
    
  
  </node>
  
  
  <node id="203978" version="1" lat="35.6483603327" lon="128.39965366525">
    
    
    <tag k="ele" v="47.17243685433"/>
    
  
  </node>
  
  
  <node id="203984" version="1" lat="35.64894998674" lon="128.39819785907">
    
    
    <tag k="ele" v="47.16881497226"/>
    
  
  </node>
  
  
  <node id="203986" version="1" lat="35.64896956821" lon="128.39822507895">
    
    
    <tag k="ele" v="47.14401004491"/>
    
  
  </node>
  
  
  <node id="203990" version="1" lat="35.64898504912" lon="128.39816650607">
    
    
    <tag k="ele" v="47.17601196059"/>
    
  
  </node>
  
  
  <node id="203991" version="1" lat="35.64901507617" lon="128.39814633803">
    
    
    <tag k="ele" v="47.19691052546"/>
    
  
  </node>
  
  
  <node id="203992" version="1" lat="35.64904774099" lon="128.39813139153">
    
    
    <tag k="ele" v="47.22714853143"/>
    
  
  </node>
  
  
  <node id="203993" version="1" lat="35.64907326801" lon="128.39812442916">
    
    
    <tag k="ele" v="47.23685712798"/>
    
  
  </node>
  
  
  <node id="203995" version="1" lat="35.64901403473" lon="128.39818642827">
    
    
    <tag k="ele" v="47.1524113418"/>
    
  
  </node>
  
  
  <node id="203996" version="1" lat="35.64905502257" lon="128.39816575155">
    
    
    <tag k="ele" v="47.18473180938"/>
    
  
  </node>
  
  
  <node id="203997" version="1" lat="35.64907800205" lon="128.3981587423">
    
    
    <tag k="ele" v="47.19491227774"/>
    
  
  </node>
  
  
  <node id="204003" version="1" lat="35.6491301642" lon="128.39812021226">
    
    
    <tag k="ele" v="47.25988074575"/>
    
  
  </node>
  
  
  <node id="204004" version="1" lat="35.6491962981" lon="128.39813502337">
    
    
    <tag k="ele" v="47.289"/>
    
  
  </node>
  
  
  <node id="204005" version="1" lat="35.64924665388" lon="128.39816249555">
    
    
    <tag k="ele" v="47.32059552348"/>
    
  
  </node>
  
  
  <node id="204007" version="1" lat="35.6491270426" lon="128.39815523311">
    
    
    <tag k="ele" v="47.22925342936"/>
    
  
  </node>
  
  
  <node id="204008" version="1" lat="35.64917608252" lon="128.39816501777">
    
    
    <tag k="ele" v="47.23808919336"/>
    
  
  </node>
  
  
  <node id="204009" version="1" lat="35.64922975312" lon="128.39819261738">
    
    
    <tag k="ele" v="47.25854775677"/>
    
  
  </node>
  
  
  <node id="204015" version="1" lat="35.6529290871" lon="128.39690384112">
    
    
    <tag k="ele" v="47.15996880349"/>
    
  
  </node>
  
  
  <node id="204016" version="1" lat="35.65295044301" lon="128.39688134101">
    
    
    <tag k="ele" v="47.1788597388"/>
    
  
  </node>
  
  
  <node id="204018" version="1" lat="35.65294843601" lon="128.3969418025">
    
    
    <tag k="ele" v="47.23630724128"/>
    
  
  </node>
  
  
  <node id="204019" version="1" lat="35.65297271707" lon="128.39692145865">
    
    
    <tag k="ele" v="47.21300047974"/>
    
  
  </node>
  
  
  <node id="204024" version="1" lat="35.65302733266" lon="128.39680138305">
    
    
    <tag k="ele" v="47.17937884672"/>
    
  
  </node>
  
  
  <node id="204025" version="1" lat="35.6531328803" lon="128.39673505907">
    
    
    <tag k="ele" v="47.23998775763"/>
    
  
  </node>
  
  
  <node id="204027" version="1" lat="35.65303787883" lon="128.39686150555">
    
    
    <tag k="ele" v="47.23331416165"/>
    
  
  </node>
  
  
  <node id="204028" version="1" lat="35.6531169625" lon="128.39679954121">
    
    
    <tag k="ele" v="47.25415862994"/>
    
  
  </node>
  
  
  <node id="204029" version="1" lat="35.6531634997" lon="128.39675703206">
    
    
    <tag k="ele" v="47.30642427972"/>
    
  
  </node>
  
  
  <node id="204034" version="1" lat="35.6526295599" lon="128.39717837175">
    
    
    <tag k="ele" v="47.16908267304"/>
    
  
  </node>
  
  
  <node id="204036" version="1" lat="35.65256850931" lon="128.39729651305">
    
    
    <tag k="ele" v="47.16065430392"/>
    
  
  </node>
  
  
  <node id="204037" version="1" lat="35.65265055653" lon="128.39720832578">
    
    
    <tag k="ele" v="47.21052475838"/>
    
  
  </node>
  
  
  <node id="204041" version="1" lat="35.65264768778" lon="128.39715613939">
    
    
    <tag k="ele" v="47.14745076524"/>
    
  
  </node>
  
  
  <node id="204043" version="1" lat="35.65267462419" lon="128.39717953513">
    
    
    <tag k="ele" v="47.2049917364"/>
    
  
  </node>
  
  
  <node id="204047" version="1" lat="35.64732696396" lon="128.40234468613">
    
    
    <tag k="ele" v="47.1699679296"/>
    
  
  </node>
  
  
  <node id="204048" version="1" lat="35.64731974938" lon="128.40235771695">
    
    
    <tag k="ele" v="47.16292410669"/>
    
  
  </node>
  
  
  <node id="204049" version="1" lat="35.64731941771" lon="128.40237454245">
    
    
    <tag k="ele" v="47.31201466575"/>
    
  
  </node>
  
  
  <node id="204050" version="1" lat="35.6473278966" lon="128.40239008721">
    
    
    <tag k="ele" v="47.18518527607"/>
    
  
  </node>
  
  
  <node id="204051" version="1" lat="35.64734548678" lon="128.40239547712">
    
    
    <tag k="ele" v="47.19654624753"/>
    
  
  </node>
  
  
  <node id="204052" version="1" lat="35.64742111443" lon="128.40238070832">
    
    
    <tag k="ele" v="47.22331566524"/>
    
  
  </node>
  
  
  <node id="204054" version="1" lat="35.64730119303" lon="128.40231968601">
    
    
    <tag k="ele" v="47.11069329122"/>
    
  
  </node>
  
  
  <node id="204055" version="1" lat="35.64728541837" lon="128.40234702082">
    
    
    <tag k="ele" v="47.13265233035"/>
    
  
  </node>
  
  
  <node id="204056" version="1" lat="35.64728277799" lon="128.40236508746">
    
    
    <tag k="ele" v="47.14678330784"/>
    
  
  </node>
  
  
  <node id="204057" version="1" lat="35.64728484497" lon="128.40238318024">
    
    
    <tag k="ele" v="47.1603439204"/>
    
  
  </node>
  
  
  <node id="204058" version="1" lat="35.64729763646" lon="128.40241219574">
    
    
    <tag k="ele" v="47.19173196317"/>
    
  
  </node>
  
  
  <node id="204059" version="1" lat="35.64731791021" lon="128.40243057791">
    
    
    <tag k="ele" v="47.21109182812"/>
    
  
  </node>
  
  
  <node id="204060" version="1" lat="35.64733518062" lon="128.40243593454">
    
    
    <tag k="ele" v="47.22452403734"/>
    
  
  </node>
  
  
  <node id="204061" version="1" lat="35.64736559309" lon="128.40243540168">
    
    
    <tag k="ele" v="47.22636573684"/>
    
  
  </node>
  
  
  <node id="204062" version="1" lat="35.64742829051" lon="128.40242347069">
    
    
    <tag k="ele" v="47.22499999343"/>
    
  
  </node>
  
  
  <node id="204072" version="1" lat="35.64760640241" lon="128.40232590872">
    
    
    <tag k="ele" v="47.21532117437"/>
    
  
  </node>
  
  
  <node id="204074" version="1" lat="35.64759959326" lon="128.40237436238">
    
    
    <tag k="ele" v="47.21863049779"/>
    
  
  </node>
  
  
  <node id="204078" version="1" lat="35.6472977468" lon="128.40188695941">
    
    
    <tag k="ele" v="46.91775955232"/>
    
  
  </node>
  
  
  <node id="204079" version="1" lat="35.64731914021" lon="128.40189823715">
    
    
    <tag k="ele" v="46.89938215543"/>
    
  
  </node>
  
  
  <node id="204080" version="1" lat="35.64734588271" lon="128.40190684095">
    
    
    <tag k="ele" v="46.8856705977"/>
    
  
  </node>
  
  
  <node id="204082" version="1" lat="35.64725517887" lon="128.40190121365">
    
    
    <tag k="ele" v="46.88900000849"/>
    
  
  </node>
  
  
  <node id="204083" version="1" lat="35.64730362843" lon="128.40193016147">
    
    
    <tag k="ele" v="46.84935461959"/>
    
  
  </node>
  
  
  <node id="204084" version="1" lat="35.64734189385" lon="128.40194187708">
    
    
    <tag k="ele" v="46.84849099809"/>
    
  
  </node>
  
  
  <node id="204089" version="1" lat="35.64737369009" lon="128.40190966456">
    
    
    <tag k="ele" v="46.87449267594"/>
    
  
  </node>
  
  
  <node id="204090" version="1" lat="35.6473960934" lon="128.40190463514">
    
    
    <tag k="ele" v="46.88498180076"/>
    
  
  </node>
  
  
  <node id="204091" version="1" lat="35.64741837755" lon="128.40189385416">
    
    
    <tag k="ele" v="46.86730948051"/>
    
  
  </node>
  
  
  <node id="204092" version="1" lat="35.6474446278" lon="128.40187409564">
    
    
    <tag k="ele" v="46.8808106389"/>
    
  
  </node>
  
  
  <node id="204094" version="1" lat="35.64737636301" lon="128.40194231611">
    
    
    <tag k="ele" v="46.82687636805"/>
    
  
  </node>
  
  
  <node id="204095" version="1" lat="35.64740426659" lon="128.40193622008">
    
    
    <tag k="ele" v="46.81374246189"/>
    
  
  </node>
  
  
  <node id="204096" version="1" lat="35.64743755514" lon="128.4019205815">
    
    
    <tag k="ele" v="46.83825944691"/>
    
  
  </node>
  
  
  <node id="204097" version="1" lat="35.64746078574" lon="128.40190321302">
    
    
    <tag k="ele" v="46.8517226828"/>
    
  
  </node>
  
  
  <node id="204104" version="1" lat="35.64749582445" lon="128.40182371611">
    
    
    <tag k="ele" v="46.86779708563"/>
    
  
  </node>
  
  
  <node id="204106" version="1" lat="35.64751405111" lon="128.40184882152">
    
    
    <tag k="ele" v="46.8188167874"/>
    
  
  </node>
  
  
  <node id="204113" version="1" lat="35.65072823884" lon="128.39819879246">
    
    
    <tag k="ele" v="47.14763333655"/>
    
  
  </node>
  
  
  <node id="204115" version="1" lat="35.65074670749" lon="128.39822369902">
    
    
    <tag k="ele" v="47.08490044147"/>
    
  
  </node>
  
  
  <node id="204119" version="1" lat="35.65078688414" lon="128.39813776776">
    
    
    <tag k="ele" v="47.12390276658"/>
    
  
  </node>
  
  
  <node id="204120" version="1" lat="35.65083593751" lon="128.39810268639">
    
    
    <tag k="ele" v="47.0299731534"/>
    
  
  </node>
  
  
  <node id="204121" version="1" lat="35.65086581385" lon="128.39808989108">
    
    
    <tag k="ele" v="46.9714467556"/>
    
  
  </node>
  
  
  <node id="204122" version="1" lat="35.65093894455" lon="128.39807192871">
    
    
    <tag k="ele" v="46.82648914162"/>
    
  
  </node>
  
  
  <node id="204123" version="1" lat="35.65097851861" lon="128.39805851277">
    
    
    <tag k="ele" v="46.8214026635"/>
    
  
  </node>
  
  
  <node id="204124" version="1" lat="35.65101906323" lon="128.3980392547">
    
    
    <tag k="ele" v="46.82793047319"/>
    
  
  </node>
  
  
  <node id="204125" version="1" lat="35.65105001698" lon="128.39801617958">
    
    
    <tag k="ele" v="46.82459248989"/>
    
  
  </node>
  
  
  <node id="204127" version="1" lat="35.65079772957" lon="128.39817384328">
    
    
    <tag k="ele" v="47.12840931312"/>
    
  
  </node>
  
  
  <node id="204128" version="1" lat="35.65084795872" lon="128.39813726738">
    
    
    <tag k="ele" v="47.01869735888"/>
    
  
  </node>
  
  
  <node id="204129" version="1" lat="35.65088004875" lon="128.39812425204">
    
    
    <tag k="ele" v="46.9169944947"/>
    
  
  </node>
  
  
  <node id="204130" version="1" lat="35.65095538591" lon="128.39810568263">
    
    
    <tag k="ele" v="46.8343438685"/>
    
  
  </node>
  
  
  <node id="204131" version="1" lat="35.65099774251" lon="128.39809088148">
    
    
    <tag k="ele" v="46.84917952487"/>
    
  
  </node>
  
  
  <node id="204132" version="1" lat="35.65103324554" lon="128.39807363001">
    
    
    <tag k="ele" v="46.82921045423"/>
    
  
  </node>
  
  
  <node id="204133" version="1" lat="35.6510686957" lon="128.39804647336">
    
    
    <tag k="ele" v="46.83789768209"/>
    
  
  </node>
  
  
  <node id="204146" version="1" lat="35.65206391894" lon="128.39688314431">
    
    
    <tag k="ele" v="46.83005428836"/>
    
  
  </node>
  
  
  <node id="204148" version="1" lat="35.65208509913" lon="128.39691171957">
    
    
    <tag k="ele" v="46.86054338479"/>
    
  
  </node>
  
  
  <node id="204152" version="1" lat="35.65208445817" lon="128.39686416604">
    
    
    <tag k="ele" v="46.85885618631"/>
    
  
  </node>
  
  
  <node id="204153" version="1" lat="35.65210591902" lon="128.39685135568">
    
    
    <tag k="ele" v="46.85595649159"/>
    
  
  </node>
  
  
  <node id="204154" version="1" lat="35.65213202915" lon="128.39684273381">
    
    
    <tag k="ele" v="46.86655139328"/>
    
  
  </node>
  
  
  <node id="204156" version="1" lat="35.6521164858" lon="128.39688637432">
    
    
    <tag k="ele" v="46.87475855761"/>
    
  
  </node>
  
  
  <node id="204157" version="1" lat="35.65213536176" lon="128.39688019094">
    
    
    <tag k="ele" v="46.87948310502"/>
    
  
  </node>
  
  
  <node id="204162" version="1" lat="35.65213690723" lon="128.39684208893">
    
    
    <tag k="ele" v="46.86655139328"/>
    
  
  </node>
  
  
  <node id="204163" version="1" lat="35.6521117205" lon="128.39684877552">
    
    
    <tag k="ele" v="46.85853674944"/>
    
  
  </node>
  
  
  <node id="204164" version="1" lat="35.65208344179" lon="128.39686490763">
    
    
    <tag k="ele" v="46.8800747829"/>
    
  
  </node>
  
  
  <node id="204165" version="1" lat="35.65206413412" lon="128.3968829041">
    
    
    <tag k="ele" v="46.82805923157"/>
    
  
  </node>
  
  
  <node id="204167" version="1" lat="35.65213297749" lon="128.39680359334">
    
    
    <tag k="ele" v="46.85773454689"/>
    
  
  </node>
  
  
  <node id="204168" version="1" lat="35.652093761" lon="128.39681435806">
    
    
    <tag k="ele" v="46.83751266451"/>
    
  
  </node>
  
  
  <node id="204169" version="1" lat="35.65206550717" lon="128.39683184539">
    
    
    <tag k="ele" v="46.82742735066"/>
    
  
  </node>
  
  
  <node id="204170" version="1" lat="35.65204324671" lon="128.39685374511">
    
    
    <tag k="ele" v="46.81898774402"/>
    
  
  </node>
  
  
  <node id="204181" version="1" lat="35.65103115902" lon="128.39798525532">
    
    
    <tag k="ele" v="46.79899981006"/>
    
  
  </node>
  
  
  <node id="204185" version="1" lat="35.65101860998" lon="128.39803950314">
    
    
    <tag k="ele" v="46.81638893949"/>
    
  
  </node>
  
  
  <node id="204186" version="1" lat="35.65097854537" lon="128.39805850235">
    
    
    <tag k="ele" v="46.82140266349"/>
    
  
  </node>
  
  
  <node id="204187" version="1" lat="35.65093909276" lon="128.39807188808">
    
    
    <tag k="ele" v="46.82971076461"/>
    
  
  </node>
  
  
  <node id="204188" version="1" lat="35.65086551494" lon="128.39808998084">
    
    
    <tag k="ele" v="46.97220163777"/>
    
  
  </node>
  
  
  <node id="204189" version="1" lat="35.65083566118" lon="128.3981028363">
    
    
    <tag k="ele" v="47.03046901631"/>
    
  
  </node>
  
  
  <node id="204190" version="1" lat="35.65078650083" lon="128.39813811963">
    
    
    <tag k="ele" v="47.12507333246"/>
    
  
  </node>
  
  
  <node id="204192" version="1" lat="35.6510052395" lon="128.39800430457">
    
    
    <tag k="ele" v="46.83486123403"/>
    
  
  </node>
  
  
  <node id="204193" version="1" lat="35.65097828448" lon="128.39801803043">
    
    
    <tag k="ele" v="46.77719010863"/>
    
  
  </node>
  
  
  <node id="204194" version="1" lat="35.65084972487" lon="128.39805592622">
    
    
    <tag k="ele" v="46.97965618357"/>
    
  
  </node>
  
  
  <node id="204195" version="1" lat="35.65081582352" lon="128.39807179722">
    
    
    <tag k="ele" v="47.04415469256"/>
    
  
  </node>
  
  
  <node id="204196" version="1" lat="35.65077699394" lon="128.39810194674">
    
    
    <tag k="ele" v="47.11731308593"/>
    
  
  </node>
  
  
  <node id="204204" version="1" lat="35.64750624809" lon="128.40181251129">
    
    
    <tag k="ele" v="46.84557717927"/>
    
  
  </node>
  
  
  <node id="204205" version="1" lat="35.64744383915" lon="128.40187477638">
    
    
    <tag k="ele" v="46.88143110377"/>
    
  
  </node>
  
  
  <node id="204206" version="1" lat="35.64741873117" lon="128.4018936457">
    
    
    <tag k="ele" v="46.86730948051"/>
    
  
  </node>
  
  
  <node id="204207" version="1" lat="35.64739679003" lon="128.40190439551">
    
    
    <tag k="ele" v="46.88357812784"/>
    
  
  </node>
  
  
  <node id="204208" version="1" lat="35.64737232849" lon="128.4019096895">
    
    
    <tag k="ele" v="46.9008956136"/>
    
  
  </node>
  
  
  <node id="204210" version="1" lat="35.64750941691" lon="128.40176408517">
    
    
    <tag k="ele" v="46.82925495316"/>
    
  
  </node>
  
  
  <node id="204211" version="1" lat="35.64742825784" lon="128.40184718117">
    
    
    <tag k="ele" v="46.86405157577"/>
    
  
  </node>
  
  
  <node id="204212" version="1" lat="35.64740711645" lon="128.40186358771">
    
    
    <tag k="ele" v="46.85628299764"/>
    
  
  </node>
  
  
  <node id="204213" version="1" lat="35.64738999166" lon="128.40187144755">
    
    
    <tag k="ele" v="46.86220566608"/>
    
  
  </node>
  
  
  <node id="204214" version="1" lat="35.64736687549" lon="128.40187564599">
    
    
    <tag k="ele" v="46.59049699626"/>
    
  
  </node>
  
  
  <node id="204215" version="1" lat="35.64735101345" lon="128.40187395457">
    
    
    <tag k="ele" v="47.19270611792"/>
    
  
  </node>
  
  
  <node id="204224" version="1" lat="35.64731386996" lon="128.40189596788">
    
    
    <tag k="ele" v="46.9107861921"/>
    
  
  </node>
  
  
  <node id="204225" version="1" lat="35.64729426528" lon="128.40188453587">
    
    
    <tag k="ele" v="46.91775955233"/>
    
  
  </node>
  
  
  <node id="204226" version="1" lat="35.64726615243" lon="128.40185896994">
    
    
    <tag k="ele" v="46.91950322561"/>
    
  
  </node>
  
  
  <node id="204228" version="1" lat="35.64733215191" lon="128.40186671534">
    
    
    <tag k="ele" v="46.86899968385"/>
    
  
  </node>
  
  
  <node id="204229" version="1" lat="35.64731567529" lon="128.40185190676">
    
    
    <tag k="ele" v="46.75845227582"/>
    
  
  </node>
  
  
  <node id="204230" version="1" lat="35.64730525728" lon="128.40183456654">
    
    
    <tag k="ele" v="47.08693886342"/>
    
  
  </node>
  
  
  <node id="204236" action="modify" version="1" lat="35.64958879145" lon="128.39860311986">
    
    
    <tag k="ele" v="47.079"/>
    
  
  </node>
  
  
  <node id="204237" action="modify" version="1" lat="35.64960294607" lon="128.39862475408">
    
    
    <tag k="ele" v="47.0621257882"/>
    
  
  </node>
  
  
  <node id="204239" version="1" lat="35.64955962529" lon="128.39862251974">
    
    
    <tag k="ele" v="47.07556354986"/>
    
  
  </node>
  
  
  <node id="204240" version="1" lat="35.64956100996" lon="128.39863737709">
    
    
    <tag k="ele" v="47.05448657108"/>
    
  
  </node>
  
  
  <node id="204245" version="1" lat="35.64961219906" lon="128.39863983717">
    
    
    <tag k="ele" v="47.05178924876"/>
    
  
  </node>
  
  
  <node id="204247" version="1" lat="35.64955348832" lon="128.39865344252">
    
    
    <tag k="ele" v="47.01776196582"/>
    
  
  </node>
  
  
  <node id="204252" version="1" lat="35.64757406212" lon="128.40048888555">
    
    
    <tag k="ele" v="47.2821204452"/>
    
  
  </node>
  
  
  <node id="204254" version="1" lat="35.64759367341" lon="128.40051515573">
    
    
    <tag k="ele" v="47.1676439811"/>
    
  
  </node>
  
  
  <node id="204261" version="1" lat="35.64755411979" lon="128.40046215915">
    
    
    <tag k="ele" v="47.26194327488"/>
    
  
  </node>
  
  
  <node id="204267" version="1" lat="35.64722186947" lon="128.40132485888">
    
    
    <tag k="ele" v="46.93929317734"/>
    
  
  </node>
  
  
  <node id="204269" version="1" lat="35.64720089165" lon="128.40129687383">
    
    
    <tag k="ele" v="46.919"/>
    
  
  </node>
  
  
  <node id="204276" version="1" lat="35.64689370648" lon="128.4007151832">
    
    
    <tag k="ele" v="47.14543856342"/>
    
  
  </node>
  
  
  <node id="204278" version="1" lat="35.64687182345" lon="128.40069391821">
    
    
    <tag k="ele" v="47.06952441773"/>
    
  
  </node>
  
  
  <node id="204282" version="1" lat="35.6468824121" lon="128.40073406739">
    
    
    <tag k="ele" v="47.16091033962"/>
    
  
  </node>
  
  
  <node id="204283" version="1" lat="35.64687087477" lon="128.40076244372">
    
    
    <tag k="ele" v="47.16580987759"/>
    
  
  </node>
  
  
  <node id="204284" version="1" lat="35.64683719867" lon="128.40088480964">
    
    
    <tag k="ele" v="47.22660977287"/>
    
  
  </node>
  
  
  <node id="204286" version="1" lat="35.64686074092" lon="128.4007120689">
    
    
    <tag k="ele" v="47.10137393918"/>
    
  
  </node>
  
  
  <node id="204287" version="1" lat="35.64684739289" lon="128.40074416549">
    
    
    <tag k="ele" v="47.1063303482"/>
    
  
  </node>
  
  
  <node id="204288" version="1" lat="35.64683090071" lon="128.40079602938">
    
    
    <tag k="ele" v="47.14998215376"/>
    
  
  </node>
  
  
  <node id="204289" version="1" lat="35.6468107683" lon="128.40087488938">
    
    
    <tag k="ele" v="47.16331110665"/>
    
  
  </node>
  
  
  <node id="204294" version="1" lat="35.64687780513" lon="128.40063329126">
    
    
    <tag k="ele" v="47.03664216008"/>
    
  
  </node>
  
  
  <node id="204295" version="1" lat="35.64685045572" lon="128.4006723023">
    
    
    <tag k="ele" v="47.02936432001"/>
    
  
  </node>
  
  
  <node id="204299" version="1" lat="35.64682129045" lon="128.40072832606">
    
    
    <tag k="ele" v="47.06321791891"/>
    
  
  </node>
  
  
  <node id="204300" version="1" lat="35.64680328609" lon="128.40078522676">
    
    
    <tag k="ele" v="47.07861720701"/>
    
  
  </node>
  
  
  <node id="204301" version="1" lat="35.64678385485" lon="128.40086507735">
    
    
    <tag k="ele" v="47.07790262532"/>
    
  
  </node>
  
  
  <node id="204307" version="1" lat="35.6468214141" lon="128.40096831027">
    
    
    <tag k="ele" v="47.23970429913"/>
    
  
  </node>
  
  
  <node id="204308" version="1" lat="35.64681670537" lon="128.4010443303">
    
    
    <tag k="ele" v="47.25983788479"/>
    
  
  </node>
  
  
  <node id="204310" version="1" lat="35.64679307653" lon="128.40096729849">
    
    
    <tag k="ele" v="47.15856926005"/>
    
  
  </node>
  
  
  <node id="204311" version="1" lat="35.64678885517" lon="128.40104337684">
    
    
    <tag k="ele" v="47.15531435457"/>
    
  
  </node>
  
  
  <node id="204316" version="1" lat="35.64681672705" lon="128.40116582296">
    
    
    <tag k="ele" v="47.24473690186"/>
    
  
  </node>
  
  
  <node id="204317" version="1" lat="35.64682827553" lon="128.40127396773">
    
    
    <tag k="ele" v="47.23597674097"/>
    
  
  </node>
  
  
  <node id="204318" version="1" lat="35.64684572081" lon="128.40133985439">
    
    
    <tag k="ele" v="47.26425161965"/>
    
  
  </node>
  
  
  <node id="204320" version="1" lat="35.64678799945" lon="128.40117397077">
    
    
    <tag k="ele" v="47.19696690476"/>
    
  
  </node>
  
  
  <node id="204321" version="1" lat="35.64679984931" lon="128.40128779635">
    
    
    <tag k="ele" v="47.19822025944"/>
    
  
  </node>
  
  
  <node id="204322" version="1" lat="35.64681832323" lon="128.4013571332">
    
    
    <tag k="ele" v="47.2628449034"/>
    
  
  </node>
  
  
  <node id="204328" version="1" lat="35.64677075964" lon="128.40094107782">
    
    
    <tag k="ele" v="47.09625540217"/>
    
  
  </node>
  
  
  <node id="204329" version="1" lat="35.64676589158" lon="128.4010427783">
    
    
    <tag k="ele" v="47.13770457294"/>
    
  
  </node>
  
  
  <node id="204334" version="1" lat="35.64676906068" lon="128.40115458328">
    
    
    <tag k="ele" v="47.17184316866"/>
    
  
  </node>
  
  
  <node id="204335" version="1" lat="35.64677623565" lon="128.40122292968">
    
    
    <tag k="ele" v="47.18132147324"/>
    
  
  </node>
  
  
  <node id="204336" version="1" lat="35.64678768207" lon="128.40128770954">
    
    
    <tag k="ele" v="47.17119519606"/>
    
  
  </node>
  
  
  <node id="204337" version="1" lat="35.64680912666" lon="128.40135857502">
    
    
    <tag k="ele" v="47.26737261335"/>
    
  
  </node>
  
  
  <node id="204338" version="1" lat="35.64682481383" lon="128.40138654267">
    
    
    <tag k="ele" v="47.28213114911"/>
    
  
  </node>
  
  
  <node id="204344" version="1" lat="35.6491278912" lon="128.39807340963">
    
    
    <tag k="ele" v="47.174163061"/>
    
  
  </node>
  
  
  <node id="204345" version="1" lat="35.6490766919" lon="128.39806812856">
    
    
    <tag k="ele" v="47.15817152535"/>
    
  
  </node>
  
  
  <node id="204347" version="1" lat="35.64916896399" lon="128.39804676632">
    
    
    <tag k="ele" v="47.24739427701"/>
    
  
  </node>
  
  
  <node id="204348" version="1" lat="35.64912214983" lon="128.39802624364">
    
    
    <tag k="ele" v="47.11880925387"/>
    
  
  </node>
  
  
  <node id="204349" version="1" lat="35.64907322723" lon="128.39803252165">
    
    
    <tag k="ele" v="47.079"/>
    
  
  </node>
  
  
  <node id="204354" version="1" lat="35.64904148009" lon="128.39807488921">
    
    
    <tag k="ele" v="47.03750744226"/>
    
  
  </node>
  
  
  <node id="204356" version="1" lat="35.64903408139" lon="128.39803936516">
    
    
    <tag k="ele" v="47.03831851269"/>
    
  
  </node>
  
  
  <node id="204360" version="1" lat="35.64901090154" lon="128.39809212909">
    
    
    <tag k="ele" v="47.10944677958"/>
    
  
  </node>
  
  
  <node id="204361" version="1" lat="35.648979377" lon="128.3981174051">
    
    
    <tag k="ele" v="47.11906243366"/>
    
  
  </node>
  
  
  <node id="204362" version="1" lat="35.648911555" lon="128.39819479329">
    
    
    <tag k="ele" v="47.099"/>
    
  
  </node>
  
  
  <node id="204364" version="1" lat="35.64899674971" lon="128.39804836032">
    
    
    <tag k="ele" v="46.99894800645"/>
    
  
  </node>
  
  
  <node id="204365" version="1" lat="35.64898362624" lon="128.39805801538">
    
    
    <tag k="ele" v="47.00888478935"/>
    
  
  </node>
  
  
  <node id="204366" version="1" lat="35.64897135146" lon="128.39806966826">
    
    
    <tag k="ele" v="46.98641949736"/>
    
  
  </node>
  
  
  <node id="204367" version="1" lat="35.6488909967" lon="128.39816959273">
    
    
    <tag k="ele" v="47.07535445709"/>
    
  
  </node>
  
  
  <node id="204376" version="1" lat="35.64912330052" lon="128.39811483488">
    
    
    <tag k="ele" v="47.24510166786"/>
    
  
  </node>
  
  
  <node id="204377" version="1" lat="35.649081311" lon="128.3981124589">
    
    
    <tag k="ele" v="47.22477727203"/>
    
  
  </node>
  
  
  <node id="204382" version="1" lat="35.6490529181" lon="128.39812005999">
    
    
    <tag k="ele" v="47.21409320753"/>
    
  
  </node>
  
  
  <node id="204386" version="1" lat="35.64902208811" lon="128.39813394577">
    
    
    <tag k="ele" v="47.18298407267"/>
    
  
  </node>
  
  
  <node id="204387" version="1" lat="35.6489900744" lon="128.39815653045">
    
    
    <tag k="ele" v="47.17565393797"/>
    
  
  </node>
  
  
  <node id="204388" version="1" lat="35.64896270499" lon="128.3981824632">
    
    
    <tag k="ele" v="47.15699737239"/>
    
  
  </node>
  
  
  <node id="204389" version="1" lat="35.64893186841" lon="128.39821926901">
    
    
    <tag k="ele" v="47.1672122158"/>
    
  
  </node>
  
  
  <node id="1270012233" version="1" lat="35.64653662651" lon="128.4015774153">
    
    
    <tag k="ele" v="46.92655246289"/>
    
  
  </node>
  
  
  <node id="1270012234" version="1" lat="35.64652264346" lon="128.40159286752">
    
    
    <tag k="ele" v="46.9482748545"/>
    
  
  </node>
  
  
  <node id="1270012235" version="1" lat="35.6465104552" lon="128.4016067605">
    
    
    <tag k="ele" v="46.93793553335"/>
    
  
  </node>
  
  
  <node id="1270012236" version="1" lat="35.64649584621" lon="128.40162321112">
    
    
    <tag k="ele" v="46.92026784156"/>
    
  
  </node>
  
  
  <node id="1270012238" version="1" lat="35.64647751504" lon="128.40159795197">
    
    
    <tag k="ele" v="46.95611153966"/>
    
  
  </node>
  
  
  <node id="1270012239" version="1" lat="35.6464907804" lon="128.40158316762">
    
    
    <tag k="ele" v="46.97733342774"/>
    
  
  </node>
  
  
  <node id="1270012240" version="1" lat="35.64650314561" lon="128.40156861081">
    
    
    <tag k="ele" v="46.97939399566"/>
    
  
  </node>
  
  
  <node id="1270012241" version="1" lat="35.64651784362" lon="128.40155193868">
    
    
    <tag k="ele" v="46.94794643869"/>
    
  
  </node>
  
  
  <node id="1270012242" version="1" lat="35.64651784362" lon="128.40155193868">
    
    
    <tag k="ele" v="46.94794643869"/>
    
  
  </node>
  
  
  <node id="1270012244" version="1" lat="35.64682989386" lon="128.40211877914">
    
    
    <tag k="ele" v="46.93832135041"/>
    
  
  </node>
  
  
  <node id="1270012245" version="1" lat="35.64683882113" lon="128.4021306156">
    
    
    <tag k="ele" v="46.96142884301"/>
    
  
  </node>
  
  
  <node id="1270012246" version="1" lat="35.64684647827" lon="128.40214077215">
    
    
    <tag k="ele" v="46.97358225969"/>
    
  
  </node>
  
  
  <node id="1270012247" version="1" lat="35.64685535113" lon="128.40215254277">
    
    
    <tag k="ele" v="46.93988733595"/>
    
  
  </node>
  
  
  <node id="1270012249" version="1" lat="35.6468416347" lon="128.40216725316">
    
    
    <tag k="ele" v="46.94932236325"/>
    
  
  </node>
  
  
  <node id="1270012250" version="1" lat="35.64683349557" lon="128.40215622791">
    
    
    <tag k="ele" v="46.96601669627"/>
    
  
  </node>
  
  
  <node id="1270012251" version="1" lat="35.64682614578" lon="128.40214625679">
    
    
    <tag k="ele" v="46.9689999933"/>
    
  
  </node>
  
  
  <node id="1270012252" version="1" lat="35.6468169087" lon="128.40213373804">
    
    
    <tag k="ele" v="46.91577468793"/>
    
  
  </node>
  
  
  <node id="1270012254" version="1" lat="35.64682770601" lon="128.40198125975">
    
    
    <tag k="ele" v="46.91771453152"/>
    
  
  </node>
  
  
  <node id="1270012255" version="1" lat="35.64681838566" lon="128.40199190718">
    
    
    <tag k="ele" v="46.95154558447"/>
    
  
  </node>
  
  
  <node id="1270012256" version="1" lat="35.64680716537" lon="128.4020047219">
    
    
    <tag k="ele" v="46.94239554423"/>
    
  
  </node>
  
  
  <node id="1270012257" version="1" lat="35.64679486968" lon="128.40201877026">
    
    
    <tag k="ele" v="46.91828057638"/>
    
  
  </node>
  
  
  <node id="1270012259" version="1" lat="35.64678234922" lon="128.40200206911">
    
    
    <tag k="ele" v="46.89211032055"/>
    
  
  </node>
  
  
  <node id="1270012260" version="1" lat="35.64678970683" lon="128.40199364466">
    
    
    <tag k="ele" v="46.9326488404"/>
    
  
  </node>
  
  
  <node id="1270012261" version="1" lat="35.6467978172" lon="128.40198435334">
    
    
    <tag k="ele" v="46.93557391199"/>
    
  
  </node>
  
  
  <node id="1270012262" version="1" lat="35.64680615167" lon="128.40197481743">
    
    
    <tag k="ele" v="46.94298907684"/>
    
  
  </node>
  
  
  <node id="1270012263" version="1" lat="35.64681509547" lon="128.40196457031">
    
    
    <tag k="ele" v="46.90578218565"/>
    
  
  </node>
  
  
  <node id="1270012265" version="1" lat="35.6485145251" lon="128.39917449988">
    
    
    <tag k="ele" v="47.30672648324"/>
    
  
  </node>
  
  
  <node id="1270012266" version="1" lat="35.64850179057" lon="128.39918903811">
    
    
    <tag k="ele" v="47.25323699666"/>
    
  
  </node>
  
  
  <node id="1270012267" version="1" lat="35.64848200318" lon="128.39921162351">
    
    
    <tag k="ele" v="47.1860831301"/>
    
  
  </node>
  
  
  <node id="1270012269" version="1" lat="35.64847015041" lon="128.39919514934">
    
    
    <tag k="ele" v="47.17731185626"/>
    
  
  </node>
  
  
  <node id="1270012270" version="1" lat="35.64848912229" lon="128.39917349756">
    
    
    <tag k="ele" v="47.2505810996"/>
    
  
  </node>
  
  
  <node id="1270012271" version="1" lat="35.64850263908" lon="128.3991585891">
    
    
    <tag k="ele" v="47.20352248001"/>
    
  
  </node>
  
  
  <node id="1270012272" version="1" lat="35.64850263908" lon="128.3991585891">
    
    
    <tag k="ele" v="47.20352248001"/>
    
  
  </node>
  
  
  <node id="1270012274" version="1" lat="35.64853598237" lon="128.39918132877">
    
    
    <tag k="ele" v="47.20562173398"/>
    
  
  </node>
  
  
  <node id="1270012275" version="1" lat="35.6485334818" lon="128.39918413007">
    
    
    <tag k="ele" v="47.19284734708"/>
    
  
  </node>
  
  
  <node id="1270012276" version="1" lat="35.64851352207" lon="128.39920649593">
    
    
    <tag k="ele" v="47.22777596066"/>
    
  
  </node>
  
  
  <node id="1270012277" version="1" lat="35.64849736315" lon="128.39922473676">
    
    
    <tag k="ele" v="47.19356824033"/>
    
  
  </node>
  
  
  <node id="1270012278" version="1" lat="35.64849736315" lon="128.39922473676">
    
    
    <tag k="ele" v="47.19356824033"/>
    
  
  </node>
  
  
  <node id="1270012280" version="1" lat="35.64848510494" lon="128.3992082877">
    
    
    <tag k="ele" v="47.19831612181"/>
    
  
  </node>
  
  
  <node id="1270012281" version="1" lat="35.64850366485" lon="128.39918715798">
    
    
    <tag k="ele" v="47.21825808179"/>
    
  
  </node>
  
  
  <node id="1270012282" version="1" lat="35.64852347938" lon="128.39916459445">
    
    
    <tag k="ele" v="47.18994708217"/>
    
  
  </node>
  
  
  <node id="1270012284" version="1" lat="35.64929453477" lon="128.39825484037">
    
    
    <tag k="ele" v="47.23715291512"/>
    
  
  </node>
  
  
  <node id="1270012285" version="1" lat="35.64931401963" lon="128.39823307388">
    
    
    <tag k="ele" v="47.2876346317"/>
    
  
  </node>
  
  
  <node id="1270012286" version="1" lat="35.64932736462" lon="128.39821807805">
    
    
    <tag k="ele" v="47.25168659037"/>
    
  
  </node>
  
  
  <node id="1270012288" version="1" lat="35.64933951372" lon="128.3982343071">
    
    
    <tag k="ele" v="47.22311153551"/>
    
  
  </node>
  
  
  <node id="1270012289" version="1" lat="35.64932689487" lon="128.39824852454">
    
    
    <tag k="ele" v="47.27677425449"/>
    
  
  </node>
  
  
  <node id="1270012290" version="1" lat="35.64930698979" lon="128.39827096775">
    
    
    <tag k="ele" v="47.23900004925"/>
    
  
  </node>
  
  
  <node id="1270012292" version="1" lat="35.64930979411" lon="128.3982676341">
    
    
    <tag k="ele" v="47.24096907934"/>
    
  
  </node>
  
  
  <node id="1270012293" version="1" lat="35.64932858855" lon="128.39824657948">
    
    
    <tag k="ele" v="47.29197425757"/>
    
  
  </node>
  
  
  <node id="1270012294" version="1" lat="35.64934855716" lon="128.39822422413">
    
    
    <tag k="ele" v="47.19635697863"/>
    
  
  </node>
  
  
  <node id="1270012295" version="1" lat="35.64934855716" lon="128.39822422413">
    
    
    <tag k="ele" v="47.19635697863"/>
    
  
  </node>
  
  
  <node id="1270012297" version="1" lat="35.64936024468" lon="128.39824187003">
    
    
    <tag k="ele" v="47.219"/>
    
  
  </node>
  
  
  <node id="1270012298" version="1" lat="35.64935861331" lon="128.39824366004">
    
    
    <tag k="ele" v="47.20586597876"/>
    
  
  </node>
  
  
  <node id="1270012299" version="1" lat="35.64933852665" lon="128.3982658396">
    
    
    <tag k="ele" v="47.27681955074"/>
    
  
  </node>
  
  
  <node id="1270012300" version="1" lat="35.64932230331" lon="128.39828378316">
    
    
    <tag k="ele" v="47.26150944987"/>
    
  
  </node>
  
  
  <node id="1270012302" version="1" lat="35.64862534758" lon="128.39916591859">
    
    
    <tag k="ele" v="47.209"/>
    
  
  </node>
  
  
  <node id="1270012303" version="1" lat="35.64862617327" lon="128.39916702765">
    
    
    <tag k="ele" v="47.20891694956"/>
    
  
  </node>
  
  
  <node id="1270012304" version="1" lat="35.64864437502" lon="128.39919153703">
    
    
    <tag k="ele" v="47.26430676385"/>
    
  
  </node>
  
  
  <node id="1270012305" version="1" lat="35.64866258579" lon="128.39921604635">
    
    
    <tag k="ele" v="47.30472209447"/>
    
  
  </node>
  
  
  <node id="1270012306" version="1" lat="35.64868079654" lon="128.39924055569">
    
    
    <tag k="ele" v="47.23907738227"/>
    
  
  </node>
  
  
  <node id="1270012307" version="1" lat="35.64869358122" lon="128.39925775171">
    
    
    <tag k="ele" v="47.20985071849"/>
    
  
  </node>
  
  
  <node id="1270012309" version="1" lat="35.64868015372" lon="128.3992724939">
    
    
    <tag k="ele" v="47.21437708946"/>
    
  
  </node>
  
  
  <node id="1270012310" version="1" lat="35.64866709707" lon="128.3992549797">
    
    
    <tag k="ele" v="47.25979765433"/>
    
  
  </node>
  
  
  <node id="1270012311" version="1" lat="35.64864886857" lon="128.39923052571">
    
    
    <tag k="ele" v="47.299"/>
    
  
  </node>
  
  
  <node id="1270012312" version="1" lat="35.64864849653" lon="128.39923002056">
    
    
    <tag k="ele" v="47.32096591197"/>
    
  
  </node>
  
  
  <node id="1270012313" version="1" lat="35.64863029478" lon="128.39920551117">
    
    
    <tag k="ele" v="47.27439731863"/>
    
  
  </node>
  
  
  <node id="1270012314" version="1" lat="35.64861210205" lon="128.39918100172">
    
    
    <tag k="ele" v="47.20449099583"/>
    
  
  </node>
  
  
  <node id="1270012316" version="1" lat="35.6486357351" lon="128.39914702529">
    
    
    <tag k="ele" v="47.18899993145"/>
    
  
  </node>
  
  
  <node id="1270012317" version="1" lat="35.64863900159" lon="128.39915141762">
    
    
    <tag k="ele" v="47.19338994012"/>
    
  
  </node>
  
  
  <node id="1270012318" version="1" lat="35.64865723022" lon="128.39917589367">
    
    
    <tag k="ele" v="47.25194887722"/>
    
  
  </node>
  
  
  <node id="1270012319" version="1" lat="35.6486754589" lon="128.39920038078">
    
    
    <tag k="ele" v="47.299"/>
    
  
  </node>
  
  
  <node id="1270012320" version="1" lat="35.64869143813" lon="128.39922200279">
    
    
    <tag k="ele" v="47.24436918811"/>
    
  
  </node>
  
  
  <node id="1270012321" version="1" lat="35.64870435041" lon="128.39923948494">
    
    
    <tag k="ele" v="47.21319294544"/>
    
  
  </node>
  
  
  <node id="1270012323" version="1" lat="35.64869109272" lon="128.39925393877">
    
    
    <tag k="ele" v="47.20899091668"/>
    
  
  </node>
  
  
  <node id="1270012324" version="1" lat="35.64867730128" lon="128.39923546943">
    
    
    <tag k="ele" v="47.25055804645"/>
    
  
  </node>
  
  
  <node id="1270012325" version="1" lat="35.64865904574" lon="128.39921101564">
    
    
    <tag k="ele" v="47.28735235692"/>
    
  
  </node>
  
  
  <node id="1270012326" version="1" lat="35.64864079024" lon="128.3991865729">
    
    
    <tag k="ele" v="47.27042861867"/>
    
  
  </node>
  
  
  <node id="1270012327" version="1" lat="35.64862253474" lon="128.39916213017">
    
    
    <tag k="ele" v="47.18790535719"/>
    
  
  </node>
  
  
  <node id="1270012329" version="1" lat="35.64930625838" lon="128.39840780645">
    
    
    <tag k="ele" v="47.199"/>
    
  
  </node>
  
  
  <node id="1270012330" version="1" lat="35.64930712024" lon="128.39840893732">
    
    
    <tag k="ele" v="47.19592024135"/>
    
  
  </node>
  
  
  <node id="1270012331" version="1" lat="35.64932551931" lon="128.39843322441">
    
    
    <tag k="ele" v="47.2760993399"/>
    
  
  </node>
  
  
  <node id="1270012332" version="1" lat="35.64934391838" lon="128.39845751152">
    
    
    <tag k="ele" v="47.26899999947"/>
    
  
  </node>
  
  
  <node id="1270012333" version="1" lat="35.64936230849" lon="128.39848180975">
    
    
    <tag k="ele" v="47.21138036698"/>
    
  
  </node>
  
  
  <node id="1270012334" version="1" lat="35.64938070761" lon="128.39850610792">
    
    
    <tag k="ele" v="47.15929237037"/>
    
  
  </node>
  
  
  <node id="1270012335" version="1" lat="35.64938070761" lon="128.39850610792">
    
    
    <tag k="ele" v="47.15929237037"/>
    
  
  </node>
  
  
  <node id="1270012337" version="1" lat="35.64936755992" lon="128.39852091451">
    
    
    <tag k="ele" v="47.15277704054"/>
    
  
  </node>
  
  
  <node id="1270012338" version="1" lat="35.64936431198" lon="128.39851663245">
    
    
    <tag k="ele" v="47.15216086729"/>
    
  
  </node>
  
  
  <node id="1270012339" version="1" lat="35.64934588611" lon="128.3984923897">
    
    
    <tag k="ele" v="47.20678938922"/>
    
  
  </node>
  
  
  <node id="1270012340" version="1" lat="35.64932746017" lon="128.39846813591">
    
    
    <tag k="ele" v="47.259"/>
    
  
  </node>
  
  
  <node id="1270012341" version="1" lat="35.64932413052" lon="128.39846373301">
    
    
    <tag k="ele" v="47.26052181592"/>
    
  
  </node>
  
  
  <node id="1270012342" version="1" lat="35.64930573151" lon="128.39843945695">
    
    
    <tag k="ele" v="47.22941591867"/>
    
  
  </node>
  
  
  <node id="1270012343" version="1" lat="35.64929301217" lon="128.39842273525">
    
    
    <tag k="ele" v="47.18889593357"/>
    
  
  </node>
  
  
  <node id="1270012345" version="1" lat="35.64931679241" lon="128.39838939765">
    
    
    <tag k="ele" v="47.209"/>
    
  
  </node>
  
  
  <node id="1270012346" version="1" lat="35.64931721874" lon="128.39838994655">
    
    
    <tag k="ele" v="47.20511500913"/>
    
  
  </node>
  
  
  <node id="1270012347" version="1" lat="35.64933565371" lon="128.39841420025">
    
    
    <tag k="ele" v="47.26429812571"/>
    
  
  </node>
  
  
  <node id="1270012348" version="1" lat="35.64935408867" lon="128.39843845396">
    
    
    <tag k="ele" v="47.27658881022"/>
    
  
  </node>
  
  
  <node id="1270012349" version="1" lat="35.64935454226" lon="128.39843904683">
    
    
    <tag k="ele" v="47.269"/>
    
  
  </node>
  
  
  <node id="1270012350" version="1" lat="35.64937297722" lon="128.39846330055">
    
    
    <tag k="ele" v="47.23824134159"/>
    
  
  </node>
  
  
  <node id="1270012351" version="1" lat="35.64939141211" lon="128.39848754324">
    
    
    <tag k="ele" v="47.18150996099"/>
    
  
  </node>
  
  
  <node id="1270012352" version="1" lat="35.64939141211" lon="128.39848754324">
    
    
    <tag k="ele" v="47.18150996099"/>
    
  
  </node>
  
  
  <node id="1270012354" version="1" lat="35.64937780402" lon="128.39850219871">
    
    
    <tag k="ele" v="47.169"/>
    
  
  </node>
  
  
  <node id="1270012355" version="1" lat="35.64937712357" lon="128.39850129836">
    
    
    <tag k="ele" v="47.16415157944"/>
    
  
  </node>
  
  
  <node id="1270012356" version="1" lat="35.64935872451" lon="128.39847701123">
    
    
    <tag k="ele" v="47.23653798686"/>
    
  
  </node>
  
  
  <node id="1270012357" version="1" lat="35.64934032544" lon="128.39845272412">
    
    
    <tag k="ele" v="47.26899998741"/>
    
  
  </node>
  
  
  <node id="1270012358" version="1" lat="35.64932191741" lon="128.39842844812">
    
    
    <tag k="ele" v="47.24429293477"/>
    
  
  </node>
  
  
  <node id="1270012359" version="1" lat="35.64930351834" lon="128.39840416103">
    
    
    <tag k="ele" v="47.20560161973"/>
    
  
  </node>
  
  
  <node id="1270012361" version="1" lat="35.64952233004" lon="128.39847118015">
    
    
    <tag k="ele" v="47.15225345486"/>
    
  
  </node>
  
  
  <node id="1270012362" version="1" lat="35.64950298514" lon="128.39849210639">
    
    
    <tag k="ele" v="47.19864129512"/>
    
  
  </node>
  
  
  <node id="1270012363" version="1" lat="35.64948271698" lon="128.39851404437">
    
    
    <tag k="ele" v="47.12992214731"/>
    
  
  </node>
  
  
  <node id="1270012364" version="1" lat="35.64948271698" lon="128.39851404437">
    
    
    <tag k="ele" v="47.12992214731"/>
    
  
  </node>
  
  
  <node id="1270012366" version="1" lat="35.6494706095" lon="128.39849711928">
    
    
    <tag k="ele" v="47.139"/>
    
  
  </node>
  
  
  <node id="1270012367" version="1" lat="35.64947086058" lon="128.39849686343">
    
    
    <tag k="ele" v="47.13715906389"/>
    
  
  </node>
  
  
  <node id="1270012368" version="1" lat="35.64947270731" lon="128.39849488409">
    
    
    <tag k="ele" v="47.13590212344"/>
    
  
  </node>
  
  
  <node id="1270012369" version="1" lat="35.64949313879" lon="128.39847316573">
    
    
    <tag k="ele" v="47.17829100499"/>
    
  
  </node>
  
  
  <node id="1270012370" version="1" lat="35.6495103605" lon="128.39845480613">
    
    
    <tag k="ele" v="47.14585754992"/>
    
  
  </node>
  
  
  <node id="1270012372" version="1" lat="35.64953751836" lon="128.39848419533">
    
    
    <tag k="ele" v="47.11022094125"/>
    
  
  </node>
  
  
  <node id="1270012373" version="1" lat="35.64951718673" lon="128.3985060565">
    
    
    <tag k="ele" v="47.199"/>
    
  
  </node>
  
  
  <node id="1270012374" version="1" lat="35.64950394621" lon="128.39852032276">
    
    
    <tag k="ele" v="47.14935396744"/>
    
  
  </node>
  
  
  <node id="1270012376" version="1" lat="35.64949209483" lon="128.39850414661">
    
    
    <tag k="ele" v="47.15702215285"/>
    
  
  </node>
  
  
  <node id="1270012377" version="1" lat="35.64951232661" lon="128.39848214265">
    
    
    <tag k="ele" v="47.14305638522"/>
    
  
  </node>
  
  
  <node id="1270012378" version="1" lat="35.64952545892" lon="128.39846786615">
    
    
    <tag k="ele" v="47.12794664191"/>
    
  
  </node>
  
  
  <node id="1270012380" version="1" lat="35.64853925445" lon="128.39943079726">
    
    
    <tag k="ele" v="47.21648217375"/>
    
  
  </node>
  
  
  <node id="1270012381" version="1" lat="35.6485255425" lon="128.39941199607">
    
    
    <tag k="ele" v="47.25557928333"/>
    
  
  </node>
  
  
  <node id="1270012382" version="1" lat="35.64850751999" lon="128.39938727553">
    
    
    <tag k="ele" v="47.28099406455"/>
    
  
  </node>
  
  
  <node id="1270012383" version="1" lat="35.64848950655" lon="128.39936256598">
    
    
    <tag k="ele" v="47.249"/>
    
  
  </node>
  
  
  <node id="1270012384" version="1" lat="35.64847645706" lon="128.39934467633">
    
    
    <tag k="ele" v="47.207062818"/>
    
  
  </node>
  
  
  <node id="1270012386" version="1" lat="35.64848978648" lon="128.39933014472">
    
    
    <tag k="ele" v="47.2055061844"/>
    
  
  </node>
  
  
  <node id="1270012387" version="1" lat="35.64850324461" lon="128.39934864966">
    
    
    <tag k="ele" v="47.24708379985"/>
    
  
  </node>
  
  
  <node id="1270012388" version="1" lat="35.64852124921" lon="128.39937339241">
    
    
    <tag k="ele" v="47.289"/>
    
  
  </node>
  
  
  <node id="1270012389" version="1" lat="35.64852150332" lon="128.39937374385">
    
    
    <tag k="ele" v="47.289"/>
    
  
  </node>
  
  
  <node id="1270012390" version="1" lat="35.64853954375" lon="128.39939844217">
    
    
    <tag k="ele" v="47.24722295921"/>
    
  
  </node>
  
  
  <node id="1270012391" version="1" lat="35.64855253877" lon="128.39941625495">
    
    
    <tag k="ele" v="47.21512632213"/>
    
  
  </node>
  
  
  <node id="1270012393" version="1" lat="35.64847886274" lon="128.39934814758">
    
    
    <tag k="ele" v="47.2036161415"/>
    
  
  </node>
  
  
  <node id="1270012394" version="1" lat="35.64848954397" lon="128.39936284175">
    
    
    <tag k="ele" v="47.24653531719"/>
    
  
  </node>
  
  
  <node id="1270012395" version="1" lat="35.64850753055" lon="128.39938758463">
    
    
    <tag k="ele" v="47.279"/>
    
  
  </node>
  
  
  <node id="1270012396" version="1" lat="35.6485109426" lon="128.39939225192">
    
    
    <tag k="ele" v="47.29446340782"/>
    
  
  </node>
  
  
  <node id="1270012397" version="1" lat="35.64852897401" lon="128.3994169503">
    
    
    <tag k="ele" v="47.23612534798"/>
    
  
  </node>
  
  
  <node id="1270012398" version="1" lat="35.64854197809" lon="128.39943477407">
    
    
    <tag k="ele" v="47.20515948776"/>
    
  
  </node>
  
  
  <node id="1270012400" version="1" lat="35.64852883062" lon="128.39944964661">
    
    
    <tag k="ele" v="47.20479812439"/>
    
  
  </node>
  
  
  <node id="1270012401" version="1" lat="35.64851609999" lon="128.39943243915">
    
    
    <tag k="ele" v="47.23296871683"/>
    
  
  </node>
  
  
  <node id="1270012402" version="1" lat="35.64851277861" lon="128.3994278816">
    
    
    <tag k="ele" v="47.24056247717"/>
    
  
  </node>
  
  
  <node id="1270012403" version="1" lat="35.64849476517" lon="128.39940317204">
    
    
    <tag k="ele" v="47.269"/>
    
  
  </node>
  
  
  <node id="1270012404" version="1" lat="35.64849192475" lon="128.3993992734">
    
    
    <tag k="ele" v="47.25074722819"/>
    
  
  </node>
  
  
  <node id="1270012405" version="1" lat="35.64847390235" lon="128.39937457496">
    
    
    <tag k="ele" v="47.20032237995"/>
    
  
  </node>
  
  
  <node id="1270012406" version="1" lat="35.64846569763" lon="128.39936309755">
    
    
    <tag k="ele" v="47.20138580892"/>
    
  
  </node>
  
  
  <node id="1270012408" version="1" lat="35.64868545542" lon="128.3993958262">
    
    
    <tag k="ele" v="47.10867203005"/>
    
  
  </node>
  
  
  <node id="1270012409" version="1" lat="35.64866573161" lon="128.39941671067">
    
    
    <tag k="ele" v="47.1177001732"/>
    
  
  </node>
  
  
  <node id="1270012410" version="1" lat="35.64865101055" lon="128.39943231274">
    
    
    <tag k="ele" v="47.11111972461"/>
    
  
  </node>
  
  
  <node id="1270012412" version="1" lat="35.64863928354" lon="128.39941574922">
    
    
    <tag k="ele" v="47.14386434089"/>
    
  
  </node>
  
  
  <node id="1270012413" version="1" lat="35.64865629097" lon="128.39939776705">
    
    
    <tag k="ele" v="47.15378632345"/>
    
  
  </node>
  
  
  <node id="1270012414" version="1" lat="35.64867346023" lon="128.39937970637">
    
    
    <tag k="ele" v="47.12473279288"/>
    
  
  </node>
  
  
  <node id="1270012415" version="1" lat="35.64867346023" lon="128.39937970637">
    
    
    <tag k="ele" v="47.12473279288"/>
    
  
  </node>
  
  
  <node id="1270012417" version="1" lat="35.64864850953" lon="128.3994350257">
    
    
    <tag k="ele" v="47.09478112533"/>
    
  
  </node>
  
  
  <node id="1270012418" version="1" lat="35.64866800084" lon="128.39941450737">
    
    
    <tag k="ele" v="47.12702779834"/>
    
  
  </node>
  
  
  <node id="1270012419" version="1" lat="35.64868853234" lon="128.39939293226">
    
    
    <tag k="ele" v="47.11821428917"/>
    
  
  </node>
  
  
  <node id="1270012421" version="1" lat="35.64870043861" lon="128.39940929568">
    
    
    <tag k="ele" v="47.08866887081"/>
    
  
  </node>
  
  
  <node id="1270012422" version="1" lat="35.64868113574" lon="128.39942964698">
    
    
    <tag k="ele" v="47.1249693498"/>
    
  
  </node>
  
  
  <node id="1270012423" version="1" lat="35.64866064061" lon="128.39945128806">
    
    
    <tag k="ele" v="47.0550204587"/>
    
  
  </node>
  
  
  <node id="1270012424" version="1" lat="35.64866064061" lon="128.39945128806">
    
    
    <tag k="ele" v="47.0550204587"/>
    
  
  </node>
  
  
  <node id="1270012426" version="1" lat="35.64763974064" lon="128.40012693758">
    
    
    <tag k="ele" v="47.24734132375"/>
    
  
  </node>
  
  
  <node id="1270012427" version="1" lat="35.64765911133" lon="128.40010570286">
    
    
    <tag k="ele" v="47.27893718018"/>
    
  
  </node>
  
  
  <node id="1270012428" version="1" lat="35.64767253878" lon="128.40009092787">
    
    
    <tag k="ele" v="47.27577520099"/>
    
  
  </node>
  
  
  <node id="1270012430" version="1" lat="35.64768459712" lon="128.40010708027">
    
    
    <tag k="ele" v="47.23385402624"/>
    
  
  </node>
  
  
  <node id="1270012431" version="1" lat="35.64766977227" lon="128.40012357718">
    
    
    <tag k="ele" v="47.29187620104"/>
    
  
  </node>
  
  
  <node id="1270012432" version="1" lat="35.64765184409" lon="128.40014310067">
    
    
    <tag k="ele" v="47.24390897522"/>
    
  
  </node>
  
  
  <node id="1270012434" version="1" lat="35.64786100171" lon="128.40018647747">
    
    
    <tag k="ele" v="47.16532116133"/>
    
  
  </node>
  
  
  <node id="1270012435" version="1" lat="35.64785417025" lon="128.40017746317">
    
    
    <tag k="ele" v="47.22942198338"/>
    
  
  </node>
  
  
  <node id="1270012436" version="1" lat="35.64783576257" lon="128.40015318722">
    
    
    <tag k="ele" v="47.28380199254"/>
    
  
  </node>
  
  
  <node id="1270012437" version="1" lat="35.64782832359" lon="128.40014343766">
    
    
    <tag k="ele" v="47.31727573537"/>
    
  
  </node>
  
  
  <node id="1270012438" version="1" lat="35.64780986215" lon="128.40011922837">
    
    
    <tag k="ele" v="47.2848148461"/>
    
  
  </node>
  
  
  <node id="1270012439" version="1" lat="35.64779642667" lon="128.40010162872">
    
    
    <tag k="ele" v="47.22554279253"/>
    
  
  </node>
  
  
  <node id="1270012441" version="1" lat="35.64780991858" lon="128.40008712928">
    
    
    <tag k="ele" v="47.1896028054"/>
    
  
  </node>
  
  
  <node id="1270012442" version="1" lat="35.64782628419" lon="128.40010854959">
    
    
    <tag k="ele" v="47.26225209343"/>
    
  
  </node>
  
  
  <node id="1270012443" version="1" lat="35.6478447636" lon="128.4001327477">
    
    
    <tag k="ele" v="47.299"/>
    
  
  </node>
  
  
  <node id="1270012444" version="1" lat="35.64784809281" lon="128.4001370733">
    
    
    <tag k="ele" v="47.27535345007"/>
    
  
  </node>
  
  
  <node id="1270012445" version="1" lat="35.64786663491" lon="128.40016119366">
    
    
    <tag k="ele" v="47.22404780779"/>
    
  
  </node>
  
  
  <node id="1270012446" version="1" lat="35.64787439185" lon="128.40017144878">
    
    
    <tag k="ele" v="47.21592209973"/>
    
  
  </node>
  
  
  <node id="1270012448" version="1" lat="35.64785016148" lon="128.40020498737">
    
    
    <tag k="ele" v="47.189"/>
    
  
  </node>
  
  
  <node id="1270012449" version="1" lat="35.64783635442" lon="128.40018697088">
    
    
    <tag k="ele" v="47.24695544424"/>
    
  
  </node>
  
  
  <node id="1270012450" version="1" lat="35.64781785721" lon="128.40016281707">
    
    
    <tag k="ele" v="47.28128224597"/>
    
  
  </node>
  
  
  <node id="1270012451" version="1" lat="35.6478174399" lon="128.40016226809">
    
    
    <tag k="ele" v="47.299"/>
    
  
  </node>
  
  
  <node id="1270012452" version="1" lat="35.64779904117" lon="128.40013798105">
    
    
    <tag k="ele" v="47.28000998834"/>
    
  
  </node>
  
  
  <node id="1270012453" version="1" lat="35.64778550523" lon="128.40012011714">
    
    
    <tag k="ele" v="47.21946771226"/>
    
  
  </node>
  
  
  <node id="1270012455" version="1" lat="35.64779930262" lon="128.40010542771">
    
    
    <tag k="ele" v="47.233"/>
    
  
  </node>
  
  
  <node id="1270012456" version="1" lat="35.64781238431" lon="128.40012256624">
    
    
    <tag k="ele" v="47.26740336231"/>
    
  
  </node>
  
  
  <node id="1270012457" version="1" lat="35.64783086377" lon="128.40014677539">
    
    
    <tag k="ele" v="47.31029733725"/>
    
  
  </node>
  
  
  <node id="1270012458" version="1" lat="35.64784934323" lon="128.40017098455">
    
    
    <tag k="ele" v="47.18707703392"/>
    
  
  </node>
  
  
  <node id="1270012459" version="1" lat="35.64785040471" lon="128.40017238998">
    
    
    <tag k="ele" v="47.23441629548"/>
    
  
  </node>
  
  
  <node id="1270012460" version="1" lat="35.64786367796" lon="128.40018999086">
    
    
    <tag k="ele" v="47.18954936311"/>
    
  
  </node>
  
  
  <node id="1270012462" version="1" lat="35.64765480387" lon="128.40014020767">
    
    
    <tag k="ele" v="47.2536171513"/>
    
  
  </node>
  
  
  <node id="1270012463" version="1" lat="35.6476678101" lon="128.40012591064">
    
    
    <tag k="ele" v="47.30038544528"/>
    
  
  </node>
  
  
  <node id="1270012464" version="1" lat="35.64768795158" lon="128.40010380889">
    
    
    <tag k="ele" v="47.23394979695"/>
    
  
  </node>
  
  
  <node id="1270012465" version="1" lat="35.64768795158" lon="128.40010380889">
    
    
    <tag k="ele" v="47.23394979695"/>
    
  
  </node>
  
  
  <node id="1270012467" version="1" lat="35.6477002006" lon="128.40012024695">
    
    
    <tag k="ele" v="47.23059368567"/>
    
  
  </node>
  
  
  <node id="1270012468" version="1" lat="35.64768353657" lon="128.40013843597">
    
    
    <tag k="ele" v="47.31305627116"/>
    
  
  </node>
  
  
  <node id="1270012469" version="1" lat="35.64766708807" lon="128.4001564688">
    
    
    <tag k="ele" v="47.26627429094"/>
    
  
  </node>
  
  
  <node id="1270012471" version="1" lat="35.64686792691" lon="128.40108829155">
    
    
    <tag k="ele" v="47.28111515584"/>
    
  
  </node>
  
  
  <node id="1270012472" version="1" lat="35.6468422485" lon="128.40108986342">
    
    
    <tag k="ele" v="47.27941528926"/>
    
  
  </node>
  
  
  <node id="1270012473" version="1" lat="35.64681524572" lon="128.4010915335">
    
    
    <tag k="ele" v="47.23269941532"/>
    
  
  </node>
  
  
  <node id="1270012474" version="1" lat="35.64681524572" lon="128.4010915335">
    
    
    <tag k="ele" v="47.23269941532"/>
    
  
  </node>
  
  
  <node id="1270012476" version="1" lat="35.64681481146" lon="128.40106945331">
    
    
    <tag k="ele" v="47.22791070784"/>
    
  
  </node>
  
  
  <node id="1270012477" version="1" lat="35.6468402745" lon="128.40106807075">
    
    
    <tag k="ele" v="47.28384189703"/>
    
  
  </node>
  
  
  <node id="1270012478" version="1" lat="35.64686729641" lon="128.40106662135">
    
    
    <tag k="ele" v="47.28090987499"/>
    
  
  </node>
  
  
  <node id="1270012480" version="1" lat="35.64691695118" lon="128.40102750528">
    
    
    <tag k="ele" v="47.1560718069"/>
    
  
  </node>
  
  
  <node id="1270012481" version="1" lat="35.64691197259" lon="128.40104672194">
    
    
    <tag k="ele" v="47.19839548104"/>
    
  
  </node>
  
  
  <node id="1270012482" version="1" lat="35.64690860817" lon="128.40106068172">
    
    
    <tag k="ele" v="47.22686313231"/>
    
  
  </node>
  
  
  <node id="1270012484" version="1" lat="35.64689137961" lon="128.40105418527">
    
    
    <tag k="ele" v="47.219"/>
    
  
  </node>
  
  
  <node id="1270012485" version="1" lat="35.64689244612" lon="128.40104935207">
    
    
    <tag k="ele" v="47.18441400623"/>
    
  
  </node>
  
  
  <node id="1270012486" version="1" lat="35.64689596287" lon="128.40103521449">
    
    
    <tag k="ele" v="47.21371261242"/>
    
  
  </node>
  
  
  <node id="1270012487" version="1" lat="35.64689968668" lon="128.4010210312">
    
    
    <tag k="ele" v="47.2159427326"/>
    
  
  </node>
  
  
  <node id="1270012488" version="1" lat="35.64689968668" lon="128.4010210312">
    
    
    <tag k="ele" v="47.2159427326"/>
    
  
  </node>
  
  
  <node id="1270012490" version="1" lat="35.64693522843" lon="128.40102921283">
    
    
    <tag k="ele" v="47.159"/>
    
  
  </node>
  
  
  <node id="1270012491" version="1" lat="35.64693476847" lon="128.40103096085">
    
    
    <tag k="ele" v="47.16900000761"/>
    
  
  </node>
  
  
  <node id="1270012492" version="1" lat="35.64692650751" lon="128.40106251355">
    
    
    <tag k="ele" v="47.19864157599"/>
    
  
  </node>
  
  
  <node id="1270012494" version="1" lat="35.6469098647" lon="128.40105600168">
    
    
    <tag k="ele" v="47.18665562971"/>
    
  
  </node>
  
  
  <node id="1270012495" version="1" lat="35.64691375861" lon="128.4010397744">
    
    
    <tag k="ele" v="47.16408653497"/>
    
  
  </node>
  
  
  <node id="1270012496" version="1" lat="35.64691811995" lon="128.4010233007">
    
    
    <tag k="ele" v="47.169"/>
    
  
  </node>
  
  
  <node id="1270012498" version="1" lat="35.64681915786" lon="128.40109165889">
    
    
    <tag k="ele" v="47.23962391506"/>
    
  
  </node>
  
  
  <node id="1270012499" version="1" lat="35.64684491666" lon="128.40108994288">
    
    
    <tag k="ele" v="47.28436001048"/>
    
  
  </node>
  
  
  <node id="1270012500" version="1" lat="35.64687192791" lon="128.40108816231">
    
    
    <tag k="ele" v="47.25170629179"/>
    
  
  </node>
  
  
  <node id="1270012502" version="1" lat="35.64687271337" lon="128.4011101847">
    
    
    <tag k="ele" v="47.25511645981"/>
    
  
  </node>
  
  
  <node id="1270012503" version="1" lat="35.64684754817" lon="128.40111165335">
    
    
    <tag k="ele" v="47.27416612839"/>
    
  
  </node>
  
  
  <node id="1270012504" version="1" lat="35.64684699853" lon="128.40111167954">
    
    
    <tag k="ele" v="47.27118589421"/>
    
  
  </node>
  
  
  <node id="1270012505" version="1" lat="35.64681998667" lon="128.40111333864">
    
    
    <tag k="ele" v="47.23905421226"/>
    
  
  </node>
  
  
  <node id="1270012506" version="1" lat="35.64681998667" lon="128.40111333864">
    
    
    <tag k="ele" v="47.23905421226"/>
    
  
  </node>
  
  
  <node id="1270012508" version="1" lat="35.64691750643" lon="128.40111560313">
    
    
    <tag k="ele" v="47.22572838546"/>
    
  
  </node>
  
  
  <node id="1270012509" version="1" lat="35.64691949305" lon="128.40111818312">
    
    
    <tag k="ele" v="47.219"/>
    
  
  </node>
  
  
  <node id="1270012510" version="1" lat="35.64692256812" lon="128.40112215727">
    
    
    <tag k="ele" v="47.21843323123"/>
    
  
  </node>
  
  
  <node id="1270012511" version="1" lat="35.64694111904" lon="128.40114627752">
    
    
    <tag k="ele" v="47.23934918442"/>
    
  
  </node>
  
  
  <node id="1270012512" version="1" lat="35.64694414811" lon="128.40115006432">
    
    
    <tag k="ele" v="47.2404947628"/>
    
  
  </node>
  
  
  <node id="1270012513" version="1" lat="35.64696303952" lon="128.40117378453">
    
    
    <tag k="ele" v="47.19866181939"/>
    
  
  </node>
  
  
  <node id="1270012514" version="1" lat="35.64697652035" lon="128.40119147218">
    
    
    <tag k="ele" v="47.1636191842"/>
    
  
  </node>
  
  
  <node id="1270012516" version="1" lat="35.64696313788" lon="128.40120625756">
    
    
    <tag k="ele" v="47.149"/>
    
  
  </node>
  
  
  <node id="1270012517" version="1" lat="35.64696223995" lon="128.40120511592">
    
    
    <tag k="ele" v="47.14923118958"/>
    
  
  </node>
  
  
  <node id="1270012518" version="1" lat="35.64694353676" lon="128.40118118449">
    
    
    <tag k="ele" v="47.22201407323"/>
    
  
  </node>
  
  
  <node id="1270012519" version="1" lat="35.6469248156" lon="128.40115726426">
    
    
    <tag k="ele" v="47.24000766018"/>
    
  
  </node>
  
  
  <node id="1270012520" version="1" lat="35.6469061035" lon="128.40113335501">
    
    
    <tag k="ele" v="47.23226494228"/>
    
  
  </node>
  
  
  <node id="1270012521" version="1" lat="35.64690412645" lon="128.40113088538">
    
    
    <tag k="ele" v="47.21641006294"/>
    
  
  </node>
  
  
  <node id="1270012523" version="1" lat="35.64695275849" lon="128.40122503971">
    
    
    <tag k="ele" v="47.13056543651"/>
    
  
  </node>
  
  
  <node id="1270012524" version="1" lat="35.64693406421" lon="128.40120108614">
    
    
    <tag k="ele" v="47.20024755404"/>
    
  
  </node>
  
  
  <node id="1270012525" version="1" lat="35.64691537894" lon="128.40117713251">
    
    
    <tag k="ele" v="47.22294681658"/>
    
  
  </node>
  
  
  <node id="1270012526" version="1" lat="35.64691461701" lon="128.40117615548">
    
    
    <tag k="ele" v="47.229"/>
    
  
  </node>
  
  
  <node id="1270012527" version="1" lat="35.64689926992" lon="128.4011565274">
    
    
    <tag k="ele" v="47.24040162947"/>
    
  
  </node>
  
  
  <node id="1270012529" version="1" lat="35.64691211229" lon="128.40114187855">
    
    
    <tag k="ele" v="47.22315573423"/>
    
  
  </node>
  
  
  <node id="1270012530" version="1" lat="35.64693094095" lon="128.40116566548">
    
    
    <tag k="ele" v="47.23033612595"/>
    
  
  </node>
  
  
  <node id="1270012531" version="1" lat="35.6469497696" lon="128.40118945241">
    
    
    <tag k="ele" v="47.19679607153"/>
    
  
  </node>
  
  
  <node id="1270012532" version="1" lat="35.64696586823" lon="128.40120978158">
    
    
    <tag k="ele" v="47.1387684653"/>
    
  
  </node>
  
  
  <node id="1270012534" version="1" lat="35.64771482527" lon="128.40036941827">
    
    
    <tag k="ele" v="47.189"/>
    
  
  </node>
  
  
  <node id="1270012535" version="1" lat="35.64771390886" lon="128.40036818843">
    
    
    <tag k="ele" v="47.20580697835"/>
    
  
  </node>
  
  
  <node id="1270012536" version="1" lat="35.64769561771" lon="128.4003437791">
    
    
    <tag k="ele" v="47.24617817039"/>
    
  
  </node>
  
  
  <node id="1270012537" version="1" lat="35.64767732651" lon="128.40031935875">
    
    
    <tag k="ele" v="47.27495251423"/>
    
  
  </node>
  
  
  <node id="1270012538" version="1" lat="35.64765903535" lon="128.40029494944">
    
    
    <tag k="ele" v="47.30072905758"/>
    
  
  </node>
  
  
  <node id="1270012539" version="1" lat="35.64764075326" lon="128.40027055113">
    
    
    <tag k="ele" v="47.22013613119"/>
    
  
  </node>
  
  
  <node id="1270012541" version="1" lat="35.6476543785" lon="128.40025567532">
    
    
    <tag k="ele" v="47.249"/>
    
  
  </node>
  
  
  <node id="1270012542" version="1" lat="35.64765519506" lon="128.40025676235">
    
    
    <tag k="ele" v="47.23992932102"/>
    
  
  </node>
  
  
  <node id="1270012543" version="1" lat="35.64767344143" lon="128.40028122719">
    
    
    <tag k="ele" v="47.28306712479"/>
    
  
  </node>
  
  
  <node id="1270012544" version="1" lat="35.6476916878" lon="128.40030569204">
    
    
    <tag k="ele" v="47.29649826046"/>
    
  
  </node>
  
  
  <node id="1270012545" version="1" lat="35.64770993417" lon="128.4003301569">
    
    
    <tag k="ele" v="47.25741216662"/>
    
  
  </node>
  
  
  <node id="1270012546" version="1" lat="35.64772818954" lon="128.4003546217">
    
    
    <tag k="ele" v="47.2123669748"/>
    
  
  </node>
  
  
  <node id="1270012548" version="1" lat="35.64764366641" lon="128.40027458171">
    
    
    <tag k="ele" v="47.22648395745"/>
    
  
  </node>
  
  
  <node id="1270012549" version="1" lat="35.64766195751" lon="128.40029897996">
    
    
    <tag k="ele" v="47.28642563214"/>
    
  
  </node>
  
  
  <node id="1270012550" version="1" lat="35.64768024861" lon="128.40032337822">
    
    
    <tag k="ele" v="47.29774795637"/>
    
  
  </node>
  
  
  <node id="1270012551" version="1" lat="35.64769854877" lon="128.40034778747">
    
    
    <tag k="ele" v="47.25207774335"/>
    
  
  </node>
  
  
  <node id="1270012552" version="1" lat="35.64771684893" lon="128.40037219673">
    
    
    <tag k="ele" v="47.189"/>
    
  
  </node>
  
  
  <node id="1270012553" version="1" lat="35.64771757481" lon="128.40037317403">
    
    
    <tag k="ele" v="47.18937163451"/>
    
  
  </node>
  
  
  <node id="1270012555" version="1" lat="35.64770418427" lon="128.40038812537">
    
    
    <tag k="ele" v="47.17077870304"/>
    
  
  </node>
  
  
  <node id="1270012556" version="1" lat="35.64768594687" lon="128.40036364939">
    
    
    <tag k="ele" v="47.23083991544"/>
    
  
  </node>
  
  
  <node id="1270012557" version="1" lat="35.64766770051" lon="128.40033918453">
    
    
    <tag k="ele" v="47.29220940009"/>
    
  
  </node>
  
  
  <node id="1270012558" version="1" lat="35.6476494631" lon="128.40031470857">
    
    
    <tag k="ele" v="47.27372502345"/>
    
  
  </node>
  
  
  <node id="1270012559" version="1" lat="35.64763121673" lon="128.40029024374">
    
    
    <tag k="ele" v="47.219"/>
    
  
  </node>
  
  
  <node id="1270012560" version="1" lat="35.64763050904" lon="128.40028929943">
    
    
    <tag k="ele" v="47.20348196981"/>
    
  
  </node>
  
  
  <node id="1270012562" version="1" lat="35.64787049548" lon="128.40034100365">
    
    
    <tag k="ele" v="47.03802492619"/>
    
  
  </node>
  
  
  <node id="1270012563" version="1" lat="35.64785114387" lon="128.40036245906">
    
    
    <tag k="ele" v="47.06791982931"/>
    
  
  </node>
  
  
  <node id="1270012564" version="1" lat="35.64783105302" lon="128.40038387582">
    
    
    <tag k="ele" v="47.03872008749"/>
    
  
  </node>
  
  
  <node id="1270012566" version="1" lat="35.64781900252" lon="128.40036748037">
    
    
    <tag k="ele" v="47.06373153137"/>
    
  
  </node>
  
  
  <node id="1270012567" version="1" lat="35.64783916216" lon="128.40034540059">
    
    
    <tag k="ele" v="47.1006643881"/>
    
  
  </node>
  
  
  <node id="1270012568" version="1" lat="35.64785814773" lon="128.40032464355">
    
    
    <tag k="ele" v="47.07856245944"/>
    
  
  </node>
  
  
  <node id="1270012570" version="1" lat="35.64780899391" lon="128.40034847484">
    
    
    <tag k="ele" v="47.08909439203"/>
    
  
  </node>
  
  
  <node id="1270012571" version="1" lat="35.64782651992" lon="128.40032962792">
    
    
    <tag k="ele" v="47.11900000567"/>
    
  
  </node>
  
  
  <node id="1270012572" version="1" lat="35.64784307605" lon="128.40031148387">
    
    
    <tag k="ele" v="47.11997359766"/>
    
  
  </node>
  
  
  <node id="1270012574" version="1" lat="35.64785513425" lon="128.40032761425">
    
    
    <tag k="ele" v="47.08788680918"/>
    
  
  </node>
  
  
  <node id="1270012575" version="1" lat="35.64783584336" lon="128.40034859441">
    
    
    <tag k="ele" v="47.11397109551"/>
    
  
  </node>
  
  
  <node id="1270012576" version="1" lat="35.64782123186" lon="128.4003645045">
    
    
    <tag k="ele" v="47.03837999563"/>
    
  
  </node>
  
  
  <node id="1270012578" version="1" lat="35.64684269349" lon="128.401993835">
    
    
    <tag k="ele" v="46.90222747778"/>
    
  
  </node>
  
  
  <node id="1270012579" version="1" lat="35.64683082799" lon="128.40200739432">
    
    
    <tag k="ele" v="46.9210165857"/>
    
  
  </node>
  
  
  <node id="1270012580" version="1" lat="35.64682140009" lon="128.40201816401">
    
    
    <tag k="ele" v="46.95067195373"/>
    
  
  </node>
  
  
  <node id="1270012581" version="1" lat="35.64680962421" lon="128.40203162329">
    
    
    <tag k="ele" v="46.91845336128"/>
    
  
  </node>
  
  
  <node id="1270012583" version="1" lat="35.64679737637" lon="128.40201537281">
    
    
    <tag k="ele" v="46.92124781608"/>
    
  
  </node>
  
  
  <node id="1270012584" version="1" lat="35.64680918698" lon="128.40200164827">
    
    
    <tag k="ele" v="46.94986530506"/>
    
  
  </node>
  
  
  <node id="1270012585" version="1" lat="35.64681821965" lon="128.40199114654">
    
    
    <tag k="ele" v="46.949"/>
    
  
  </node>
  
  
  <node id="1270012586" version="1" lat="35.64683008406" lon="128.40197736638">
    
    
    <tag k="ele" v="46.90417661004"/>
    
  
  </node>
  
  
  <node id="1270012588" version="1" lat="35.6468197386" lon="128.40213734969">
    
    
    <tag k="ele" v="46.9207874471"/>
    
  
  </node>
  
  
  <node id="1270012589" version="1" lat="35.64683080588" lon="128.40215180918">
    
    
    <tag k="ele" v="46.96900000436"/>
    
  
  </node>
  
  
  <node id="1270012590" version="1" lat="35.6468395236" lon="128.4021631945">
    
    
    <tag k="ele" v="46.95401774058"/>
    
  
  </node>
  
  
  <node id="1270012591" version="1" lat="35.64685090834" lon="128.40217806017">
    
    
    <tag k="ele" v="46.90906551836"/>
    
  
  </node>
  
  
  <node id="1270012593" version="1" lat="35.64683638611" lon="128.40219384761">
    
    
    <tag k="ele" v="46.91960425845"/>
    
  
  </node>
  
  
  <node id="1270012594" version="1" lat="35.64682580594" lon="128.40217947282">
    
    
    <tag k="ele" v="46.96375612367"/>
    
  
  </node>
  
  
  <node id="1270012595" version="1" lat="35.64681687721" lon="128.40216733824">
    
    
    <tag k="ele" v="46.8158534497"/>
    
  
  </node>
  
  
  <node id="1270012596" version="1" lat="35.64680616993" lon="128.40215277669">
    
    
    <tag k="ele" v="46.93301943895"/>
    
  
  </node>
  
  
  <node id="1270012597" version="1" lat="35.64851569959" lon="128.39936151197">
    
    
    <tag k="ele" v="52.89438688432"/>
    
  
  </node>
  
  
  <node id="1270012598" version="1" lat="35.64850774643" lon="128.39934921994">
    
    
    <tag k="ele" v="52.89438688432"/>
    
  
  </node>
  
  
  <node id="1270012600" version="1" lat="35.64849916905" lon="128.39933596317">
    
    
    <tag k="ele" v="52.8995652058"/>
    
  
  </node>
  
  
  <node id="1270012601" version="1" lat="35.64849121588" lon="128.39932367115">
    
    
    <tag k="ele" v="52.8995652058"/>
    
  
  </node>
  
  
  <node id="1270012604" version="1" lat="35.64851569462" lon="128.3993590148">
    
    
    <tag k="color" v="red"/>
    
    
    <tag k="ele" v="53.07188688432"/>
    
  
  </node>
  
  
  <node id="1270012605" version="1" lat="35.64851370633" lon="128.3993559418">
    
    
    <tag k="color" v="yellow"/>
    
    
    <tag k="ele" v="53.07188688432"/>
    
  
  </node>
  
  
  <node id="1270012606" version="1" lat="35.64851171804" lon="128.39935286879">
    
    
    <tag k="arrow" v="left"/>
    
    
    <tag k="color" v="green"/>
    
    
    <tag k="ele" v="53.07188688432"/>
    
  
  </node>
  
  
  <node id="1270012607" version="1" lat="35.64850972975" lon="128.39934979578">
    
    
    <tag k="color" v="green"/>
    
    
    <tag k="ele" v="53.07188688432"/>
    
  
  </node>
  
  
  <node id="1270012610" version="1" lat="35.64849916408" lon="128.39933346601">
    
    
    <tag k="color" v="red"/>
    
    
    <tag k="ele" v="53.0770652058"/>
    
  
  </node>
  
  
  <node id="1270012611" version="1" lat="35.64849717579" lon="128.399330393">
    
    
    <tag k="color" v="yellow"/>
    
    
    <tag k="ele" v="53.0770652058"/>
    
  
  </node>
  
  
  <node id="1270012612" version="1" lat="35.6484951875" lon="128.39932732">
    
    
    <tag k="arrow" v="left"/>
    
    
    <tag k="color" v="green"/>
    
    
    <tag k="ele" v="53.0770652058"/>
    
  
  </node>
  
  
  <node id="1270012613" version="1" lat="35.6484931992" lon="128.39932424699">
    
    
    <tag k="color" v="green"/>
    
    
    <tag k="ele" v="53.0770652058"/>
    
  
  </node>
  
  
  <node id="1270012615" version="1" lat="35.64869378248" lon="128.39917704439">
    
    
    <tag k="ele" v="47.279"/>
    
  
  </node>
  
  
  <node id="1270012616" version="1" lat="35.64867685039" lon="128.39915411553">
    
    
    <tag k="ele" v="47.24393663122"/>
    
  
  </node>
  
  
  <node id="1270012617" version="1" lat="35.64867369265" lon="128.39914984385">
    
    
    <tag k="ele" v="47.23272811098"/>
    
  
  </node>
  
  
  <node id="1270012618" version="1" lat="35.64865474389" lon="128.39912373898">
    
    
    <tag k="ele" v="47.16694587887"/>
    
  
  </node>
  
  
  <node id="1270012620" version="1" lat="35.64863982754" lon="128.39927264679">
    
    
    <tag k="ele" v="52.86406807361"/>
    
  
  </node>
  
  
  <node id="1270012621" version="1" lat="35.64864863484" lon="128.39928403128">
    
    
    <tag k="ele" v="52.86406807361"/>
    
  
  </node>
  
  
  <node id="1270012623" version="1" lat="35.64865715351" lon="128.3992950427">
    
    
    <tag k="ele" v="52.89836082819"/>
    
  
  </node>
  
  
  <node id="1270012624" version="1" lat="35.64866596081" lon="128.39930642719">
    
    
    <tag k="ele" v="52.89836082819"/>
    
  
  </node>
  
  
  <node id="1270012627" version="1" lat="35.64864001231" lon="128.39927513368">
    
    
    <tag k="color" v="red"/>
    
    
    <tag k="ele" v="53.04156807361"/>
    
  
  </node>
  
  
  <node id="1270012628" version="1" lat="35.64864221414" lon="128.39927797981">
    
    
    <tag k="color" v="yellow"/>
    
    
    <tag k="ele" v="53.04156807361"/>
    
  
  </node>
  
  
  <node id="1270012629" version="1" lat="35.64864441596" lon="128.39928082593">
    
    
    <tag k="arrow" v="left"/>
    
    
    <tag k="color" v="green"/>
    
    
    <tag k="ele" v="53.04156807361"/>
    
  
  </node>
  
  
  <node id="1270012630" version="1" lat="35.64864661778" lon="128.39928367205">
    
    
    <tag k="color" v="green"/>
    
    
    <tag k="ele" v="53.04156807361"/>
    
  
  </node>
  
  
  <node id="1270012633" version="1" lat="35.64865733828" lon="128.39929752959">
    
    
    <tag k="color" v="red"/>
    
    
    <tag k="ele" v="53.07586082819"/>
    
  
  </node>
  
  
  <node id="1270012634" version="1" lat="35.64865954011" lon="128.39930037572">
    
    
    <tag k="color" v="yellow"/>
    
    
    <tag k="ele" v="53.07586082819"/>
    
  
  </node>
  
  
  <node id="1270012635" version="1" lat="35.64866174193" lon="128.39930322184">
    
    
    <tag k="arrow" v="left"/>
    
    
    <tag k="color" v="green"/>
    
    
    <tag k="ele" v="53.07586082819"/>
    
  
  </node>
  
  
  <node id="1270012636" version="1" lat="35.64866394375" lon="128.39930606796">
    
    
    <tag k="color" v="green"/>
    
    
    <tag k="ele" v="53.07586082819"/>
    
  
  </node>
  
  
  <node id="1270012638" version="1" lat="35.6484769252" lon="128.39942770827">
    
    
    <tag k="ele" v="47.26643030534"/>
    
  
  </node>
  
  
  <node id="1270012639" version="1" lat="35.64849432627" lon="128.39945071091">
    
    
    <tag k="ele" v="47.23801669688"/>
    
  
  </node>
  
  
  <node id="1270012640" version="1" lat="35.64851502942" lon="128.3994780173">
    
    
    <tag k="ele" v="47.16671798936"/>
    
  
  </node>
  
  
  <node id="1270012641" version="1" lat="35.64851645361" lon="128.39947986169">
    
    
    <tag k="ele" v="47.22627740564"/>
    
  
  </node>
  
  
  <node id="1270012643" version="1" lat="35.64782505333" lon="128.40032280086">
    
    
    <tag k="ele" v="52.95599697717"/>
    
  
  </node>
  
  
  <node id="1270012644" version="1" lat="35.6478162225" lon="128.40033415784">
    
    
    <tag k="ele" v="52.95599697717"/>
    
  
  </node>
  
  
  <node id="1270012646" version="1" lat="35.64781294568" lon="128.40033837203">
    
    
    <tag k="ele" v="53.05201347636"/>
    
  
  </node>
  
  
  <node id="1270012647" version="1" lat="35.64780411485" lon="128.40034972901">
    
    
    <tag k="ele" v="53.05201347636"/>
    
  
  </node>
  
  
  <node id="1270012650" version="1" lat="35.64782303554" lon="128.40032315382">
    
    
    <tag k="color" v="red"/>
    
    
    <tag k="ele" v="53.13349697717"/>
    
  
  </node>
  
  
  <node id="1270012651" version="1" lat="35.64782082783" lon="128.40032599307">
    
    
    <tag k="color" v="yellow"/>
    
    
    <tag k="ele" v="53.13349697717"/>
    
  
  </node>
  
  
  <node id="1270012652" version="1" lat="35.64781862013" lon="128.40032883231">
    
    
    <tag k="arrow" v="left"/>
    
    
    <tag k="color" v="green"/>
    
    
    <tag k="ele" v="53.13349697717"/>
    
  
  </node>
  
  
  <node id="1270012653" version="1" lat="35.64781641242" lon="128.40033167156">
    
    
    <tag k="color" v="green"/>
    
    
    <tag k="ele" v="53.13349697717"/>
    
  
  </node>
  
  
  <node id="1270012656" version="1" lat="35.64781092789" lon="128.40033872499">
    
    
    <tag k="color" v="red"/>
    
    
    <tag k="ele" v="53.22951347636"/>
    
  
  </node>
  
  
  <node id="1270012657" version="1" lat="35.64780872018" lon="128.40034156423">
    
    
    <tag k="color" v="yellow"/>
    
    
    <tag k="ele" v="53.22951347636"/>
    
  
  </node>
  
  
  <node id="1270012658" version="1" lat="35.64780651247" lon="128.40034440348">
    
    
    <tag k="arrow" v="left"/>
    
    
    <tag k="color" v="green"/>
    
    
    <tag k="ele" v="53.22951347636"/>
    
  
  </node>
  
  
  <node id="1270012659" version="1" lat="35.64780430477" lon="128.40034724272">
    
    
    <tag k="color" v="green"/>
    
    
    <tag k="ele" v="53.22951347636"/>
    
  
  </node>
  
  
  <node id="1270012661" version="1" lat="35.64763891137" lon="128.40007987244">
    
    
    <tag k="ele" v="47.27077321395"/>
    
  
  </node>
  
  
  <node id="1270012662" version="1" lat="35.64761775382" lon="128.40010244554">
    
    
    <tag k="ele" v="47.26287322881"/>
    
  
  </node>
  
  
  <node id="1270012664" version="1" lat="35.6494775313" lon="128.39836617341">
    
    
    <tag k="ele" v="52.86185159931"/>
    
  
  </node>
  
  
  <node id="1270012665" version="1" lat="35.64948403529" lon="128.39837482802">
    
    
    <tag k="ele" v="52.86185159931"/>
    
  
  </node>
  
  
  <node id="1270012667" version="1" lat="35.64946002946" lon="128.39834288439">
    
    
    <tag k="ele" v="52.98541891217"/>
    
  
  </node>
  
  
  <node id="1270012668" version="1" lat="35.64946653345" lon="128.39835153899">
    
    
    <tag k="ele" v="52.98541891217"/>
    
  
  </node>
  
  
  <node id="1270012671" version="1" lat="35.6494776867" lon="128.39836866335">
    
    
    <tag k="color" v="red"/>
    
    
    <tag k="ele" v="53.03935159931"/>
    
  
  </node>
  
  
  <node id="1270012672" version="1" lat="35.6494798547" lon="128.39837154821">
    
    
    <tag k="color" v="yellow"/>
    
    
    <tag k="ele" v="53.03935159931"/>
    
  
  </node>
  
  
  <node id="1270012673" version="1" lat="35.64948202269" lon="128.39837443308">
    
    
    <tag k="color" v="green"/>
    
    
    <tag k="ele" v="53.03935159931"/>
    
  
  </node>
  
  
  <node id="1270012676" version="1" lat="35.64946018486" lon="128.39834537432">
    
    
    <tag k="color" v="red"/>
    
    
    <tag k="ele" v="53.16291891217"/>
    
  
  </node>
  
  
  <node id="1270012677" version="1" lat="35.64946235285" lon="128.39834825919">
    
    
    <tag k="color" v="yellow"/>
    
    
    <tag k="ele" v="53.16291891217"/>
    
  
  </node>
  
  
  <node id="1270012678" version="1" lat="35.64946452085" lon="128.39835114406">
    
    
    <tag k="color" v="green"/>
    
    
    <tag k="ele" v="53.16291891217"/>
    
  
  </node>
  
  
  <node id="1270012680" version="1" lat="35.64930902812" lon="128.39849318499">
    
    
    <tag k="ele" v="47.25721304566"/>
    
  
  </node>
  
  
  <node id="1270012681" version="1" lat="35.64932616933" lon="128.39851645462">
    
    
    <tag k="ele" v="47.20756268228"/>
    
  
  </node>
  
  
  <node id="1270012682" version="1" lat="35.6493492801" lon="128.39854757459">
    
    
    <tag k="ele" v="47.13078546272"/>
    
  
  </node>
  
  
  <node id="1270012684" version="1" lat="35.64936604395" lon="128.3982982298">
    
    
    <tag k="ele" v="52.8844313467"/>
    
  
  </node>
  
  
  <node id="1270012685" version="1" lat="35.64937304785" lon="128.39829018207">
    
    
    <tag k="ele" v="52.8844313467"/>
    
  
  </node>
  
  
  <node id="1270012687" version="1" lat="35.64937944104" lon="128.39828283607">
    
    
    <tag k="ele" v="52.92620584995"/>
    
  
  </node>
  
  
  <node id="1270012688" version="1" lat="35.64938644493" lon="128.39827478834">
    
    
    <tag k="ele" v="52.92620584995"/>
    
  
  </node>
  
  
  <node id="1270012691" version="1" lat="35.64936807475" lon="128.39829801652">
    
    
    <tag k="color" v="red"/>
    
    
    <tag k="ele" v="53.0619313467"/>
    
  
  </node>
  
  
  <node id="1270012692" version="1" lat="35.64937040939" lon="128.39829533395">
    
    
    <tag k="color" v="yellow"/>
    
    
    <tag k="ele" v="53.0619313467"/>
    
  
  </node>
  
  
  <node id="1270012693" version="1" lat="35.64937274402" lon="128.39829265137">
    
    
    <tag k="color" v="green"/>
    
    
    <tag k="ele" v="53.0619313467"/>
    
  
  </node>
  
  
  <node id="1270012696" version="1" lat="35.64938147184" lon="128.39828262279">
    
    
    <tag k="color" v="red"/>
    
    
    <tag k="ele" v="53.10370584995"/>
    
  
  </node>
  
  
  <node id="1270012697" version="1" lat="35.64938380647" lon="128.39827994021">
    
    
    <tag k="color" v="yellow"/>
    
    
    <tag k="ele" v="53.10370584995"/>
    
  
  </node>
  
  
  <node id="1270012698" version="1" lat="35.6493861411" lon="128.39827725764">
    
    
    <tag k="color" v="green"/>
    
    
    <tag k="ele" v="53.10370584995"/>
    
  
  </node>
  
  
  <node id="1270012700" version="1" lat="35.64955911995" lon="128.39850908791">
    
    
    <tag k="ele" v="47.13187544619"/>
    
  
  </node>
  
  
  <node id="1270012701" version="1" lat="35.64953690228" lon="128.39853227722">
    
    
    <tag k="ele" v="47.18935115245"/>
    
  
  </node>
  
  
  <node id="1270012703" version="1" lat="35.6485243957" lon="128.3991910749">
    
    
    <tag k="ele" v="52.99645211766"/>
    
  
  </node>
  
  
  <node id="1270012704" version="1" lat="35.64853555084" lon="128.39918337709">
    
    
    <tag k="ele" v="52.99645211766"/>
    
  
  </node>
  
  
  <node id="1270012706" version="1" lat="35.64850918954" lon="128.3992015682">
    
    
    <tag k="ele" v="52.93814762457"/>
    
  
  </node>
  
  
  <node id="1270012707" version="1" lat="35.64852034468" lon="128.39919387039">
    
    
    <tag k="ele" v="52.93814762457"/>
    
  
  </node>
  
  
  <node id="1270012710" version="1" lat="35.64852640956" lon="128.39919146011">
    
    
    <tag k="color" v="red"/>
    
    
    <tag k="ele" v="53.17395211766"/>
    
  
  </node>
  
  
  <node id="1270012711" version="1" lat="35.64852919834" lon="128.39918953565">
    
    
    <tag k="color" v="yellow"/>
    
    
    <tag k="ele" v="53.17395211766"/>
    
  
  </node>
  
  
  <node id="1270012712" version="1" lat="35.64853198713" lon="128.3991876112">
    
    
    <tag k="arrow" v="left"/>
    
    
    <tag k="color" v="green"/>
    
    
    <tag k="ele" v="53.17395211766"/>
    
  
  </node>
  
  
  <node id="1270012713" version="1" lat="35.64853477591" lon="128.39918568675">
    
    
    <tag k="color" v="green"/>
    
    
    <tag k="ele" v="53.17395211766"/>
    
  
  </node>
  
  
  <node id="1270012716" version="1" lat="35.64851120339" lon="128.3992019534">
    
    
    <tag k="color" v="red"/>
    
    
    <tag k="ele" v="53.11564762457"/>
    
  
  </node>
  
  
  <node id="1270012717" version="1" lat="35.64851399218" lon="128.39920002895">
    
    
    <tag k="color" v="yellow"/>
    
    
    <tag k="ele" v="53.11564762457"/>
    
  
  </node>
  
  
  <node id="1270012718" version="1" lat="35.64851678096" lon="128.3991981045">
    
    
    <tag k="arrow" v="left"/>
    
    
    <tag k="color" v="green"/>
    
    
    <tag k="ele" v="53.11564762457"/>
    
  
  </node>
  
  
  <node id="1270012719" version="1" lat="35.64851956975" lon="128.39919618004">
    
    
    <tag k="color" v="green"/>
    
    
    <tag k="ele" v="53.11564762457"/>
    
  
  </node>
  
  
  <node id="1270012721" version="1" lat="35.64870013826" lon="128.39945750721">
    
    
    <tag k="ele" v="47.08841398542"/>
    
  
  </node>
  
  
  <node id="1270012722" version="1" lat="35.64872153839" lon="128.39943299947">
    
    
    <tag k="ele" v="47.05527075636"/>
    
  
  </node>
  
  
  <node id="1270012724" version="1" lat="35.64865778589" lon="128.39939893189">
    
    
    <tag k="ele" v="52.71075812817"/>
    
  
  </node>
  
  
  <node id="1270012725" version="1" lat="35.64864755439" lon="128.39940836091">
    
    
    <tag k="ele" v="52.71075812817"/>
    
  
  </node>
  
  
  <node id="1270012727" version="1" lat="35.64864460679" lon="128.39941107732">
    
    
    <tag k="ele" v="52.73895953572"/>
    
  
  </node>
  
  
  <node id="1270012728" version="1" lat="35.64863437529" lon="128.39942050635">
    
    
    <tag k="ele" v="52.73895953572"/>
    
  
  </node>
  
  
  <node id="1270012731" version="1" lat="35.64865574818" lon="128.39939887465">
    
    
    <tag k="color" v="red"/>
    
    
    <tag k="ele" v="52.88825812817"/>
    
  
  </node>
  
  
  <node id="1270012732" version="1" lat="35.6486531903" lon="128.39940123191">
    
    
    <tag k="color" v="yellow"/>
    
    
    <tag k="ele" v="52.88825812817"/>
    
  
  </node>
  
  
  <node id="1270012733" version="1" lat="35.64865063242" lon="128.39940358916">
    
    
    <tag k="arrow" v="left"/>
    
    
    <tag k="color" v="green"/>
    
    
    <tag k="ele" v="52.88825812817"/>
    
  
  </node>
  
  
  <node id="1270012734" version="1" lat="35.64864807455" lon="128.39940594642">
    
    
    <tag k="color" v="green"/>
    
    
    <tag k="ele" v="52.88825812817"/>
    
  
  </node>
  
  
  <node id="1270012737" version="1" lat="35.64864256908" lon="128.39941102009">
    
    
    <tag k="color" v="red"/>
    
    
    <tag k="ele" v="52.91645953572"/>
    
  
  </node>
  
  
  <node id="1270012738" version="1" lat="35.6486400112" lon="128.39941337734">
    
    
    <tag k="color" v="yellow"/>
    
    
    <tag k="ele" v="52.91645953572"/>
    
  
  </node>
  
  
  <node id="1270012739" version="1" lat="35.64863745333" lon="128.3994157346">
    
    
    <tag k="arrow" v="left"/>
    
    
    <tag k="color" v="green"/>
    
    
    <tag k="ele" v="52.91645953572"/>
    
  
  </node>
  
  
  <node id="1270012740" version="1" lat="35.64863489545" lon="128.39941809186">
    
    
    <tag k="color" v="green"/>
    
    
    <tag k="ele" v="52.91645953572"/>
    
  
  </node>
  
  
  <node id="1270012742" version="1" lat="35.64846944172" lon="128.39914703384">
    
    
    <tag k="ele" v="47.20161380509"/>
    
  
  </node>
  
  
  <node id="1270012743" version="1" lat="35.64844959081" lon="128.39916953138">
    
    
    <tag k="ele" v="47.18770725766"/>
    
  
  </node>
  
  
  <node id="1270012744" version="1" lat="35.64844837201" lon="128.39917092075">
    
    
    <tag k="ele" v="47.17942990449"/>
    
  
  </node>
  
  
  <node id="1270012746" version="1" lat="35.64769271855" lon="128.40012055622">
    
    
    <tag k="ele" v="53.04047351275"/>
    
  
  </node>
  
  
  <node id="1270012747" version="1" lat="35.64770360695" lon="128.40011230511">
    
    
    <tag k="ele" v="53.04047351275"/>
    
  
  </node>
  
  
  <node id="1270012749" version="1" lat="35.64767853202" lon="128.4001313066">
    
    
    <tag k="ele" v="53.08194617109"/>
    
  
  </node>
  
  
  <node id="1270012750" version="1" lat="35.64768942042" lon="128.4001230555">
    
    
    <tag k="ele" v="53.08194617109"/>
    
  
  </node>
  
  
  <node id="1270012753" version="1" lat="35.6476947436" lon="128.40012084002">
    
    
    <tag k="color" v="red"/>
    
    
    <tag k="ele" v="53.21797351275"/>
    
  
  </node>
  
  
  <node id="1270012754" version="1" lat="35.6476974657" lon="128.40011877725">
    
    
    <tag k="color" v="yellow"/>
    
    
    <tag k="ele" v="53.21797351275"/>
    
  
  </node>
  
  
  <node id="1270012755" version="1" lat="35.6477001878" lon="128.40011671447">
    
    
    <tag k="arrow" v="left"/>
    
    
    <tag k="color" v="green"/>
    
    
    <tag k="ele" v="53.21797351275"/>
    
  
  </node>
  
  
  <node id="1270012756" version="1" lat="35.6477029099" lon="128.40011465169">
    
    
    <tag k="color" v="green"/>
    
    
    <tag k="ele" v="53.21797351275"/>
    
  
  </node>
  
  
  <node id="1270012759" version="1" lat="35.64768055706" lon="128.40013159041">
    
    
    <tag k="color" v="red"/>
    
    
    <tag k="ele" v="53.25944617109"/>
    
  
  </node>
  
  
  <node id="1270012760" version="1" lat="35.64768327916" lon="128.40012952764">
    
    
    <tag k="color" v="yellow"/>
    
    
    <tag k="ele" v="53.25944617109"/>
    
  
  </node>
  
  
  <node id="1270012761" version="1" lat="35.64768600126" lon="128.40012746486">
    
    
    <tag k="arrow" v="left"/>
    
    
    <tag k="color" v="green"/>
    
    
    <tag k="ele" v="53.25944617109"/>
    
  
  </node>
  
  
  <node id="1270012762" version="1" lat="35.64768872336" lon="128.40012540209">
    
    
    <tag k="color" v="green"/>
    
    
    <tag k="ele" v="53.25944617109"/>
    
  
  </node>
  
  
  <node id="1270012764" version="1" lat="35.64786998565" lon="128.40038885186">
    
    
    <tag k="ele" v="47.01522654725"/>
    
  
  </node>
  
  
  <node id="1270012765" version="1" lat="35.64789173455" lon="128.40036556767">
    
    
    <tag k="ele" v="47.00770785015"/>
    
  
  </node>
  
  
  <node id="1270012767" version="1" lat="35.64781736946" lon="128.40018439977">
    
    
    <tag k="ele" v="52.91842840498"/>
    
  
  </node>
  
  
  <node id="1270012768" version="1" lat="35.64782566736" lon="128.40019634475">
    
    
    <tag k="ele" v="52.91842840498"/>
    
  
  </node>
  
  
  <node id="1270012770" version="1" lat="35.64783431769" lon="128.40020879705">
    
    
    <tag k="ele" v="52.84763450517"/>
    
  
  </node>
  
  
  <node id="1270012771" version="1" lat="35.64784261559" lon="128.40022074203">
    
    
    <tag k="ele" v="52.84763450517"/>
    
  
  </node>
  
  
  <node id="1270012774" version="1" lat="35.64781744545" lon="128.40018689518">
    
    
    <tag k="color" v="red"/>
    
    
    <tag k="ele" v="53.09592840498"/>
    
  
  </node>
  
  
  <node id="1270012775" version="1" lat="35.64781951992" lon="128.40018988143">
    
    
    <tag k="color" v="yellow"/>
    
    
    <tag k="ele" v="53.09592840498"/>
    
  
  </node>
  
  
  <node id="1270012776" version="1" lat="35.6478215944" lon="128.40019286767">
    
    
    <tag k="arrow" v="left"/>
    
    
    <tag k="color" v="green"/>
    
    
    <tag k="ele" v="53.09592840498"/>
    
  
  </node>
  
  
  <node id="1270012777" version="1" lat="35.64782366887" lon="128.40019585392">
    
    
    <tag k="color" v="green"/>
    
    
    <tag k="ele" v="53.09592840498"/>
    
  
  </node>
  
  
  <node id="1270012780" version="1" lat="35.64783439367" lon="128.40021129246">
    
    
    <tag k="color" v="red"/>
    
    
    <tag k="ele" v="53.02513450517"/>
    
  
  </node>
  
  
  <node id="1270012781" version="1" lat="35.64783646815" lon="128.40021427871">
    
    
    <tag k="color" v="yellow"/>
    
    
    <tag k="ele" v="53.02513450517"/>
    
  
  </node>
  
  
  <node id="1270012782" version="1" lat="35.64783854262" lon="128.40021726496">
    
    
    <tag k="arrow" v="left"/>
    
    
    <tag k="color" v="green"/>
    
    
    <tag k="ele" v="53.02513450517"/>
    
  
  </node>
  
  
  <node id="1270012783" version="1" lat="35.6478406171" lon="128.4002202512">
    
    
    <tag k="color" v="green"/>
    
    
    <tag k="ele" v="53.02513450517"/>
    
  
  </node>
  
  
  <node id="1270012785" version="1" lat="35.64764839823" lon="128.4003560682">
    
    
    <tag k="ele" v="47.30571614975"/>
    
  
  </node>
  
  
  <node id="1270012786" version="1" lat="35.64768853261" lon="128.40040872494">
    
    
    <tag k="ele" v="47.17412486903"/>
    
  
  </node>
  
  
  <node id="1270012788" version="1" lat="35.64766391522" lon="128.40027107417">
    
    
    <tag k="ele" v="53.03172213357"/>
    
  
  </node>
  
  
  <node id="1270012789" version="1" lat="35.64765517649" lon="128.40025961077">
    
    
    <tag k="ele" v="53.03172213357"/>
    
  
  </node>
  
  
  <node id="1270012791" version="1" lat="35.64768229502" lon="128.40029518467">
    
    
    <tag k="ele" v="53.07748286419"/>
    
  
  </node>
  
  
  <node id="1270012792" version="1" lat="35.6476735563" lon="128.40028372127">
    
    
    <tag k="ele" v="53.07748286419"/>
    
  
  </node>
  
  
  <node id="1270012795" version="1" lat="35.64766374538" lon="128.4002685857">
    
    
    <tag k="color" v="red"/>
    
    
    <tag k="ele" v="53.20922213357"/>
    
  
  </node>
  
  
  <node id="1270012796" version="1" lat="35.6476615607" lon="128.40026571985">
    
    
    <tag k="color" v="yellow"/>
    
    
    <tag k="ele" v="53.20922213357"/>
    
  
  </node>
  
  
  <node id="1270012797" version="1" lat="35.64765937602" lon="128.40026285401">
    
    
    <tag k="arrow" v="left"/>
    
    
    <tag k="color" v="green"/>
    
    
    <tag k="ele" v="53.20922213357"/>
    
  
  </node>
  
  
  <node id="1270012798" version="1" lat="35.64765719133" lon="128.40025998816">
    
    
    <tag k="color" v="green"/>
    
    
    <tag k="ele" v="53.20922213357"/>
    
  
  </node>
  
  
  <node id="1270012801" version="1" lat="35.64768212518" lon="128.40029269621">
    
    
    <tag k="color" v="red"/>
    
    
    <tag k="ele" v="53.25498286419"/>
    
  
  </node>
  
  
  <node id="1270012802" version="1" lat="35.6476799405" lon="128.40028983036">
    
    
    <tag k="color" v="yellow"/>
    
    
    <tag k="ele" v="53.25498286419"/>
    
  
  </node>
  
  
  <node id="1270012803" version="1" lat="35.64767775582" lon="128.40028696451">
    
    
    <tag k="arrow" v="left"/>
    
    
    <tag k="color" v="green"/>
    
    
    <tag k="ele" v="53.25498286419"/>
    
  
  </node>
  
  
  <node id="1270012804" version="1" lat="35.64767557114" lon="128.40028409866">
    
    
    <tag k="color" v="green"/>
    
    
    <tag k="ele" v="53.25498286419"/>
    
  
  </node>
  
  
  <node id="1270012806" version="1" lat="35.64786023776" lon="128.40011090163">
    
    
    <tag k="ele" v="47.28876305885"/>
    
  
  </node>
  
  
  <node id="1270012807" version="1" lat="35.64784054948" lon="128.40008465877">
    
    
    <tag k="ele" v="47.24755398338"/>
    
  
  </node>
  
  
  <node id="1270012808" version="1" lat="35.64782340225" lon="128.40006193033">
    
    
    <tag k="ele" v="47.21130441596"/>
    
  
  </node>
  
  
  <way id="5113" version="1">
    
    
    <nd ref="200592"/>
    
    
    <nd ref="5114"/>
    
    
    <nd ref="5115"/>
    
    
    <nd ref="5116"/>
    
    
    <nd ref="5117"/>
    
    
    <nd ref="5118"/>
    
    
    <nd ref="5119"/>
    
    
    <nd ref="5120"/>
    
    
    <nd ref="200621"/>
    
    
    <tag k="type" v="virtual"/>
    
  
  </way>
  
  
  <way id="199072" version="1">
    
    
    <nd ref="199073"/>
    
    
    <nd ref="199074"/>
    
    
    <nd ref="199075"/>
    
    
    <nd ref="199076"/>
    
    
    <nd ref="199077"/>
    
    
    <tag k="type" v="virtual"/>
    
  
  </way>
  
  
  <way id="199078" version="1">
    
    
    <nd ref="199079"/>
    
    
    <nd ref="199080"/>
    
    
    <nd ref="199081"/>
    
    
    <tag k="subtype" v="solid"/>
    
    
    <tag k="type" v="line_thin"/>
    
  
  </way>
  
  
  <way id="199087" version="1">
    
    
    <nd ref="199073"/>
    
    
    <nd ref="199088"/>
    
    
    <nd ref="199089"/>
    
    
    <nd ref="199090"/>
    
    
    <nd ref="199091"/>
    
    
    <tag k="subtype" v="solid"/>
    
    
    <tag k="type" v="line_thin"/>
    
  
  </way>
  
  
  <way id="199092" version="1">
    
    
    <nd ref="199079"/>
    
    
    <nd ref="199093"/>
    
    
    <nd ref="199094"/>
    
    
    <nd ref="199095"/>
    
    
    <nd ref="199096"/>
    
    
    <nd ref="199097"/>
    
    
    <nd ref="199098"/>
    
    
    <tag k="type" v="virtual"/>
    
  
  </way>
  
  
  <way id="199104" version="1">
    
    
    <nd ref="199077"/>
    
    
    <nd ref="199105"/>
    
    
    <nd ref="199106"/>
    
    
    <nd ref="199107"/>
    
    
    <nd ref="199091"/>
    
    
    <tag k="type" v="virtual"/>
    
  
  </way>
  
  
  <way id="199108" version="1">
    
    
    <nd ref="199109"/>
    
    
    <nd ref="199110"/>
    
    
    <nd ref="199111"/>
    
    
    <nd ref="199098"/>
    
    
    <tag k="subtype" v="solid"/>
    
    
    <tag k="type" v="line_thin"/>
    
  
  </way>
  
  
  <way id="199116" version="1">
    
    
    <nd ref="199117"/>
    
    
    <nd ref="199118"/>
    
    
    <nd ref="199119"/>
    
    
    <nd ref="199073"/>
    
    
    <tag k="type" v="virtual"/>
    
  
  </way>
  
  
  <way id="199120" version="1">
    
    
    <nd ref="199121"/>
    
    
    <nd ref="199122"/>
    
    
    <nd ref="199079"/>
    
    
    <tag k="subtype" v="solid"/>
    
    
    <tag k="type" v="line_thin"/>
    
  
  </way>
  
  
  <way id="199126" version="1">
    
    
    <nd ref="199127"/>
    
    
    <nd ref="199128"/>
    
    
    <nd ref="199129"/>
    
    
    <nd ref="199130"/>
    
    
    <nd ref="199131"/>
    
    
    <tag k="type" v="virtual"/>
    
  
  </way>
  
  
  <way id="199132" version="1">
    
    
    <nd ref="199133"/>
    
    
    <nd ref="199134"/>
    
    
    <nd ref="199135"/>
    
    
    <tag k="subtype" v="solid"/>
    
    
    <tag k="type" v="line_thin"/>
    
  
  </way>
  
  
  <way id="199140" version="1">
    
    
    <nd ref="199141"/>
    
    
    <nd ref="199142"/>
    
    
    <nd ref="199127"/>
    
    
    <tag k="type" v="virtual"/>
    
  
  </way>
  
  
  <way id="199143" version="1">
    
    
    <nd ref="199144"/>
    
    
    <nd ref="199133"/>
    
    
    <tag k="subtype" v="solid"/>
    
    
    <tag k="type" v="line_thin"/>
    
  
  </way>
  
  
  <way id="199148" version="1">
    
    
    <nd ref="199127"/>
    
    
    <nd ref="199149"/>
    
    
    <nd ref="199150"/>
    
    
    <nd ref="199151"/>
    
    
    <nd ref="199073"/>
    
    
    <tag k="subtype" v="solid"/>
    
    
    <tag k="type" v="line_thin"/>
    
  
  </way>
  
  
  <way id="199152" version="1">
    
    
    <nd ref="199133"/>
    
    
    <nd ref="199153"/>
    
    
    <nd ref="199154"/>
    
    
    <nd ref="199155"/>
    
    
    <nd ref="199156"/>
    
    
    <nd ref="199157"/>
    
    
    <nd ref="199079"/>
    
    
    <tag k="type" v="virtual"/>
    
  
  </way>
  
  
  <way id="199162" version="1">
    
    
    <nd ref="199091"/>
    
    
    <nd ref="199163"/>
    
    
    <nd ref="199164"/>
    
    
    <nd ref="199165"/>
    
    
    <nd ref="199166"/>
    
    
    <tag k="subtype" v="solid"/>
    
    
    <tag k="type" v="line_thin"/>
    
  
  </way>
  
  
  <way id="199167" version="1">
    
    
    <nd ref="199098"/>
    
    
    <nd ref="199168"/>
    
    
    <nd ref="199169"/>
    
    
    <nd ref="199170"/>
    
    
    <nd ref="199171"/>
    
    
    <nd ref="199172"/>
    
    
    <nd ref="199173"/>
    
    
    <nd ref="199174"/>
    
    
    <nd ref="199175"/>
    
    
    <tag k="type" v="virtual"/>
    
  
  </way>
  
  
  <way id="199181" version="1">
    
    
    <nd ref="199166"/>
    
    
    <nd ref="199182"/>
    
    
    <nd ref="199183"/>
    
    
    <nd ref="199184"/>
    
    
    <tag k="type" v="virtual"/>
    
  
  </way>
  
  
  <way id="199185" version="1">
    
    
    <nd ref="199175"/>
    
    
    <nd ref="199186"/>
    
    
    <tag k="subtype" v="solid"/>
    
    
    <tag k="type" v="line_thin"/>
    
  
  </way>
  
  
  <way id="199190" version="1">
    
    
    <nd ref="199166"/>
    
    
    <nd ref="199191"/>
    
    
    <nd ref="199192"/>
    
    
    <nd ref="199193"/>
    
    
    <nd ref="199127"/>
    
    
    <tag k="subtype" v="solid"/>
    
    
    <tag k="type" v="line_thin"/>
    
  
  </way>
  
  
  <way id="199194" version="1">
    
    
    <nd ref="199175"/>
    
    
    <nd ref="199195"/>
    
    
    <nd ref="199196"/>
    
    
    <nd ref="199197"/>
    
    
    <nd ref="199198"/>
    
    
    <nd ref="199199"/>
    
    
    <nd ref="199200"/>
    
    
    <nd ref="199201"/>
    
    
    <nd ref="199133"/>
    
    
    <tag k="type" v="virtual"/>
    
  
  </way>
  
  
  <way id="199206" version="1">
    
    
    <nd ref="199207"/>
    
    
    <nd ref="199208"/>
    
    
    <nd ref="199166"/>
    
    
    <tag k="type" v="virtual"/>
    
  
  </way>
  
  
  <way id="199209" version="1">
    
    
    <nd ref="199210"/>
    
    
    <nd ref="199175"/>
    
    
    <tag k="subtype" v="solid"/>
    
    
    <tag k="type" v="line_thin"/>
    
  
  </way>
  
  
  <way id="199213" version="1">
    
    
    <nd ref="199091"/>
    
    
    <nd ref="199214"/>
    
    
    <nd ref="199215"/>
    
    
    <tag k="type" v="virtual"/>
    
  
  </way>
  
  
  <way id="199216" version="1">
    
    
    <nd ref="199098"/>
    
    
    <nd ref="199217"/>
    
    
    <tag k="subtype" v="solid"/>
    
    
    <tag k="type" v="line_thin"/>
    
  
  </way>
  
  
  <way id="199220" version="1">
    
    
    <nd ref="199221"/>
    
    
    <nd ref="199222"/>
    
    
    <nd ref="199223"/>
    
    
    <nd ref="199224"/>
    
    
    <nd ref="199225"/>
    
    
    <tag k="type" v="virtual"/>
    
  
  </way>
  
  
  <way id="199226" version="1">
    
    
    <nd ref="199227"/>
    
    
    <nd ref="199228"/>
    
    
    <nd ref="199229"/>
    
    
    <nd ref="199230"/>
    
    
    <tag k="subtype" v="solid"/>
    
    
    <tag k="type" v="line_thin"/>
    
  
  </way>
  
  
  <way id="199236" version="1">
    
    
    <nd ref="199237"/>
    
    
    <nd ref="199238"/>
    
    
    <nd ref="199239"/>
    
    
    <tag k="type" v="virtual"/>
    
  
  </way>
  
  
  <way id="199240" version="1">
    
    
    <nd ref="199241"/>
    
    
    <nd ref="199242"/>
    
    
    <nd ref="199243"/>
    
    
    <nd ref="199244"/>
    
    
    <nd ref="199245"/>
    
    
    <tag k="subtype" v="solid"/>
    
    
    <tag k="type" v="line_thin"/>
    
  
  </way>
  
  
  <way id="199250" version="1">
    
    
    <nd ref="199251"/>
    
    
    <nd ref="199252"/>
    
    
    <nd ref="199253"/>
    
    
    <nd ref="199254"/>
    
    
    <tag k="subtype" v="solid"/>
    
    
    <tag k="type" v="line_thin"/>
    
  
  </way>
  
  
  <way id="199255" version="1">
    
    
    <nd ref="199256"/>
    
    
    <nd ref="199257"/>
    
    
    <tag k="subtype" v="solid"/>
    
    
    <tag k="type" v="line_thin"/>
    
  
  </way>
  
  
  <way id="199262" version="1">
    
    
    <nd ref="199239"/>
    
    
    <nd ref="199263"/>
    
    
    <nd ref="199264"/>
    
    
    <nd ref="199265"/>
    
    
    <nd ref="199266"/>
    
    
    <nd ref="199267"/>
    
    
    <nd ref="199268"/>
    
    
    <tag k="subtype" v="solid"/>
    
    
    <tag k="type" v="line_thin"/>
    
  
  </way>
  
  
  <way id="199269" version="1">
    
    
    <nd ref="199245"/>
    
    
    <nd ref="199270"/>
    
    
    <nd ref="199271"/>
    
    
    <nd ref="199272"/>
    
    
    <nd ref="199273"/>
    
    
    <tag k="subtype" v="solid"/>
    
    
    <tag k="type" v="line_thin"/>
    
  
  </way>
  
  
  <way id="199279" version="1">
    
    
    <nd ref="199280"/>
    
    
    <nd ref="199281"/>
    
    
    <nd ref="199282"/>
    
    
    <nd ref="199283"/>
    
    
    <nd ref="199284"/>
    
    
    <nd ref="199285"/>
    
    
    <nd ref="199286"/>
    
    
    <nd ref="199287"/>
    
    
    <nd ref="199288"/>
    
    
    <nd ref="199289"/>
    
    
    <tag k="subtype" v="dashed"/>
    
    
    <tag k="type" v="line_thin"/>
    
  
  </way>
  
  
  <way id="199290" version="1">
    
    
    <nd ref="199291"/>
    
    
    <nd ref="199292"/>
    
    
    <nd ref="199293"/>
    
    
    <nd ref="199294"/>
    
    
    <nd ref="199295"/>
    
    
    <nd ref="199296"/>
    
    
    <nd ref="199297"/>
    
    
    <nd ref="199298"/>
    
    
    <nd ref="199299"/>
    
    
    <tag k="subtype" v="dashed"/>
    
    
    <tag k="type" v="line_thin"/>
    
  
  </way>
  
  
  <way id="199310" version="1">
    
    
    <nd ref="199268"/>
    
    
    <nd ref="199311"/>
    
    
    <nd ref="199312"/>
    
    
    <nd ref="199313"/>
    
    
    <nd ref="199314"/>
    
    
    <nd ref="199315"/>
    
    
    <tag k="subtype" v="dashed"/>
    
    
    <tag k="type" v="line_thin"/>
    
  
  </way>
  
  
  <way id="199316" version="1">
    
    
    <nd ref="199273"/>
    
    
    <nd ref="199317"/>
    
    
    <nd ref="199318"/>
    
    
    <nd ref="199319"/>
    
    
    <nd ref="199320"/>
    
    
    <nd ref="199321"/>
    
    
    <nd ref="199322"/>
    
    
    <tag k="subtype" v="dashed"/>
    
    
    <tag k="type" v="line_thin"/>
    
  
  </way>
  
  
  <way id="199328" version="1">
    
    
    <nd ref="199329"/>
    
    
    <nd ref="199280"/>
    
    
    <tag k="subtype" v="solid"/>
    
    
    <tag k="type" v="line_thin"/>
    
  
  </way>
  
  
  <way id="199330" version="1">
    
    
    <nd ref="199331"/>
    
    
    <nd ref="199291"/>
    
    
    <tag k="subtype" v="solid"/>
    
    
    <tag k="type" v="line_thin"/>
    
  
  </way>
  
  
  <way id="199334" version="1">
    
    
    <nd ref="199315"/>
    
    
    <nd ref="199335"/>
    
    
    <tag k="subtype" v="solid"/>
    
    
    <tag k="type" v="line_thin"/>
    
  
  </way>
  
  
  <way id="199336" version="1">
    
    
    <nd ref="199322"/>
    
    
    <nd ref="199337"/>
    
    
    <tag k="subtype" v="solid"/>
    
    
    <tag k="type" v="line_thin"/>
    
  
  </way>
  
  
  <way id="199340" version="1">
    
    
    <nd ref="199341"/>
    
    
    <nd ref="199342"/>
    
    
    <nd ref="199343"/>
    
    
    <nd ref="199344"/>
    
    
    <nd ref="199345"/>
    
    
    <nd ref="199346"/>
    
    
    <tag k="subtype" v="dashed"/>
    
    
    <tag k="type" v="line_thin"/>
    
  
  </way>
  
  
  <way id="199347" version="1">
    
    
    <nd ref="199348"/>
    
    
    <nd ref="199349"/>
    
    
    <nd ref="199350"/>
    
    
    <nd ref="199351"/>
    
    
    <nd ref="199352"/>
    
    
    <nd ref="199353"/>
    
    
    <tag k="subtype" v="dashed"/>
    
    
    <tag k="type" v="line_thin"/>
    
  
  </way>
  
  
  <way id="199360" version="1">
    
    
    <nd ref="199346"/>
    
    
    <nd ref="199361"/>
    
    
    <tag k="subtype" v="solid"/>
    
    
    <tag k="type" v="line_thin"/>
    
  
  </way>
  
  
  <way id="199362" version="1">
    
    
    <nd ref="199353"/>
    
    
    <nd ref="199363"/>
    
    
    <tag k="subtype" v="dashed"/>
    
    
    <tag k="type" v="line_thin"/>
    
  
  </way>
  
  
  <way id="199366" version="1">
    
    
    <nd ref="199361"/>
    
    
    <nd ref="199367"/>
    
    
    <tag k="subtype" v="dashed"/>
    
    
    <tag k="type" v="line_thin"/>
    
  
  </way>
  
  
  <way id="199368" version="1">
    
    
    <nd ref="199363"/>
    
    
    <nd ref="199369"/>
    
    
    <tag k="subtype" v="dashed"/>
    
    
    <tag k="type" v="line_thin"/>
    
  
  </way>
  
  
  <way id="199372" version="1">
    
    
    <nd ref="199373"/>
    
    
    <nd ref="199374"/>
    
    
    <nd ref="199375"/>
    
    
    <nd ref="199376"/>
    
    
    <nd ref="199377"/>
    
    
    <tag k="subtype" v="dashed"/>
    
    
    <tag k="type" v="line_thin"/>
    
  
  </way>
  
  
  <way id="199378" version="1">
    
    
    <nd ref="199379"/>
    
    
    <nd ref="199380"/>
    
    
    <nd ref="199381"/>
    
    
    <nd ref="199382"/>
    
    
    <nd ref="199383"/>
    
    
    <tag k="subtype" v="dashed"/>
    
    
    <tag k="type" v="line_thin"/>
    
  
  </way>
  
  
  <way id="199390" version="1">
    
    
    <nd ref="199367"/>
    
    
    <nd ref="199391"/>
    
    
    <nd ref="199392"/>
    
    
    <nd ref="199393"/>
    
    
    <nd ref="199394"/>
    
    
    <nd ref="199395"/>
    
    
    <nd ref="199396"/>
    
    
    <nd ref="199397"/>
    
    
    <nd ref="199373"/>
    
    
    <tag k="subtype" v="solid"/>
    
    
    <tag k="type" v="line_thin"/>
    
  
  </way>
  
  
  <way id="199398" version="1">
    
    
    <nd ref="199369"/>
    
    
    <nd ref="199399"/>
    
    
    <nd ref="199400"/>
    
    
    <nd ref="199401"/>
    
    
    <nd ref="199402"/>
    
    
    <nd ref="199403"/>
    
    
    <nd ref="199404"/>
    
    
    <nd ref="199405"/>
    
    
    <nd ref="199379"/>
    
    
    <tag k="subtype" v="dashed"/>
    
    
    <tag k="type" v="line_thin"/>
    
  
  </way>
  
  
  <way id="199414" version="1">
    
    
    <nd ref="199415"/>
    
    
    <nd ref="199416"/>
    
    
    <tag k="subtype" v="solid"/>
    
    
    <tag k="type" v="line_thin"/>
    
  
  </way>
  
  
  <way id="199417" version="1">
    
    
    <nd ref="199418"/>
    
    
    <nd ref="199419"/>
    
    
    <nd ref="199420"/>
    
    
    <nd ref="199421"/>
    
    
    <nd ref="199422"/>
    
    
    <nd ref="199423"/>
    
    
    <tag k="subtype" v="solid"/>
    
    
    <tag k="type" v="line_thin"/>
    
  
  </way>
  
  
  <way id="199430" version="1">
    
    
    <nd ref="199416"/>
    
    
    <nd ref="199431"/>
    
    
    <nd ref="199377"/>
    
    
    <tag k="subtype" v="solid"/>
    
    
    <tag k="type" v="line_thin"/>
    
  
  </way>
  
  
  <way id="199432" version="1">
    
    
    <nd ref="199423"/>
    
    
    <nd ref="199433"/>
    
    
    <nd ref="199434"/>
    
    
    <nd ref="199435"/>
    
    
    <nd ref="199383"/>
    
    
    <tag k="type" v="virtual"/>
    
  
  </way>
  
  
  <way id="199439" version="1">
    
    
    <nd ref="199440"/>
    
    
    <nd ref="199441"/>
    
    
    <nd ref="199442"/>
    
    
    <tag k="subtype" v="solid"/>
    
    
    <tag k="type" v="line_thin"/>
    
  
  </way>
  
  
  <way id="199443" version="1">
    
    
    <nd ref="199444"/>
    
    
    <nd ref="199445"/>
    
    
    <nd ref="199446"/>
    
    
    <nd ref="199447"/>
    
    
    <nd ref="199448"/>
    
    
    <nd ref="199449"/>
    
    
    <tag k="subtype" v="solid"/>
    
    
    <tag k="type" v="line_thin"/>
    
  
  </way>
  
  
  <way id="199455" version="1">
    
    
    <nd ref="199456"/>
    
    
    <nd ref="199457"/>
    
    
    <nd ref="199458"/>
    
    
    <nd ref="199459"/>
    
    
    <tag k="type" v="virtual"/>
    
  
  </way>
  
  
  <way id="199460" version="1">
    
    
    <nd ref="199461"/>
    
    
    <nd ref="199462"/>
    
    
    <nd ref="199463"/>
    
    
    <tag k="subtype" v="solid"/>
    
    
    <tag k="type" v="line_thin"/>
    
  
  </way>
  
  
  <way id="199468" version="1">
    
    
    <nd ref="199459"/>
    
    
    <nd ref="199469"/>
    
    
    <nd ref="199470"/>
    
    
    <nd ref="199471"/>
    
    
    <nd ref="199472"/>
    
    
    <tag k="subtype" v="solid"/>
    
    
    <tag k="type" v="line_thin"/>
    
  
  </way>
  
  
  <way id="199473" version="1">
    
    
    <nd ref="199463"/>
    
    
    <nd ref="199474"/>
    
    
    <nd ref="199475"/>
    
    
    <nd ref="199476"/>
    
    
    <nd ref="199477"/>
    
    
    <tag k="type" v="virtual"/>
    
  
  </way>
  
  
  <way id="199483" version="1">
    
    
    <nd ref="199459"/>
    
    
    <nd ref="199484"/>
    
    
    <nd ref="199485"/>
    
    
    <nd ref="199486"/>
    
    
    <nd ref="199251"/>
    
    
    <tag k="type" v="virtual"/>
    
  
  </way>
  
  
  <way id="199487" version="1">
    
    
    <nd ref="199463"/>
    
    
    <nd ref="199488"/>
    
    
    <nd ref="199256"/>
    
    
    <tag k="subtype" v="solid"/>
    
    
    <tag k="type" v="line_thin"/>
    
  
  </way>
  
  
  <way id="199491" version="1">
    
    
    <nd ref="199492"/>
    
    
    <nd ref="199493"/>
    
    
    <nd ref="199494"/>
    
    
    <nd ref="199495"/>
    
    
    <tag k="type" v="virtual"/>
    
  
  </way>
  
  
  <way id="199496" version="1">
    
    
    <nd ref="199497"/>
    
    
    <nd ref="199498"/>
    
    
    <nd ref="199499"/>
    
    
    <tag k="subtype" v="solid"/>
    
    
    <tag k="type" v="line_thin"/>
    
  
  </way>
  
  
  <way id="199504" version="1">
    
    
    <nd ref="199495"/>
    
    
    <nd ref="199505"/>
    
    
    <nd ref="199506"/>
    
    
    <nd ref="199507"/>
    
    
    <nd ref="199508"/>
    
    
    <nd ref="199509"/>
    
    
    <nd ref="199510"/>
    
    
    <tag k="type" v="virtual"/>
    
  
  </way>
  
  
  <way id="199511" version="1">
    
    
    <nd ref="199499"/>
    
    
    <nd ref="199512"/>
    
    
    <nd ref="199513"/>
    
    
    <nd ref="199514"/>
    
    
    <tag k="subtype" v="solid"/>
    
    
    <tag k="type" v="line_thin"/>
    
  
  </way>
  
  
  <way id="199520" version="1">
    
    
    <nd ref="199521"/>
    
    
    <nd ref="199522"/>
    
    
    <nd ref="199523"/>
    
    
    <nd ref="199524"/>
    
    
    <nd ref="199472"/>
    
    
    <tag k="type" v="virtual"/>
    
  
  </way>
  
  
  <way id="199525" version="1">
    
    
    <nd ref="199526"/>
    
    
    <nd ref="199527"/>
    
    
    <nd ref="199477"/>
    
    
    <tag k="subtype" v="solid"/>
    
    
    <tag k="type" v="line_thin"/>
    
  
  </way>
  
  
  <way id="199531" version="1">
    
    
    <nd ref="199472"/>
    
    
    <nd ref="199532"/>
    
    
    <nd ref="199495"/>
    
    
    <tag k="subtype" v="solid"/>
    
    
    <tag k="type" v="line_thin"/>
    
  
  </way>
  
  
  <way id="199533" version="1">
    
    
    <nd ref="199477"/>
    
    
    <nd ref="199534"/>
    
    
    <nd ref="199499"/>
    
    
    <tag k="type" v="virtual"/>
    
  
  </way>
  
  
  <way id="199537" version="1">
    
    
    <nd ref="199495"/>
    
    
    <nd ref="199538"/>
    
    
    <nd ref="199539"/>
    
    
    <nd ref="199540"/>
    
    
    <nd ref="199541"/>
    
    
    <nd ref="199542"/>
    
    
    <nd ref="199543"/>
    
    
    <nd ref="199544"/>
    
    
    <nd ref="199545"/>
    
    
    <tag k="subtype" v="solid"/>
    
    
    <tag k="type" v="line_thin"/>
    
  
  </way>
  
  
  <way id="199546" version="1">
    
    
    <nd ref="199499"/>
    
    
    <nd ref="199547"/>
    
    
    <nd ref="199548"/>
    
    
    <nd ref="199549"/>
    
    
    <nd ref="199550"/>
    
    
    <nd ref="199551"/>
    
    
    <nd ref="199552"/>
    
    
    <nd ref="199553"/>
    
    
    <nd ref="199554"/>
    
    
    <nd ref="199555"/>
    
    
    <nd ref="199556"/>
    
    
    <nd ref="199557"/>
    
    
    <nd ref="199558"/>
    
    
    <nd ref="199559"/>
    
    
    <tag k="subtype" v="solid"/>
    
    
    <tag k="type" v="line_thin"/>
    
  
  </way>
  
  
  <way id="199569" version="1">
    
    
    <nd ref="199545"/>
    
    
    <nd ref="199570"/>
    
    
    <nd ref="199571"/>
    
    
    <nd ref="199572"/>
    
    
    <nd ref="199573"/>
    
    
    <tag k="type" v="virtual"/>
    
  
  </way>
  
  
  <way id="199574" version="1">
    
    
    <nd ref="199559"/>
    
    
    <nd ref="199575"/>
    
    
    <nd ref="199576"/>
    
    
    <tag k="subtype" v="solid"/>
    
    
    <tag k="type" v="line_thin"/>
    
  
  </way>
  
  
  <way id="199581" version="1">
    
    
    <nd ref="199545"/>
    
    
    <nd ref="199582"/>
    
    
    <nd ref="199583"/>
    
    
    <nd ref="199584"/>
    
    
    <nd ref="199459"/>
    
    
    <tag k="subtype" v="solid"/>
    
    
    <tag k="type" v="line_thin"/>
    
  
  </way>
  
  
  <way id="199585" version="1">
    
    
    <nd ref="199559"/>
    
    
    <nd ref="199586"/>
    
    
    <nd ref="199587"/>
    
    
    <nd ref="199588"/>
    
    
    <nd ref="199589"/>
    
    
    <nd ref="199463"/>
    
    
    <tag k="type" v="virtual"/>
    
  
  </way>
  
  
  <way id="199594" version="1">
    
    
    <nd ref="199184"/>
    
    
    <nd ref="199595"/>
    
    
    <nd ref="199596"/>
    
    
    <tag k="subtype" v="solid"/>
    
    
    <tag k="type" v="line_thin"/>
    
  
  </way>
  
  
  <way id="199597" version="1">
    
    
    <nd ref="199186"/>
    
    
    <nd ref="199598"/>
    
    
    <nd ref="199599"/>
    
    
    <nd ref="199600"/>
    
    
    <tag k="subtype" v="solid"/>
    
    
    <tag k="type" v="line_thin"/>
    
  
  </way>
  
  
  <way id="199604" version="1">
    
    
    <nd ref="199605"/>
    
    
    <nd ref="199606"/>
    
    
    <nd ref="199607"/>
    
    
    <nd ref="199521"/>
    
    
    <tag k="subtype" v="solid"/>
    
    
    <tag k="type" v="line_thin"/>
    
  
  </way>
  
  
  <way id="199608" version="1">
    
    
    <nd ref="199609"/>
    
    
    <nd ref="199526"/>
    
    
    <tag k="subtype" v="solid"/>
    
    
    <tag k="type" v="line_thin"/>
    
  
  </way>
  
  
  <way id="199612" version="1">
    
    
    <nd ref="199613"/>
    
    
    <nd ref="199614"/>
    
    
    <nd ref="199615"/>
    
    
    <nd ref="199616"/>
    
    
    <nd ref="199617"/>
    
    
    <nd ref="199618"/>
    
    
    <nd ref="199619"/>
    
    
    <nd ref="199620"/>
    
    
    <nd ref="199621"/>
    
    
    <nd ref="199622"/>
    
    
    <nd ref="199623"/>
    
    
    <nd ref="199624"/>
    
    
    <tag k="subtype" v="dashed"/>
    
    
    <tag k="type" v="line_thin"/>
    
  
  </way>
  
  
  <way id="199625" version="1">
    
    
    <nd ref="199626"/>
    
    
    <nd ref="199627"/>
    
    
    <nd ref="199628"/>
    
    
    <nd ref="199629"/>
    
    
    <nd ref="199630"/>
    
    
    <nd ref="199631"/>
    
    
    <nd ref="199632"/>
    
    
    <nd ref="199633"/>
    
    
    <nd ref="199634"/>
    
    
    <nd ref="199635"/>
    
    
    <nd ref="199636"/>
    
    
    <nd ref="199637"/>
    
    
    <nd ref="199638"/>
    
    
    <nd ref="199639"/>
    
    
    <nd ref="199640"/>
    
    
    <tag k="subtype" v="dashed"/>
    
    
    <tag k="type" v="line_thin"/>
    
  
  </way>
  
  
  <way id="199654" version="1">
    
    
    <nd ref="199655"/>
    
    
    <nd ref="199656"/>
    
    
    <nd ref="199141"/>
    
    
    <tag k="subtype" v="solid"/>
    
    
    <tag k="type" v="line_thin"/>
    
  
  </way>
  
  
  <way id="199657" version="1">
    
    
    <nd ref="199658"/>
    
    
    <nd ref="199659"/>
    
    
    <nd ref="199144"/>
    
    
    <tag k="subtype" v="solid"/>
    
    
    <tag k="type" v="line_thin"/>
    
  
  </way>
  
  
  <way id="199663" version="1">
    
    
    <nd ref="199664"/>
    
    
    <nd ref="199665"/>
    
    
    <nd ref="199666"/>
    
    
    <nd ref="199667"/>
    
    
    <nd ref="199668"/>
    
    
    <nd ref="199669"/>
    
    
    <nd ref="199670"/>
    
    
    <nd ref="199655"/>
    
    
    <tag k="subtype" v="dashed"/>
    
    
    <tag k="type" v="line_thin"/>
    
  
  </way>
  
  
  <way id="199671" version="1">
    
    
    <nd ref="199672"/>
    
    
    <nd ref="199673"/>
    
    
    <nd ref="199674"/>
    
    
    <nd ref="199675"/>
    
    
    <nd ref="199676"/>
    
    
    <nd ref="199677"/>
    
    
    <nd ref="199678"/>
    
    
    <nd ref="199658"/>
    
    
    <tag k="subtype" v="dashed"/>
    
    
    <tag k="type" v="line_thin"/>
    
  
  </way>
  
  
  <way id="199687" version="1">
    
    
    <nd ref="199596"/>
    
    
    <nd ref="199688"/>
    
    
    <nd ref="199689"/>
    
    
    <nd ref="199690"/>
    
    
    <nd ref="199691"/>
    
    
    <nd ref="199692"/>
    
    
    <nd ref="199693"/>
    
    
    <tag k="subtype" v="dashed"/>
    
    
    <tag k="type" v="line_thin"/>
    
  
  </way>
  
  
  <way id="199694" version="1">
    
    
    <nd ref="199600"/>
    
    
    <nd ref="199695"/>
    
    
    <nd ref="199696"/>
    
    
    <nd ref="199697"/>
    
    
    <nd ref="199698"/>
    
    
    <nd ref="199699"/>
    
    
    <nd ref="199700"/>
    
    
    <tag k="subtype" v="dashed"/>
    
    
    <tag k="type" v="line_thin"/>
    
  
  </way>
  
  
  <way id="199707" version="1">
    
    
    <nd ref="199335"/>
    
    
    <nd ref="199708"/>
    
    
    <nd ref="199709"/>
    
    
    <nd ref="199710"/>
    
    
    <nd ref="199711"/>
    
    
    <nd ref="199712"/>
    
    
    <nd ref="199713"/>
    
    
    <nd ref="199714"/>
    
    
    <nd ref="199329"/>
    
    
    <tag k="subtype" v="solid"/>
    
    
    <tag k="type" v="line_thin"/>
    
  
  </way>
  
  
  <way id="199715" version="1">
    
    
    <nd ref="199337"/>
    
    
    <nd ref="199716"/>
    
    
    <nd ref="199717"/>
    
    
    <nd ref="199718"/>
    
    
    <nd ref="199719"/>
    
    
    <nd ref="199720"/>
    
    
    <nd ref="199721"/>
    
    
    <nd ref="199722"/>
    
    
    <nd ref="199723"/>
    
    
    <nd ref="199724"/>
    
    
    <nd ref="199725"/>
    
    
    <nd ref="199726"/>
    
    
    <nd ref="199331"/>
    
    
    <tag k="subtype" v="dashed"/>
    
    
    <tag k="type" v="line_thin"/>
    
  
  </way>
  
  
  <way id="199735" version="1">
    
    
    <nd ref="199736"/>
    
    
    <nd ref="199737"/>
    
    
    <nd ref="199738"/>
    
    
    <nd ref="199739"/>
    
    
    <nd ref="199740"/>
    
    
    <nd ref="199741"/>
    
    
    <nd ref="199742"/>
    
    
    <tag k="type" v="virtual"/>
    
  
  </way>
  
  
  <way id="199743" version="1">
    
    
    <nd ref="199744"/>
    
    
    <nd ref="199745"/>
    
    
    <nd ref="199746"/>
    
    
    <nd ref="199747"/>
    
    
    <nd ref="199748"/>
    
    
    <nd ref="199749"/>
    
    
    <nd ref="199750"/>
    
    
    <tag k="type" v="virtual"/>
    
  
  </way>
  
  
  <way id="199757" version="1">
    
    
    <nd ref="199758"/>
    
    
    <nd ref="199759"/>
    
    
    <nd ref="199760"/>
    
    
    <nd ref="199761"/>
    
    
    <nd ref="199762"/>
    
    
    <nd ref="199763"/>
    
    
    <nd ref="199764"/>
    
    
    <tag k="type" v="virtual"/>
    
  
  </way>
  
  
  <way id="199773" version="1">
    
    
    <nd ref="199774"/>
    
    
    <nd ref="199775"/>
    
    
    <nd ref="199776"/>
    
    
    <nd ref="199777"/>
    
    
    <nd ref="199778"/>
    
    
    <tag k="type" v="virtual"/>
    
  
  </way>
  
  
  <way id="199785" version="1">
    
    
    <nd ref="199786"/>
    
    
    <nd ref="199787"/>
    
    
    <nd ref="199788"/>
    
    
    <nd ref="199789"/>
    
    
    <nd ref="199790"/>
    
    
    <nd ref="199791"/>
    
    
    <nd ref="199792"/>
    
    
    <tag k="subtype" v="dashed"/>
    
    
    <tag k="type" v="line_thin"/>
    
  
  </way>
  
  
  <way id="199799" version="1">
    
    
    <nd ref="199744"/>
    
    
    <nd ref="199800"/>
    
    
    <tag k="type" v="virtual"/>
    
  
  </way>
  
  
  <way id="199801" version="1">
    
    
    <nd ref="199758"/>
    
    
    <nd ref="199802"/>
    
    
    <tag k="type" v="virtual"/>
    
  
  </way>
  
  
  <way id="199805" version="1">
    
    
    <nd ref="199774"/>
    
    
    <nd ref="199806"/>
    
    
    <tag k="type" v="virtual"/>
    
  
  </way>
  
  
  <way id="199809" version="1">
    
    
    <nd ref="199786"/>
    
    
    <nd ref="199810"/>
    
    
    <tag k="subtype" v="solid"/>
    
    
    <tag k="type" v="line_thin"/>
    
  
  </way>
  
  
  <way id="199813" version="1">
    
    
    <nd ref="199814"/>
    
    
    <nd ref="199815"/>
    
    
    <tag k="subtype" v="solid"/>
    
    
    <tag k="type" v="line_thin"/>
    
  
  </way>
  
  
  <way id="199816" version="1">
    
    
    <nd ref="199817"/>
    
    
    <nd ref="199818"/>
    
    
    <tag k="subtype" v="dashed"/>
    
    
    <tag k="type" v="line_thin"/>
    
  
  </way>
  
  
  <way id="199822" version="1">
    
    
    <nd ref="199823"/>
    
    
    <nd ref="199225"/>
    
    
    <tag k="subtype" v="dashed"/>
    
    
    <tag k="type" v="line_thin"/>
    
  
  </way>
  
  
  <way id="199827" version="1">
    
    
    <nd ref="199828"/>
    
    
    <nd ref="199230"/>
    
    
    <tag k="subtype" v="dashed"/>
    
    
    <tag k="type" v="line_thin"/>
    
  
  </way>
  
  
  <way id="199831" version="1">
    
    
    <nd ref="199832"/>
    
    
    <nd ref="199833"/>
    
    
    <tag k="subtype" v="solid"/>
    
    
    <tag k="type" v="line_thin"/>
    
  
  </way>
  
  
  <way id="199834" version="1">
    
    
    <nd ref="199835"/>
    
    
    <nd ref="199836"/>
    
    
    <tag k="subtype" v="dashed"/>
    
    
    <tag k="type" v="line_thin"/>
    
  
  </way>
  
  
  <way id="199840" version="1">
    
    
    <nd ref="199841"/>
    
    
    <nd ref="199842"/>
    
    
    <tag k="subtype" v="dashed"/>
    
    
    <tag k="type" v="line_thin"/>
    
  
  </way>
  
  
  <way id="199846" version="1">
    
    
    <nd ref="199847"/>
    
    
    <nd ref="199848"/>
    
    
    <tag k="subtype" v="dashed"/>
    
    
    <tag k="type" v="line_thin"/>
    
  
  </way>
  
  
  <way id="199852" version="1">
    
    
    <nd ref="199847"/>
    
    
    <nd ref="199853"/>
    
    
    <nd ref="199854"/>
    
    
    <tag k="subtype" v="solid"/>
    
    
    <tag k="type" v="line_thin"/>
    
  
  </way>
  
  
  <way id="199858" version="1">
    
    
    <nd ref="199833"/>
    
    
    <nd ref="199859"/>
    
    
    <tag k="subtype" v="solid"/>
    
    
    <tag k="type" v="line_thin"/>
    
  
  </way>
  
  
  <way id="199860" version="1">
    
    
    <nd ref="199836"/>
    
    
    <nd ref="199861"/>
    
    
    <tag k="subtype" v="dashed"/>
    
    
    <tag k="type" v="line_thin"/>
    
  
  </way>
  
  
  <way id="199864" version="1">
    
    
    <nd ref="199842"/>
    
    
    <nd ref="199865"/>
    
    
    <tag k="subtype" v="dashed"/>
    
    
    <tag k="type" v="line_thin"/>
    
  
  </way>
  
  
  <way id="199868" version="1">
    
    
    <nd ref="199848"/>
    
    
    <nd ref="199869"/>
    
    
    <tag k="subtype" v="dashed"/>
    
    
    <tag k="type" v="line_thin"/>
    
  
  </way>
  
  
  <way id="199872" version="1">
    
    
    <nd ref="199854"/>
    
    
    <nd ref="199873"/>
    
    
    <tag k="subtype" v="solid"/>
    
    
    <tag k="type" v="line_thin"/>
    
  
  </way>
  
  
  <way id="199876" version="1">
    
    
    <nd ref="199877"/>
    
    
    <nd ref="199878"/>
    
    
    <nd ref="199879"/>
    
    
    <nd ref="199880"/>
    
    
    <nd ref="199881"/>
    
    
    <nd ref="199882"/>
    
    
    <nd ref="199883"/>
    
    
    <nd ref="199884"/>
    
    
    <tag k="subtype" v="solid"/>
    
    
    <tag k="type" v="line_thin"/>
    
  
  </way>
  
  
  <way id="199885" version="1">
    
    
    <nd ref="199886"/>
    
    
    <nd ref="199887"/>
    
    
    <nd ref="199888"/>
    
    
    <nd ref="199889"/>
    
    
    <nd ref="199890"/>
    
    
    <nd ref="199891"/>
    
    
    <nd ref="199892"/>
    
    
    <nd ref="199893"/>
    
    
    <nd ref="199894"/>
    
    
    <tag k="subtype" v="dashed"/>
    
    
    <tag k="type" v="line_thin"/>
    
  
  </way>
  
  
  <way id="199904" version="1">
    
    
    <nd ref="199905"/>
    
    
    <nd ref="199906"/>
    
    
    <nd ref="199907"/>
    
    
    <nd ref="199908"/>
    
    
    <nd ref="199909"/>
    
    
    <nd ref="199910"/>
    
    
    <nd ref="199911"/>
    
    
    <nd ref="199912"/>
    
    
    <nd ref="199913"/>
    
    
    <tag k="subtype" v="dashed"/>
    
    
    <tag k="type" v="line_thin"/>
    
  
  </way>
  
  
  <way id="199923" version="1">
    
    
    <nd ref="199924"/>
    
    
    <nd ref="199925"/>
    
    
    <nd ref="199926"/>
    
    
    <nd ref="199927"/>
    
    
    <nd ref="199928"/>
    
    
    <nd ref="199929"/>
    
    
    <nd ref="199930"/>
    
    
    <nd ref="199931"/>
    
    
    <nd ref="199932"/>
    
    
    <tag k="subtype" v="dashed"/>
    
    
    <tag k="type" v="line_thin"/>
    
  
  </way>
  
  
  <way id="199942" version="1">
    
    
    <nd ref="199943"/>
    
    
    <nd ref="199944"/>
    
    
    <nd ref="199945"/>
    
    
    <nd ref="199946"/>
    
    
    <nd ref="199947"/>
    
    
    <nd ref="199948"/>
    
    
    <nd ref="199949"/>
    
    
    <nd ref="199950"/>
    
    
    <nd ref="199932"/>
    
    
    <tag k="subtype" v="solid"/>
    
    
    <tag k="type" v="line_thin"/>
    
  
  </way>
  
  
  <way id="199959" version="1">
    
    
    <nd ref="199884"/>
    
    
    <nd ref="199960"/>
    
    
    <nd ref="199961"/>
    
    
    <nd ref="199962"/>
    
    
    <nd ref="199963"/>
    
    
    <tag k="subtype" v="solid"/>
    
    
    <tag k="type" v="line_thin"/>
    
  
  </way>
  
  
  <way id="199964" version="1">
    
    
    <nd ref="199894"/>
    
    
    <nd ref="199965"/>
    
    
    <nd ref="199966"/>
    
    
    <nd ref="199967"/>
    
    
    <nd ref="199968"/>
    
    
    <tag k="subtype" v="dashed"/>
    
    
    <tag k="type" v="line_thin"/>
    
  
  </way>
  
  
  <way id="199974" version="1">
    
    
    <nd ref="199913"/>
    
    
    <nd ref="199975"/>
    
    
    <nd ref="199976"/>
    
    
    <nd ref="199977"/>
    
    
    <nd ref="199978"/>
    
    
    <tag k="subtype" v="dashed"/>
    
    
    <tag k="type" v="line_thin"/>
    
  
  </way>
  
  
  <way id="199984" version="1">
    
    
    <nd ref="199932"/>
    
    
    <nd ref="199985"/>
    
    
    <nd ref="199986"/>
    
    
    <nd ref="199987"/>
    
    
    <nd ref="199988"/>
    
    
    <tag k="subtype" v="solid"/>
    
    
    <tag k="type" v="line_thin"/>
    
  
  </way>
  
  
  <way id="199994" version="1">
    
    
    <nd ref="199995"/>
    
    
    <nd ref="199996"/>
    
    
    <nd ref="199997"/>
    
    
    <nd ref="199998"/>
    
    
    <nd ref="199999"/>
    
    
    <nd ref="200000"/>
    
    
    <nd ref="200001"/>
    
    
    <nd ref="200002"/>
    
    
    <tag k="subtype" v="solid"/>
    
    
    <tag k="type" v="line_thin"/>
    
  
  </way>
  
  
  <way id="200003" version="1">
    
    
    <nd ref="200004"/>
    
    
    <nd ref="200005"/>
    
    
    <nd ref="200006"/>
    
    
    <nd ref="200007"/>
    
    
    <nd ref="200008"/>
    
    
    <nd ref="200009"/>
    
    
    <nd ref="200010"/>
    
    
    <tag k="type" v="virtual"/>
    
  
  </way>
  
  
  <way id="200017" version="1">
    
    
    <nd ref="200018"/>
    
    
    <nd ref="200019"/>
    
    
    <nd ref="200020"/>
    
    
    <nd ref="200021"/>
    
    
    <nd ref="200022"/>
    
    
    <nd ref="200023"/>
    
    
    <nd ref="200024"/>
    
    
    <nd ref="200025"/>
    
    
    <tag k="type" v="virtual"/>
    
  
  </way>
  
  
  <way id="200033" version="1">
    
    
    <nd ref="200034"/>
    
    
    <nd ref="200035"/>
    
    
    <nd ref="200036"/>
    
    
    <nd ref="200037"/>
    
    
    <nd ref="200038"/>
    
    
    <nd ref="200039"/>
    
    
    <nd ref="200040"/>
    
    
    <nd ref="200041"/>
    
    
    <tag k="subtype" v="dashed"/>
    
    
    <tag k="type" v="line_thin"/>
    
  
  </way>
  
  
  <way id="200051" version="1">
    
    
    <nd ref="199869"/>
    
    
    <nd ref="200052"/>
    
    
    <tag k="subtype" v="solid"/>
    
    
    <tag k="type" v="line_thin"/>
    
  
  </way>
  
  
  <way id="200053" version="1">
    
    
    <nd ref="199873"/>
    
    
    <nd ref="200054"/>
    
    
    <tag k="subtype" v="solid"/>
    
    
    <tag k="type" v="line_thin"/>
    
  
  </way>
  
  
  <way id="200057" version="1">
    
    
    <nd ref="200058"/>
    
    
    <nd ref="200059"/>
    
    
    <nd ref="200060"/>
    
    
    <nd ref="200061"/>
    
    
    <nd ref="200062"/>
    
    
    <nd ref="200063"/>
    
    
    <nd ref="200064"/>
    
    
    <nd ref="200065"/>
    
    
    <nd ref="200002"/>
    
    
    <tag k="type" v="virtual"/>
    
  
  </way>
  
  
  <way id="200066" version="1">
    
    
    <nd ref="200067"/>
    
    
    <nd ref="200068"/>
    
    
    <nd ref="200069"/>
    
    
    <nd ref="200070"/>
    
    
    <nd ref="200071"/>
    
    
    <nd ref="200072"/>
    
    
    <nd ref="200073"/>
    
    
    <nd ref="200074"/>
    
    
    <nd ref="200010"/>
    
    
    <tag k="type" v="virtual"/>
    
  
  </way>
  
  
  <way id="200084" version="1">
    
    
    <nd ref="200085"/>
    
    
    <nd ref="200086"/>
    
    
    <nd ref="200087"/>
    
    
    <nd ref="200088"/>
    
    
    <nd ref="200089"/>
    
    
    <nd ref="200090"/>
    
    
    <nd ref="200091"/>
    
    
    <nd ref="200092"/>
    
    
    <nd ref="200025"/>
    
    
    <tag k="type" v="virtual"/>
    
  
  </way>
  
  
  <way id="200102" version="1">
    
    
    <nd ref="200103"/>
    
    
    <nd ref="200104"/>
    
    
    <nd ref="200105"/>
    
    
    <nd ref="200106"/>
    
    
    <nd ref="200107"/>
    
    
    <nd ref="200108"/>
    
    
    <nd ref="200109"/>
    
    
    <nd ref="200110"/>
    
    
    <nd ref="200041"/>
    
    
    <tag k="subtype" v="solid"/>
    
    
    <tag k="type" v="line_thin"/>
    
  
  </way>
  
  
  <way id="200120" version="1">
    
    
    <nd ref="199800"/>
    
    
    <nd ref="200121"/>
    
    
    <tag k="subtype" v="solid"/>
    
    
    <tag k="type" v="line_thin"/>
    
  
  </way>
  
  
  <way id="200122" version="1">
    
    
    <nd ref="199802"/>
    
    
    <nd ref="200123"/>
    
    
    <tag k="subtype" v="dashed"/>
    
    
    <tag k="type" v="line_thin"/>
    
  
  </way>
  
  
  <way id="200126" version="1">
    
    
    <nd ref="199806"/>
    
    
    <nd ref="200127"/>
    
    
    <tag k="subtype" v="dashed"/>
    
    
    <tag k="type" v="line_thin"/>
    
  
  </way>
  
  
  <way id="200130" version="1">
    
    
    <nd ref="199810"/>
    
    
    <nd ref="200131"/>
    
    
    <tag k="subtype" v="solid"/>
    
    
    <tag k="type" v="line_thin"/>
    
  
  </way>
  
  
  <way id="200134" version="1">
    
    
    <nd ref="200135"/>
    
    
    <nd ref="200136"/>
    
    
    <nd ref="200137"/>
    
    
    <nd ref="200138"/>
    
    
    <nd ref="200139"/>
    
    
    <tag k="subtype" v="solid"/>
    
    
    <tag k="type" v="line_thin"/>
    
  
  </way>
  
  
  <way id="200140" version="1">
    
    
    <nd ref="200141"/>
    
    
    <nd ref="200142"/>
    
    
    <nd ref="200143"/>
    
    
    <nd ref="200144"/>
    
    
    <nd ref="200145"/>
    
    
    <tag k="subtype" v="dashed"/>
    
    
    <tag k="type" v="line_thin"/>
    
  
  </way>
  
  
  <way id="200152" version="1">
    
    
    <nd ref="199237"/>
    
    
    <nd ref="200153"/>
    
    
    <nd ref="200154"/>
    
    
    <nd ref="200155"/>
    
    
    <nd ref="200156"/>
    
    
    <tag k="subtype" v="dashed"/>
    
    
    <tag k="type" v="line_thin"/>
    
  
  </way>
  
  
  <way id="200163" version="1">
    
    
    <nd ref="199241"/>
    
    
    <nd ref="200164"/>
    
    
    <nd ref="200165"/>
    
    
    <nd ref="200166"/>
    
    
    <nd ref="200167"/>
    
    
    <tag k="type" v="virtual"/>
    
  
  </way>
  
  
  <way id="200173" version="1">
    
    
    <nd ref="200121"/>
    
    
    <nd ref="200174"/>
    
    
    <tag k="subtype" v="dashed"/>
    
    
    <tag k="type" v="line_thin"/>
    
  
  </way>
  
  
  <way id="200175" version="1">
    
    
    <nd ref="200123"/>
    
    
    <nd ref="200176"/>
    
    
    <tag k="subtype" v="dashed"/>
    
    
    <tag k="type" v="line_thin"/>
    
  
  </way>
  
  
  <way id="200179" version="1">
    
    
    <nd ref="200127"/>
    
    
    <nd ref="200180"/>
    
    
    <tag k="subtype" v="dashed"/>
    
    
    <tag k="type" v="line_thin"/>
    
  
  </way>
  
  
  <way id="200183" version="1">
    
    
    <nd ref="200131"/>
    
    
    <nd ref="200184"/>
    
    
    <tag k="subtype" v="solid"/>
    
    
    <tag k="type" v="line_thin"/>
    
  
  </way>
  
  
  <way id="200187" version="1">
    
    
    <nd ref="200174"/>
    
    
    <nd ref="200135"/>
    
    
    <tag k="subtype" v="solid"/>
    
    
    <tag k="type" v="line_thin"/>
    
  
  </way>
  
  
  <way id="200188" version="1">
    
    
    <nd ref="200176"/>
    
    
    <nd ref="200141"/>
    
    
    <tag k="subtype" v="dashed"/>
    
    
    <tag k="type" v="line_thin"/>
    
  
  </way>
  
  
  <way id="200190" version="1">
    
    
    <nd ref="200180"/>
    
    
    <nd ref="199237"/>
    
    
    <tag k="subtype" v="dashed"/>
    
    
    <tag k="type" v="line_thin"/>
    
  
  </way>
  
  
  <way id="200192" version="1">
    
    
    <nd ref="200184"/>
    
    
    <nd ref="199241"/>
    
    
    <tag k="subtype" v="solid"/>
    
    
    <tag k="type" v="line_thin"/>
    
  
  </way>
  
  
  <way id="200194" version="1">
    
    
    <nd ref="200195"/>
    
    
    <nd ref="199077"/>
    
    
    <tag k="subtype" v="dashed"/>
    
    
    <tag k="type" v="line_thin"/>
    
  
  </way>
  
  
  <way id="200196" version="1">
    
    
    <nd ref="200197"/>
    
    
    <nd ref="200198"/>
    
    
    <nd ref="199109"/>
    
    
    <tag k="subtype" v="solid"/>
    
    
    <tag k="type" v="line_thin"/>
    
  
  </way>
  
  
  <way id="200202" version="1">
    
    
    <nd ref="199077"/>
    
    
    <nd ref="200203"/>
    
    
    <tag k="subtype" v="dashed"/>
    
    
    <tag k="type" v="line_thin"/>
    
  
  </way>
  
  
  <way id="200204" version="1">
    
    
    <nd ref="199081"/>
    
    
    <nd ref="200205"/>
    
    
    <nd ref="200206"/>
    
    
    <tag k="subtype" v="solid"/>
    
    
    <tag k="type" v="line_thin"/>
    
  
  </way>
  
  
  <way id="200209" version="1">
    
    
    <nd ref="200210"/>
    
    
    <nd ref="200195"/>
    
    
    <tag k="type" v="virtual"/>
    
  
  </way>
  
  
  <way id="200211" version="1">
    
    
    <nd ref="200212"/>
    
    
    <nd ref="200197"/>
    
    
    <tag k="subtype" v="solid"/>
    
    
    <tag k="type" v="line_thin"/>
    
  
  </way>
  
  
  <way id="200215" version="1">
    
    
    <nd ref="200210"/>
    
    
    <nd ref="200216"/>
    
    
    <nd ref="200217"/>
    
    
    <nd ref="200218"/>
    
    
    <nd ref="200219"/>
    
    
    <nd ref="200220"/>
    
    
    <nd ref="200221"/>
    
    
    <tag k="subtype" v="dashed"/>
    
    
    <tag k="type" v="line_thin"/>
    
  
  </way>
  
  
  <way id="200222" version="1">
    
    
    <nd ref="200212"/>
    
    
    <nd ref="200223"/>
    
    
    <nd ref="200224"/>
    
    
    <nd ref="200225"/>
    
    
    <nd ref="200226"/>
    
    
    <nd ref="200227"/>
    
    
    <nd ref="200228"/>
    
    
    <nd ref="200229"/>
    
    
    <tag k="type" v="virtual"/>
    
  
  </way>
  
  
  <way id="200237" version="1">
    
    
    <nd ref="200203"/>
    
    
    <nd ref="200238"/>
    
    
    <tag k="type" v="virtual"/>
    
  
  </way>
  
  
  <way id="200239" version="1">
    
    
    <nd ref="200206"/>
    
    
    <nd ref="200240"/>
    
    
    <tag k="type" v="virtual"/>
    
  
  </way>
  
  
  <way id="200243" version="1">
    
    
    <nd ref="200203"/>
    
    
    <nd ref="200244"/>
    
    
    <nd ref="200245"/>
    
    
    <nd ref="200246"/>
    
    
    <nd ref="200247"/>
    
    
    <nd ref="200248"/>
    
    
    <nd ref="200221"/>
    
    
    <tag k="type" v="virtual"/>
    
  
  </way>
  
  
  <way id="200249" version="1">
    
    
    <nd ref="200206"/>
    
    
    <nd ref="200250"/>
    
    
    <nd ref="200251"/>
    
    
    <nd ref="200252"/>
    
    
    <nd ref="200229"/>
    
    
    <tag k="subtype" v="solid"/>
    
    
    <tag k="type" v="line_thin"/>
    
  
  </way>
  
  
  <way id="200257" version="1">
    
    
    <nd ref="200258"/>
    
    
    <nd ref="200259"/>
    
    
    <nd ref="200260"/>
    
    
    <nd ref="200261"/>
    
    
    <nd ref="200262"/>
    
    
    <nd ref="200263"/>
    
    
    <nd ref="200264"/>
    
    
    <nd ref="200238"/>
    
    
    <tag k="type" v="virtual"/>
    
  
  </way>
  
  
  <way id="200265" version="1">
    
    
    <nd ref="200266"/>
    
    
    <nd ref="200267"/>
    
    
    <nd ref="200268"/>
    
    
    <nd ref="200269"/>
    
    
    <nd ref="200270"/>
    
    
    <nd ref="200240"/>
    
    
    <tag k="subtype" v="solid"/>
    
    
    <tag k="type" v="line_thin"/>
    
  
  </way>
  
  
  <way id="200277" version="1">
    
    
    <nd ref="200258"/>
    
    
    <nd ref="200278"/>
    
    
    <nd ref="200279"/>
    
    
    <nd ref="200280"/>
    
    
    <nd ref="200281"/>
    
    
    <nd ref="200282"/>
    
    
    <nd ref="200195"/>
    
    
    <tag k="subtype" v="dashed"/>
    
    
    <tag k="type" v="line_thin"/>
    
  
  </way>
  
  
  <way id="200283" version="1">
    
    
    <nd ref="200266"/>
    
    
    <nd ref="200284"/>
    
    
    <nd ref="200285"/>
    
    
    <nd ref="200286"/>
    
    
    <nd ref="200287"/>
    
    
    <nd ref="200288"/>
    
    
    <nd ref="200197"/>
    
    
    <tag k="type" v="virtual"/>
    
  
  </way>
  
  
  <way id="200295" version="1">
    
    
    <nd ref="200296"/>
    
    
    <nd ref="200258"/>
    
    
    <tag k="subtype" v="dashed"/>
    
    
    <tag k="type" v="line_thin"/>
    
  
  </way>
  
  
  <way id="200297" version="1">
    
    
    <nd ref="200298"/>
    
    
    <nd ref="200266"/>
    
    
    <tag k="subtype" v="solid"/>
    
    
    <tag k="type" v="line_thin"/>
    
  
  </way>
  
  
  <way id="200301" version="1">
    
    
    <nd ref="200221"/>
    
    
    <nd ref="200302"/>
    
    
    <tag k="subtype" v="dashed"/>
    
    
    <tag k="type" v="line_thin"/>
    
  
  </way>
  
  
  <way id="200303" version="1">
    
    
    <nd ref="200229"/>
    
    
    <nd ref="200304"/>
    
    
    <tag k="subtype" v="solid"/>
    
    
    <tag k="type" v="line_thin"/>
    
  
  </way>
  
  
  <way id="200307" version="1">
    
    
    <nd ref="199742"/>
    
    
    <nd ref="200308"/>
    
    
    <nd ref="200309"/>
    
    
    <tag k="subtype" v="solid"/>
    
    
    <tag k="type" v="line_thin"/>
    
  
  </way>
  
  
  <way id="200310" version="1">
    
    
    <nd ref="199750"/>
    
    
    <nd ref="200311"/>
    
    
    <nd ref="200312"/>
    
    
    <tag k="subtype" v="dashed"/>
    
    
    <tag k="type" v="line_thin"/>
    
  
  </way>
  
  
  <way id="200316" version="1">
    
    
    <nd ref="199764"/>
    
    
    <nd ref="200317"/>
    
    
    <nd ref="200318"/>
    
    
    <tag k="subtype" v="dashed"/>
    
    
    <tag k="type" v="line_thin"/>
    
  
  </way>
  
  
  <way id="200322" version="1">
    
    
    <nd ref="199778"/>
    
    
    <nd ref="200323"/>
    
    
    <nd ref="200324"/>
    
    
    <tag k="subtype" v="dashed"/>
    
    
    <tag k="type" v="line_thin"/>
    
  
  </way>
  
  
  <way id="200328" version="1">
    
    
    <nd ref="199792"/>
    
    
    <nd ref="200329"/>
    
    
    <nd ref="200330"/>
    
    
    <tag k="subtype" v="solid"/>
    
    
    <tag k="type" v="line_thin"/>
    
  
  </way>
  
  
  <way id="200334" version="1">
    
    
    <nd ref="200335"/>
    
    
    <nd ref="200210"/>
    
    
    <tag k="subtype" v="dashed"/>
    
    
    <tag k="type" v="line_thin"/>
    
  
  </way>
  
  
  <way id="200336" version="1">
    
    
    <nd ref="200337"/>
    
    
    <nd ref="200212"/>
    
    
    <tag k="subtype" v="solid"/>
    
    
    <tag k="type" v="line_thin"/>
    
  
  </way>
  
  
  <way id="200340" version="1">
    
    
    <nd ref="200341"/>
    
    
    <nd ref="200342"/>
    
    
    <tag k="subtype" v="solid"/>
    
    
    <tag k="type" v="line_thin"/>
    
  
  </way>
  
  
  <way id="200343" version="1">
    
    
    <nd ref="200344"/>
    
    
    <nd ref="200345"/>
    
    
    <tag k="subtype" v="solid"/>
    
    
    <tag k="type" v="line_thin"/>
    
  
  </way>
  
  
  <way id="200349" version="1">
    
    
    <nd ref="200350"/>
    
    
    <nd ref="200351"/>
    
    
    <nd ref="200352"/>
    
    
    <nd ref="200353"/>
    
    
    <nd ref="200354"/>
    
    
    <tag k="subtype" v="solid"/>
    
    
    <tag k="type" v="line_thin"/>
    
  
  </way>
  
  
  <way id="200355" version="1">
    
    
    <nd ref="200356"/>
    
    
    <nd ref="200357"/>
    
    
    <nd ref="200358"/>
    
    
    <nd ref="200359"/>
    
    
    <nd ref="200360"/>
    
    
    <tag k="subtype" v="dashed"/>
    
    
    <tag k="type" v="line_thin"/>
    
  
  </way>
  
  
  <way id="200367" version="1">
    
    
    <nd ref="200368"/>
    
    
    <nd ref="200369"/>
    
    
    <tag k="subtype" v="solid"/>
    
    
    <tag k="type" v="line_thin"/>
    
  
  </way>
  
  
  <way id="200370" version="1">
    
    
    <nd ref="200371"/>
    
    
    <nd ref="200372"/>
    
    
    <tag k="subtype" v="solid"/>
    
    
    <tag k="type" v="line_thin"/>
    
  
  </way>
  
  
  <way id="200376" version="1">
    
    
    <nd ref="200377"/>
    
    
    <nd ref="200378"/>
    
    
    <tag k="subtype" v="solid"/>
    
    
    <tag k="type" v="line_thin"/>
    
  
  </way>
  
  
  <way id="200379" version="1">
    
    
    <nd ref="200380"/>
    
    
    <nd ref="200381"/>
    
    
    <tag k="subtype" v="solid"/>
    
    
    <tag k="type" v="line_thin"/>
    
  
  </way>
  
  
  <way id="200385" version="1">
    
    
    <nd ref="200386"/>
    
    
    <nd ref="200387"/>
    
    
    <tag k="subtype" v="dashed"/>
    
    
    <tag k="type" v="line_thin"/>
    
  
  </way>
  
  
  <way id="200388" version="1">
    
    
    <nd ref="200389"/>
    
    
    <nd ref="200390"/>
    
    
    <tag k="subtype" v="solid"/>
    
    
    <tag k="type" v="line_thin"/>
    
  
  </way>
  
  
  <way id="200394" version="1">
    
    
    <nd ref="200395"/>
    
    
    <nd ref="200396"/>
    
    
    <tag k="subtype" v="solid"/>
    
    
    <tag k="type" v="line_thin"/>
    
  
  </way>
  
  
  <way id="200397" version="1">
    
    
    <nd ref="200398"/>
    
    
    <nd ref="200399"/>
    
    
    <tag k="subtype" v="solid"/>
    
    
    <tag k="type" v="line_thin"/>
    
  
  </way>
  
  
  <way id="200403" version="1">
    
    
    <nd ref="200404"/>
    
    
    <nd ref="200405"/>
    
    
    <tag k="subtype" v="solid"/>
    
    
    <tag k="type" v="line_thin"/>
    
  
  </way>
  
  
  <way id="200406" version="1">
    
    
    <nd ref="200407"/>
    
    
    <nd ref="200408"/>
    
    
    <tag k="subtype" v="solid"/>
    
    
    <tag k="type" v="line_thin"/>
    
  
  </way>
  
  
  <way id="200412" version="1">
    
    
    <nd ref="200413"/>
    
    
    <nd ref="200414"/>
    
    
    <nd ref="200415"/>
    
    
    <tag k="subtype" v="dashed"/>
    
    
    <tag k="type" v="line_thin"/>
    
  
  </way>
  
  
  <way id="200416" version="1">
    
    
    <nd ref="200417"/>
    
    
    <nd ref="200418"/>
    
    
    <nd ref="200419"/>
    
    
    <nd ref="200420"/>
    
    
    <nd ref="200421"/>
    
    
    <nd ref="200415"/>
    
    
    <tag k="subtype" v="solid"/>
    
    
    <tag k="type" v="line_thin"/>
    
  
  </way>
  
  
  <way id="200425" version="1">
    
    
    <nd ref="200426"/>
    
    
    <nd ref="200427"/>
    
    
    <nd ref="200428"/>
    
    
    <tag k="subtype" v="solid"/>
    
    
    <tag k="type" v="line_thin"/>
    
  
  </way>
  
  
  <way id="200432" version="1">
    
    
    <nd ref="200433"/>
    
    
    <nd ref="200434"/>
    
    
    <tag k="subtype" v="dashed"/>
    
    
    <tag k="type" v="line_thin"/>
    
  
  </way>
  
  
  <way id="200435" version="1">
    
    
    <nd ref="200436"/>
    
    
    <nd ref="200437"/>
    
    
    <tag k="subtype" v="virtual"/>
    
    
    <tag k="type" v="virtual"/>
    
  
  </way>
  
  
  <way id="200441" version="1">
    
    
    <nd ref="200442"/>
    
    
    <nd ref="200443"/>
    
    
    <nd ref="200444"/>
    
    
    <nd ref="200445"/>
    
    
    <nd ref="200341"/>
    
    
    <tag k="subtype" v="solid"/>
    
    
    <tag k="type" v="line_thin"/>
    
  
  </way>
  
  
  <way id="200446" version="1">
    
    
    <nd ref="200447"/>
    
    
    <nd ref="200448"/>
    
    
    <nd ref="200449"/>
    
    
    <nd ref="200450"/>
    
    
    <nd ref="200451"/>
    
    
    <nd ref="200344"/>
    
    
    <tag k="subtype" v="dashed"/>
    
    
    <tag k="type" v="line_thin"/>
    
  
  </way>
  
  
  <way id="200457" version="1">
    
    
    <nd ref="200458"/>
    
    
    <nd ref="200459"/>
    
    
    <tag k="subtype" v="solid"/>
    
    
    <tag k="type" v="line_thin"/>
    
  
  </way>
  
  
  <way id="200460" version="1">
    
    
    <nd ref="200461"/>
    
    
    <nd ref="200462"/>
    
    
    <nd ref="200463"/>
    
    
    <tag k="subtype" v="solid"/>
    
    
    <tag k="type" v="line_thin"/>
    
  
  </way>
  
  
  <way id="200467" version="1">
    
    
    <nd ref="200468"/>
    
    
    <nd ref="200469"/>
    
    
    <tag k="subtype" v="solid"/>
    
    
    <tag k="type" v="line_thin"/>
    
  
  </way>
  
  
  <way id="200470" version="1">
    
    
    <nd ref="200471"/>
    
    
    <nd ref="200472"/>
    
    
    <tag k="subtype" v="solid"/>
    
    
    <tag k="type" v="line_thin"/>
    
  
  </way>
  
  
  <way id="200476" version="1">
    
    
    <nd ref="200477"/>
    
    
    <nd ref="200478"/>
    
    
    <tag k="subtype" v="solid"/>
    
    
    <tag k="type" v="line_thin"/>
    
  
  </way>
  
  
  <way id="200479" version="1">
    
    
    <nd ref="200480"/>
    
    
    <nd ref="200481"/>
    
    
    <tag k="subtype" v="solid"/>
    
    
    <tag k="type" v="line_thin"/>
    
  
  </way>
  
  
  <way id="200485" version="1">
    
    
    <nd ref="200486"/>
    
    
    <nd ref="200487"/>
    
    
    <tag k="subtype" v="solid"/>
    
    
    <tag k="type" v="line_thin"/>
    
  
  </way>
  
  
  <way id="200488" version="1">
    
    
    <nd ref="200489"/>
    
    
    <nd ref="200490"/>
    
    
    <nd ref="200491"/>
    
    
    <tag k="subtype" v="solid"/>
    
    
    <tag k="type" v="line_thin"/>
    
  
  </way>
  
  
  <way id="200495" version="1">
    
    
    <nd ref="200496"/>
    
    
    <nd ref="200497"/>
    
    
    <tag k="subtype" v="solid"/>
    
    
    <tag k="type" v="line_thin"/>
    
  
  </way>
  
  
  <way id="200501" version="1">
    
    
    <nd ref="200502"/>
    
    
    <nd ref="200503"/>
    
    
    <tag k="subtype" v="solid"/>
    
    
    <tag k="type" v="line_thin"/>
    
  
  </way>
  
  
  <way id="200504" version="1">
    
    
    <nd ref="200505"/>
    
    
    <nd ref="200506"/>
    
    
    <tag k="subtype" v="solid"/>
    
    
    <tag k="type" v="line_thin"/>
    
  
  </way>
  
  
  <way id="200510" version="1">
    
    
    <nd ref="200503"/>
    
    
    <nd ref="200511"/>
    
    
    <tag k="subtype" v="solid"/>
    
    
    <tag k="type" v="line_thin"/>
    
  
  </way>
  
  
  <way id="200512" version="1">
    
    
    <nd ref="200513"/>
    
    
    <nd ref="200514"/>
    
    
    <tag k="subtype" v="solid"/>
    
    
    <tag k="type" v="line_thin"/>
    
  
  </way>
  
  
  <way id="200518" version="1">
    
    
    <nd ref="200519"/>
    
    
    <nd ref="200520"/>
    
    
    <tag k="subtype" v="solid"/>
    
    
    <tag k="type" v="line_thin"/>
    
  
  </way>
  
  
  <way id="200524" version="1">
    
    
    <nd ref="200525"/>
    
    
    <nd ref="200526"/>
    
    
    <tag k="subtype" v="solid"/>
    
    
    <tag k="type" v="line_thin"/>
    
  
  </way>
  
  
  <way id="200527" version="1">
    
    
    <nd ref="200528"/>
    
    
    <nd ref="200529"/>
    
    
    <tag k="subtype" v="dashed"/>
    
    
    <tag k="type" v="line_thin"/>
    
  
  </way>
  
  
  <way id="200533" version="1">
    
    
    <nd ref="200534"/>
    
    
    <nd ref="200535"/>
    
    
    <tag k="subtype" v="solid"/>
    
    
    <tag k="type" v="line_thin"/>
    
  
  </way>
  
  
  <way id="200539" version="1">
    
    
    <nd ref="200540"/>
    
    
    <nd ref="200442"/>
    
    
    <tag k="subtype" v="solid"/>
    
    
    <tag k="type" v="line_thin"/>
    
  
  </way>
  
  
  <way id="200541" version="1">
    
    
    <nd ref="200542"/>
    
    
    <nd ref="200447"/>
    
    
    <tag k="subtype" v="solid"/>
    
    
    <tag k="type" v="line_thin"/>
    
  
  </way>
  
  
  <way id="200545" version="1">
    
    
    <nd ref="200546"/>
    
    
    <nd ref="200547"/>
    
    
    <tag k="type" v="virtual"/>
    
  
  </way>
  
  
  <way id="200551" version="1">
    
    
    <nd ref="200547"/>
    
    
    <nd ref="200552"/>
    
    
    <nd ref="200553"/>
    
    
    <nd ref="200554"/>
    
    
    <nd ref="200555"/>
    
    
    <nd ref="200344"/>
    
    
    <tag k="subtype" v="solid"/>
    
    
    <tag k="type" v="line_thin"/>
    
  
  </way>
  
  
  <way id="200560" version="1">
    
    
    <nd ref="200434"/>
    
    
    <nd ref="200561"/>
    
    
    <nd ref="200562"/>
    
    
    <tag k="subtype" v="solid"/>
    
    
    <tag k="type" v="line_thin"/>
    
  
  </way>
  
  
  <way id="200563" version="1">
    
    
    <nd ref="200437"/>
    
    
    <nd ref="200564"/>
    
    
    <tag k="subtype" v="solid"/>
    
    
    <tag k="type" v="line_thin"/>
    
  
  </way>
  
  
  <way id="200567" version="1">
    
    
    <nd ref="200568"/>
    
    
    <nd ref="200569"/>
    
    
    <nd ref="200570"/>
    
    
    <nd ref="200571"/>
    
    
    <nd ref="200572"/>
    
    
    <nd ref="200573"/>
    
    
    <nd ref="200574"/>
    
    
    <nd ref="200426"/>
    
    
    <tag k="subtype" v="dashed"/>
    
    
    <tag k="type" v="line_thin"/>
    
  
  </way>
  
  
  <way id="200575" version="1">
    
    
    <nd ref="200576"/>
    
    
    <nd ref="200577"/>
    
    
    <nd ref="200578"/>
    
    
    <nd ref="200579"/>
    
    
    <nd ref="200580"/>
    
    
    <nd ref="200581"/>
    
    
    <nd ref="200582"/>
    
    
    <nd ref="200413"/>
    
    
    <tag k="type" v="virtual"/>
    
  
  </way>
  
  
  <way id="200591" version="1">
    
    
    <nd ref="200592"/>
    
    
    <nd ref="200593"/>
    
    
    <nd ref="200594"/>
    
    
    <nd ref="200595"/>
    
    
    <nd ref="200596"/>
    
    
    <nd ref="200540"/>
    
    
    <tag k="type" v="virtual"/>
    
  
  </way>
  
  
  <way id="200597" version="1">
    
    
    <nd ref="200598"/>
    
    
    <nd ref="200599"/>
    
    
    <nd ref="200600"/>
    
    
    <nd ref="200601"/>
    
    
    <nd ref="200542"/>
    
    
    <tag k="type" v="virtual"/>
    
  
  </way>
  
  
  <way id="200607" version="1">
    
    
    <nd ref="200598"/>
    
    
    <nd ref="200608"/>
    
    
    <nd ref="200609"/>
    
    
    <nd ref="200610"/>
    
    
    <nd ref="200611"/>
    
    
    <nd ref="200546"/>
    
    
    <tag k="type" v="virtual"/>
    
  
  </way>
  
  
  <way id="200616" version="1">
    
    
    <nd ref="200598"/>
    
    
    <nd ref="4254"/>
    
    
    <nd ref="4255"/>
    
    
    <nd ref="4256"/>
    
    
    <nd ref="4257"/>
    
    
    <nd ref="4258"/>
    
    
    <nd ref="4259"/>
    
    
    <nd ref="4260"/>
    
    
    <nd ref="200621"/>
    
    
    <tag k="subtype" v="solid"/>
    
    
    <tag k="type" v="line_thin"/>
    
  
  </way>
  
  
  <way id="200622" version="1">
    
    
    <nd ref="200598"/>
    
    
    <nd ref="200623"/>
    
    
    <nd ref="200624"/>
    
    
    <nd ref="200625"/>
    
    
    <nd ref="200626"/>
    
    
    <nd ref="200627"/>
    
    
    <nd ref="200628"/>
    
    
    <tag k="type" v="virtual"/>
    
  
  </way>
  
  
  <way id="200635" version="1">
    
    
    <nd ref="200592"/>
    
    
    <nd ref="200636"/>
    
    
    <nd ref="200637"/>
    
    
    <nd ref="200638"/>
    
    
    <nd ref="200639"/>
    
    
    <nd ref="200640"/>
    
    
    <nd ref="200641"/>
    
    
    <nd ref="200642"/>
    
    
    <tag k="type" v="virtual"/>
    
  
  </way>
  
  
  <way id="200648" version="1">
    
    
    <nd ref="200459"/>
    
    
    <nd ref="200477"/>
    
    
    <tag k="type" v="virtual"/>
    
  
  </way>
  
  
  <way id="200649" version="1">
    
    
    <nd ref="200463"/>
    
    
    <nd ref="200480"/>
    
    
    <tag k="type" v="virtual"/>
    
  
  </way>
  
  
  <way id="200651" version="1">
    
    
    <nd ref="200469"/>
    
    
    <nd ref="200486"/>
    
    
    <tag k="type" v="virtual"/>
    
  
  </way>
  
  
  <way id="200652" version="1">
    
    
    <nd ref="200472"/>
    
    
    <nd ref="200489"/>
    
    
    <tag k="type" v="virtual"/>
    
  
  </way>
  
  
  <way id="200654" version="1">
    
    
    <nd ref="200469"/>
    
    
    <nd ref="200655"/>
    
    
    <nd ref="200656"/>
    
    
    <nd ref="200657"/>
    
    
    <nd ref="200658"/>
    
    
    <nd ref="200659"/>
    
    
    <nd ref="200660"/>
    
    
    <nd ref="200661"/>
    
    
    <nd ref="200496"/>
    
    
    <tag k="subtype" v="dashed"/>
    
    
    <tag k="type" v="line_thin"/>
    
  
  </way>
  
  
  <way id="200662" version="1">
    
    
    <nd ref="200472"/>
    
    
    <nd ref="200663"/>
    
    
    <nd ref="200664"/>
    
    
    <nd ref="200665"/>
    
    
    <nd ref="200666"/>
    
    
    <nd ref="200667"/>
    
    
    <nd ref="200668"/>
    
    
    <nd ref="200669"/>
    
    
    <nd ref="200433"/>
    
    
    <tag k="type" v="virtual"/>
    
  
  </way>
  
  
  <way id="200678" version="1">
    
    
    <nd ref="200679"/>
    
    
    <nd ref="200680"/>
    
    
    <nd ref="200681"/>
    
    
    <nd ref="200682"/>
    
    
    <nd ref="200683"/>
    
    
    <nd ref="200684"/>
    
    
    <nd ref="200685"/>
    
    
    <nd ref="200486"/>
    
    
    <tag k="subtype" v="dashed"/>
    
    
    <tag k="type" v="line_thin"/>
    
  
  </way>
  
  
  <way id="200686" version="1">
    
    
    <nd ref="200687"/>
    
    
    <nd ref="200688"/>
    
    
    <nd ref="200689"/>
    
    
    <nd ref="200690"/>
    
    
    <nd ref="200691"/>
    
    
    <nd ref="200692"/>
    
    
    <nd ref="200693"/>
    
    
    <nd ref="200694"/>
    
    
    <nd ref="200489"/>
    
    
    <tag k="type" v="virtual"/>
    
  
  </way>
  
  
  <way id="200703" version="1">
    
    
    <nd ref="200679"/>
    
    
    <nd ref="200704"/>
    
    
    <tag k="type" v="virtual"/>
    
  
  </way>
  
  
  <way id="200705" version="1">
    
    
    <nd ref="200687"/>
    
    
    <nd ref="200706"/>
    
    
    <tag k="type" v="virtual"/>
    
  
  </way>
  
  
  <way id="200709" version="1">
    
    
    <nd ref="200687"/>
    
    
    <nd ref="200710"/>
    
    
    <nd ref="200711"/>
    
    
    <nd ref="200712"/>
    
    
    <nd ref="200713"/>
    
    
    <nd ref="200714"/>
    
    
    <nd ref="200715"/>
    
    
    <nd ref="200477"/>
    
    
    <tag k="type" v="virtual"/>
    
  
  </way>
  
  
  <way id="200716" version="1">
    
    
    <nd ref="200717"/>
    
    
    <nd ref="200718"/>
    
    
    <nd ref="200719"/>
    
    
    <nd ref="200720"/>
    
    
    <nd ref="200721"/>
    
    
    <nd ref="200722"/>
    
    
    <nd ref="200480"/>
    
    
    <tag k="subtype" v="solid"/>
    
    
    <tag k="type" v="line_thin"/>
    
  
  </way>
  
  
  <way id="200729" version="1">
    
    
    <nd ref="200717"/>
    
    
    <nd ref="200730"/>
    
    
    <tag k="type" v="virtual"/>
    
  
  </way>
  
  
  <way id="200733" version="1">
    
    
    <nd ref="200387"/>
    
    
    <nd ref="200734"/>
    
    
    <nd ref="200735"/>
    
    
    <nd ref="200736"/>
    
    
    <nd ref="200737"/>
    
    
    <nd ref="200738"/>
    
    
    <nd ref="200739"/>
    
    
    <nd ref="200486"/>
    
    
    <tag k="type" v="virtual"/>
    
  
  </way>
  
  
  <way id="200740" version="1">
    
    
    <nd ref="200390"/>
    
    
    <nd ref="200741"/>
    
    
    <nd ref="200742"/>
    
    
    <nd ref="200743"/>
    
    
    <nd ref="200744"/>
    
    
    <nd ref="200489"/>
    
    
    <tag k="subtype" v="solid"/>
    
    
    <tag k="type" v="line_thin"/>
    
  
  </way>
  
  
  <way id="200750" version="1">
    
    
    <nd ref="200387"/>
    
    
    <nd ref="200433"/>
    
    
    <tag k="type" v="virtual"/>
    
  
  </way>
  
  
  <way id="200751" version="1">
    
    
    <nd ref="200390"/>
    
    
    <nd ref="200436"/>
    
    
    <tag k="type" v="virtual"/>
    
  
  </way>
  
  
  <way id="200753" version="1">
    
    
    <nd ref="200520"/>
    
    
    <nd ref="200496"/>
    
    
    <tag k="type" v="virtual"/>
    
  
  </way>
  
  
  <way id="200755" version="1">
    
    
    <nd ref="200520"/>
    
    
    <nd ref="200756"/>
    
    
    <nd ref="200757"/>
    
    
    <nd ref="200758"/>
    
    
    <nd ref="200759"/>
    
    
    <nd ref="200760"/>
    
    
    <nd ref="200761"/>
    
    
    <nd ref="200762"/>
    
    
    <nd ref="200477"/>
    
    
    <tag k="subtype" v="dashed"/>
    
    
    <tag k="type" v="line_thin"/>
    
  
  </way>
  
  
  <way id="200763" version="1">
    
    
    <nd ref="200387"/>
    
    
    <nd ref="200764"/>
    
    
    <nd ref="200765"/>
    
    
    <nd ref="200766"/>
    
    
    <nd ref="200767"/>
    
    
    <nd ref="200768"/>
    
    
    <nd ref="200769"/>
    
    
    <nd ref="200770"/>
    
    
    <nd ref="200480"/>
    
    
    <tag k="type" v="virtual"/>
    
  
  </way>
  
  
  <way id="200779" version="1">
    
    
    <nd ref="200459"/>
    
    
    <nd ref="200780"/>
    
    
    <nd ref="200781"/>
    
    
    <nd ref="200782"/>
    
    
    <nd ref="200783"/>
    
    
    <nd ref="200784"/>
    
    
    <nd ref="200785"/>
    
    
    <nd ref="200786"/>
    
    
    <nd ref="200704"/>
    
    
    <tag k="subtype" v="dashed"/>
    
    
    <tag k="type" v="line_thin"/>
    
  
  </way>
  
  
  <way id="200787" version="1">
    
    
    <nd ref="200463"/>
    
    
    <nd ref="200788"/>
    
    
    <nd ref="200789"/>
    
    
    <nd ref="200790"/>
    
    
    <nd ref="200791"/>
    
    
    <nd ref="200792"/>
    
    
    <nd ref="200793"/>
    
    
    <nd ref="200794"/>
    
    
    <nd ref="200706"/>
    
    
    <tag k="type" v="virtual"/>
    
  
  </way>
  
  
  <way id="200803" version="1">
    
    
    <nd ref="200396"/>
    
    
    <nd ref="200502"/>
    
    
    <tag k="type" v="virtual"/>
    
  
  </way>
  
  
  <way id="200804" version="1">
    
    
    <nd ref="200399"/>
    
    
    <nd ref="200505"/>
    
    
    <tag k="type" v="virtual"/>
    
  
  </way>
  
  
  <way id="200806" version="1">
    
    
    <nd ref="200396"/>
    
    
    <nd ref="200807"/>
    
    
    <nd ref="200808"/>
    
    
    <nd ref="200809"/>
    
    
    <nd ref="200810"/>
    
    
    <nd ref="200811"/>
    
    
    <nd ref="200812"/>
    
    
    <nd ref="200813"/>
    
    
    <tag k="subtype" v="dashed"/>
    
    
    <tag k="type" v="line_thin"/>
    
  
  </way>
  
  
  <way id="200814" version="1">
    
    
    <nd ref="200399"/>
    
    
    <nd ref="200815"/>
    
    
    <nd ref="200816"/>
    
    
    <nd ref="200817"/>
    
    
    <nd ref="200818"/>
    
    
    <nd ref="200819"/>
    
    
    <nd ref="200820"/>
    
    
    <nd ref="200821"/>
    
    
    <nd ref="200822"/>
    
    
    <tag k="type" v="virtual"/>
    
  
  </way>
  
  
  <way id="200831" version="1">
    
    
    <nd ref="200832"/>
    
    
    <nd ref="200833"/>
    
    
    <tag k="type" v="virtual"/>
    
  
  </way>
  
  
  <way id="200834" version="1">
    
    
    <nd ref="200835"/>
    
    
    <nd ref="200836"/>
    
    
    <tag k="type" v="virtual"/>
    
  
  </way>
  
  
  <way id="200840" version="1">
    
    
    <nd ref="200832"/>
    
    
    <nd ref="200841"/>
    
    
    <nd ref="200842"/>
    
    
    <nd ref="200843"/>
    
    
    <nd ref="200844"/>
    
    
    <nd ref="200845"/>
    
    
    <nd ref="200846"/>
    
    
    <nd ref="200847"/>
    
    
    <nd ref="200502"/>
    
    
    <tag k="subtype" v="dashed"/>
    
    
    <tag k="type" v="line_thin"/>
    
  
  </way>
  
  
  <way id="200848" version="1">
    
    
    <nd ref="200835"/>
    
    
    <nd ref="200849"/>
    
    
    <nd ref="200850"/>
    
    
    <nd ref="200851"/>
    
    
    <nd ref="200852"/>
    
    
    <nd ref="200853"/>
    
    
    <nd ref="200854"/>
    
    
    <nd ref="200855"/>
    
    
    <nd ref="200505"/>
    
    
    <tag k="type" v="virtual"/>
    
  
  </way>
  
  
  <way id="200864" version="1">
    
    
    <nd ref="200865"/>
    
    
    <nd ref="200866"/>
    
    
    <tag k="type" v="virtual"/>
    
  
  </way>
  
  
  <way id="200870" version="1">
    
    
    <nd ref="200835"/>
    
    
    <nd ref="200871"/>
    
    
    <nd ref="200872"/>
    
    
    <nd ref="200873"/>
    
    
    <nd ref="200874"/>
    
    
    <nd ref="200875"/>
    
    
    <nd ref="200404"/>
    
    
    <tag k="type" v="virtual"/>
    
  
  </way>
  
  
  <way id="200876" version="1">
    
    
    <nd ref="200865"/>
    
    
    <nd ref="200877"/>
    
    
    <nd ref="200878"/>
    
    
    <nd ref="200879"/>
    
    
    <nd ref="200880"/>
    
    
    <nd ref="200881"/>
    
    
    <nd ref="200407"/>
    
    
    <tag k="subtype" v="solid"/>
    
    
    <tag k="type" v="line_thin"/>
    
  
  </way>
  
  
  <way id="200887" version="1">
    
    
    <nd ref="200511"/>
    
    
    <nd ref="200888"/>
    
    
    <nd ref="200889"/>
    
    
    <nd ref="200890"/>
    
    
    <nd ref="200891"/>
    
    
    <nd ref="200892"/>
    
    
    <nd ref="200893"/>
    
    
    <nd ref="200833"/>
    
    
    <tag k="subtype" v="dashed"/>
    
    
    <tag k="type" v="line_thin"/>
    
  
  </way>
  
  
  <way id="200894" version="1">
    
    
    <nd ref="200514"/>
    
    
    <nd ref="200895"/>
    
    
    <nd ref="200896"/>
    
    
    <nd ref="200897"/>
    
    
    <nd ref="200898"/>
    
    
    <nd ref="200899"/>
    
    
    <nd ref="200900"/>
    
    
    <nd ref="200901"/>
    
    
    <nd ref="200836"/>
    
    
    <tag k="type" v="virtual"/>
    
  
  </way>
  
  
  <way id="200909" version="1">
    
    
    <nd ref="200511"/>
    
    
    <nd ref="200404"/>
    
    
    <tag k="type" v="virtual"/>
    
  
  </way>
  
  
  <way id="200910" version="1">
    
    
    <nd ref="200514"/>
    
    
    <nd ref="200407"/>
    
    
    <tag k="type" v="virtual"/>
    
  
  </way>
  
  
  <way id="200912" version="1">
    
    
    <nd ref="200913"/>
    
    
    <nd ref="200914"/>
    
    
    <nd ref="200915"/>
    
    
    <nd ref="200916"/>
    
    
    <nd ref="200917"/>
    
    
    <nd ref="200918"/>
    
    
    <nd ref="200919"/>
    
    
    <nd ref="200920"/>
    
    
    <nd ref="200404"/>
    
    
    <tag k="subtype" v="dashed"/>
    
    
    <tag k="type" v="line_thin"/>
    
  
  </way>
  
  
  <way id="200921" version="1">
    
    
    <nd ref="200922"/>
    
    
    <nd ref="200923"/>
    
    
    <nd ref="200924"/>
    
    
    <nd ref="200925"/>
    
    
    <nd ref="200926"/>
    
    
    <nd ref="200927"/>
    
    
    <nd ref="200928"/>
    
    
    <nd ref="200929"/>
    
    
    <nd ref="200407"/>
    
    
    <tag k="type" v="virtual"/>
    
  
  </way>
  
  
  <way id="200939" version="1">
    
    
    <nd ref="200913"/>
    
    
    <nd ref="200813"/>
    
    
    <tag k="type" v="virtual"/>
    
  
  </way>
  
  
  <way id="200940" version="1">
    
    
    <nd ref="200922"/>
    
    
    <nd ref="200822"/>
    
    
    <tag k="type" v="virtual"/>
    
  
  </way>
  
  
  <way id="200942" version="1">
    
    
    <nd ref="200922"/>
    
    
    <nd ref="200943"/>
    
    
    <nd ref="200944"/>
    
    
    <nd ref="200945"/>
    
    
    <nd ref="200946"/>
    
    
    <nd ref="200947"/>
    
    
    <nd ref="200948"/>
    
    
    <nd ref="200502"/>
    
    
    <tag k="type" v="virtual"/>
    
  
  </way>
  
  
  <way id="200949" version="1">
    
    
    <nd ref="200950"/>
    
    
    <nd ref="200951"/>
    
    
    <nd ref="200952"/>
    
    
    <nd ref="200953"/>
    
    
    <nd ref="200954"/>
    
    
    <nd ref="200955"/>
    
    
    <nd ref="200505"/>
    
    
    <tag k="subtype" v="solid"/>
    
    
    <tag k="type" v="line_thin"/>
    
  
  </way>
  
  
  <way id="200963" version="1">
    
    
    <nd ref="200950"/>
    
    
    <nd ref="200964"/>
    
    
    <tag k="type" v="virtual"/>
    
  
  </way>
  
  
  <way id="200967" version="1">
    
    
    <nd ref="200369"/>
    
    
    <nd ref="200350"/>
    
    
    <tag k="type" v="virtual"/>
    
  
  </way>
  
  
  <way id="200968" version="1">
    
    
    <nd ref="200372"/>
    
    
    <nd ref="200356"/>
    
    
    <tag k="subtype" v="solid"/>
    
    
    <tag k="type" v="line_thin"/>
    
  
  </way>
  
  
  <way id="200970" version="1">
    
    
    <nd ref="200971"/>
    
    
    <nd ref="200377"/>
    
    
    <tag k="type" v="virtual"/>
    
  
  </way>
  
  
  <way id="200972" version="1">
    
    
    <nd ref="200973"/>
    
    
    <nd ref="200380"/>
    
    
    <tag k="type" v="virtual"/>
    
  
  </way>
  
  
  <way id="200976" version="1">
    
    
    <nd ref="200971"/>
    
    
    <nd ref="200977"/>
    
    
    <nd ref="200978"/>
    
    
    <nd ref="200979"/>
    
    
    <nd ref="200980"/>
    
    
    <nd ref="200981"/>
    
    
    <nd ref="200982"/>
    
    
    <nd ref="200983"/>
    
    
    <tag k="type" v="virtual"/>
    
  
  </way>
  
  
  <way id="200984" version="1">
    
    
    <nd ref="200973"/>
    
    
    <nd ref="200985"/>
    
    
    <nd ref="200986"/>
    
    
    <nd ref="200987"/>
    
    
    <nd ref="200988"/>
    
    
    <nd ref="200989"/>
    
    
    <nd ref="200990"/>
    
    
    <tag k="subtype" v="solid"/>
    
    
    <tag k="type" v="line_thin"/>
    
  
  </way>
  
  
  <way id="200997" version="1">
    
    
    <nd ref="200998"/>
    
    
    <nd ref="200999"/>
    
    
    <nd ref="201000"/>
    
    
    <nd ref="201001"/>
    
    
    <nd ref="201002"/>
    
    
    <nd ref="201003"/>
    
    
    <nd ref="201004"/>
    
    
    <nd ref="201005"/>
    
    
    <nd ref="200350"/>
    
    
    <tag k="subtype" v="dashed"/>
    
    
    <tag k="type" v="line_thin"/>
    
  
  </way>
  
  
  <way id="201006" version="1">
    
    
    <nd ref="201007"/>
    
    
    <nd ref="201008"/>
    
    
    <nd ref="201009"/>
    
    
    <nd ref="201010"/>
    
    
    <nd ref="201011"/>
    
    
    <nd ref="201012"/>
    
    
    <nd ref="201013"/>
    
    
    <nd ref="201014"/>
    
    
    <nd ref="200356"/>
    
    
    <tag k="type" v="virtual"/>
    
  
  </way>
  
  
  <way id="201024" version="1">
    
    
    <nd ref="201007"/>
    
    
    <nd ref="201025"/>
    
    
    <nd ref="201026"/>
    
    
    <nd ref="201027"/>
    
    
    <nd ref="201028"/>
    
    
    <nd ref="201029"/>
    
    
    <nd ref="200377"/>
    
    
    <tag k="type" v="virtual"/>
    
  
  </way>
  
  
  <way id="201030" version="1">
    
    
    <nd ref="201031"/>
    
    
    <nd ref="201032"/>
    
    
    <nd ref="201033"/>
    
    
    <nd ref="201034"/>
    
    
    <nd ref="201035"/>
    
    
    <nd ref="201036"/>
    
    
    <nd ref="201037"/>
    
    
    <nd ref="200380"/>
    
    
    <tag k="subtype" v="solid"/>
    
    
    <tag k="type" v="line_thin"/>
    
  
  </way>
  
  
  <way id="201045" version="1">
    
    
    <nd ref="200369"/>
    
    
    <nd ref="201046"/>
    
    
    <nd ref="201047"/>
    
    
    <nd ref="201048"/>
    
    
    <nd ref="201049"/>
    
    
    <nd ref="201050"/>
    
    
    <nd ref="201051"/>
    
    
    <nd ref="201052"/>
    
    
    <nd ref="201053"/>
    
    
    <nd ref="201054"/>
    
    
    <tag k="subtype" v="dashed"/>
    
    
    <tag k="type" v="line_thin"/>
    
  
  </way>
  
  
  <way id="201055" version="1">
    
    
    <nd ref="200372"/>
    
    
    <nd ref="201056"/>
    
    
    <nd ref="201057"/>
    
    
    <nd ref="201058"/>
    
    
    <nd ref="201059"/>
    
    
    <nd ref="201060"/>
    
    
    <nd ref="201061"/>
    
    
    <nd ref="201062"/>
    
    
    <nd ref="200983"/>
    
    
    <tag k="type" v="virtual"/>
    
  
  </way>
  
  
  <way id="201072" version="1">
    
    
    <nd ref="200356"/>
    
    
    <nd ref="201073"/>
    
    
    <nd ref="201074"/>
    
    
    <nd ref="201075"/>
    
    
    <nd ref="201076"/>
    
    
    <tag k="subtype" v="solid"/>
    
    
    <tag k="type" v="line_thin"/>
    
  
  </way>
  
  
  <way id="201082" version="1">
    
    
    <nd ref="201083"/>
    
    
    <nd ref="201084"/>
    
    
    <nd ref="201085"/>
    
    
    <nd ref="201086"/>
    
    
    <nd ref="200468"/>
    
    
    <tag k="type" v="virtual"/>
    
  
  </way>
  
  
  <way id="201087" version="1">
    
    
    <nd ref="201088"/>
    
    
    <nd ref="201089"/>
    
    
    <nd ref="201090"/>
    
    
    <nd ref="200471"/>
    
    
    <tag k="subtype" v="solid"/>
    
    
    <tag k="type" v="line_thin"/>
    
  
  </way>
  
  
  <way id="201096" version="1">
    
    
    <nd ref="200478"/>
    
    
    <nd ref="201097"/>
    
    
    <nd ref="201098"/>
    
    
    <nd ref="201099"/>
    
    
    <nd ref="201100"/>
    
    
    <tag k="type" v="virtual"/>
    
  
  </way>
  
  
  <way id="201101" version="1">
    
    
    <nd ref="200481"/>
    
    
    <nd ref="201102"/>
    
    
    <nd ref="201103"/>
    
    
    <nd ref="201104"/>
    
    
    <nd ref="201105"/>
    
    
    <tag k="subtype" v="solid"/>
    
    
    <tag k="type" v="line_thin"/>
    
  
  </way>
  
  
  <way id="201111" version="1">
    
    
    <nd ref="201112"/>
    
    
    <nd ref="201113"/>
    
    
    <tag k="subtype" v="solid"/>
    
    
    <tag k="type" v="line_thin"/>
    
  
  </way>
  
  
  <way id="201114" version="1">
    
    
    <nd ref="201115"/>
    
    
    <nd ref="201116"/>
    
    
    <tag k="subtype" v="solid"/>
    
    
    <tag k="type" v="line_thin"/>
    
  
  </way>
  
  
  <way id="201120" version="1">
    
    
    <nd ref="200503"/>
    
    
    <nd ref="201121"/>
    
    
    <nd ref="201122"/>
    
    
    <nd ref="201123"/>
    
    
    <nd ref="201124"/>
    
    
    <nd ref="201125"/>
    
    
    <tag k="type" v="virtual"/>
    
  
  </way>
  
  
  <way id="201126" version="1">
    
    
    <nd ref="200506"/>
    
    
    <nd ref="201127"/>
    
    
    <nd ref="201128"/>
    
    
    <nd ref="201129"/>
    
    
    <nd ref="201112"/>
    
    
    <tag k="subtype" v="dashed"/>
    
    
    <tag k="type" v="line_thin"/>
    
  
  </way>
  
  
  <way id="201135" version="1">
    
    
    <nd ref="201136"/>
    
    
    <nd ref="201137"/>
    
    
    <nd ref="201138"/>
    
    
    <nd ref="201139"/>
    
    
    <nd ref="201140"/>
    
    
    <nd ref="201141"/>
    
    
    <nd ref="201142"/>
    
    
    <nd ref="200503"/>
    
    
    <tag k="type" v="virtual"/>
    
  
  </way>
  
  
  <way id="201143" version="1">
    
    
    <nd ref="201144"/>
    
    
    <nd ref="201145"/>
    
    
    <nd ref="201146"/>
    
    
    <nd ref="201147"/>
    
    
    <nd ref="201148"/>
    
    
    <nd ref="200513"/>
    
    
    <tag k="subtype" v="dashed"/>
    
    
    <tag k="type" v="line_thin"/>
    
  
  </way>
  
  
  <way id="201155" version="1">
    
    
    <nd ref="201156"/>
    
    
    <nd ref="201157"/>
    
    
    <nd ref="201158"/>
    
    
    <nd ref="201159"/>
    
    
    <nd ref="201160"/>
    
    
    <tag k="type" v="virtual"/>
    
  
  </way>
  
  
  <way id="201161" version="1">
    
    
    <nd ref="201162"/>
    
    
    <nd ref="201163"/>
    
    
    <nd ref="201164"/>
    
    
    <nd ref="201165"/>
    
    
    <nd ref="201166"/>
    
    
    <tag k="type" v="virtual"/>
    
  
  </way>
  
  
  <way id="201173" version="1">
    
    
    <nd ref="201174"/>
    
    
    <nd ref="201175"/>
    
    
    <nd ref="201176"/>
    
    
    <nd ref="201177"/>
    
    
    <nd ref="200386"/>
    
    
    <tag k="type" v="virtual"/>
    
  
  </way>
  
  
  <way id="201178" version="1">
    
    
    <nd ref="201179"/>
    
    
    <nd ref="201180"/>
    
    
    <nd ref="201181"/>
    
    
    <nd ref="201182"/>
    
    
    <nd ref="200389"/>
    
    
    <tag k="type" v="virtual"/>
    
  
  </way>
  
  
  <way id="201188" version="1">
    
    
    <nd ref="200469"/>
    
    
    <nd ref="201189"/>
    
    
    <nd ref="201190"/>
    
    
    <nd ref="201191"/>
    
    
    <nd ref="201192"/>
    
    
    <nd ref="201193"/>
    
    
    <nd ref="201194"/>
    
    
    <nd ref="200706"/>
    
    
    <tag k="type" v="virtual"/>
    
  
  </way>
  
  
  <way id="201195" version="1">
    
    
    <nd ref="200472"/>
    
    
    <nd ref="201196"/>
    
    
    <nd ref="201197"/>
    
    
    <nd ref="201198"/>
    
    
    <nd ref="201199"/>
    
    
    <nd ref="201200"/>
    
    
    <nd ref="200730"/>
    
    
    <tag k="subtype" v="solid"/>
    
    
    <tag k="type" v="line_thin"/>
    
  
  </way>
  
  
  <way id="201207" version="1">
    
    
    <nd ref="200529"/>
    
    
    <nd ref="201208"/>
    
    
    <nd ref="201209"/>
    
    
    <nd ref="201210"/>
    
    
    <nd ref="201211"/>
    
    
    <tag k="type" v="virtual"/>
    
  
  </way>
  
  
  <way id="201212" version="1">
    
    
    <nd ref="200535"/>
    
    
    <nd ref="201213"/>
    
    
    <nd ref="201214"/>
    
    
    <nd ref="201215"/>
    
    
    <nd ref="201216"/>
    
    
    <tag k="type" v="virtual"/>
    
  
  </way>
  
  
  <way id="201222" version="1">
    
    
    <nd ref="201223"/>
    
    
    <nd ref="201224"/>
    
    
    <nd ref="201225"/>
    
    
    <nd ref="201226"/>
    
    
    <nd ref="200528"/>
    
    
    <tag k="type" v="virtual"/>
    
  
  </way>
  
  
  <way id="201227" version="1">
    
    
    <nd ref="201228"/>
    
    
    <nd ref="201229"/>
    
    
    <nd ref="201230"/>
    
    
    <nd ref="201231"/>
    
    
    <nd ref="200534"/>
    
    
    <tag k="type" v="virtual"/>
    
  
  </way>
  
  
  <way id="201237" version="1">
    
    
    <nd ref="200487"/>
    
    
    <nd ref="201238"/>
    
    
    <nd ref="201239"/>
    
    
    <nd ref="201240"/>
    
    
    <nd ref="201241"/>
    
    
    <nd ref="201242"/>
    
    
    <tag k="type" v="virtual"/>
    
  
  </way>
  
  
  <way id="201243" version="1">
    
    
    <nd ref="200491"/>
    
    
    <nd ref="201244"/>
    
    
    <nd ref="201245"/>
    
    
    <nd ref="201246"/>
    
    
    <nd ref="201247"/>
    
    
    <tag k="subtype" v="dashed"/>
    
    
    <tag k="type" v="line_thin"/>
    
  
  </way>
  
  
  <way id="201253" version="1">
    
    
    <nd ref="200342"/>
    
    
    <nd ref="201254"/>
    
    
    <nd ref="201255"/>
    
    
    <nd ref="201256"/>
    
    
    <nd ref="201257"/>
    
    
    <nd ref="200458"/>
    
    
    <tag k="type" v="virtual"/>
    
  
  </way>
  
  
  <way id="201258" version="1">
    
    
    <nd ref="200345"/>
    
    
    <nd ref="201259"/>
    
    
    <nd ref="201260"/>
    
    
    <nd ref="201261"/>
    
    
    <nd ref="200461"/>
    
    
    <tag k="subtype" v="solid"/>
    
    
    <tag k="type" v="line_thin"/>
    
  
  </way>
  
  
  <way id="201266" version="1">
    
    
    <nd ref="201267"/>
    
    
    <nd ref="201268"/>
    
    
    <nd ref="201269"/>
    
    
    <nd ref="201270"/>
    
    
    <nd ref="201271"/>
    
    
    <nd ref="201272"/>
    
    
    <nd ref="201273"/>
    
    
    <tag k="type" v="virtual"/>
    
  
  </way>
  
  
  <way id="201274" version="1">
    
    
    <nd ref="201275"/>
    
    
    <nd ref="201276"/>
    
    
    <nd ref="201277"/>
    
    
    <nd ref="201278"/>
    
    
    <nd ref="201279"/>
    
    
    <tag k="subtype" v="solid"/>
    
    
    <tag k="type" v="line_thin"/>
    
  
  </way>
  
  
  <way id="201286" version="1">
    
    
    <nd ref="200511"/>
    
    
    <nd ref="201287"/>
    
    
    <nd ref="201288"/>
    
    
    <nd ref="201289"/>
    
    
    <nd ref="201290"/>
    
    
    <nd ref="201291"/>
    
    
    <nd ref="200822"/>
    
    
    <tag k="type" v="virtual"/>
    
  
  </way>
  
  
  <way id="201292" version="1">
    
    
    <nd ref="200514"/>
    
    
    <nd ref="201293"/>
    
    
    <nd ref="201294"/>
    
    
    <nd ref="201295"/>
    
    
    <nd ref="201296"/>
    
    
    <nd ref="200964"/>
    
    
    <tag k="subtype" v="solid"/>
    
    
    <tag k="type" v="line_thin"/>
    
  
  </way>
  
  
  <way id="201303" version="1">
    
    
    <nd ref="200396"/>
    
    
    <nd ref="201304"/>
    
    
    <nd ref="201305"/>
    
    
    <nd ref="201306"/>
    
    
    <nd ref="201307"/>
    
    
    <nd ref="201308"/>
    
    
    <nd ref="200836"/>
    
    
    <tag k="type" v="virtual"/>
    
  
  </way>
  
  
  <way id="201309" version="1">
    
    
    <nd ref="200399"/>
    
    
    <nd ref="201310"/>
    
    
    <nd ref="201311"/>
    
    
    <nd ref="201312"/>
    
    
    <nd ref="201313"/>
    
    
    <nd ref="201314"/>
    
    
    <nd ref="200866"/>
    
    
    <tag k="subtype" v="solid"/>
    
    
    <tag k="type" v="line_thin"/>
    
  
  </way>
  
  
  <way id="201321" version="1">
    
    
    <nd ref="201322"/>
    
    
    <nd ref="201323"/>
    
    
    <nd ref="201324"/>
    
    
    <nd ref="201325"/>
    
    
    <nd ref="200395"/>
    
    
    <tag k="type" v="virtual"/>
    
  
  </way>
  
  
  <way id="201326" version="1">
    
    
    <nd ref="201327"/>
    
    
    <nd ref="201328"/>
    
    
    <nd ref="201329"/>
    
    
    <nd ref="201330"/>
    
    
    <nd ref="200398"/>
    
    
    <tag k="subtype" v="solid"/>
    
    
    <tag k="type" v="line_thin"/>
    
  
  </way>
  
  
  <way id="201336" version="1">
    
    
    <nd ref="200405"/>
    
    
    <nd ref="201337"/>
    
    
    <nd ref="201338"/>
    
    
    <nd ref="201339"/>
    
    
    <nd ref="201340"/>
    
    
    <tag k="type" v="virtual"/>
    
  
  </way>
  
  
  <way id="201341" version="1">
    
    
    <nd ref="200408"/>
    
    
    <nd ref="201342"/>
    
    
    <nd ref="201343"/>
    
    
    <nd ref="201344"/>
    
    
    <nd ref="201345"/>
    
    
    <tag k="subtype" v="solid"/>
    
    
    <tag k="type" v="line_thin"/>
    
  
  </way>
  
  
  <way id="201351" version="1">
    
    
    <nd ref="200459"/>
    
    
    <nd ref="201352"/>
    
    
    <nd ref="201353"/>
    
    
    <nd ref="201354"/>
    
    
    <nd ref="201355"/>
    
    
    <nd ref="201356"/>
    
    
    <nd ref="200433"/>
    
    
    <tag k="type" v="virtual"/>
    
  
  </way>
  
  
  <way id="201357" version="1">
    
    
    <nd ref="200463"/>
    
    
    <nd ref="201358"/>
    
    
    <nd ref="201359"/>
    
    
    <nd ref="201360"/>
    
    
    <nd ref="201361"/>
    
    
    <nd ref="200436"/>
    
    
    <tag k="subtype" v="solid"/>
    
    
    <tag k="type" v="line_thin"/>
    
  
  </way>
  
  
  <way id="201368" version="1">
    
    
    <nd ref="201144"/>
    
    
    <nd ref="201112"/>
    
    
    <tag k="type" v="virtual"/>
    
  
  </way>
  
  
  <way id="201369" version="1">
    
    
    <nd ref="201370"/>
    
    
    <nd ref="201115"/>
    
    
    <tag k="type" v="virtual"/>
    
  
  </way>
  
  
  <way id="201373" version="1">
    
    
    <nd ref="201370"/>
    
    
    <nd ref="201374"/>
    
    
    <nd ref="200513"/>
    
    
    <tag k="subtype" v="solid"/>
    
    
    <tag k="type" v="line_thin"/>
    
  
  </way>
  
  
  <way id="201379" version="1">
    
    
    <nd ref="201083"/>
    
    
    <nd ref="201100"/>
    
    
    <tag k="subtype" v="solid"/>
    
    
    <tag k="type" v="line_thin"/>
    
  
  </way>
  
  
  <way id="201380" version="1">
    
    
    <nd ref="201088"/>
    
    
    <nd ref="201105"/>
    
    
    <tag k="type" v="virtual"/>
    
  
  </way>
  
  
  <way id="201382" version="1">
    
    
    <nd ref="201322"/>
    
    
    <nd ref="201340"/>
    
    
    <tag k="subtype" v="solid"/>
    
    
    <tag k="type" v="line_thin"/>
    
  
  </way>
  
  
  <way id="201383" version="1">
    
    
    <nd ref="201327"/>
    
    
    <nd ref="201345"/>
    
    
    <tag k="type" v="virtual"/>
    
  
  </way>
  
  
  <way id="201385" version="1">
    
    
    <nd ref="200506"/>
    
    
    <nd ref="201386"/>
    
    
    <nd ref="201387"/>
    
    
    <nd ref="201115"/>
    
    
    <tag k="subtype" v="solid"/>
    
    
    <tag k="type" v="line_thin"/>
    
  
  </way>
  
  
  <way id="201391" version="1">
    
    
    <nd ref="201136"/>
    
    
    <nd ref="201125"/>
    
    
    <tag k="subtype" v="solid"/>
    
    
    <tag k="type" v="line_thin"/>
    
  
  </way>
  
  
  <way id="201392" version="1">
    
    
    <nd ref="201144"/>
    
    
    <nd ref="201112"/>
    
    
    <tag k="type" v="virtual"/>
    
  
  </way>
  
  
  <way id="201394" version="1">
    
    
    <nd ref="201242"/>
    
    
    <nd ref="201395"/>
    
    
    <tag k="subtype" v="solid"/>
    
    
    <tag k="type" v="line_thin"/>
    
  
  </way>
  
  
  <way id="201396" version="1">
    
    
    <nd ref="201247"/>
    
    
    <nd ref="201397"/>
    
    
    <tag k="subtype" v="solid"/>
    
    
    <tag k="type" v="line_thin"/>
    
  
  </way>
  
  
  <way id="201400" version="1">
    
    
    <nd ref="200342"/>
    
    
    <nd ref="201242"/>
    
    
    <tag k="subtype" v="solid"/>
    
    
    <tag k="type" v="line_thin"/>
    
  
  </way>
  
  
  <way id="201401" version="1">
    
    
    <nd ref="200345"/>
    
    
    <nd ref="201247"/>
    
    
    <tag k="type" v="virtual"/>
    
  
  </way>
  
  
  <way id="201403" version="1">
    
    
    <nd ref="200822"/>
    
    
    <nd ref="201156"/>
    
    
    <tag k="subtype" v="dashed"/>
    
    
    <tag k="type" v="line_thin"/>
    
  
  </way>
  
  
  <way id="201404" version="1">
    
    
    <nd ref="200964"/>
    
    
    <nd ref="201162"/>
    
    
    <tag k="subtype" v="solid"/>
    
    
    <tag k="type" v="line_thin"/>
    
  
  </way>
  
  
  <way id="201406" version="1">
    
    
    <nd ref="200813"/>
    
    
    <nd ref="201407"/>
    
    
    <tag k="subtype" v="solid"/>
    
    
    <tag k="type" v="line_thin"/>
    
  
  </way>
  
  
  <way id="201410" version="1">
    
    
    <nd ref="201156"/>
    
    
    <nd ref="200386"/>
    
    
    <tag k="subtype" v="dashed"/>
    
    
    <tag k="type" v="line_thin"/>
    
  
  </way>
  
  
  <way id="201411" version="1">
    
    
    <nd ref="201162"/>
    
    
    <nd ref="200389"/>
    
    
    <tag k="type" v="virtual"/>
    
  
  </way>
  
  
  <way id="201413" version="1">
    
    
    <nd ref="201407"/>
    
    
    <nd ref="200519"/>
    
    
    <tag k="subtype" v="solid"/>
    
    
    <tag k="type" v="line_thin"/>
    
  
  </way>
  
  
  <way id="201415" version="1">
    
    
    <nd ref="201273"/>
    
    
    <nd ref="200592"/>
    
    
    <tag k="subtype" v="solid"/>
    
    
    <tag k="type" v="line_thin"/>
    
  
  </way>
  
  
  <way id="201416" version="1">
    
    
    <nd ref="201279"/>
    
    
    <nd ref="200598"/>
    
    
    <tag k="subtype" v="solid"/>
    
    
    <tag k="type" v="line_thin"/>
    
  
  </way>
  
  
  <way id="201418" version="1">
    
    
    <nd ref="201397"/>
    
    
    <nd ref="201419"/>
    
    
    <tag k="subtype" v="solid"/>
    
    
    <tag k="type" v="line_thin"/>
    
  
  </way>
  
  
  <way id="201420" version="1">
    
    
    <nd ref="201397"/>
    
    
    <nd ref="201421"/>
    
    
    <nd ref="201422"/>
    
    
    <nd ref="201423"/>
    
    
    <nd ref="201424"/>
    
    
    <tag k="type" v="virtual"/>
    
  
  </way>
  
  
  <way id="201428" version="1">
    
    
    <nd ref="201395"/>
    
    
    <nd ref="201429"/>
    
    
    <tag k="subtype" v="solid"/>
    
    
    <tag k="type" v="line_thin"/>
    
  
  </way>
  
  
  <way id="201432" version="1">
    
    
    <nd ref="200428"/>
    
    
    <nd ref="201433"/>
    
    
    <nd ref="199117"/>
    
    
    <tag k="subtype" v="solid"/>
    
    
    <tag k="type" v="line_thin"/>
    
  
  </way>
  
  
  <way id="201434" version="1">
    
    
    <nd ref="200415"/>
    
    
    <nd ref="201435"/>
    
    
    <nd ref="199121"/>
    
    
    <tag k="subtype" v="solid"/>
    
    
    <tag k="type" v="line_thin"/>
    
  
  </way>
  
  
  <way id="201438" version="1">
    
    
    <nd ref="201125"/>
    
    
    <nd ref="201439"/>
    
    
    <tag k="subtype" v="solid"/>
    
    
    <tag k="type" v="line_thin"/>
    
  
  </way>
  
  
  <way id="201442" version="1">
    
    
    <nd ref="201443"/>
    
    
    <nd ref="201444"/>
    
    
    <tag k="subtype" v="solid"/>
    
    
    <tag k="type" v="line_thin"/>
    
  
  </way>
  
  
  <way id="201445" version="1">
    
    
    <nd ref="201446"/>
    
    
    <nd ref="201447"/>
    
    
    <tag k="subtype" v="solid"/>
    
    
    <tag k="type" v="line_thin"/>
    
  
  </way>
  
  
  <way id="201451" version="1">
    
    
    <nd ref="201452"/>
    
    
    <nd ref="201453"/>
    
    
    <tag k="subtype" v="solid"/>
    
    
    <tag k="type" v="line_thin"/>
    
  
  </way>
  
  
  <way id="201454" version="1">
    
    
    <nd ref="201455"/>
    
    
    <nd ref="201456"/>
    
    
    <tag k="subtype" v="solid"/>
    
    
    <tag k="type" v="line_thin"/>
    
  
  </way>
  
  
  <way id="201463" version="1">
    
    
    <nd ref="201464"/>
    
    
    <nd ref="201452"/>
    
    
    <tag k="subtype" v="solid"/>
    
    
    <tag k="type" v="line_thin"/>
    
  
  </way>
  
  
  <way id="201465" version="1">
    
    
    <nd ref="201466"/>
    
    
    <nd ref="201455"/>
    
    
    <tag k="subtype" v="solid"/>
    
    
    <tag k="type" v="line_thin"/>
    
  
  </way>
  
  
  <way id="201469" version="1">
    
    
    <nd ref="201470"/>
    
    
    <nd ref="201443"/>
    
    
    <tag k="subtype" v="dashed"/>
    
    
    <tag k="type" v="line_thin"/>
    
  
  </way>
  
  
  <way id="201473" version="1">
    
    
    <nd ref="201456"/>
    
    
    <nd ref="201474"/>
    
    
    <tag k="subtype" v="solid"/>
    
    
    <tag k="type" v="line_thin"/>
    
  
  </way>
  
  
  <way id="201475" version="1">
    
    
    <nd ref="201444"/>
    
    
    <nd ref="201476"/>
    
    
    <tag k="subtype" v="dashed"/>
    
    
    <tag k="type" v="line_thin"/>
    
  
  </way>
  
  
  <way id="201479" version="1">
    
    
    <nd ref="201453"/>
    
    
    <nd ref="201480"/>
    
    
    <tag k="subtype" v="solid"/>
    
    
    <tag k="type" v="line_thin"/>
    
  
  </way>
  
  
  <way id="201483" version="1">
    
    
    <nd ref="201470"/>
    
    
    <nd ref="201484"/>
    
    
    <nd ref="201446"/>
    
    
    <tag k="subtype" v="solid"/>
    
    
    <tag k="type" v="line_thin"/>
    
  
  </way>
  
  
  <way id="201487" version="1">
    
    
    <nd ref="201447"/>
    
    
    <nd ref="201488"/>
    
    
    <nd ref="201489"/>
    
    
    <nd ref="201490"/>
    
    
    <nd ref="201476"/>
    
    
    <tag k="subtype" v="solid"/>
    
    
    <tag k="type" v="line_thin"/>
    
  
  </way>
  
  
  <way id="201494" version="1">
    
    
    <nd ref="201495"/>
    
    
    <nd ref="201496"/>
    
    
    <nd ref="201497"/>
    
    
    <nd ref="199742"/>
    
    
    <tag k="subtype" v="solid"/>
    
    
    <tag k="type" v="line_thin"/>
    
  
  </way>
  
  
  <way id="201498" version="1">
    
    
    <nd ref="201499"/>
    
    
    <nd ref="201500"/>
    
    
    <nd ref="201501"/>
    
    
    <nd ref="199750"/>
    
    
    <tag k="type" v="virtual"/>
    
  
  </way>
  
  
  <way id="201506" version="1">
    
    
    <nd ref="199254"/>
    
    
    <nd ref="201507"/>
    
    
    <nd ref="201508"/>
    
    
    <nd ref="201509"/>
    
    
    <nd ref="201510"/>
    
    
    <nd ref="201511"/>
    
    
    <nd ref="201512"/>
    
    
    <tag k="subtype" v="dashed"/>
    
    
    <tag k="type" v="line_thin"/>
    
  
  </way>
  
  
  <way id="201513" version="1">
    
    
    <nd ref="199257"/>
    
    
    <nd ref="201514"/>
    
    
    <nd ref="201515"/>
    
    
    <nd ref="201516"/>
    
    
    <nd ref="201517"/>
    
    
    <nd ref="201518"/>
    
    
    <tag k="subtype" v="dashed"/>
    
    
    <tag k="type" v="line_thin"/>
    
  
  </way>
  
  
  <way id="201525" version="1">
    
    
    <nd ref="201512"/>
    
    
    <nd ref="201526"/>
    
    
    <nd ref="201527"/>
    
    
    <nd ref="201528"/>
    
    
    <tag k="subtype" v="dashed"/>
    
    
    <tag k="type" v="line_thin"/>
    
  
  </way>
  
  
  <way id="201529" version="1">
    
    
    <nd ref="201518"/>
    
    
    <nd ref="201530"/>
    
    
    <nd ref="201531"/>
    
    
    <nd ref="201532"/>
    
    
    <tag k="subtype" v="dashed"/>
    
    
    <tag k="type" v="line_thin"/>
    
  
  </way>
  
  
  <way id="201537" version="1">
    
    
    <nd ref="201528"/>
    
    
    <nd ref="201538"/>
    
    
    <tag k="subtype" v="dashed"/>
    
    
    <tag k="type" v="line_thin"/>
    
  
  </way>
  
  
  <way id="201539" version="1">
    
    
    <nd ref="201532"/>
    
    
    <nd ref="201540"/>
    
    
    <tag k="subtype" v="dashed"/>
    
    
    <tag k="type" v="line_thin"/>
    
  
  </way>
  
  
  <way id="201543" version="1">
    
    
    <nd ref="201538"/>
    
    
    <nd ref="201544"/>
    
    
    <nd ref="201545"/>
    
    
    <tag k="subtype" v="dashed"/>
    
    
    <tag k="type" v="line_thin"/>
    
  
  </way>
  
  
  <way id="201546" version="1">
    
    
    <nd ref="201540"/>
    
    
    <nd ref="201547"/>
    
    
    <nd ref="201548"/>
    
    
    <tag k="subtype" v="dashed"/>
    
    
    <tag k="type" v="line_thin"/>
    
  
  </way>
  
  
  <way id="201552" version="1">
    
    
    <nd ref="201545"/>
    
    
    <nd ref="201553"/>
    
    
    <nd ref="201554"/>
    
    
    <nd ref="201555"/>
    
    
    <tag k="subtype" v="dashed"/>
    
    
    <tag k="type" v="line_thin"/>
    
  
  </way>
  
  
  <way id="201556" version="1">
    
    
    <nd ref="201548"/>
    
    
    <nd ref="201557"/>
    
    
    <nd ref="201558"/>
    
    
    <nd ref="201559"/>
    
    
    <tag k="subtype" v="dashed"/>
    
    
    <tag k="type" v="line_thin"/>
    
  
  </way>
  
  
  <way id="201564" version="1">
    
    
    <nd ref="201555"/>
    
    
    <nd ref="201565"/>
    
    
    <tag k="subtype" v="dashed"/>
    
    
    <tag k="type" v="line_thin"/>
    
  
  </way>
  
  
  <way id="201566" version="1">
    
    
    <nd ref="201559"/>
    
    
    <nd ref="201567"/>
    
    
    <tag k="subtype" v="dashed"/>
    
    
    <tag k="type" v="line_thin"/>
    
  
  </way>
  
  
  <way id="201570" version="1">
    
    
    <nd ref="201565"/>
    
    
    <nd ref="201571"/>
    
    
    <tag k="subtype" v="dashed"/>
    
    
    <tag k="type" v="line_thin"/>
    
  
  </way>
  
  
  <way id="201572" version="1">
    
    
    <nd ref="201567"/>
    
    
    <nd ref="201573"/>
    
    
    <tag k="subtype" v="dashed"/>
    
    
    <tag k="type" v="line_thin"/>
    
  
  </way>
  
  
  <way id="201576" version="1">
    
    
    <nd ref="201571"/>
    
    
    <nd ref="201577"/>
    
    
    <tag k="subtype" v="dashed"/>
    
    
    <tag k="type" v="line_thin"/>
    
  
  </way>
  
  
  <way id="201578" version="1">
    
    
    <nd ref="201573"/>
    
    
    <nd ref="201579"/>
    
    
    <tag k="subtype" v="dashed"/>
    
    
    <tag k="type" v="line_thin"/>
    
  
  </way>
  
  
  <way id="201582" version="1">
    
    
    <nd ref="201577"/>
    
    
    <nd ref="201583"/>
    
    
    <tag k="subtype" v="dashed"/>
    
    
    <tag k="type" v="line_thin"/>
    
  
  </way>
  
  
  <way id="201584" version="1">
    
    
    <nd ref="201579"/>
    
    
    <nd ref="201585"/>
    
    
    <tag k="subtype" v="dashed"/>
    
    
    <tag k="type" v="line_thin"/>
    
  
  </way>
  
  
  <way id="201588" version="1">
    
    
    <nd ref="201589"/>
    
    
    <nd ref="201590"/>
    
    
    <tag k="subtype" v="dashed"/>
    
    
    <tag k="type" v="line_thin"/>
    
  
  </way>
  
  
  <way id="201591" version="1">
    
    
    <nd ref="201592"/>
    
    
    <nd ref="201593"/>
    
    
    <tag k="subtype" v="dashed"/>
    
    
    <tag k="type" v="line_thin"/>
    
  
  </way>
  
  
  <way id="201597" version="1">
    
    
    <nd ref="201590"/>
    
    
    <nd ref="201598"/>
    
    
    <tag k="subtype" v="dashed"/>
    
    
    <tag k="type" v="line_thin"/>
    
  
  </way>
  
  
  <way id="201599" version="1">
    
    
    <nd ref="201593"/>
    
    
    <nd ref="201600"/>
    
    
    <tag k="subtype" v="dashed"/>
    
    
    <tag k="type" v="line_thin"/>
    
  
  </way>
  
  
  <way id="201603" version="1">
    
    
    <nd ref="201598"/>
    
    
    <nd ref="201604"/>
    
    
    <tag k="subtype" v="dashed"/>
    
    
    <tag k="type" v="line_thin"/>
    
  
  </way>
  
  
  <way id="201605" version="1">
    
    
    <nd ref="201600"/>
    
    
    <nd ref="201606"/>
    
    
    <tag k="subtype" v="dashed"/>
    
    
    <tag k="type" v="line_thin"/>
    
  
  </way>
  
  
  <way id="201609" version="1">
    
    
    <nd ref="201604"/>
    
    
    <nd ref="201610"/>
    
    
    <tag k="subtype" v="dashed"/>
    
    
    <tag k="type" v="line_thin"/>
    
  
  </way>
  
  
  <way id="201611" version="1">
    
    
    <nd ref="201606"/>
    
    
    <nd ref="201612"/>
    
    
    <tag k="subtype" v="dashed"/>
    
    
    <tag k="type" v="line_thin"/>
    
  
  </way>
  
  
  <way id="201615" version="1">
    
    
    <nd ref="201616"/>
    
    
    <nd ref="201617"/>
    
    
    <nd ref="201618"/>
    
    
    <nd ref="201619"/>
    
    
    <nd ref="201620"/>
    
    
    <nd ref="201621"/>
    
    
    <tag k="subtype" v="dashed"/>
    
    
    <tag k="type" v="line_thin"/>
    
  
  </way>
  
  
  <way id="201622" version="1">
    
    
    <nd ref="201623"/>
    
    
    <nd ref="201624"/>
    
    
    <nd ref="201625"/>
    
    
    <nd ref="201626"/>
    
    
    <nd ref="201627"/>
    
    
    <nd ref="201628"/>
    
    
    <tag k="subtype" v="dashed"/>
    
    
    <tag k="type" v="line_thin"/>
    
  
  </way>
  
  
  <way id="201636" version="1">
    
    
    <nd ref="199624"/>
    
    
    <nd ref="201637"/>
    
    
    <tag k="subtype" v="solid"/>
    
    
    <tag k="type" v="line_thin"/>
    
  
  </way>
  
  
  <way id="201638" version="1">
    
    
    <nd ref="199640"/>
    
    
    <nd ref="201639"/>
    
    
    <tag k="subtype" v="solid"/>
    
    
    <tag k="type" v="line_thin"/>
    
  
  </way>
  
  
  <way id="201642" version="1">
    
    
    <nd ref="201637"/>
    
    
    <nd ref="201643"/>
    
    
    <tag k="subtype" v="solid"/>
    
    
    <tag k="type" v="line_thin"/>
    
  
  </way>
  
  
  <way id="201644" version="1">
    
    
    <nd ref="201639"/>
    
    
    <nd ref="201645"/>
    
    
    <nd ref="201646"/>
    
    
    <nd ref="201647"/>
    
    
    <tag k="subtype" v="solid"/>
    
    
    <tag k="type" v="line_thin"/>
    
  
  </way>
  
  
  <way id="201650" version="1">
    
    
    <nd ref="201643"/>
    
    
    <nd ref="201651"/>
    
    
    <tag k="subtype" v="solid"/>
    
    
    <tag k="type" v="line_thin"/>
    
  
  </way>
  
  
  <way id="201652" version="1">
    
    
    <nd ref="201647"/>
    
    
    <nd ref="201653"/>
    
    
    <tag k="subtype" v="solid"/>
    
    
    <tag k="type" v="line_thin"/>
    
  
  </way>
  
  
  <way id="201656" version="1">
    
    
    <nd ref="201651"/>
    
    
    <nd ref="201657"/>
    
    
    <tag k="subtype" v="solid"/>
    
    
    <tag k="type" v="line_thin"/>
    
  
  </way>
  
  
  <way id="201658" version="1">
    
    
    <nd ref="201653"/>
    
    
    <nd ref="201659"/>
    
    
    <tag k="subtype" v="solid"/>
    
    
    <tag k="type" v="line_thin"/>
    
  
  </way>
  
  
  <way id="201662" version="1">
    
    
    <nd ref="201657"/>
    
    
    <nd ref="201663"/>
    
    
    <tag k="subtype" v="solid"/>
    
    
    <tag k="type" v="line_thin"/>
    
  
  </way>
  
  
  <way id="201664" version="1">
    
    
    <nd ref="201659"/>
    
    
    <nd ref="201665"/>
    
    
    <nd ref="201666"/>
    
    
    <nd ref="201667"/>
    
    
    <tag k="subtype" v="solid"/>
    
    
    <tag k="type" v="line_thin"/>
    
  
  </way>
  
  
  <way id="201671" version="1">
    
    
    <nd ref="201663"/>
    
    
    <nd ref="201672"/>
    
    
    <tag k="subtype" v="solid"/>
    
    
    <tag k="type" v="line_thin"/>
    
  
  </way>
  
  
  <way id="201673" version="1">
    
    
    <nd ref="201667"/>
    
    
    <nd ref="201674"/>
    
    
    <tag k="subtype" v="solid"/>
    
    
    <tag k="type" v="line_thin"/>
    
  
  </way>
  
  
  <way id="201677" version="1">
    
    
    <nd ref="201672"/>
    
    
    <nd ref="199664"/>
    
    
    <tag k="subtype" v="solid"/>
    
    
    <tag k="type" v="line_thin"/>
    
  
  </way>
  
  
  <way id="201678" version="1">
    
    
    <nd ref="201674"/>
    
    
    <nd ref="199672"/>
    
    
    <tag k="subtype" v="solid"/>
    
    
    <tag k="type" v="line_thin"/>
    
  
  </way>
  
  
  <way id="201680" version="1">
    
    
    <nd ref="199693"/>
    
    
    <nd ref="201681"/>
    
    
    <tag k="subtype" v="solid"/>
    
    
    <tag k="type" v="line_thin"/>
    
  
  </way>
  
  
  <way id="201682" version="1">
    
    
    <nd ref="199700"/>
    
    
    <nd ref="201683"/>
    
    
    <tag k="subtype" v="solid"/>
    
    
    <tag k="type" v="line_thin"/>
    
  
  </way>
  
  
  <way id="201686" version="1">
    
    
    <nd ref="201681"/>
    
    
    <nd ref="201687"/>
    
    
    <tag k="subtype" v="solid"/>
    
    
    <tag k="type" v="line_thin"/>
    
  
  </way>
  
  
  <way id="201688" version="1">
    
    
    <nd ref="201683"/>
    
    
    <nd ref="201689"/>
    
    
    <tag k="subtype" v="solid"/>
    
    
    <tag k="type" v="line_thin"/>
    
  
  </way>
  
  
  <way id="201692" version="1">
    
    
    <nd ref="201687"/>
    
    
    <nd ref="201693"/>
    
    
    <tag k="subtype" v="solid"/>
    
    
    <tag k="type" v="line_thin"/>
    
  
  </way>
  
  
  <way id="201694" version="1">
    
    
    <nd ref="201689"/>
    
    
    <nd ref="201695"/>
    
    
    <tag k="subtype" v="solid"/>
    
    
    <tag k="type" v="line_thin"/>
    
  
  </way>
  
  
  <way id="201698" version="1">
    
    
    <nd ref="201693"/>
    
    
    <nd ref="201699"/>
    
    
    <nd ref="201700"/>
    
    
    <tag k="subtype" v="solid"/>
    
    
    <tag k="type" v="line_thin"/>
    
  
  </way>
  
  
  <way id="201701" version="1">
    
    
    <nd ref="201695"/>
    
    
    <nd ref="201702"/>
    
    
    <tag k="subtype" v="solid"/>
    
    
    <tag k="type" v="line_thin"/>
    
  
  </way>
  
  
  <way id="201705" version="1">
    
    
    <nd ref="201700"/>
    
    
    <nd ref="201706"/>
    
    
    <tag k="subtype" v="solid"/>
    
    
    <tag k="type" v="line_thin"/>
    
  
  </way>
  
  
  <way id="201707" version="1">
    
    
    <nd ref="201702"/>
    
    
    <nd ref="201708"/>
    
    
    <tag k="subtype" v="solid"/>
    
    
    <tag k="type" v="line_thin"/>
    
  
  </way>
  
  
  <way id="201711" version="1">
    
    
    <nd ref="201706"/>
    
    
    <nd ref="201712"/>
    
    
    <tag k="subtype" v="solid"/>
    
    
    <tag k="type" v="line_thin"/>
    
  
  </way>
  
  
  <way id="201713" version="1">
    
    
    <nd ref="201708"/>
    
    
    <nd ref="201714"/>
    
    
    <tag k="subtype" v="solid"/>
    
    
    <tag k="type" v="line_thin"/>
    
  
  </way>
  
  
  <way id="201717" version="1">
    
    
    <nd ref="201712"/>
    
    
    <nd ref="199613"/>
    
    
    <tag k="subtype" v="solid"/>
    
    
    <tag k="type" v="line_thin"/>
    
  
  </way>
  
  
  <way id="201718" version="1">
    
    
    <nd ref="201714"/>
    
    
    <nd ref="199626"/>
    
    
    <tag k="subtype" v="solid"/>
    
    
    <tag k="type" v="line_thin"/>
    
  
  </way>
  
  
  <way id="201720" version="1">
    
    
    <nd ref="201583"/>
    
    
    <nd ref="201721"/>
    
    
    <tag k="subtype" v="dashed"/>
    
    
    <tag k="type" v="line_thin"/>
    
  
  </way>
  
  
  <way id="201722" version="1">
    
    
    <nd ref="201585"/>
    
    
    <nd ref="201723"/>
    
    
    <tag k="subtype" v="solid"/>
    
    
    <tag k="type" v="line_thin"/>
    
  
  </way>
  
  
  <way id="201726" version="1">
    
    
    <nd ref="201721"/>
    
    
    <nd ref="201727"/>
    
    
    <tag k="subtype" v="dashed"/>
    
    
    <tag k="type" v="line_thin"/>
    
  
  </way>
  
  
  <way id="201728" version="1">
    
    
    <nd ref="201723"/>
    
    
    <nd ref="201729"/>
    
    
    <tag k="subtype" v="solid"/>
    
    
    <tag k="type" v="line_thin"/>
    
  
  </way>
  
  
  <way id="201732" version="1">
    
    
    <nd ref="201727"/>
    
    
    <nd ref="201733"/>
    
    
    <tag k="subtype" v="dashed"/>
    
    
    <tag k="type" v="line_thin"/>
    
  
  </way>
  
  
  <way id="201734" version="1">
    
    
    <nd ref="201729"/>
    
    
    <nd ref="201735"/>
    
    
    <tag k="subtype" v="solid"/>
    
    
    <tag k="type" v="line_thin"/>
    
  
  </way>
  
  
  <way id="201738" version="1">
    
    
    <nd ref="201733"/>
    
    
    <nd ref="201739"/>
    
    
    <tag k="subtype" v="dashed"/>
    
    
    <tag k="type" v="line_thin"/>
    
  
  </way>
  
  
  <way id="201740" version="1">
    
    
    <nd ref="201735"/>
    
    
    <nd ref="201741"/>
    
    
    <tag k="subtype" v="solid"/>
    
    
    <tag k="type" v="line_thin"/>
    
  
  </way>
  
  
  <way id="201744" version="1">
    
    
    <nd ref="201739"/>
    
    
    <nd ref="201745"/>
    
    
    <tag k="subtype" v="dashed"/>
    
    
    <tag k="type" v="line_thin"/>
    
  
  </way>
  
  
  <way id="201746" version="1">
    
    
    <nd ref="201741"/>
    
    
    <nd ref="201747"/>
    
    
    <tag k="subtype" v="solid"/>
    
    
    <tag k="type" v="line_thin"/>
    
  
  </way>
  
  
  <way id="201750" version="1">
    
    
    <nd ref="201621"/>
    
    
    <nd ref="201751"/>
    
    
    <tag k="subtype" v="dashed"/>
    
    
    <tag k="type" v="line_thin"/>
    
  
  </way>
  
  
  <way id="201752" version="1">
    
    
    <nd ref="201628"/>
    
    
    <nd ref="201753"/>
    
    
    <tag k="subtype" v="solid"/>
    
    
    <tag k="type" v="line_thin"/>
    
  
  </way>
  
  
  <way id="201756" version="1">
    
    
    <nd ref="201751"/>
    
    
    <nd ref="201757"/>
    
    
    <tag k="subtype" v="dashed"/>
    
    
    <tag k="type" v="line_thin"/>
    
  
  </way>
  
  
  <way id="201758" version="1">
    
    
    <nd ref="201753"/>
    
    
    <nd ref="201759"/>
    
    
    <tag k="subtype" v="solid"/>
    
    
    <tag k="type" v="line_thin"/>
    
  
  </way>
  
  
  <way id="201762" version="1">
    
    
    <nd ref="201757"/>
    
    
    <nd ref="201763"/>
    
    
    <tag k="subtype" v="dashed"/>
    
    
    <tag k="type" v="line_thin"/>
    
  
  </way>
  
  
  <way id="201764" version="1">
    
    
    <nd ref="201759"/>
    
    
    <nd ref="201765"/>
    
    
    <tag k="subtype" v="solid"/>
    
    
    <tag k="type" v="line_thin"/>
    
  
  </way>
  
  
  <way id="201768" version="1">
    
    
    <nd ref="201763"/>
    
    
    <nd ref="201769"/>
    
    
    <tag k="subtype" v="dashed"/>
    
    
    <tag k="type" v="line_thin"/>
    
  
  </way>
  
  
  <way id="201770" version="1">
    
    
    <nd ref="201765"/>
    
    
    <nd ref="201771"/>
    
    
    <tag k="subtype" v="solid"/>
    
    
    <tag k="type" v="line_thin"/>
    
  
  </way>
  
  
  <way id="201774" version="1">
    
    
    <nd ref="201769"/>
    
    
    <nd ref="201775"/>
    
    
    <tag k="subtype" v="dashed"/>
    
    
    <tag k="type" v="line_thin"/>
    
  
  </way>
  
  
  <way id="201776" version="1">
    
    
    <nd ref="201771"/>
    
    
    <nd ref="201777"/>
    
    
    <tag k="subtype" v="solid"/>
    
    
    <tag k="type" v="line_thin"/>
    
  
  </way>
  
  
  <way id="201780" version="1">
    
    
    <nd ref="201775"/>
    
    
    <nd ref="201781"/>
    
    
    <tag k="subtype" v="dashed"/>
    
    
    <tag k="type" v="line_thin"/>
    
  
  </way>
  
  
  <way id="201782" version="1">
    
    
    <nd ref="201777"/>
    
    
    <nd ref="201783"/>
    
    
    <tag k="subtype" v="solid"/>
    
    
    <tag k="type" v="line_thin"/>
    
  
  </way>
  
  
  <way id="201786" version="1">
    
    
    <nd ref="201781"/>
    
    
    <nd ref="201787"/>
    
    
    <tag k="subtype" v="dashed"/>
    
    
    <tag k="type" v="line_thin"/>
    
  
  </way>
  
  
  <way id="201788" version="1">
    
    
    <nd ref="201783"/>
    
    
    <nd ref="201789"/>
    
    
    <tag k="subtype" v="solid"/>
    
    
    <tag k="type" v="line_thin"/>
    
  
  </way>
  
  
  <way id="201792" version="1">
    
    
    <nd ref="201787"/>
    
    
    <nd ref="201589"/>
    
    
    <tag k="subtype" v="dashed"/>
    
    
    <tag k="type" v="line_thin"/>
    
  
  </way>
  
  
  <way id="201793" version="1">
    
    
    <nd ref="201789"/>
    
    
    <nd ref="201592"/>
    
    
    <tag k="subtype" v="solid"/>
    
    
    <tag k="type" v="line_thin"/>
    
  
  </way>
  
  
  <way id="201795" version="1">
    
    
    <nd ref="199289"/>
    
    
    <nd ref="201796"/>
    
    
    <nd ref="201797"/>
    
    
    <tag k="subtype" v="solid"/>
    
    
    <tag k="type" v="line_thin"/>
    
  
  </way>
  
  
  <way id="201798" version="1">
    
    
    <nd ref="199299"/>
    
    
    <nd ref="201799"/>
    
    
    <nd ref="201800"/>
    
    
    <tag k="subtype" v="solid"/>
    
    
    <tag k="type" v="line_thin"/>
    
  
  </way>
  
  
  <way id="201804" version="1">
    
    
    <nd ref="201797"/>
    
    
    <nd ref="201805"/>
    
    
    <nd ref="199221"/>
    
    
    <tag k="subtype" v="solid"/>
    
    
    <tag k="type" v="line_thin"/>
    
  
  </way>
  
  
  <way id="201806" version="1">
    
    
    <nd ref="201800"/>
    
    
    <nd ref="201807"/>
    
    
    <nd ref="201808"/>
    
    
    <nd ref="199227"/>
    
    
    <tag k="subtype" v="solid"/>
    
    
    <tag k="type" v="line_thin"/>
    
  
  </way>
  
  
  <way id="201812" version="1">
    
    
    <nd ref="199377"/>
    
    
    <nd ref="201813"/>
    
    
    <nd ref="201814"/>
    
    
    <nd ref="201815"/>
    
    
    <nd ref="201816"/>
    
    
    <nd ref="201817"/>
    
    
    <nd ref="201818"/>
    
    
    <nd ref="201819"/>
    
    
    <nd ref="201820"/>
    
    
    <tag k="subtype" v="solid"/>
    
    
    <tag k="type" v="line_thin"/>
    
  
  </way>
  
  
  <way id="201821" version="1">
    
    
    <nd ref="199383"/>
    
    
    <nd ref="201822"/>
    
    
    <nd ref="201823"/>
    
    
    <nd ref="201824"/>
    
    
    <nd ref="201825"/>
    
    
    <nd ref="201826"/>
    
    
    <nd ref="201827"/>
    
    
    <nd ref="201828"/>
    
    
    <tag k="subtype" v="dashed"/>
    
    
    <tag k="type" v="line_thin"/>
    
  
  </way>
  
  
  <way id="201838" version="1">
    
    
    <nd ref="201820"/>
    
    
    <nd ref="201839"/>
    
    
    <nd ref="201840"/>
    
    
    <nd ref="201841"/>
    
    
    <nd ref="201842"/>
    
    
    <nd ref="201843"/>
    
    
    <nd ref="201844"/>
    
    
    <nd ref="201845"/>
    
    
    <nd ref="201846"/>
    
    
    <tag k="subtype" v="solid"/>
    
    
    <tag k="type" v="line_thin"/>
    
  
  </way>
  
  
  <way id="201847" version="1">
    
    
    <nd ref="201828"/>
    
    
    <nd ref="201848"/>
    
    
    <nd ref="201849"/>
    
    
    <nd ref="201850"/>
    
    
    <nd ref="201851"/>
    
    
    <nd ref="201852"/>
    
    
    <nd ref="201853"/>
    
    
    <nd ref="201854"/>
    
    
    <nd ref="201855"/>
    
    
    <tag k="subtype" v="dashed"/>
    
    
    <tag k="type" v="line_thin"/>
    
  
  </way>
  
  
  <way id="201865" version="1">
    
    
    <nd ref="201846"/>
    
    
    <nd ref="201866"/>
    
    
    <nd ref="201867"/>
    
    
    <nd ref="201868"/>
    
    
    <nd ref="201869"/>
    
    
    <nd ref="201870"/>
    
    
    <nd ref="201871"/>
    
    
    <nd ref="201872"/>
    
    
    <nd ref="201873"/>
    
    
    <tag k="subtype" v="solid"/>
    
    
    <tag k="type" v="line_thin"/>
    
  
  </way>
  
  
  <way id="201874" version="1">
    
    
    <nd ref="201855"/>
    
    
    <nd ref="201875"/>
    
    
    <nd ref="201876"/>
    
    
    <nd ref="201877"/>
    
    
    <nd ref="201878"/>
    
    
    <nd ref="201879"/>
    
    
    <nd ref="201880"/>
    
    
    <nd ref="201881"/>
    
    
    <tag k="subtype" v="dashed"/>
    
    
    <tag k="type" v="line_thin"/>
    
  
  </way>
  
  
  <way id="201890" version="1">
    
    
    <nd ref="201873"/>
    
    
    <nd ref="201891"/>
    
    
    <nd ref="201892"/>
    
    
    <nd ref="201893"/>
    
    
    <nd ref="201894"/>
    
    
    <nd ref="201895"/>
    
    
    <nd ref="201896"/>
    
    
    <nd ref="201897"/>
    
    
    <nd ref="201898"/>
    
    
    <tag k="subtype" v="solid"/>
    
    
    <tag k="type" v="line_thin"/>
    
  
  </way>
  
  
  <way id="201899" version="1">
    
    
    <nd ref="201881"/>
    
    
    <nd ref="201900"/>
    
    
    <nd ref="201901"/>
    
    
    <nd ref="201902"/>
    
    
    <nd ref="201903"/>
    
    
    <nd ref="201904"/>
    
    
    <nd ref="201905"/>
    
    
    <nd ref="201906"/>
    
    
    <tag k="subtype" v="dashed"/>
    
    
    <tag k="type" v="line_thin"/>
    
  
  </way>
  
  
  <way id="201916" version="1">
    
    
    <nd ref="201898"/>
    
    
    <nd ref="201917"/>
    
    
    <nd ref="201918"/>
    
    
    <nd ref="201919"/>
    
    
    <nd ref="201920"/>
    
    
    <nd ref="201921"/>
    
    
    <nd ref="201922"/>
    
    
    <nd ref="201923"/>
    
    
    <nd ref="201924"/>
    
    
    <tag k="subtype" v="solid"/>
    
    
    <tag k="type" v="line_thin"/>
    
  
  </way>
  
  
  <way id="201925" version="1">
    
    
    <nd ref="201906"/>
    
    
    <nd ref="201926"/>
    
    
    <nd ref="201927"/>
    
    
    <nd ref="201928"/>
    
    
    <nd ref="201929"/>
    
    
    <nd ref="201930"/>
    
    
    <nd ref="201931"/>
    
    
    <nd ref="201932"/>
    
    
    <nd ref="201933"/>
    
    
    <tag k="subtype" v="dashed"/>
    
    
    <tag k="type" v="line_thin"/>
    
  
  </way>
  
  
  <way id="201943" version="1">
    
    
    <nd ref="201924"/>
    
    
    <nd ref="201944"/>
    
    
    <nd ref="201945"/>
    
    
    <nd ref="201946"/>
    
    
    <nd ref="201947"/>
    
    
    <nd ref="201948"/>
    
    
    <nd ref="201949"/>
    
    
    <nd ref="201950"/>
    
    
    <nd ref="199341"/>
    
    
    <tag k="subtype" v="solid"/>
    
    
    <tag k="type" v="line_thin"/>
    
  
  </way>
  
  
  <way id="201951" version="1">
    
    
    <nd ref="201933"/>
    
    
    <nd ref="201952"/>
    
    
    <nd ref="201953"/>
    
    
    <nd ref="201954"/>
    
    
    <nd ref="201955"/>
    
    
    <nd ref="201956"/>
    
    
    <nd ref="201957"/>
    
    
    <nd ref="201958"/>
    
    
    <nd ref="199348"/>
    
    
    <tag k="subtype" v="dashed"/>
    
    
    <tag k="type" v="line_thin"/>
    
  
  </way>
  
  
  <way id="201967" version="1">
    
    
    <nd ref="201968"/>
    
    
    <nd ref="201969"/>
    
    
    <tag k="subtype" v="dashed"/>
    
    
    <tag k="type" v="line_thin"/>
    
  
  </way>
  
  
  <way id="201970" version="1">
    
    
    <nd ref="201971"/>
    
    
    <nd ref="201972"/>
    
    
    <tag k="subtype" v="solid"/>
    
    
    <tag k="type" v="line_thin"/>
    
  
  </way>
  
  
  <way id="201976" version="1">
    
    
    <nd ref="201969"/>
    
    
    <nd ref="201977"/>
    
    
    <tag k="subtype" v="dashed"/>
    
    
    <tag k="type" v="line_thin"/>
    
  
  </way>
  
  
  <way id="201978" version="1">
    
    
    <nd ref="201972"/>
    
    
    <nd ref="201979"/>
    
    
    <tag k="subtype" v="solid"/>
    
    
    <tag k="type" v="line_thin"/>
    
  
  </way>
  
  
  <way id="201982" version="1">
    
    
    <nd ref="201977"/>
    
    
    <nd ref="201983"/>
    
    
    <tag k="subtype" v="dashed"/>
    
    
    <tag k="type" v="line_thin"/>
    
  
  </way>
  
  
  <way id="201984" version="1">
    
    
    <nd ref="201979"/>
    
    
    <nd ref="201985"/>
    
    
    <tag k="subtype" v="solid"/>
    
    
    <tag k="type" v="line_thin"/>
    
  
  </way>
  
  
  <way id="201988" version="1">
    
    
    <nd ref="201983"/>
    
    
    <nd ref="201989"/>
    
    
    <tag k="subtype" v="dashed"/>
    
    
    <tag k="type" v="line_thin"/>
    
  
  </way>
  
  
  <way id="201990" version="1">
    
    
    <nd ref="201985"/>
    
    
    <nd ref="201991"/>
    
    
    <tag k="subtype" v="solid"/>
    
    
    <tag k="type" v="line_thin"/>
    
  
  </way>
  
  
  <way id="201994" version="1">
    
    
    <nd ref="201989"/>
    
    
    <nd ref="201995"/>
    
    
    <tag k="subtype" v="dashed"/>
    
    
    <tag k="type" v="line_thin"/>
    
  
  </way>
  
  
  <way id="201996" version="1">
    
    
    <nd ref="201991"/>
    
    
    <nd ref="201997"/>
    
    
    <tag k="subtype" v="solid"/>
    
    
    <tag k="type" v="line_thin"/>
    
  
  </way>
  
  
  <way id="202000" version="1">
    
    
    <nd ref="201995"/>
    
    
    <nd ref="202001"/>
    
    
    <tag k="subtype" v="dashed"/>
    
    
    <tag k="type" v="line_thin"/>
    
  
  </way>
  
  
  <way id="202002" version="1">
    
    
    <nd ref="201997"/>
    
    
    <nd ref="202003"/>
    
    
    <tag k="subtype" v="solid"/>
    
    
    <tag k="type" v="line_thin"/>
    
  
  </way>
  
  
  <way id="202006" version="1">
    
    
    <nd ref="202001"/>
    
    
    <nd ref="202007"/>
    
    
    <tag k="subtype" v="dashed"/>
    
    
    <tag k="type" v="line_thin"/>
    
  
  </way>
  
  
  <way id="202008" version="1">
    
    
    <nd ref="202003"/>
    
    
    <nd ref="202009"/>
    
    
    <tag k="subtype" v="solid"/>
    
    
    <tag k="type" v="line_thin"/>
    
  
  </way>
  
  
  <way id="202012" version="1">
    
    
    <nd ref="202007"/>
    
    
    <nd ref="202013"/>
    
    
    <tag k="subtype" v="dashed"/>
    
    
    <tag k="type" v="line_thin"/>
    
  
  </way>
  
  
  <way id="202014" version="1">
    
    
    <nd ref="202009"/>
    
    
    <nd ref="202015"/>
    
    
    <tag k="subtype" v="solid"/>
    
    
    <tag k="type" v="line_thin"/>
    
  
  </way>
  
  
  <way id="202018" version="1">
    
    
    <nd ref="202013"/>
    
    
    <nd ref="202019"/>
    
    
    <tag k="subtype" v="dashed"/>
    
    
    <tag k="type" v="line_thin"/>
    
  
  </way>
  
  
  <way id="202020" version="1">
    
    
    <nd ref="202015"/>
    
    
    <nd ref="202021"/>
    
    
    <tag k="subtype" v="solid"/>
    
    
    <tag k="type" v="line_thin"/>
    
  
  </way>
  
  
  <way id="202024" version="1">
    
    
    <nd ref="202025"/>
    
    
    <nd ref="202026"/>
    
    
    <tag k="subtype" v="dashed"/>
    
    
    <tag k="type" v="line_thin"/>
    
  
  </way>
  
  
  <way id="202027" version="1">
    
    
    <nd ref="202028"/>
    
    
    <nd ref="202029"/>
    
    
    <tag k="subtype" v="solid"/>
    
    
    <tag k="type" v="line_thin"/>
    
  
  </way>
  
  
  <way id="202033" version="1">
    
    
    <nd ref="202026"/>
    
    
    <nd ref="202034"/>
    
    
    <tag k="subtype" v="dashed"/>
    
    
    <tag k="type" v="line_thin"/>
    
  
  </way>
  
  
  <way id="202035" version="1">
    
    
    <nd ref="202029"/>
    
    
    <nd ref="202036"/>
    
    
    <tag k="subtype" v="solid"/>
    
    
    <tag k="type" v="line_thin"/>
    
  
  </way>
  
  
  <way id="202039" version="1">
    
    
    <nd ref="202040"/>
    
    
    <nd ref="202041"/>
    
    
    <nd ref="202042"/>
    
    
    <nd ref="202043"/>
    
    
    <nd ref="202044"/>
    
    
    <nd ref="202045"/>
    
    
    <nd ref="202046"/>
    
    
    <nd ref="202047"/>
    
    
    <nd ref="199456"/>
    
    
    <tag k="subtype" v="solid"/>
    
    
    <tag k="type" v="line_thin"/>
    
  
  </way>
  
  
  <way id="202048" version="1">
    
    
    <nd ref="202049"/>
    
    
    <nd ref="202050"/>
    
    
    <nd ref="202051"/>
    
    
    <nd ref="202052"/>
    
    
    <nd ref="202053"/>
    
    
    <nd ref="202054"/>
    
    
    <nd ref="202055"/>
    
    
    <nd ref="199461"/>
    
    
    <tag k="subtype" v="solid"/>
    
    
    <tag k="type" v="line_thin"/>
    
  
  </way>
  
  
  <way id="202064" version="1">
    
    
    <nd ref="199573"/>
    
    
    <nd ref="202065"/>
    
    
    <nd ref="202066"/>
    
    
    <nd ref="202067"/>
    
    
    <nd ref="202068"/>
    
    
    <nd ref="202069"/>
    
    
    <nd ref="202070"/>
    
    
    <nd ref="202071"/>
    
    
    <nd ref="202072"/>
    
    
    <nd ref="202073"/>
    
    
    <tag k="subtype" v="solid"/>
    
    
    <tag k="type" v="line_thin"/>
    
  
  </way>
  
  
  <way id="202074" version="1">
    
    
    <nd ref="199576"/>
    
    
    <nd ref="202075"/>
    
    
    <nd ref="202076"/>
    
    
    <nd ref="202077"/>
    
    
    <nd ref="202078"/>
    
    
    <nd ref="202079"/>
    
    
    <nd ref="202080"/>
    
    
    <tag k="subtype" v="solid"/>
    
    
    <tag k="type" v="line_thin"/>
    
  
  </way>
  
  
  <way id="202089" version="1">
    
    
    <nd ref="202090"/>
    
    
    <nd ref="202091"/>
    
    
    <tag k="subtype" v="dashed"/>
    
    
    <tag k="type" v="line_thin"/>
    
  
  </way>
  
  
  <way id="202092" version="1">
    
    
    <nd ref="202093"/>
    
    
    <nd ref="202094"/>
    
    
    <tag k="subtype" v="solid"/>
    
    
    <tag k="type" v="line_thin"/>
    
  
  </way>
  
  
  <way id="202098" version="1">
    
    
    <nd ref="202091"/>
    
    
    <nd ref="202099"/>
    
    
    <tag k="subtype" v="dashed"/>
    
    
    <tag k="type" v="line_thin"/>
    
  
  </way>
  
  
  <way id="202100" version="1">
    
    
    <nd ref="202094"/>
    
    
    <nd ref="202101"/>
    
    
    <tag k="subtype" v="solid"/>
    
    
    <tag k="type" v="line_thin"/>
    
  
  </way>
  
  
  <way id="202104" version="1">
    
    
    <nd ref="202105"/>
    
    
    <nd ref="202106"/>
    
    
    <tag k="subtype" v="dashed"/>
    
    
    <tag k="type" v="line_thin"/>
    
  
  </way>
  
  
  <way id="202107" version="1">
    
    
    <nd ref="202108"/>
    
    
    <nd ref="202109"/>
    
    
    <tag k="subtype" v="solid"/>
    
    
    <tag k="type" v="line_thin"/>
    
  
  </way>
  
  
  <way id="202113" version="1">
    
    
    <nd ref="202106"/>
    
    
    <nd ref="202114"/>
    
    
    <tag k="subtype" v="dashed"/>
    
    
    <tag k="type" v="line_thin"/>
    
  
  </way>
  
  
  <way id="202115" version="1">
    
    
    <nd ref="202109"/>
    
    
    <nd ref="202116"/>
    
    
    <tag k="subtype" v="solid"/>
    
    
    <tag k="type" v="line_thin"/>
    
  
  </way>
  
  
  <way id="202119" version="1">
    
    
    <nd ref="202114"/>
    
    
    <nd ref="202120"/>
    
    
    <tag k="subtype" v="dashed"/>
    
    
    <tag k="type" v="line_thin"/>
    
  
  </way>
  
  
  <way id="202121" version="1">
    
    
    <nd ref="202116"/>
    
    
    <nd ref="202122"/>
    
    
    <tag k="subtype" v="solid"/>
    
    
    <tag k="type" v="line_thin"/>
    
  
  </way>
  
  
  <way id="202125" version="1">
    
    
    <nd ref="202120"/>
    
    
    <nd ref="202126"/>
    
    
    <tag k="subtype" v="dashed"/>
    
    
    <tag k="type" v="line_thin"/>
    
  
  </way>
  
  
  <way id="202127" version="1">
    
    
    <nd ref="202122"/>
    
    
    <nd ref="202128"/>
    
    
    <tag k="subtype" v="solid"/>
    
    
    <tag k="type" v="line_thin"/>
    
  
  </way>
  
  
  <way id="202131" version="1">
    
    
    <nd ref="202126"/>
    
    
    <nd ref="202132"/>
    
    
    <tag k="subtype" v="dashed"/>
    
    
    <tag k="type" v="line_thin"/>
    
  
  </way>
  
  
  <way id="202133" version="1">
    
    
    <nd ref="202128"/>
    
    
    <nd ref="202134"/>
    
    
    <tag k="subtype" v="solid"/>
    
    
    <tag k="type" v="line_thin"/>
    
  
  </way>
  
  
  <way id="202137" version="1">
    
    
    <nd ref="202132"/>
    
    
    <nd ref="202138"/>
    
    
    <tag k="subtype" v="dashed"/>
    
    
    <tag k="type" v="line_thin"/>
    
  
  </way>
  
  
  <way id="202139" version="1">
    
    
    <nd ref="202134"/>
    
    
    <nd ref="202140"/>
    
    
    <tag k="subtype" v="solid"/>
    
    
    <tag k="type" v="line_thin"/>
    
  
  </way>
  
  
  <way id="202143" version="1">
    
    
    <nd ref="202138"/>
    
    
    <nd ref="202144"/>
    
    
    <tag k="subtype" v="dashed"/>
    
    
    <tag k="type" v="line_thin"/>
    
  
  </way>
  
  
  <way id="202145" version="1">
    
    
    <nd ref="202140"/>
    
    
    <nd ref="202146"/>
    
    
    <tag k="subtype" v="solid"/>
    
    
    <tag k="type" v="line_thin"/>
    
  
  </way>
  
  
  <way id="202149" version="1">
    
    
    <nd ref="202144"/>
    
    
    <nd ref="202150"/>
    
    
    <tag k="subtype" v="dashed"/>
    
    
    <tag k="type" v="line_thin"/>
    
  
  </way>
  
  
  <way id="202151" version="1">
    
    
    <nd ref="202146"/>
    
    
    <nd ref="202152"/>
    
    
    <tag k="subtype" v="solid"/>
    
    
    <tag k="type" v="line_thin"/>
    
  
  </way>
  
  
  <way id="202155" version="1">
    
    
    <nd ref="202150"/>
    
    
    <nd ref="202156"/>
    
    
    <tag k="subtype" v="dashed"/>
    
    
    <tag k="type" v="line_thin"/>
    
  
  </way>
  
  
  <way id="202157" version="1">
    
    
    <nd ref="202152"/>
    
    
    <nd ref="202158"/>
    
    
    <tag k="subtype" v="solid"/>
    
    
    <tag k="type" v="line_thin"/>
    
  
  </way>
  
  
  <way id="202161" version="1">
    
    
    <nd ref="200309"/>
    
    
    <nd ref="202162"/>
    
    
    <nd ref="202163"/>
    
    
    <nd ref="202164"/>
    
    
    <nd ref="202165"/>
    
    
    <tag k="subtype" v="solid"/>
    
    
    <tag k="type" v="line_thin"/>
    
  
  </way>
  
  
  <way id="202166" version="1">
    
    
    <nd ref="200312"/>
    
    
    <nd ref="202167"/>
    
    
    <nd ref="202168"/>
    
    
    <nd ref="202169"/>
    
    
    <nd ref="202170"/>
    
    
    <nd ref="202171"/>
    
    
    <tag k="subtype" v="dashed"/>
    
    
    <tag k="type" v="line_thin"/>
    
  
  </way>
  
  
  <way id="202176" version="1">
    
    
    <nd ref="202165"/>
    
    
    <nd ref="202177"/>
    
    
    <nd ref="202178"/>
    
    
    <nd ref="202179"/>
    
    
    <nd ref="202180"/>
    
    
    <tag k="subtype" v="solid"/>
    
    
    <tag k="type" v="line_thin"/>
    
  
  </way>
  
  
  <way id="202181" version="1">
    
    
    <nd ref="202171"/>
    
    
    <nd ref="202182"/>
    
    
    <nd ref="202183"/>
    
    
    <nd ref="202184"/>
    
    
    <nd ref="202185"/>
    
    
    <nd ref="202186"/>
    
    
    <tag k="subtype" v="dashed"/>
    
    
    <tag k="type" v="line_thin"/>
    
  
  </way>
  
  
  <way id="202192" version="1">
    
    
    <nd ref="200318"/>
    
    
    <nd ref="202193"/>
    
    
    <nd ref="202194"/>
    
    
    <nd ref="202195"/>
    
    
    <nd ref="202196"/>
    
    
    <tag k="subtype" v="dashed"/>
    
    
    <tag k="type" v="line_thin"/>
    
  
  </way>
  
  
  <way id="202202" version="1">
    
    
    <nd ref="202196"/>
    
    
    <nd ref="202203"/>
    
    
    <nd ref="202204"/>
    
    
    <nd ref="202205"/>
    
    
    <nd ref="202186"/>
    
    
    <tag k="subtype" v="dashed"/>
    
    
    <tag k="type" v="line_thin"/>
    
  
  </way>
  
  
  <way id="202210" version="1">
    
    
    <nd ref="200324"/>
    
    
    <nd ref="202211"/>
    
    
    <nd ref="202212"/>
    
    
    <nd ref="202213"/>
    
    
    <nd ref="202214"/>
    
    
    <tag k="subtype" v="dashed"/>
    
    
    <tag k="type" v="line_thin"/>
    
  
  </way>
  
  
  <way id="202220" version="1">
    
    
    <nd ref="202214"/>
    
    
    <nd ref="202221"/>
    
    
    <nd ref="202222"/>
    
    
    <nd ref="202223"/>
    
    
    <nd ref="202224"/>
    
    
    <tag k="subtype" v="dashed"/>
    
    
    <tag k="type" v="line_thin"/>
    
  
  </way>
  
  
  <way id="202230" version="1">
    
    
    <nd ref="200330"/>
    
    
    <nd ref="202231"/>
    
    
    <nd ref="202232"/>
    
    
    <nd ref="202233"/>
    
    
    <nd ref="202234"/>
    
    
    <tag k="subtype" v="solid"/>
    
    
    <tag k="type" v="line_thin"/>
    
  
  </way>
  
  
  <way id="202240" version="1">
    
    
    <nd ref="202234"/>
    
    
    <nd ref="202241"/>
    
    
    <nd ref="202242"/>
    
    
    <nd ref="202243"/>
    
    
    <nd ref="202244"/>
    
    
    <tag k="subtype" v="solid"/>
    
    
    <tag k="type" v="line_thin"/>
    
  
  </way>
  
  
  <way id="202250" version="1">
    
    
    <nd ref="202180"/>
    
    
    <nd ref="202251"/>
    
    
    <tag k="subtype" v="solid"/>
    
    
    <tag k="type" v="line_thin"/>
    
  
  </way>
  
  
  <way id="202252" version="1">
    
    
    <nd ref="202186"/>
    
    
    <nd ref="202253"/>
    
    
    <tag k="subtype" v="dashed"/>
    
    
    <tag k="type" v="line_thin"/>
    
  
  </way>
  
  
  <way id="202256" version="1">
    
    
    <nd ref="202251"/>
    
    
    <nd ref="202257"/>
    
    
    <tag k="subtype" v="solid"/>
    
    
    <tag k="type" v="line_thin"/>
    
  
  </way>
  
  
  <way id="202258" version="1">
    
    
    <nd ref="202253"/>
    
    
    <nd ref="202259"/>
    
    
    <tag k="subtype" v="dashed"/>
    
    
    <tag k="type" v="line_thin"/>
    
  
  </way>
  
  
  <way id="202262" version="1">
    
    
    <nd ref="202257"/>
    
    
    <nd ref="202263"/>
    
    
    <nd ref="199995"/>
    
    
    <tag k="subtype" v="solid"/>
    
    
    <tag k="type" v="line_thin"/>
    
  
  </way>
  
  
  <way id="202264" version="1">
    
    
    <nd ref="202259"/>
    
    
    <nd ref="202265"/>
    
    
    <nd ref="200004"/>
    
    
    <tag k="subtype" v="dashed"/>
    
    
    <tag k="type" v="line_thin"/>
    
  
  </way>
  
  
  <way id="202268" version="1">
    
    
    <nd ref="202224"/>
    
    
    <nd ref="202269"/>
    
    
    <tag k="subtype" v="dashed"/>
    
    
    <tag k="type" v="line_thin"/>
    
  
  </way>
  
  
  <way id="202272" version="1">
    
    
    <nd ref="202269"/>
    
    
    <nd ref="202273"/>
    
    
    <tag k="subtype" v="dashed"/>
    
    
    <tag k="type" v="line_thin"/>
    
  
  </way>
  
  
  <way id="202276" version="1">
    
    
    <nd ref="202273"/>
    
    
    <nd ref="202277"/>
    
    
    <nd ref="200018"/>
    
    
    <tag k="subtype" v="dashed"/>
    
    
    <tag k="type" v="line_thin"/>
    
  
  </way>
  
  
  <way id="202280" version="1">
    
    
    <nd ref="202244"/>
    
    
    <nd ref="202281"/>
    
    
    <tag k="subtype" v="solid"/>
    
    
    <tag k="type" v="line_thin"/>
    
  
  </way>
  
  
  <way id="202284" version="1">
    
    
    <nd ref="202281"/>
    
    
    <nd ref="202285"/>
    
    
    <tag k="subtype" v="solid"/>
    
    
    <tag k="type" v="line_thin"/>
    
  
  </way>
  
  
  <way id="202288" version="1">
    
    
    <nd ref="202285"/>
    
    
    <nd ref="202289"/>
    
    
    <nd ref="200034"/>
    
    
    <tag k="subtype" v="solid"/>
    
    
    <tag k="type" v="line_thin"/>
    
  
  </way>
  
  
  <way id="202292" version="1">
    
    
    <nd ref="200002"/>
    
    
    <nd ref="202293"/>
    
    
    <nd ref="202294"/>
    
    
    <nd ref="202295"/>
    
    
    <nd ref="202296"/>
    
    
    <nd ref="202297"/>
    
    
    <tag k="subtype" v="solid"/>
    
    
    <tag k="type" v="line_thin"/>
    
  
  </way>
  
  
  <way id="202298" version="1">
    
    
    <nd ref="200010"/>
    
    
    <nd ref="202299"/>
    
    
    <nd ref="202300"/>
    
    
    <nd ref="202301"/>
    
    
    <nd ref="202302"/>
    
    
    <nd ref="202303"/>
    
    
    <nd ref="202304"/>
    
    
    <nd ref="202305"/>
    
    
    <tag k="subtype" v="dashed"/>
    
    
    <tag k="type" v="line_thin"/>
    
  
  </way>
  
  
  <way id="202311" version="1">
    
    
    <nd ref="202297"/>
    
    
    <nd ref="202312"/>
    
    
    <nd ref="202313"/>
    
    
    <nd ref="202314"/>
    
    
    <nd ref="202315"/>
    
    
    <nd ref="202316"/>
    
    
    <nd ref="202317"/>
    
    
    <tag k="subtype" v="solid"/>
    
    
    <tag k="type" v="line_thin"/>
    
  
  </way>
  
  
  <way id="202318" version="1">
    
    
    <nd ref="202305"/>
    
    
    <nd ref="202319"/>
    
    
    <nd ref="202320"/>
    
    
    <nd ref="202321"/>
    
    
    <nd ref="202322"/>
    
    
    <nd ref="202323"/>
    
    
    <nd ref="202324"/>
    
    
    <nd ref="202325"/>
    
    
    <nd ref="202326"/>
    
    
    <tag k="subtype" v="dashed"/>
    
    
    <tag k="type" v="line_thin"/>
    
  
  </way>
  
  
  <way id="202334" version="1">
    
    
    <nd ref="202317"/>
    
    
    <nd ref="202335"/>
    
    
    <nd ref="202336"/>
    
    
    <nd ref="202337"/>
    
    
    <nd ref="202338"/>
    
    
    <nd ref="202339"/>
    
    
    <nd ref="202340"/>
    
    
    <nd ref="202341"/>
    
    
    <tag k="subtype" v="solid"/>
    
    
    <tag k="type" v="line_thin"/>
    
  
  </way>
  
  
  <way id="202342" version="1">
    
    
    <nd ref="202326"/>
    
    
    <nd ref="202343"/>
    
    
    <nd ref="202344"/>
    
    
    <nd ref="202345"/>
    
    
    <nd ref="202346"/>
    
    
    <nd ref="202347"/>
    
    
    <nd ref="202348"/>
    
    
    <nd ref="202349"/>
    
    
    <nd ref="202350"/>
    
    
    <tag k="subtype" v="dashed"/>
    
    
    <tag k="type" v="line_thin"/>
    
  
  </way>
  
  
  <way id="202357" version="1">
    
    
    <nd ref="202341"/>
    
    
    <nd ref="202358"/>
    
    
    <nd ref="202359"/>
    
    
    <nd ref="202360"/>
    
    
    <nd ref="202361"/>
    
    
    <nd ref="202362"/>
    
    
    <nd ref="202363"/>
    
    
    <tag k="subtype" v="solid"/>
    
    
    <tag k="type" v="line_thin"/>
    
  
  </way>
  
  
  <way id="202364" version="1">
    
    
    <nd ref="202350"/>
    
    
    <nd ref="202365"/>
    
    
    <nd ref="202366"/>
    
    
    <nd ref="202367"/>
    
    
    <nd ref="202368"/>
    
    
    <nd ref="202369"/>
    
    
    <nd ref="202370"/>
    
    
    <nd ref="202371"/>
    
    
    <nd ref="202372"/>
    
    
    <tag k="subtype" v="dashed"/>
    
    
    <tag k="type" v="line_thin"/>
    
  
  </way>
  
  
  <way id="202380" version="1">
    
    
    <nd ref="202363"/>
    
    
    <nd ref="202381"/>
    
    
    <nd ref="202382"/>
    
    
    <nd ref="202383"/>
    
    
    <nd ref="202384"/>
    
    
    <nd ref="202385"/>
    
    
    <nd ref="202386"/>
    
    
    <nd ref="202387"/>
    
    
    <tag k="subtype" v="solid"/>
    
    
    <tag k="type" v="line_thin"/>
    
  
  </way>
  
  
  <way id="202388" version="1">
    
    
    <nd ref="202372"/>
    
    
    <nd ref="202389"/>
    
    
    <nd ref="202390"/>
    
    
    <nd ref="202391"/>
    
    
    <nd ref="202392"/>
    
    
    <nd ref="202393"/>
    
    
    <nd ref="202394"/>
    
    
    <nd ref="202395"/>
    
    
    <tag k="subtype" v="dashed"/>
    
    
    <tag k="type" v="line_thin"/>
    
  
  </way>
  
  
  <way id="202403" version="1">
    
    
    <nd ref="202387"/>
    
    
    <nd ref="202404"/>
    
    
    <nd ref="202405"/>
    
    
    <nd ref="202406"/>
    
    
    <nd ref="202407"/>
    
    
    <nd ref="202408"/>
    
    
    <tag k="subtype" v="solid"/>
    
    
    <tag k="type" v="line_thin"/>
    
  
  </way>
  
  
  <way id="202409" version="1">
    
    
    <nd ref="202395"/>
    
    
    <nd ref="202410"/>
    
    
    <nd ref="202411"/>
    
    
    <nd ref="202412"/>
    
    
    <nd ref="202413"/>
    
    
    <tag k="subtype" v="dashed"/>
    
    
    <tag k="type" v="line_thin"/>
    
  
  </way>
  
  
  <way id="202419" version="1">
    
    
    <nd ref="202408"/>
    
    
    <nd ref="202420"/>
    
    
    <nd ref="202421"/>
    
    
    <nd ref="202422"/>
    
    
    <nd ref="202423"/>
    
    
    <tag k="subtype" v="solid"/>
    
    
    <tag k="type" v="line_thin"/>
    
  
  </way>
  
  
  <way id="202424" version="1">
    
    
    <nd ref="202413"/>
    
    
    <nd ref="202425"/>
    
    
    <nd ref="202426"/>
    
    
    <nd ref="202427"/>
    
    
    <tag k="subtype" v="dashed"/>
    
    
    <tag k="type" v="line_thin"/>
    
  
  </way>
  
  
  <way id="202432" version="1">
    
    
    <nd ref="202423"/>
    
    
    <nd ref="202433"/>
    
    
    <tag k="subtype" v="solid"/>
    
    
    <tag k="type" v="line_thin"/>
    
  
  </way>
  
  
  <way id="202434" version="1">
    
    
    <nd ref="202427"/>
    
    
    <nd ref="202435"/>
    
    
    <tag k="subtype" v="dashed"/>
    
    
    <tag k="type" v="line_thin"/>
    
  
  </way>
  
  
  <way id="202438" version="1">
    
    
    <nd ref="202433"/>
    
    
    <nd ref="202439"/>
    
    
    <tag k="subtype" v="solid"/>
    
    
    <tag k="type" v="line_thin"/>
    
  
  </way>
  
  
  <way id="202440" version="1">
    
    
    <nd ref="202435"/>
    
    
    <nd ref="202441"/>
    
    
    <tag k="subtype" v="dashed"/>
    
    
    <tag k="type" v="line_thin"/>
    
  
  </way>
  
  
  <way id="202444" version="1">
    
    
    <nd ref="202439"/>
    
    
    <nd ref="199814"/>
    
    
    <tag k="subtype" v="solid"/>
    
    
    <tag k="type" v="line_thin"/>
    
  
  </way>
  
  
  <way id="202445" version="1">
    
    
    <nd ref="202441"/>
    
    
    <nd ref="199817"/>
    
    
    <tag k="subtype" v="dashed"/>
    
    
    <tag k="type" v="line_thin"/>
    
  
  </way>
  
  
  <way id="202447" version="1">
    
    
    <nd ref="200025"/>
    
    
    <nd ref="202448"/>
    
    
    <nd ref="202449"/>
    
    
    <nd ref="202450"/>
    
    
    <nd ref="202451"/>
    
    
    <nd ref="202452"/>
    
    
    <nd ref="202453"/>
    
    
    <tag k="subtype" v="dashed"/>
    
    
    <tag k="type" v="line_thin"/>
    
  
  </way>
  
  
  <way id="202461" version="1">
    
    
    <nd ref="202453"/>
    
    
    <nd ref="202462"/>
    
    
    <nd ref="202463"/>
    
    
    <nd ref="202464"/>
    
    
    <nd ref="202465"/>
    
    
    <nd ref="202466"/>
    
    
    <nd ref="202467"/>
    
    
    <nd ref="202468"/>
    
    
    <nd ref="202469"/>
    
    
    <tag k="subtype" v="dashed"/>
    
    
    <tag k="type" v="line_thin"/>
    
  
  </way>
  
  
  <way id="202479" version="1">
    
    
    <nd ref="202469"/>
    
    
    <nd ref="202480"/>
    
    
    <nd ref="202481"/>
    
    
    <nd ref="202482"/>
    
    
    <nd ref="202483"/>
    
    
    <nd ref="202484"/>
    
    
    <nd ref="202485"/>
    
    
    <nd ref="202486"/>
    
    
    <nd ref="202487"/>
    
    
    <tag k="subtype" v="dashed"/>
    
    
    <tag k="type" v="line_thin"/>
    
  
  </way>
  
  
  <way id="202497" version="1">
    
    
    <nd ref="202487"/>
    
    
    <nd ref="202498"/>
    
    
    <nd ref="202499"/>
    
    
    <nd ref="202500"/>
    
    
    <nd ref="202501"/>
    
    
    <nd ref="202502"/>
    
    
    <nd ref="202503"/>
    
    
    <nd ref="202504"/>
    
    
    <tag k="subtype" v="dashed"/>
    
    
    <tag k="type" v="line_thin"/>
    
  
  </way>
  
  
  <way id="202513" version="1">
    
    
    <nd ref="202504"/>
    
    
    <nd ref="202514"/>
    
    
    <nd ref="202515"/>
    
    
    <nd ref="202516"/>
    
    
    <nd ref="202517"/>
    
    
    <nd ref="202518"/>
    
    
    <nd ref="202519"/>
    
    
    <nd ref="202520"/>
    
    
    <nd ref="202521"/>
    
    
    <tag k="subtype" v="dashed"/>
    
    
    <tag k="type" v="line_thin"/>
    
  
  </way>
  
  
  <way id="202530" version="1">
    
    
    <nd ref="202521"/>
    
    
    <nd ref="202531"/>
    
    
    <nd ref="202532"/>
    
    
    <nd ref="202533"/>
    
    
    <nd ref="202534"/>
    
    
    <tag k="subtype" v="dashed"/>
    
    
    <tag k="type" v="line_thin"/>
    
  
  </way>
  
  
  <way id="202540" version="1">
    
    
    <nd ref="202534"/>
    
    
    <nd ref="202541"/>
    
    
    <nd ref="202542"/>
    
    
    <nd ref="202543"/>
    
    
    <tag k="subtype" v="dashed"/>
    
    
    <tag k="type" v="line_thin"/>
    
  
  </way>
  
  
  <way id="202548" version="1">
    
    
    <nd ref="202543"/>
    
    
    <nd ref="202549"/>
    
    
    <tag k="subtype" v="dashed"/>
    
    
    <tag k="type" v="line_thin"/>
    
  
  </way>
  
  
  <way id="202552" version="1">
    
    
    <nd ref="202549"/>
    
    
    <nd ref="202553"/>
    
    
    <tag k="subtype" v="dashed"/>
    
    
    <tag k="type" v="line_thin"/>
    
  
  </way>
  
  
  <way id="202556" version="1">
    
    
    <nd ref="202553"/>
    
    
    <nd ref="199823"/>
    
    
    <tag k="subtype" v="dashed"/>
    
    
    <tag k="type" v="line_thin"/>
    
  
  </way>
  
  
  <way id="202558" version="1">
    
    
    <nd ref="200041"/>
    
    
    <nd ref="202559"/>
    
    
    <nd ref="202560"/>
    
    
    <nd ref="202561"/>
    
    
    <nd ref="202562"/>
    
    
    <nd ref="202563"/>
    
    
    <tag k="subtype" v="solid"/>
    
    
    <tag k="type" v="line_thin"/>
    
  
  </way>
  
  
  <way id="202569" version="1">
    
    
    <nd ref="202563"/>
    
    
    <nd ref="202570"/>
    
    
    <nd ref="202571"/>
    
    
    <nd ref="202572"/>
    
    
    <nd ref="202573"/>
    
    
    <nd ref="202574"/>
    
    
    <nd ref="202575"/>
    
    
    <nd ref="202576"/>
    
    
    <nd ref="202577"/>
    
    
    <tag k="subtype" v="solid"/>
    
    
    <tag k="type" v="line_thin"/>
    
  
  </way>
  
  
  <way id="202586" version="1">
    
    
    <nd ref="202577"/>
    
    
    <nd ref="202587"/>
    
    
    <nd ref="202588"/>
    
    
    <nd ref="202589"/>
    
    
    <nd ref="202590"/>
    
    
    <nd ref="202591"/>
    
    
    <nd ref="202592"/>
    
    
    <nd ref="202593"/>
    
    
    <tag k="subtype" v="solid"/>
    
    
    <tag k="type" v="line_thin"/>
    
  
  </way>
  
  
  <way id="202602" version="1">
    
    
    <nd ref="202593"/>
    
    
    <nd ref="202603"/>
    
    
    <nd ref="202604"/>
    
    
    <nd ref="202605"/>
    
    
    <nd ref="202606"/>
    
    
    <nd ref="202607"/>
    
    
    <nd ref="202608"/>
    
    
    <nd ref="202609"/>
    
    
    <nd ref="202610"/>
    
    
    <tag k="subtype" v="solid"/>
    
    
    <tag k="type" v="line_thin"/>
    
  
  </way>
  
  
  <way id="202619" version="1">
    
    
    <nd ref="202610"/>
    
    
    <nd ref="202620"/>
    
    
    <nd ref="202621"/>
    
    
    <nd ref="202622"/>
    
    
    <nd ref="202623"/>
    
    
    <nd ref="202624"/>
    
    
    <nd ref="202625"/>
    
    
    <nd ref="202626"/>
    
    
    <tag k="subtype" v="solid"/>
    
    
    <tag k="type" v="line_thin"/>
    
  
  </way>
  
  
  <way id="202634" version="1">
    
    
    <nd ref="202626"/>
    
    
    <nd ref="202635"/>
    
    
    <nd ref="202636"/>
    
    
    <nd ref="202637"/>
    
    
    <nd ref="202638"/>
    
    
    <tag k="subtype" v="solid"/>
    
    
    <tag k="type" v="line_thin"/>
    
  
  </way>
  
  
  <way id="202644" version="1">
    
    
    <nd ref="202638"/>
    
    
    <nd ref="202645"/>
    
    
    <nd ref="202646"/>
    
    
    <nd ref="202647"/>
    
    
    <nd ref="202648"/>
    
    
    <tag k="subtype" v="solid"/>
    
    
    <tag k="type" v="line_thin"/>
    
  
  </way>
  
  
  <way id="202653" version="1">
    
    
    <nd ref="202648"/>
    
    
    <nd ref="202654"/>
    
    
    <tag k="subtype" v="solid"/>
    
    
    <tag k="type" v="line_thin"/>
    
  
  </way>
  
  
  <way id="202657" version="1">
    
    
    <nd ref="202654"/>
    
    
    <nd ref="202658"/>
    
    
    <tag k="subtype" v="solid"/>
    
    
    <tag k="type" v="line_thin"/>
    
  
  </way>
  
  
  <way id="202661" version="1">
    
    
    <nd ref="202658"/>
    
    
    <nd ref="199828"/>
    
    
    <tag k="subtype" v="solid"/>
    
    
    <tag k="type" v="line_thin"/>
    
  
  </way>
  
  
  <way id="202663" version="1">
    
    
    <nd ref="199815"/>
    
    
    <nd ref="202664"/>
    
    
    <tag k="subtype" v="solid"/>
    
    
    <tag k="type" v="line_thin"/>
    
  
  </way>
  
  
  <way id="202665" version="1">
    
    
    <nd ref="199818"/>
    
    
    <nd ref="202666"/>
    
    
    <tag k="subtype" v="dashed"/>
    
    
    <tag k="type" v="line_thin"/>
    
  
  </way>
  
  
  <way id="202669" version="1">
    
    
    <nd ref="202664"/>
    
    
    <nd ref="202670"/>
    
    
    <tag k="subtype" v="solid"/>
    
    
    <tag k="type" v="line_thin"/>
    
  
  </way>
  
  
  <way id="202671" version="1">
    
    
    <nd ref="202666"/>
    
    
    <nd ref="202672"/>
    
    
    <tag k="subtype" v="dashed"/>
    
    
    <tag k="type" v="line_thin"/>
    
  
  </way>
  
  
  <way id="202675" version="1">
    
    
    <nd ref="202670"/>
    
    
    <nd ref="202676"/>
    
    
    <tag k="subtype" v="solid"/>
    
    
    <tag k="type" v="line_thin"/>
    
  
  </way>
  
  
  <way id="202677" version="1">
    
    
    <nd ref="202672"/>
    
    
    <nd ref="202678"/>
    
    
    <tag k="subtype" v="dashed"/>
    
    
    <tag k="type" v="line_thin"/>
    
  
  </way>
  
  
  <way id="202681" version="1">
    
    
    <nd ref="202676"/>
    
    
    <nd ref="202682"/>
    
    
    <tag k="subtype" v="solid"/>
    
    
    <tag k="type" v="line_thin"/>
    
  
  </way>
  
  
  <way id="202683" version="1">
    
    
    <nd ref="202678"/>
    
    
    <nd ref="202684"/>
    
    
    <tag k="subtype" v="dashed"/>
    
    
    <tag k="type" v="line_thin"/>
    
  
  </way>
  
  
  <way id="202687" version="1">
    
    
    <nd ref="202682"/>
    
    
    <nd ref="202688"/>
    
    
    <tag k="subtype" v="solid"/>
    
    
    <tag k="type" v="line_thin"/>
    
  
  </way>
  
  
  <way id="202689" version="1">
    
    
    <nd ref="202684"/>
    
    
    <nd ref="202690"/>
    
    
    <tag k="subtype" v="dashed"/>
    
    
    <tag k="type" v="line_thin"/>
    
  
  </way>
  
  
  <way id="202693" version="1">
    
    
    <nd ref="202688"/>
    
    
    <nd ref="202694"/>
    
    
    <tag k="subtype" v="solid"/>
    
    
    <tag k="type" v="line_thin"/>
    
  
  </way>
  
  
  <way id="202695" version="1">
    
    
    <nd ref="202690"/>
    
    
    <nd ref="202696"/>
    
    
    <tag k="subtype" v="dashed"/>
    
    
    <tag k="type" v="line_thin"/>
    
  
  </way>
  
  
  <way id="202699" version="1">
    
    
    <nd ref="202694"/>
    
    
    <nd ref="202700"/>
    
    
    <tag k="subtype" v="solid"/>
    
    
    <tag k="type" v="line_thin"/>
    
  
  </way>
  
  
  <way id="202701" version="1">
    
    
    <nd ref="202696"/>
    
    
    <nd ref="202702"/>
    
    
    <tag k="subtype" v="dashed"/>
    
    
    <tag k="type" v="line_thin"/>
    
  
  </way>
  
  
  <way id="202705" version="1">
    
    
    <nd ref="202700"/>
    
    
    <nd ref="202706"/>
    
    
    <tag k="subtype" v="solid"/>
    
    
    <tag k="type" v="line_thin"/>
    
  
  </way>
  
  
  <way id="202707" version="1">
    
    
    <nd ref="202702"/>
    
    
    <nd ref="202708"/>
    
    
    <tag k="subtype" v="dashed"/>
    
    
    <tag k="type" v="line_thin"/>
    
  
  </way>
  
  
  <way id="202711" version="1">
    
    
    <nd ref="202706"/>
    
    
    <nd ref="202712"/>
    
    
    <tag k="subtype" v="solid"/>
    
    
    <tag k="type" v="line_thin"/>
    
  
  </way>
  
  
  <way id="202713" version="1">
    
    
    <nd ref="202708"/>
    
    
    <nd ref="202714"/>
    
    
    <tag k="subtype" v="dashed"/>
    
    
    <tag k="type" v="line_thin"/>
    
  
  </way>
  
  
  <way id="202717" version="1">
    
    
    <nd ref="202712"/>
    
    
    <nd ref="202718"/>
    
    
    <tag k="subtype" v="solid"/>
    
    
    <tag k="type" v="line_thin"/>
    
  
  </way>
  
  
  <way id="202719" version="1">
    
    
    <nd ref="202714"/>
    
    
    <nd ref="202720"/>
    
    
    <tag k="subtype" v="dashed"/>
    
    
    <tag k="type" v="line_thin"/>
    
  
  </way>
  
  
  <way id="202723" version="1">
    
    
    <nd ref="202718"/>
    
    
    <nd ref="202724"/>
    
    
    <tag k="subtype" v="solid"/>
    
    
    <tag k="type" v="line_thin"/>
    
  
  </way>
  
  
  <way id="202725" version="1">
    
    
    <nd ref="202720"/>
    
    
    <nd ref="202726"/>
    
    
    <tag k="subtype" v="dashed"/>
    
    
    <tag k="type" v="line_thin"/>
    
  
  </way>
  
  
  <way id="202729" version="1">
    
    
    <nd ref="202724"/>
    
    
    <nd ref="202730"/>
    
    
    <tag k="subtype" v="solid"/>
    
    
    <tag k="type" v="line_thin"/>
    
  
  </way>
  
  
  <way id="202731" version="1">
    
    
    <nd ref="202726"/>
    
    
    <nd ref="202732"/>
    
    
    <tag k="subtype" v="dashed"/>
    
    
    <tag k="type" v="line_thin"/>
    
  
  </way>
  
  
  <way id="202735" version="1">
    
    
    <nd ref="202730"/>
    
    
    <nd ref="202736"/>
    
    
    <tag k="subtype" v="solid"/>
    
    
    <tag k="type" v="line_thin"/>
    
  
  </way>
  
  
  <way id="202737" version="1">
    
    
    <nd ref="202732"/>
    
    
    <nd ref="202738"/>
    
    
    <tag k="subtype" v="dashed"/>
    
    
    <tag k="type" v="line_thin"/>
    
  
  </way>
  
  
  <way id="202741" version="1">
    
    
    <nd ref="202736"/>
    
    
    <nd ref="202742"/>
    
    
    <tag k="subtype" v="solid"/>
    
    
    <tag k="type" v="line_thin"/>
    
  
  </way>
  
  
  <way id="202743" version="1">
    
    
    <nd ref="202738"/>
    
    
    <nd ref="202744"/>
    
    
    <tag k="subtype" v="dashed"/>
    
    
    <tag k="type" v="line_thin"/>
    
  
  </way>
  
  
  <way id="202747" version="1">
    
    
    <nd ref="202742"/>
    
    
    <nd ref="202748"/>
    
    
    <tag k="subtype" v="solid"/>
    
    
    <tag k="type" v="line_thin"/>
    
  
  </way>
  
  
  <way id="202749" version="1">
    
    
    <nd ref="202744"/>
    
    
    <nd ref="202750"/>
    
    
    <tag k="subtype" v="dashed"/>
    
    
    <tag k="type" v="line_thin"/>
    
  
  </way>
  
  
  <way id="202753" version="1">
    
    
    <nd ref="202748"/>
    
    
    <nd ref="202754"/>
    
    
    <tag k="subtype" v="solid"/>
    
    
    <tag k="type" v="line_thin"/>
    
  
  </way>
  
  
  <way id="202755" version="1">
    
    
    <nd ref="202750"/>
    
    
    <nd ref="202756"/>
    
    
    <tag k="subtype" v="dashed"/>
    
    
    <tag k="type" v="line_thin"/>
    
  
  </way>
  
  
  <way id="202759" version="1">
    
    
    <nd ref="202754"/>
    
    
    <nd ref="199832"/>
    
    
    <tag k="subtype" v="solid"/>
    
    
    <tag k="type" v="line_thin"/>
    
  
  </way>
  
  
  <way id="202760" version="1">
    
    
    <nd ref="202756"/>
    
    
    <nd ref="199835"/>
    
    
    <tag k="subtype" v="dashed"/>
    
    
    <tag k="type" v="line_thin"/>
    
  
  </way>
  
  
  <way id="202762" version="1">
    
    
    <nd ref="199225"/>
    
    
    <nd ref="202763"/>
    
    
    <tag k="subtype" v="dashed"/>
    
    
    <tag k="type" v="line_thin"/>
    
  
  </way>
  
  
  <way id="202766" version="1">
    
    
    <nd ref="202763"/>
    
    
    <nd ref="202767"/>
    
    
    <tag k="subtype" v="dashed"/>
    
    
    <tag k="type" v="line_thin"/>
    
  
  </way>
  
  
  <way id="202770" version="1">
    
    
    <nd ref="202767"/>
    
    
    <nd ref="202771"/>
    
    
    <tag k="subtype" v="dashed"/>
    
    
    <tag k="type" v="line_thin"/>
    
  
  </way>
  
  
  <way id="202774" version="1">
    
    
    <nd ref="202771"/>
    
    
    <nd ref="202775"/>
    
    
    <tag k="subtype" v="dashed"/>
    
    
    <tag k="type" v="line_thin"/>
    
  
  </way>
  
  
  <way id="202778" version="1">
    
    
    <nd ref="202775"/>
    
    
    <nd ref="202779"/>
    
    
    <tag k="subtype" v="dashed"/>
    
    
    <tag k="type" v="line_thin"/>
    
  
  </way>
  
  
  <way id="202782" version="1">
    
    
    <nd ref="202779"/>
    
    
    <nd ref="202783"/>
    
    
    <tag k="subtype" v="dashed"/>
    
    
    <tag k="type" v="line_thin"/>
    
  
  </way>
  
  
  <way id="202786" version="1">
    
    
    <nd ref="202783"/>
    
    
    <nd ref="202787"/>
    
    
    <tag k="subtype" v="dashed"/>
    
    
    <tag k="type" v="line_thin"/>
    
  
  </way>
  
  
  <way id="202790" version="1">
    
    
    <nd ref="202787"/>
    
    
    <nd ref="202791"/>
    
    
    <tag k="subtype" v="dashed"/>
    
    
    <tag k="type" v="line_thin"/>
    
  
  </way>
  
  
  <way id="202794" version="1">
    
    
    <nd ref="202791"/>
    
    
    <nd ref="202795"/>
    
    
    <tag k="subtype" v="dashed"/>
    
    
    <tag k="type" v="line_thin"/>
    
  
  </way>
  
  
  <way id="202798" version="1">
    
    
    <nd ref="202795"/>
    
    
    <nd ref="202799"/>
    
    
    <tag k="subtype" v="dashed"/>
    
    
    <tag k="type" v="line_thin"/>
    
  
  </way>
  
  
  <way id="202802" version="1">
    
    
    <nd ref="202799"/>
    
    
    <nd ref="202803"/>
    
    
    <tag k="subtype" v="dashed"/>
    
    
    <tag k="type" v="line_thin"/>
    
  
  </way>
  
  
  <way id="202806" version="1">
    
    
    <nd ref="202803"/>
    
    
    <nd ref="202807"/>
    
    
    <tag k="subtype" v="dashed"/>
    
    
    <tag k="type" v="line_thin"/>
    
  
  </way>
  
  
  <way id="202810" version="1">
    
    
    <nd ref="202807"/>
    
    
    <nd ref="202811"/>
    
    
    <tag k="subtype" v="dashed"/>
    
    
    <tag k="type" v="line_thin"/>
    
  
  </way>
  
  
  <way id="202814" version="1">
    
    
    <nd ref="202811"/>
    
    
    <nd ref="202815"/>
    
    
    <tag k="subtype" v="dashed"/>
    
    
    <tag k="type" v="line_thin"/>
    
  
  </way>
  
  
  <way id="202818" version="1">
    
    
    <nd ref="202815"/>
    
    
    <nd ref="202819"/>
    
    
    <tag k="subtype" v="dashed"/>
    
    
    <tag k="type" v="line_thin"/>
    
  
  </way>
  
  
  <way id="202822" version="1">
    
    
    <nd ref="202819"/>
    
    
    <nd ref="202823"/>
    
    
    <tag k="subtype" v="dashed"/>
    
    
    <tag k="type" v="line_thin"/>
    
  
  </way>
  
  
  <way id="202826" version="1">
    
    
    <nd ref="202823"/>
    
    
    <nd ref="199841"/>
    
    
    <tag k="subtype" v="dashed"/>
    
    
    <tag k="type" v="line_thin"/>
    
  
  </way>
  
  
  <way id="202828" version="1">
    
    
    <nd ref="199230"/>
    
    
    <nd ref="202829"/>
    
    
    <tag k="subtype" v="solid"/>
    
    
    <tag k="type" v="line_thin"/>
    
  
  </way>
  
  
  <way id="202832" version="1">
    
    
    <nd ref="202829"/>
    
    
    <nd ref="202833"/>
    
    
    <tag k="subtype" v="solid"/>
    
    
    <tag k="type" v="line_thin"/>
    
  
  </way>
  
  
  <way id="202836" version="1">
    
    
    <nd ref="202833"/>
    
    
    <nd ref="202837"/>
    
    
    <tag k="subtype" v="solid"/>
    
    
    <tag k="type" v="line_thin"/>
    
  
  </way>
  
  
  <way id="202840" version="1">
    
    
    <nd ref="202837"/>
    
    
    <nd ref="202841"/>
    
    
    <tag k="subtype" v="solid"/>
    
    
    <tag k="type" v="line_thin"/>
    
  
  </way>
  
  
  <way id="202844" version="1">
    
    
    <nd ref="202841"/>
    
    
    <nd ref="202845"/>
    
    
    <tag k="subtype" v="solid"/>
    
    
    <tag k="type" v="line_thin"/>
    
  
  </way>
  
  
  <way id="202848" version="1">
    
    
    <nd ref="202845"/>
    
    
    <nd ref="202849"/>
    
    
    <tag k="subtype" v="solid"/>
    
    
    <tag k="type" v="line_thin"/>
    
  
  </way>
  
  
  <way id="202852" version="1">
    
    
    <nd ref="202849"/>
    
    
    <nd ref="202853"/>
    
    
    <tag k="subtype" v="solid"/>
    
    
    <tag k="type" v="line_thin"/>
    
  
  </way>
  
  
  <way id="202856" version="1">
    
    
    <nd ref="202853"/>
    
    
    <nd ref="202857"/>
    
    
    <tag k="subtype" v="solid"/>
    
    
    <tag k="type" v="line_thin"/>
    
  
  </way>
  
  
  <way id="202860" version="1">
    
    
    <nd ref="202857"/>
    
    
    <nd ref="202861"/>
    
    
    <tag k="subtype" v="solid"/>
    
    
    <tag k="type" v="line_thin"/>
    
  
  </way>
  
  
  <way id="202864" version="1">
    
    
    <nd ref="202861"/>
    
    
    <nd ref="202865"/>
    
    
    <tag k="subtype" v="solid"/>
    
    
    <tag k="type" v="line_thin"/>
    
  
  </way>
  
  
  <way id="202868" version="1">
    
    
    <nd ref="202865"/>
    
    
    <nd ref="202869"/>
    
    
    <tag k="subtype" v="solid"/>
    
    
    <tag k="type" v="line_thin"/>
    
  
  </way>
  
  
  <way id="202872" version="1">
    
    
    <nd ref="202869"/>
    
    
    <nd ref="202873"/>
    
    
    <tag k="subtype" v="solid"/>
    
    
    <tag k="type" v="line_thin"/>
    
  
  </way>
  
  
  <way id="202876" version="1">
    
    
    <nd ref="202873"/>
    
    
    <nd ref="202877"/>
    
    
    <tag k="subtype" v="solid"/>
    
    
    <tag k="type" v="line_thin"/>
    
  
  </way>
  
  
  <way id="202880" version="1">
    
    
    <nd ref="202877"/>
    
    
    <nd ref="202881"/>
    
    
    <tag k="subtype" v="solid"/>
    
    
    <tag k="type" v="line_thin"/>
    
  
  </way>
  
  
  <way id="202884" version="1">
    
    
    <nd ref="202881"/>
    
    
    <nd ref="202885"/>
    
    
    <tag k="subtype" v="solid"/>
    
    
    <tag k="type" v="line_thin"/>
    
  
  </way>
  
  
  <way id="202888" version="1">
    
    
    <nd ref="202885"/>
    
    
    <nd ref="202889"/>
    
    
    <tag k="subtype" v="solid"/>
    
    
    <tag k="type" v="line_thin"/>
    
  
  </way>
  
  
  <way id="202892" version="1">
    
    
    <nd ref="202889"/>
    
    
    <nd ref="199847"/>
    
    
    <tag k="subtype" v="solid"/>
    
    
    <tag k="type" v="line_thin"/>
    
  
  </way>
  
  
  <way id="202894" version="1">
    
    
    <nd ref="199859"/>
    
    
    <nd ref="202895"/>
    
    
    <tag k="subtype" v="solid"/>
    
    
    <tag k="type" v="line_thin"/>
    
  
  </way>
  
  
  <way id="202896" version="1">
    
    
    <nd ref="199861"/>
    
    
    <nd ref="202897"/>
    
    
    <tag k="subtype" v="dashed"/>
    
    
    <tag k="type" v="line_thin"/>
    
  
  </way>
  
  
  <way id="202900" version="1">
    
    
    <nd ref="202895"/>
    
    
    <nd ref="202901"/>
    
    
    <tag k="subtype" v="solid"/>
    
    
    <tag k="type" v="line_thin"/>
    
  
  </way>
  
  
  <way id="202902" version="1">
    
    
    <nd ref="202897"/>
    
    
    <nd ref="202903"/>
    
    
    <tag k="subtype" v="dashed"/>
    
    
    <tag k="type" v="line_thin"/>
    
  
  </way>
  
  
  <way id="202906" version="1">
    
    
    <nd ref="202901"/>
    
    
    <nd ref="202907"/>
    
    
    <tag k="subtype" v="solid"/>
    
    
    <tag k="type" v="line_thin"/>
    
  
  </way>
  
  
  <way id="202908" version="1">
    
    
    <nd ref="202903"/>
    
    
    <nd ref="202909"/>
    
    
    <tag k="subtype" v="dashed"/>
    
    
    <tag k="type" v="line_thin"/>
    
  
  </way>
  
  
  <way id="202912" version="1">
    
    
    <nd ref="202907"/>
    
    
    <nd ref="202913"/>
    
    
    <nd ref="202914"/>
    
    
    <nd ref="202915"/>
    
    
    <tag k="subtype" v="solid"/>
    
    
    <tag k="type" v="line_thin"/>
    
  
  </way>
  
  
  <way id="202916" version="1">
    
    
    <nd ref="202909"/>
    
    
    <nd ref="202917"/>
    
    
    <nd ref="202918"/>
    
    
    <nd ref="202919"/>
    
    
    <tag k="subtype" v="dashed"/>
    
    
    <tag k="type" v="line_thin"/>
    
  
  </way>
  
  
  <way id="202923" version="1">
    
    
    <nd ref="202915"/>
    
    
    <nd ref="202924"/>
    
    
    <nd ref="202925"/>
    
    
    <nd ref="202926"/>
    
    
    <nd ref="202927"/>
    
    
    <tag k="subtype" v="solid"/>
    
    
    <tag k="type" v="line_thin"/>
    
  
  </way>
  
  
  <way id="202928" version="1">
    
    
    <nd ref="202919"/>
    
    
    <nd ref="202929"/>
    
    
    <nd ref="202930"/>
    
    
    <nd ref="202931"/>
    
    
    <nd ref="202932"/>
    
    
    <tag k="subtype" v="dashed"/>
    
    
    <tag k="type" v="line_thin"/>
    
  
  </way>
  
  
  <way id="202938" version="1">
    
    
    <nd ref="202927"/>
    
    
    <nd ref="202939"/>
    
    
    <nd ref="202940"/>
    
    
    <nd ref="202941"/>
    
    
    <nd ref="202942"/>
    
    
    <nd ref="202943"/>
    
    
    <nd ref="202944"/>
    
    
    <nd ref="202945"/>
    
    
    <tag k="subtype" v="solid"/>
    
    
    <tag k="type" v="line_thin"/>
    
  
  </way>
  
  
  <way id="202946" version="1">
    
    
    <nd ref="202932"/>
    
    
    <nd ref="202947"/>
    
    
    <nd ref="202948"/>
    
    
    <nd ref="202949"/>
    
    
    <nd ref="202950"/>
    
    
    <nd ref="202951"/>
    
    
    <nd ref="202952"/>
    
    
    <nd ref="202953"/>
    
    
    <tag k="subtype" v="dashed"/>
    
    
    <tag k="type" v="line_thin"/>
    
  
  </way>
  
  
  <way id="202962" version="1">
    
    
    <nd ref="202945"/>
    
    
    <nd ref="202963"/>
    
    
    <nd ref="202964"/>
    
    
    <nd ref="202965"/>
    
    
    <nd ref="202966"/>
    
    
    <nd ref="202967"/>
    
    
    <nd ref="202968"/>
    
    
    <nd ref="202969"/>
    
    
    <tag k="subtype" v="solid"/>
    
    
    <tag k="type" v="line_thin"/>
    
  
  </way>
  
  
  <way id="202970" version="1">
    
    
    <nd ref="202953"/>
    
    
    <nd ref="202971"/>
    
    
    <nd ref="202972"/>
    
    
    <nd ref="202973"/>
    
    
    <nd ref="202974"/>
    
    
    <nd ref="202975"/>
    
    
    <nd ref="202976"/>
    
    
    <nd ref="202977"/>
    
    
    <nd ref="202978"/>
    
    
    <tag k="subtype" v="dashed"/>
    
    
    <tag k="type" v="line_thin"/>
    
  
  </way>
  
  
  <way id="202986" version="1">
    
    
    <nd ref="202969"/>
    
    
    <nd ref="202987"/>
    
    
    <nd ref="202988"/>
    
    
    <nd ref="202989"/>
    
    
    <nd ref="202990"/>
    
    
    <nd ref="202991"/>
    
    
    <nd ref="202992"/>
    
    
    <nd ref="202993"/>
    
    
    <nd ref="202994"/>
    
    
    <tag k="subtype" v="solid"/>
    
    
    <tag k="type" v="line_thin"/>
    
  
  </way>
  
  
  <way id="202995" version="1">
    
    
    <nd ref="202978"/>
    
    
    <nd ref="202996"/>
    
    
    <nd ref="202997"/>
    
    
    <nd ref="202998"/>
    
    
    <nd ref="202999"/>
    
    
    <nd ref="203000"/>
    
    
    <nd ref="203001"/>
    
    
    <tag k="subtype" v="dashed"/>
    
    
    <tag k="type" v="line_thin"/>
    
  
  </way>
  
  
  <way id="203010" version="1">
    
    
    <nd ref="202994"/>
    
    
    <nd ref="203011"/>
    
    
    <nd ref="203012"/>
    
    
    <nd ref="203013"/>
    
    
    <nd ref="203014"/>
    
    
    <nd ref="203015"/>
    
    
    <nd ref="203016"/>
    
    
    <nd ref="203017"/>
    
    
    <tag k="subtype" v="solid"/>
    
    
    <tag k="type" v="line_thin"/>
    
  
  </way>
  
  
  <way id="203018" version="1">
    
    
    <nd ref="203001"/>
    
    
    <nd ref="203019"/>
    
    
    <nd ref="203020"/>
    
    
    <nd ref="203021"/>
    
    
    <nd ref="203022"/>
    
    
    <nd ref="203023"/>
    
    
    <nd ref="203024"/>
    
    
    <nd ref="203025"/>
    
    
    <nd ref="203026"/>
    
    
    <tag k="subtype" v="dashed"/>
    
    
    <tag k="type" v="line_thin"/>
    
  
  </way>
  
  
  <way id="203036" version="1">
    
    
    <nd ref="203017"/>
    
    
    <nd ref="203037"/>
    
    
    <nd ref="203038"/>
    
    
    <nd ref="203039"/>
    
    
    <nd ref="203040"/>
    
    
    <nd ref="203041"/>
    
    
    <nd ref="203042"/>
    
    
    <nd ref="203043"/>
    
    
    <nd ref="203044"/>
    
    
    <tag k="subtype" v="solid"/>
    
    
    <tag k="type" v="line_thin"/>
    
  
  </way>
  
  
  <way id="203045" version="1">
    
    
    <nd ref="203026"/>
    
    
    <nd ref="203046"/>
    
    
    <nd ref="203047"/>
    
    
    <nd ref="203048"/>
    
    
    <nd ref="203049"/>
    
    
    <nd ref="203050"/>
    
    
    <nd ref="203051"/>
    
    
    <nd ref="203052"/>
    
    
    <tag k="subtype" v="dashed"/>
    
    
    <tag k="type" v="line_thin"/>
    
  
  </way>
  
  
  <way id="203061" version="1">
    
    
    <nd ref="203044"/>
    
    
    <nd ref="203062"/>
    
    
    <nd ref="203063"/>
    
    
    <nd ref="203064"/>
    
    
    <nd ref="203065"/>
    
    
    <nd ref="203066"/>
    
    
    <tag k="subtype" v="solid"/>
    
    
    <tag k="type" v="line_thin"/>
    
  
  </way>
  
  
  <way id="203067" version="1">
    
    
    <nd ref="203052"/>
    
    
    <nd ref="203068"/>
    
    
    <nd ref="203069"/>
    
    
    <nd ref="203070"/>
    
    
    <nd ref="203071"/>
    
    
    <tag k="subtype" v="dashed"/>
    
    
    <tag k="type" v="line_thin"/>
    
  
  </way>
  
  
  <way id="203077" version="1">
    
    
    <nd ref="203066"/>
    
    
    <nd ref="203078"/>
    
    
    <nd ref="203079"/>
    
    
    <nd ref="203080"/>
    
    
    <nd ref="203081"/>
    
    
    <tag k="subtype" v="solid"/>
    
    
    <tag k="type" v="line_thin"/>
    
  
  </way>
  
  
  <way id="203082" version="1">
    
    
    <nd ref="203071"/>
    
    
    <nd ref="203083"/>
    
    
    <nd ref="203084"/>
    
    
    <nd ref="203085"/>
    
    
    <nd ref="203086"/>
    
    
    <tag k="subtype" v="dashed"/>
    
    
    <tag k="type" v="line_thin"/>
    
  
  </way>
  
  
  <way id="203092" version="1">
    
    
    <nd ref="203081"/>
    
    
    <nd ref="203093"/>
    
    
    <tag k="subtype" v="solid"/>
    
    
    <tag k="type" v="line_thin"/>
    
  
  </way>
  
  
  <way id="203094" version="1">
    
    
    <nd ref="203086"/>
    
    
    <nd ref="203095"/>
    
    
    <tag k="subtype" v="dashed"/>
    
    
    <tag k="type" v="line_thin"/>
    
  
  </way>
  
  
  <way id="203098" version="1">
    
    
    <nd ref="203093"/>
    
    
    <nd ref="203099"/>
    
    
    <tag k="subtype" v="solid"/>
    
    
    <tag k="type" v="line_thin"/>
    
  
  </way>
  
  
  <way id="203100" version="1">
    
    
    <nd ref="203095"/>
    
    
    <nd ref="203101"/>
    
    
    <tag k="subtype" v="dashed"/>
    
    
    <tag k="type" v="line_thin"/>
    
  
  </way>
  
  
  <way id="203104" version="1">
    
    
    <nd ref="203099"/>
    
    
    <nd ref="203105"/>
    
    
    <nd ref="203106"/>
    
    
    <nd ref="199877"/>
    
    
    <tag k="subtype" v="solid"/>
    
    
    <tag k="type" v="line_thin"/>
    
  
  </way>
  
  
  <way id="203107" version="1">
    
    
    <nd ref="203101"/>
    
    
    <nd ref="203108"/>
    
    
    <nd ref="203109"/>
    
    
    <nd ref="199886"/>
    
    
    <tag k="subtype" v="dashed"/>
    
    
    <tag k="type" v="line_thin"/>
    
  
  </way>
  
  
  <way id="203113" version="1">
    
    
    <nd ref="199865"/>
    
    
    <nd ref="203114"/>
    
    
    <tag k="subtype" v="dashed"/>
    
    
    <tag k="type" v="line_thin"/>
    
  
  </way>
  
  
  <way id="203117" version="1">
    
    
    <nd ref="203114"/>
    
    
    <nd ref="203118"/>
    
    
    <tag k="subtype" v="dashed"/>
    
    
    <tag k="type" v="line_thin"/>
    
  
  </way>
  
  
  <way id="203121" version="1">
    
    
    <nd ref="203118"/>
    
    
    <nd ref="203122"/>
    
    
    <tag k="subtype" v="dashed"/>
    
    
    <tag k="type" v="line_thin"/>
    
  
  </way>
  
  
  <way id="203125" version="1">
    
    
    <nd ref="203122"/>
    
    
    <nd ref="203126"/>
    
    
    <nd ref="203127"/>
    
    
    <nd ref="203128"/>
    
    
    <tag k="subtype" v="dashed"/>
    
    
    <tag k="type" v="line_thin"/>
    
  
  </way>
  
  
  <way id="203132" version="1">
    
    
    <nd ref="203128"/>
    
    
    <nd ref="203133"/>
    
    
    <nd ref="203134"/>
    
    
    <nd ref="203135"/>
    
    
    <nd ref="203136"/>
    
    
    <tag k="subtype" v="dashed"/>
    
    
    <tag k="type" v="line_thin"/>
    
  
  </way>
  
  
  <way id="203142" version="1">
    
    
    <nd ref="203136"/>
    
    
    <nd ref="203143"/>
    
    
    <nd ref="203144"/>
    
    
    <nd ref="203145"/>
    
    
    <nd ref="203146"/>
    
    
    <nd ref="203147"/>
    
    
    <nd ref="203148"/>
    
    
    <nd ref="203149"/>
    
    
    <nd ref="203150"/>
    
    
    <tag k="subtype" v="dashed"/>
    
    
    <tag k="type" v="line_thin"/>
    
  
  </way>
  
  
  <way id="203159" version="1">
    
    
    <nd ref="203150"/>
    
    
    <nd ref="203160"/>
    
    
    <nd ref="203161"/>
    
    
    <nd ref="203162"/>
    
    
    <nd ref="203163"/>
    
    
    <nd ref="203164"/>
    
    
    <nd ref="203165"/>
    
    
    <nd ref="203166"/>
    
    
    <nd ref="203167"/>
    
    
    <tag k="subtype" v="dashed"/>
    
    
    <tag k="type" v="line_thin"/>
    
  
  </way>
  
  
  <way id="203177" version="1">
    
    
    <nd ref="203167"/>
    
    
    <nd ref="203178"/>
    
    
    <nd ref="203179"/>
    
    
    <nd ref="203180"/>
    
    
    <nd ref="203181"/>
    
    
    <nd ref="203182"/>
    
    
    <nd ref="203183"/>
    
    
    <nd ref="203184"/>
    
    
    <tag k="subtype" v="dashed"/>
    
    
    <tag k="type" v="line_thin"/>
    
  
  </way>
  
  
  <way id="203192" version="1">
    
    
    <nd ref="203184"/>
    
    
    <nd ref="203193"/>
    
    
    <nd ref="203194"/>
    
    
    <nd ref="203195"/>
    
    
    <nd ref="203196"/>
    
    
    <nd ref="203197"/>
    
    
    <nd ref="203198"/>
    
    
    <nd ref="203199"/>
    
    
    <tag k="subtype" v="dashed"/>
    
    
    <tag k="type" v="line_thin"/>
    
  
  </way>
  
  
  <way id="203208" version="1">
    
    
    <nd ref="203199"/>
    
    
    <nd ref="203209"/>
    
    
    <nd ref="203210"/>
    
    
    <nd ref="203211"/>
    
    
    <nd ref="203212"/>
    
    
    <nd ref="203213"/>
    
    
    <nd ref="203214"/>
    
    
    <nd ref="203215"/>
    
    
    <nd ref="203216"/>
    
    
    <tag k="subtype" v="dashed"/>
    
    
    <tag k="type" v="line_thin"/>
    
  
  </way>
  
  
  <way id="203225" version="1">
    
    
    <nd ref="203216"/>
    
    
    <nd ref="203226"/>
    
    
    <nd ref="203227"/>
    
    
    <nd ref="203228"/>
    
    
    <nd ref="203229"/>
    
    
    <tag k="subtype" v="dashed"/>
    
    
    <tag k="type" v="line_thin"/>
    
  
  </way>
  
  
  <way id="203235" version="1">
    
    
    <nd ref="203229"/>
    
    
    <nd ref="203236"/>
    
    
    <nd ref="203237"/>
    
    
    <nd ref="203238"/>
    
    
    <nd ref="203239"/>
    
    
    <tag k="subtype" v="dashed"/>
    
    
    <tag k="type" v="line_thin"/>
    
  
  </way>
  
  
  <way id="203245" version="1">
    
    
    <nd ref="203239"/>
    
    
    <nd ref="203246"/>
    
    
    <tag k="subtype" v="dashed"/>
    
    
    <tag k="type" v="line_thin"/>
    
  
  </way>
  
  
  <way id="203249" version="1">
    
    
    <nd ref="203246"/>
    
    
    <nd ref="203250"/>
    
    
    <tag k="subtype" v="dashed"/>
    
    
    <tag k="type" v="line_thin"/>
    
  
  </way>
  
  
  <way id="203253" version="1">
    
    
    <nd ref="203250"/>
    
    
    <nd ref="203254"/>
    
    
    <nd ref="203255"/>
    
    
    <nd ref="199905"/>
    
    
    <tag k="subtype" v="dashed"/>
    
    
    <tag k="type" v="line_thin"/>
    
  
  </way>
  
  
  <way id="203259" version="1">
    
    
    <nd ref="199869"/>
    
    
    <nd ref="203260"/>
    
    
    <tag k="subtype" v="solid"/>
    
    
    <tag k="type" v="line_thin"/>
    
  
  </way>
  
  
  <way id="203263" version="1">
    
    
    <nd ref="203260"/>
    
    
    <nd ref="203264"/>
    
    
    <tag k="subtype" v="solid"/>
    
    
    <tag k="type" v="line_thin"/>
    
  
  </way>
  
  
  <way id="203267" version="1">
    
    
    <nd ref="203264"/>
    
    
    <nd ref="203268"/>
    
    
    <tag k="subtype" v="solid"/>
    
    
    <tag k="type" v="line_thin"/>
    
  
  </way>
  
  
  <way id="203271" version="1">
    
    
    <nd ref="203268"/>
    
    
    <nd ref="203272"/>
    
    
    <nd ref="203273"/>
    
    
    <nd ref="203274"/>
    
    
    <tag k="subtype" v="solid"/>
    
    
    <tag k="type" v="line_thin"/>
    
  
  </way>
  
  
  <way id="203279" version="1">
    
    
    <nd ref="203274"/>
    
    
    <nd ref="203280"/>
    
    
    <nd ref="203281"/>
    
    
    <nd ref="203282"/>
    
    
    <nd ref="203283"/>
    
    
    <tag k="subtype" v="solid"/>
    
    
    <tag k="type" v="line_thin"/>
    
  
  </way>
  
  
  <way id="203289" version="1">
    
    
    <nd ref="203283"/>
    
    
    <nd ref="203290"/>
    
    
    <nd ref="203291"/>
    
    
    <nd ref="203292"/>
    
    
    <nd ref="203293"/>
    
    
    <nd ref="203294"/>
    
    
    <nd ref="203295"/>
    
    
    <tag k="subtype" v="solid"/>
    
    
    <tag k="type" v="line_thin"/>
    
  
  </way>
  
  
  <way id="203302" version="1">
    
    
    <nd ref="203295"/>
    
    
    <nd ref="203303"/>
    
    
    <nd ref="203304"/>
    
    
    <nd ref="203305"/>
    
    
    <nd ref="203306"/>
    
    
    <nd ref="203307"/>
    
    
    <nd ref="203308"/>
    
    
    <nd ref="203309"/>
    
    
    <tag k="subtype" v="solid"/>
    
    
    <tag k="type" v="line_thin"/>
    
  
  </way>
  
  
  <way id="203318" version="1">
    
    
    <nd ref="203309"/>
    
    
    <nd ref="203319"/>
    
    
    <nd ref="203320"/>
    
    
    <nd ref="203321"/>
    
    
    <nd ref="203322"/>
    
    
    <nd ref="203323"/>
    
    
    <nd ref="203324"/>
    
    
    <nd ref="203325"/>
    
    
    <nd ref="203326"/>
    
    
    <tag k="subtype" v="solid"/>
    
    
    <tag k="type" v="line_thin"/>
    
  
  </way>
  
  
  <way id="203335" version="1">
    
    
    <nd ref="203326"/>
    
    
    <nd ref="203336"/>
    
    
    <nd ref="203337"/>
    
    
    <nd ref="203338"/>
    
    
    <nd ref="203339"/>
    
    
    <nd ref="203340"/>
    
    
    <nd ref="203341"/>
    
    
    <nd ref="203342"/>
    
    
    <tag k="subtype" v="solid"/>
    
    
    <tag k="type" v="line_thin"/>
    
  
  </way>
  
  
  <way id="203350" version="1">
    
    
    <nd ref="203342"/>
    
    
    <nd ref="203351"/>
    
    
    <nd ref="203352"/>
    
    
    <nd ref="203353"/>
    
    
    <nd ref="203354"/>
    
    
    <nd ref="203355"/>
    
    
    <nd ref="203356"/>
    
    
    <nd ref="203357"/>
    
    
    <nd ref="203358"/>
    
    
    <tag k="subtype" v="solid"/>
    
    
    <tag k="type" v="line_thin"/>
    
  
  </way>
  
  
  <way id="203367" version="1">
    
    
    <nd ref="203358"/>
    
    
    <nd ref="203368"/>
    
    
    <nd ref="203369"/>
    
    
    <nd ref="203370"/>
    
    
    <nd ref="203371"/>
    
    
    <tag k="subtype" v="solid"/>
    
    
    <tag k="type" v="line_thin"/>
    
  
  </way>
  
  
  <way id="203377" version="1">
    
    
    <nd ref="203371"/>
    
    
    <nd ref="203378"/>
    
    
    <nd ref="203379"/>
    
    
    <nd ref="203380"/>
    
    
    <nd ref="203381"/>
    
    
    <tag k="subtype" v="solid"/>
    
    
    <tag k="type" v="line_thin"/>
    
  
  </way>
  
  
  <way id="203387" version="1">
    
    
    <nd ref="203381"/>
    
    
    <nd ref="203388"/>
    
    
    <tag k="subtype" v="solid"/>
    
    
    <tag k="type" v="line_thin"/>
    
  
  </way>
  
  
  <way id="203391" version="1">
    
    
    <nd ref="203388"/>
    
    
    <nd ref="203392"/>
    
    
    <tag k="subtype" v="solid"/>
    
    
    <tag k="type" v="line_thin"/>
    
  
  </way>
  
  
  <way id="203395" version="1">
    
    
    <nd ref="203392"/>
    
    
    <nd ref="203396"/>
    
    
    <nd ref="203397"/>
    
    
    <nd ref="199924"/>
    
    
    <tag k="subtype" v="solid"/>
    
    
    <tag k="type" v="line_thin"/>
    
  
  </way>
  
  
  <way id="203401" version="1">
    
    
    <nd ref="199963"/>
    
    
    <nd ref="203402"/>
    
    
    <tag k="subtype" v="solid"/>
    
    
    <tag k="type" v="line_thin"/>
    
  
  </way>
  
  
  <way id="203403" version="1">
    
    
    <nd ref="199968"/>
    
    
    <nd ref="203404"/>
    
    
    <tag k="subtype" v="dashed"/>
    
    
    <tag k="type" v="line_thin"/>
    
  
  </way>
  
  
  <way id="203407" version="1">
    
    
    <nd ref="203402"/>
    
    
    <nd ref="203408"/>
    
    
    <tag k="subtype" v="solid"/>
    
    
    <tag k="type" v="line_thin"/>
    
  
  </way>
  
  
  <way id="203409" version="1">
    
    
    <nd ref="203404"/>
    
    
    <nd ref="203410"/>
    
    
    <tag k="subtype" v="dashed"/>
    
    
    <tag k="type" v="line_thin"/>
    
  
  </way>
  
  
  <way id="203413" version="1">
    
    
    <nd ref="199968"/>
    
    
    <nd ref="203414"/>
    
    
    <tag k="subtype" v="dashed"/>
    
    
    <tag k="type" v="line_thin"/>
    
  
  </way>
  
  
  <way id="203417" version="1">
    
    
    <nd ref="203414"/>
    
    
    <nd ref="203418"/>
    
    
    <tag k="subtype" v="dashed"/>
    
    
    <tag k="type" v="line_thin"/>
    
  
  </way>
  
  
  <way id="203421" version="1">
    
    
    <nd ref="199978"/>
    
    
    <nd ref="203422"/>
    
    
    <tag k="subtype" v="dashed"/>
    
    
    <tag k="type" v="line_thin"/>
    
  
  </way>
  
  
  <way id="203425" version="1">
    
    
    <nd ref="203422"/>
    
    
    <nd ref="203426"/>
    
    
    <tag k="subtype" v="dashed"/>
    
    
    <tag k="type" v="line_thin"/>
    
  
  </way>
  
  
  <way id="203429" version="1">
    
    
    <nd ref="199988"/>
    
    
    <nd ref="203430"/>
    
    
    <tag k="subtype" v="solid"/>
    
    
    <tag k="type" v="line_thin"/>
    
  
  </way>
  
  
  <way id="203433" version="1">
    
    
    <nd ref="203430"/>
    
    
    <nd ref="203434"/>
    
    
    <tag k="subtype" v="solid"/>
    
    
    <tag k="type" v="line_thin"/>
    
  
  </way>
  
  
  <way id="203437" version="1">
    
    
    <nd ref="203408"/>
    
    
    <nd ref="203438"/>
    
    
    <tag k="subtype" v="solid"/>
    
    
    <tag k="type" v="line_thin"/>
    
  
  </way>
  
  
  <way id="203439" version="1">
    
    
    <nd ref="203410"/>
    
    
    <nd ref="203440"/>
    
    
    <tag k="subtype" v="dashed"/>
    
    
    <tag k="type" v="line_thin"/>
    
  
  </way>
  
  
  <way id="203443" version="1">
    
    
    <nd ref="203438"/>
    
    
    <nd ref="203444"/>
    
    
    <tag k="subtype" v="solid"/>
    
    
    <tag k="type" v="line_thin"/>
    
  
  </way>
  
  
  <way id="203445" version="1">
    
    
    <nd ref="203440"/>
    
    
    <nd ref="203446"/>
    
    
    <tag k="subtype" v="dashed"/>
    
    
    <tag k="type" v="line_thin"/>
    
  
  </way>
  
  
  <way id="203449" version="1">
    
    
    <nd ref="203444"/>
    
    
    <nd ref="203450"/>
    
    
    <tag k="subtype" v="solid"/>
    
    
    <tag k="type" v="line_thin"/>
    
  
  </way>
  
  
  <way id="203451" version="1">
    
    
    <nd ref="203446"/>
    
    
    <nd ref="203452"/>
    
    
    <tag k="subtype" v="dashed"/>
    
    
    <tag k="type" v="line_thin"/>
    
  
  </way>
  
  
  <way id="203455" version="1">
    
    
    <nd ref="203450"/>
    
    
    <nd ref="203456"/>
    
    
    <tag k="subtype" v="solid"/>
    
    
    <tag k="type" v="line_thin"/>
    
  
  </way>
  
  
  <way id="203457" version="1">
    
    
    <nd ref="203452"/>
    
    
    <nd ref="203458"/>
    
    
    <tag k="subtype" v="dashed"/>
    
    
    <tag k="type" v="line_thin"/>
    
  
  </way>
  
  
  <way id="203461" version="1">
    
    
    <nd ref="203456"/>
    
    
    <nd ref="203462"/>
    
    
    <tag k="subtype" v="solid"/>
    
    
    <tag k="type" v="line_thin"/>
    
  
  </way>
  
  
  <way id="203463" version="1">
    
    
    <nd ref="203458"/>
    
    
    <nd ref="203464"/>
    
    
    <tag k="subtype" v="dashed"/>
    
    
    <tag k="type" v="line_thin"/>
    
  
  </way>
  
  
  <way id="203467" version="1">
    
    
    <nd ref="203462"/>
    
    
    <nd ref="203468"/>
    
    
    <tag k="subtype" v="solid"/>
    
    
    <tag k="type" v="line_thin"/>
    
  
  </way>
  
  
  <way id="203469" version="1">
    
    
    <nd ref="203464"/>
    
    
    <nd ref="203470"/>
    
    
    <tag k="subtype" v="dashed"/>
    
    
    <tag k="type" v="line_thin"/>
    
  
  </way>
  
  
  <way id="203473" version="1">
    
    
    <nd ref="203468"/>
    
    
    <nd ref="203474"/>
    
    
    <tag k="subtype" v="solid"/>
    
    
    <tag k="type" v="line_thin"/>
    
  
  </way>
  
  
  <way id="203475" version="1">
    
    
    <nd ref="203470"/>
    
    
    <nd ref="203476"/>
    
    
    <tag k="subtype" v="dashed"/>
    
    
    <tag k="type" v="line_thin"/>
    
  
  </way>
  
  
  <way id="203479" version="1">
    
    
    <nd ref="203474"/>
    
    
    <nd ref="203480"/>
    
    
    <tag k="subtype" v="solid"/>
    
    
    <tag k="type" v="line_thin"/>
    
  
  </way>
  
  
  <way id="203481" version="1">
    
    
    <nd ref="203476"/>
    
    
    <nd ref="203482"/>
    
    
    <tag k="subtype" v="dashed"/>
    
    
    <tag k="type" v="line_thin"/>
    
  
  </way>
  
  
  <way id="203485" version="1">
    
    
    <nd ref="203418"/>
    
    
    <nd ref="203486"/>
    
    
    <tag k="subtype" v="dashed"/>
    
    
    <tag k="type" v="line_thin"/>
    
  
  </way>
  
  
  <way id="203489" version="1">
    
    
    <nd ref="203486"/>
    
    
    <nd ref="203490"/>
    
    
    <tag k="subtype" v="dashed"/>
    
    
    <tag k="type" v="line_thin"/>
    
  
  </way>
  
  
  <way id="203493" version="1">
    
    
    <nd ref="203490"/>
    
    
    <nd ref="203494"/>
    
    
    <tag k="subtype" v="dashed"/>
    
    
    <tag k="type" v="line_thin"/>
    
  
  </way>
  
  
  <way id="203497" version="1">
    
    
    <nd ref="203494"/>
    
    
    <nd ref="203498"/>
    
    
    <tag k="subtype" v="dashed"/>
    
    
    <tag k="type" v="line_thin"/>
    
  
  </way>
  
  
  <way id="203501" version="1">
    
    
    <nd ref="203498"/>
    
    
    <nd ref="203502"/>
    
    
    <tag k="subtype" v="dashed"/>
    
    
    <tag k="type" v="line_thin"/>
    
  
  </way>
  
  
  <way id="203505" version="1">
    
    
    <nd ref="203502"/>
    
    
    <nd ref="203506"/>
    
    
    <tag k="subtype" v="dashed"/>
    
    
    <tag k="type" v="line_thin"/>
    
  
  </way>
  
  
  <way id="203509" version="1">
    
    
    <nd ref="203506"/>
    
    
    <nd ref="203510"/>
    
    
    <tag k="subtype" v="dashed"/>
    
    
    <tag k="type" v="line_thin"/>
    
  
  </way>
  
  
  <way id="203513" version="1">
    
    
    <nd ref="203510"/>
    
    
    <nd ref="203514"/>
    
    
    <tag k="subtype" v="dashed"/>
    
    
    <tag k="type" v="line_thin"/>
    
  
  </way>
  
  
  <way id="203517" version="1">
    
    
    <nd ref="203426"/>
    
    
    <nd ref="203518"/>
    
    
    <tag k="subtype" v="dashed"/>
    
    
    <tag k="type" v="line_thin"/>
    
  
  </way>
  
  
  <way id="203521" version="1">
    
    
    <nd ref="203518"/>
    
    
    <nd ref="203522"/>
    
    
    <tag k="subtype" v="dashed"/>
    
    
    <tag k="type" v="line_thin"/>
    
  
  </way>
  
  
  <way id="203525" version="1">
    
    
    <nd ref="203522"/>
    
    
    <nd ref="203526"/>
    
    
    <tag k="subtype" v="dashed"/>
    
    
    <tag k="type" v="line_thin"/>
    
  
  </way>
  
  
  <way id="203529" version="1">
    
    
    <nd ref="203526"/>
    
    
    <nd ref="203530"/>
    
    
    <tag k="subtype" v="dashed"/>
    
    
    <tag k="type" v="line_thin"/>
    
  
  </way>
  
  
  <way id="203533" version="1">
    
    
    <nd ref="203530"/>
    
    
    <nd ref="203534"/>
    
    
    <tag k="subtype" v="dashed"/>
    
    
    <tag k="type" v="line_thin"/>
    
  
  </way>
  
  
  <way id="203537" version="1">
    
    
    <nd ref="203534"/>
    
    
    <nd ref="203538"/>
    
    
    <tag k="subtype" v="dashed"/>
    
    
    <tag k="type" v="line_thin"/>
    
  
  </way>
  
  
  <way id="203541" version="1">
    
    
    <nd ref="203538"/>
    
    
    <nd ref="203542"/>
    
    
    <tag k="subtype" v="dashed"/>
    
    
    <tag k="type" v="line_thin"/>
    
  
  </way>
  
  
  <way id="203545" version="1">
    
    
    <nd ref="203542"/>
    
    
    <nd ref="203546"/>
    
    
    <tag k="subtype" v="dashed"/>
    
    
    <tag k="type" v="line_thin"/>
    
  
  </way>
  
  
  <way id="203549" version="1">
    
    
    <nd ref="203434"/>
    
    
    <nd ref="203550"/>
    
    
    <tag k="subtype" v="solid"/>
    
    
    <tag k="type" v="line_thin"/>
    
  
  </way>
  
  
  <way id="203553" version="1">
    
    
    <nd ref="203550"/>
    
    
    <nd ref="203554"/>
    
    
    <tag k="subtype" v="solid"/>
    
    
    <tag k="type" v="line_thin"/>
    
  
  </way>
  
  
  <way id="203557" version="1">
    
    
    <nd ref="203554"/>
    
    
    <nd ref="203558"/>
    
    
    <tag k="subtype" v="solid"/>
    
    
    <tag k="type" v="line_thin"/>
    
  
  </way>
  
  
  <way id="203561" version="1">
    
    
    <nd ref="203558"/>
    
    
    <nd ref="203562"/>
    
    
    <tag k="subtype" v="solid"/>
    
    
    <tag k="type" v="line_thin"/>
    
  
  </way>
  
  
  <way id="203565" version="1">
    
    
    <nd ref="203562"/>
    
    
    <nd ref="203566"/>
    
    
    <tag k="subtype" v="solid"/>
    
    
    <tag k="type" v="line_thin"/>
    
  
  </way>
  
  
  <way id="203569" version="1">
    
    
    <nd ref="203566"/>
    
    
    <nd ref="203570"/>
    
    
    <tag k="subtype" v="solid"/>
    
    
    <tag k="type" v="line_thin"/>
    
  
  </way>
  
  
  <way id="203573" version="1">
    
    
    <nd ref="203570"/>
    
    
    <nd ref="203574"/>
    
    
    <tag k="subtype" v="solid"/>
    
    
    <tag k="type" v="line_thin"/>
    
  
  </way>
  
  
  <way id="203577" version="1">
    
    
    <nd ref="203574"/>
    
    
    <nd ref="203578"/>
    
    
    <tag k="subtype" v="solid"/>
    
    
    <tag k="type" v="line_thin"/>
    
  
  </way>
  
  
  <way id="203581" version="1">
    
    
    <nd ref="200139"/>
    
    
    <nd ref="203582"/>
    
    
    <nd ref="203583"/>
    
    
    <nd ref="203584"/>
    
    
    <nd ref="203585"/>
    
    
    <nd ref="203586"/>
    
    
    <nd ref="203587"/>
    
    
    <nd ref="203588"/>
    
    
    <nd ref="203589"/>
    
    
    <tag k="subtype" v="solid"/>
    
    
    <tag k="type" v="line_thin"/>
    
  
  </way>
  
  
  <way id="203590" version="1">
    
    
    <nd ref="200145"/>
    
    
    <nd ref="203591"/>
    
    
    <nd ref="203592"/>
    
    
    <nd ref="203593"/>
    
    
    <nd ref="203594"/>
    
    
    <nd ref="203595"/>
    
    
    <nd ref="203596"/>
    
    
    <nd ref="203597"/>
    
    
    <nd ref="203598"/>
    
    
    <tag k="subtype" v="dashed"/>
    
    
    <tag k="type" v="line_thin"/>
    
  
  </way>
  
  
  <way id="203608" version="1">
    
    
    <nd ref="203589"/>
    
    
    <nd ref="203609"/>
    
    
    <nd ref="203610"/>
    
    
    <tag k="subtype" v="solid"/>
    
    
    <tag k="type" v="line_thin"/>
    
  
  </way>
  
  
  <way id="203611" version="1">
    
    
    <nd ref="203598"/>
    
    
    <nd ref="203612"/>
    
    
    <nd ref="203613"/>
    
    
    <tag k="subtype" v="dashed"/>
    
    
    <tag k="type" v="line_thin"/>
    
  
  </way>
  
  
  <way id="203617" version="1">
    
    
    <nd ref="200156"/>
    
    
    <nd ref="203618"/>
    
    
    <nd ref="203619"/>
    
    
    <nd ref="203620"/>
    
    
    <nd ref="203621"/>
    
    
    <nd ref="203622"/>
    
    
    <nd ref="203623"/>
    
    
    <nd ref="203624"/>
    
    
    <nd ref="203625"/>
    
    
    <tag k="subtype" v="dashed"/>
    
    
    <tag k="type" v="line_thin"/>
    
  
  </way>
  
  
  <way id="203635" version="1">
    
    
    <nd ref="203625"/>
    
    
    <nd ref="203636"/>
    
    
    <nd ref="203637"/>
    
    
    <tag k="subtype" v="dashed"/>
    
    
    <tag k="type" v="line_thin"/>
    
  
  </way>
  
  
  <way id="203641" version="1">
    
    
    <nd ref="200167"/>
    
    
    <nd ref="203642"/>
    
    
    <nd ref="203643"/>
    
    
    <nd ref="203644"/>
    
    
    <nd ref="203645"/>
    
    
    <nd ref="203646"/>
    
    
    <nd ref="203647"/>
    
    
    <nd ref="203648"/>
    
    
    <nd ref="203649"/>
    
    
    <tag k="subtype" v="solid"/>
    
    
    <tag k="type" v="line_thin"/>
    
  
  </way>
  
  
  <way id="203659" version="1">
    
    
    <nd ref="203649"/>
    
    
    <nd ref="203660"/>
    
    
    <nd ref="203661"/>
    
    
    <tag k="subtype" v="solid"/>
    
    
    <tag k="type" v="line_thin"/>
    
  
  </way>
  
  
  <way id="203665" version="1">
    
    
    <nd ref="203666"/>
    
    
    <nd ref="201322"/>
    
    
    <tag k="subtype" v="solid"/>
    
    
    <tag k="type" v="line_thin"/>
    
  
  </way>
  
  
  <way id="203667" version="1">
    
    
    <nd ref="203668"/>
    
    
    <nd ref="201327"/>
    
    
    <tag k="subtype" v="solid"/>
    
    
    <tag k="type" v="line_thin"/>
    
  
  </way>
  
  
  <way id="203671" version="1">
    
    
    <nd ref="200621"/>
    
    
    <nd ref="203672"/>
    
    
    <tag k="subtype" v="dashed"/>
    
    
    <tag k="type" v="line_thin"/>
    
  
  </way>
  
  
  <way id="203673" version="1">
    
    
    <nd ref="200628"/>
    
    
    <nd ref="203674"/>
    
    
    <tag k="subtype" v="solid"/>
    
    
    <tag k="type" v="line_thin"/>
    
  
  </way>
  
  
  <way id="203677" version="1">
    
    
    <nd ref="200642"/>
    
    
    <nd ref="203678"/>
    
    
    <tag k="subtype" v="solid"/>
    
    
    <tag k="type" v="line_thin"/>
    
  
  </way>
  
  
  <way id="203681" version="1">
    
    
    <nd ref="201100"/>
    
    
    <nd ref="203682"/>
    
    
    <tag k="subtype" v="solid"/>
    
    
    <tag k="type" v="line_thin"/>
    
  
  </way>
  
  
  <way id="203683" version="1">
    
    
    <nd ref="201105"/>
    
    
    <nd ref="203684"/>
    
    
    <tag k="subtype" v="solid"/>
    
    
    <tag k="type" v="line_thin"/>
    
  
  </way>
  
  
  <way id="203687" version="1">
    
    
    <nd ref="201340"/>
    
    
    <nd ref="203688"/>
    
    
    <tag k="subtype" v="solid"/>
    
    
    <tag k="type" v="line_thin"/>
    
  
  </way>
  
  
  <way id="203689" version="1">
    
    
    <nd ref="201345"/>
    
    
    <nd ref="203690"/>
    
    
    <tag k="subtype" v="solid"/>
    
    
    <tag k="type" v="line_thin"/>
    
  
  </way>
  
  
  <way id="203693" version="1">
    
    
    <nd ref="203688"/>
    
    
    <nd ref="201083"/>
    
    
    <tag k="subtype" v="solid"/>
    
    
    <tag k="type" v="line_thin"/>
    
  
  </way>
  
  
  <way id="203694" version="1">
    
    
    <nd ref="203690"/>
    
    
    <nd ref="201088"/>
    
    
    <tag k="subtype" v="solid"/>
    
    
    <tag k="type" v="line_thin"/>
    
  
  </way>
  
  
  <way id="203696" version="1">
    
    
    <nd ref="201480"/>
    
    
    <nd ref="203697"/>
    
    
    <tag k="subtype" v="solid"/>
    
    
    <tag k="type" v="line_thin"/>
    
  
  </way>
  
  
  <way id="203698" version="1">
    
    
    <nd ref="201474"/>
    
    
    <nd ref="203699"/>
    
    
    <tag k="subtype" v="solid"/>
    
    
    <tag k="type" v="line_thin"/>
    
  
  </way>
  
  
  <way id="203702" version="1">
    
    
    <nd ref="203697"/>
    
    
    <nd ref="203703"/>
    
    
    <tag k="subtype" v="solid"/>
    
    
    <tag k="type" v="line_thin"/>
    
  
  </way>
  
  
  <way id="203704" version="1">
    
    
    <nd ref="203699"/>
    
    
    <nd ref="203705"/>
    
    
    <tag k="subtype" v="solid"/>
    
    
    <tag k="type" v="line_thin"/>
    
  
  </way>
  
  
  <way id="203708" version="1">
    
    
    <nd ref="201476"/>
    
    
    <nd ref="203709"/>
    
    
    <tag k="subtype" v="solid"/>
    
    
    <tag k="type" v="line_thin"/>
    
  
  </way>
  
  
  <way id="203712" version="1">
    
    
    <nd ref="203709"/>
    
    
    <nd ref="203713"/>
    
    
    <tag k="subtype" v="solid"/>
    
    
    <tag k="type" v="line_thin"/>
    
  
  </way>
  
  
  <way id="203716" version="1">
    
    
    <nd ref="203717"/>
    
    
    <nd ref="201466"/>
    
    
    <tag k="subtype" v="solid"/>
    
    
    <tag k="type" v="line_thin"/>
    
  
  </way>
  
  
  <way id="203718" version="1">
    
    
    <nd ref="203719"/>
    
    
    <nd ref="201470"/>
    
    
    <tag k="subtype" v="solid"/>
    
    
    <tag k="type" v="line_thin"/>
    
  
  </way>
  
  
  <way id="203722" version="1">
    
    
    <nd ref="203723"/>
    
    
    <nd ref="201464"/>
    
    
    <tag k="type" v="virtual"/>
    
  
  </way>
  
  
  <way id="203726" version="1">
    
    
    <nd ref="200052"/>
    
    
    <nd ref="203727"/>
    
    
    <tag k="subtype" v="solid"/>
    
    
    <tag k="type" v="line_thin"/>
    
  
  </way>
  
  
  <way id="203728" version="1">
    
    
    <nd ref="200054"/>
    
    
    <nd ref="203729"/>
    
    
    <nd ref="203730"/>
    
    
    <tag k="subtype" v="solid"/>
    
    
    <tag k="type" v="line_thin"/>
    
  
  </way>
  
  
  <way id="203733" version="1">
    
    
    <nd ref="203727"/>
    
    
    <nd ref="203734"/>
    
    
    <tag k="subtype" v="solid"/>
    
    
    <tag k="type" v="line_thin"/>
    
  
  </way>
  
  
  <way id="203735" version="1">
    
    
    <nd ref="203730"/>
    
    
    <nd ref="203736"/>
    
    
    <tag k="type" v="virtual"/>
    
  
  </way>
  
  
  <way id="203739" version="1">
    
    
    <nd ref="203734"/>
    
    
    <nd ref="199415"/>
    
    
    <tag k="subtype" v="solid"/>
    
    
    <tag k="type" v="line_thin"/>
    
  
  </way>
  
  
  <way id="203740" version="1">
    
    
    <nd ref="203736"/>
    
    
    <nd ref="199418"/>
    
    
    <tag k="subtype" v="solid"/>
    
    
    <tag k="type" v="line_thin"/>
    
  
  </way>
  
  
  <way id="203742" version="1">
    
    
    <nd ref="203480"/>
    
    
    <nd ref="203743"/>
    
    
    <nd ref="203744"/>
    
    
    <nd ref="203745"/>
    
    
    <nd ref="203746"/>
    
    
    <tag k="subtype" v="solid"/>
    
    
    <tag k="type" v="line_thin"/>
    
  
  </way>
  
  
  <way id="203747" version="1">
    
    
    <nd ref="203482"/>
    
    
    <nd ref="203748"/>
    
    
    <nd ref="203749"/>
    
    
    <nd ref="203750"/>
    
    
    <nd ref="203751"/>
    
    
    <tag k="type" v="virtual"/>
    
  
  </way>
  
  
  <way id="203756" version="1">
    
    
    <nd ref="203746"/>
    
    
    <nd ref="203757"/>
    
    
    <nd ref="199492"/>
    
    
    <tag k="subtype" v="solid"/>
    
    
    <tag k="type" v="line_thin"/>
    
  
  </way>
  
  
  <way id="203758" version="1">
    
    
    <nd ref="203751"/>
    
    
    <nd ref="199497"/>
    
    
    <tag k="subtype" v="solid"/>
    
    
    <tag k="type" v="line_thin"/>
    
  
  </way>
  
  
  <way id="203761" version="1">
    
    
    <nd ref="199341"/>
    
    
    <nd ref="203762"/>
    
    
    <nd ref="203763"/>
    
    
    <tag k="subtype" v="solid"/>
    
    
    <tag k="type" v="line_thin"/>
    
  
  </way>
  
  
  <way id="203764" version="1">
    
    
    <nd ref="199348"/>
    
    
    <nd ref="203765"/>
    
    
    <nd ref="203766"/>
    
    
    <nd ref="203767"/>
    
    
    <tag k="type" v="virtual"/>
    
  
  </way>
  
  
  <way id="203772" version="1">
    
    
    <nd ref="203763"/>
    
    
    <nd ref="199440"/>
    
    
    <tag k="subtype" v="solid"/>
    
    
    <tag k="type" v="line_thin"/>
    
  
  </way>
  
  
  <way id="203773" version="1">
    
    
    <nd ref="203767"/>
    
    
    <nd ref="203774"/>
    
    
    <nd ref="203775"/>
    
    
    <nd ref="199444"/>
    
    
    <tag k="subtype" v="solid"/>
    
    
    <tag k="type" v="line_thin"/>
    
  
  </way>
  
  
  <way id="203778" version="1">
    
    
    <nd ref="203480"/>
    
    
    <nd ref="203779"/>
    
    
    <tag k="type" v="virtual"/>
    
  
  </way>
  
  
  <way id="203780" version="1">
    
    
    <nd ref="203482"/>
    
    
    <nd ref="203781"/>
    
    
    <tag k="subtype" v="dashed"/>
    
    
    <tag k="type" v="line_thin"/>
    
  
  </way>
  
  
  <way id="203784" version="1">
    
    
    <nd ref="203779"/>
    
    
    <nd ref="199736"/>
    
    
    <tag k="subtype" v="solid"/>
    
    
    <tag k="type" v="line_thin"/>
    
  
  </way>
  
  
  <way id="203785" version="1">
    
    
    <nd ref="203781"/>
    
    
    <nd ref="199744"/>
    
    
    <tag k="subtype" v="dashed"/>
    
    
    <tag k="type" v="line_thin"/>
    
  
  </way>
  
  
  <way id="203787" version="1">
    
    
    <nd ref="203514"/>
    
    
    <nd ref="203788"/>
    
    
    <tag k="subtype" v="dashed"/>
    
    
    <tag k="type" v="line_thin"/>
    
  
  </way>
  
  
  <way id="203791" version="1">
    
    
    <nd ref="203788"/>
    
    
    <nd ref="199758"/>
    
    
    <tag k="subtype" v="dashed"/>
    
    
    <tag k="type" v="line_thin"/>
    
  
  </way>
  
  
  <way id="203793" version="1">
    
    
    <nd ref="203546"/>
    
    
    <nd ref="203794"/>
    
    
    <tag k="subtype" v="dashed"/>
    
    
    <tag k="type" v="line_thin"/>
    
  
  </way>
  
  
  <way id="203797" version="1">
    
    
    <nd ref="203794"/>
    
    
    <nd ref="199774"/>
    
    
    <tag k="subtype" v="dashed"/>
    
    
    <tag k="type" v="line_thin"/>
    
  
  </way>
  
  
  <way id="203799" version="1">
    
    
    <nd ref="203578"/>
    
    
    <nd ref="203800"/>
    
    
    <tag k="subtype" v="solid"/>
    
    
    <tag k="type" v="line_thin"/>
    
  
  </way>
  
  
  <way id="203803" version="1">
    
    
    <nd ref="203800"/>
    
    
    <nd ref="199786"/>
    
    
    <tag k="subtype" v="solid"/>
    
    
    <tag k="type" v="line_thin"/>
    
  
  </way>
  
  
  <way id="203805" version="1">
    
    
    <nd ref="203610"/>
    
    
    <nd ref="203806"/>
    
    
    <tag k="subtype" v="dashed"/>
    
    
    <tag k="type" v="line_thin"/>
    
  
  </way>
  
  
  <way id="203807" version="1">
    
    
    <nd ref="203613"/>
    
    
    <nd ref="203808"/>
    
    
    <tag k="subtype" v="dashed"/>
    
    
    <tag k="type" v="line_thin"/>
    
  
  </way>
  
  
  <way id="203811" version="1">
    
    
    <nd ref="203806"/>
    
    
    <nd ref="203812"/>
    
    
    <nd ref="203813"/>
    
    
    <nd ref="200058"/>
    
    
    <tag k="subtype" v="solid"/>
    
    
    <tag k="type" v="line_thin"/>
    
  
  </way>
  
  
  <way id="203814" version="1">
    
    
    <nd ref="203808"/>
    
    
    <nd ref="203815"/>
    
    
    <nd ref="203816"/>
    
    
    <nd ref="203817"/>
    
    
    <nd ref="200067"/>
    
    
    <tag k="subtype" v="dashed"/>
    
    
    <tag k="type" v="line_thin"/>
    
  
  </way>
  
  
  <way id="203821" version="1">
    
    
    <nd ref="203637"/>
    
    
    <nd ref="203822"/>
    
    
    <tag k="subtype" v="dashed"/>
    
    
    <tag k="type" v="line_thin"/>
    
  
  </way>
  
  
  <way id="203825" version="1">
    
    
    <nd ref="203822"/>
    
    
    <nd ref="203826"/>
    
    
    <nd ref="203827"/>
    
    
    <nd ref="200085"/>
    
    
    <tag k="subtype" v="dashed"/>
    
    
    <tag k="type" v="line_thin"/>
    
  
  </way>
  
  
  <way id="203831" version="1">
    
    
    <nd ref="203661"/>
    
    
    <nd ref="203832"/>
    
    
    <tag k="subtype" v="solid"/>
    
    
    <tag k="type" v="line_thin"/>
    
  
  </way>
  
  
  <way id="203835" version="1">
    
    
    <nd ref="203832"/>
    
    
    <nd ref="203836"/>
    
    
    <nd ref="203837"/>
    
    
    <nd ref="200103"/>
    
    
    <tag k="subtype" v="solid"/>
    
    
    <tag k="type" v="line_thin"/>
    
  
  </way>
  
  
  <way id="203841" version="1">
    
    
    <nd ref="199442"/>
    
    
    <nd ref="203842"/>
    
    
    <tag k="subtype" v="solid"/>
    
    
    <tag k="type" v="line_thin"/>
    
  
  </way>
  
  
  <way id="203843" version="1">
    
    
    <nd ref="199449"/>
    
    
    <nd ref="203844"/>
    
    
    <tag k="type" v="virtual"/>
    
  
  </way>
  
  
  <way id="203847" version="1">
    
    
    <nd ref="203842"/>
    
    
    <nd ref="203848"/>
    
    
    <tag k="type" v="virtual"/>
    
  
  </way>
  
  
  <way id="203849" version="1">
    
    
    <nd ref="203844"/>
    
    
    <nd ref="203850"/>
    
    
    <tag k="type" v="virtual"/>
    
  
  </way>
  
  
  <way id="203853" version="1">
    
    
    <nd ref="203848"/>
    
    
    <nd ref="199924"/>
    
    
    <tag k="subtype" v="solid"/>
    
    
    <tag k="type" v="line_thin"/>
    
  
  </way>
  
  
  <way id="203854" version="1">
    
    
    <nd ref="203850"/>
    
    
    <nd ref="199943"/>
    
    
    <tag k="subtype" v="solid"/>
    
    
    <tag k="type" v="line_thin"/>
    
  
  </way>
  
  
  <way id="203856" version="1">
    
    
    <nd ref="200983"/>
    
    
    <nd ref="203857"/>
    
    
    <tag k="subtype" v="dashed"/>
    
    
    <tag k="type" v="line_thin"/>
    
  
  </way>
  
  
  <way id="203858" version="1">
    
    
    <nd ref="200990"/>
    
    
    <nd ref="203859"/>
    
    
    <tag k="subtype" v="solid"/>
    
    
    <tag k="type" v="line_thin"/>
    
  
  </way>
  
  
  <way id="203862" version="1">
    
    
    <nd ref="203857"/>
    
    
    <nd ref="200922"/>
    
    
    <tag k="subtype" v="solid"/>
    
    
    <tag k="type" v="line_thin"/>
    
  
  </way>
  
  
  <way id="203863" version="1">
    
    
    <nd ref="203859"/>
    
    
    <nd ref="200950"/>
    
    
    <tag k="subtype" v="solid"/>
    
    
    <tag k="type" v="line_thin"/>
    
  
  </way>
  
  
  <way id="203865" version="1">
    
    
    <nd ref="201054"/>
    
    
    <nd ref="203866"/>
    
    
    <tag k="subtype" v="solid"/>
    
    
    <tag k="type" v="line_thin"/>
    
  
  </way>
  
  
  <way id="203869" version="1">
    
    
    <nd ref="203866"/>
    
    
    <nd ref="200913"/>
    
    
    <tag k="subtype" v="solid"/>
    
    
    <tag k="type" v="line_thin"/>
    
  
  </way>
  
  
  <way id="203871" version="1">
    
    
    <nd ref="200836"/>
    
    
    <nd ref="203872"/>
    
    
    <tag k="subtype" v="dashed"/>
    
    
    <tag k="type" v="line_thin"/>
    
  
  </way>
  
  
  <way id="203873" version="1">
    
    
    <nd ref="200866"/>
    
    
    <nd ref="203874"/>
    
    
    <tag k="subtype" v="virtual"/>
    
    
    <tag k="type" v="virtual"/>
    
  
  </way>
  
  
  <way id="203877" version="1">
    
    
    <nd ref="203872"/>
    
    
    <nd ref="201007"/>
    
    
    <tag k="subtype" v="solid"/>
    
    
    <tag k="type" v="line_thin"/>
    
  
  </way>
  
  
  <way id="203878" version="1">
    
    
    <nd ref="203874"/>
    
    
    <nd ref="201031"/>
    
    
    <tag k="subtype" v="virtual"/>
    
    
    <tag k="type" v="virtual"/>
    
  
  </way>
  
  
  <way id="203880" version="1">
    
    
    <nd ref="200833"/>
    
    
    <nd ref="203881"/>
    
    
    <tag k="subtype" v="solid"/>
    
    
    <tag k="type" v="line_thin"/>
    
  
  </way>
  
  
  <way id="203884" version="1">
    
    
    <nd ref="203881"/>
    
    
    <nd ref="200998"/>
    
    
    <tag k="subtype" v="solid"/>
    
    
    <tag k="type" v="line_thin"/>
    
  
  </way>
  
  
  <way id="203886" version="1">
    
    
    <nd ref="199131"/>
    
    
    <nd ref="203887"/>
    
    
    <nd ref="203888"/>
    
    
    <tag k="subtype" v="solid"/>
    
    
    <tag k="type" v="line_thin"/>
    
  
  </way>
  
  
  <way id="203889" version="1">
    
    
    <nd ref="199135"/>
    
    
    <nd ref="203890"/>
    
    
    <nd ref="203891"/>
    
    
    <nd ref="203892"/>
    
    
    <tag k="subtype" v="solid"/>
    
    
    <tag k="type" v="line_thin"/>
    
  
  </way>
  
  
  <way id="203895" version="1">
    
    
    <nd ref="203888"/>
    
    
    <nd ref="203896"/>
    
    
    <tag k="subtype" v="solid"/>
    
    
    <tag k="type" v="line_thin"/>
    
  
  </way>
  
  
  <way id="203897" version="1">
    
    
    <nd ref="203892"/>
    
    
    <nd ref="203898"/>
    
    
    <nd ref="203899"/>
    
    
    <tag k="subtype" v="solid"/>
    
    
    <tag k="type" v="line_thin"/>
    
  
  </way>
  
  
  <way id="203903" version="1">
    
    
    <nd ref="203896"/>
    
    
    <nd ref="201273"/>
    
    
    <tag k="subtype" v="solid"/>
    
    
    <tag k="type" v="line_thin"/>
    
  
  </way>
  
  
  <way id="203904" version="1">
    
    
    <nd ref="203899"/>
    
    
    <nd ref="201279"/>
    
    
    <tag k="type" v="virtual"/>
    
  
  </way>
  
  
  <way id="203906" version="1">
    
    
    <nd ref="200497"/>
    
    
    <nd ref="203907"/>
    
    
    <tag k="subtype" v="solid"/>
    
    
    <tag k="type" v="line_thin"/>
    
  
  </way>
  
  
  <way id="203908" version="1">
    
    
    <nd ref="200434"/>
    
    
    <nd ref="203909"/>
    
    
    <tag k="subtype" v="solid"/>
    
    
    <tag k="type" v="line_thin"/>
    
  
  </way>
  
  
  <way id="203912" version="1">
    
    
    <nd ref="203907"/>
    
    
    <nd ref="200568"/>
    
    
    <tag k="subtype" v="solid"/>
    
    
    <tag k="type" v="line_thin"/>
    
  
  </way>
  
  
  <way id="203913" version="1">
    
    
    <nd ref="203909"/>
    
    
    <nd ref="200576"/>
    
    
    <tag k="subtype" v="solid"/>
    
    
    <tag k="type" v="line_thin"/>
    
  
  </way>
  
  
  <way id="203915" version="1">
    
    
    <nd ref="200562"/>
    
    
    <nd ref="203916"/>
    
    
    <nd ref="203917"/>
    
    
    <nd ref="203918"/>
    
    
    <nd ref="203919"/>
    
    
    <tag k="subtype" v="solid"/>
    
    
    <tag k="type" v="line_thin"/>
    
  
  </way>
  
  
  <way id="203920" version="1">
    
    
    <nd ref="200564"/>
    
    
    <nd ref="203921"/>
    
    
    <nd ref="203922"/>
    
    
    <nd ref="203923"/>
    
    
    <nd ref="203924"/>
    
    
    <tag k="subtype" v="solid"/>
    
    
    <tag k="type" v="line_thin"/>
    
  
  </way>
  
  
  <way id="203930" version="1">
    
    
    <nd ref="203919"/>
    
    
    <nd ref="203931"/>
    
    
    <nd ref="203932"/>
    
    
    <nd ref="203933"/>
    
    
    <nd ref="200447"/>
    
    
    <tag k="type" v="virtual"/>
    
  
  </way>
  
  
  <way id="203934" version="1">
    
    
    <nd ref="203924"/>
    
    
    <nd ref="203935"/>
    
    
    <nd ref="200547"/>
    
    
    <tag k="subtype" v="solid"/>
    
    
    <tag k="type" v="line_thin"/>
    
  
  </way>
  
  
  <way id="203938" version="1">
    
    
    <nd ref="201419"/>
    
    
    <nd ref="203939"/>
    
    
    <tag k="subtype" v="dashed"/>
    
    
    <tag k="type" v="line_thin"/>
    
  
  </way>
  
  
  <way id="203940" version="1">
    
    
    <nd ref="201424"/>
    
    
    <nd ref="203941"/>
    
    
    <tag k="subtype" v="solid"/>
    
    
    <tag k="type" v="line_thin"/>
    
  
  </way>
  
  
  <way id="203944" version="1">
    
    
    <nd ref="203939"/>
    
    
    <nd ref="201144"/>
    
    
    <tag k="subtype" v="solid"/>
    
    
    <tag k="type" v="line_thin"/>
    
  
  </way>
  
  
  <way id="203945" version="1">
    
    
    <nd ref="203941"/>
    
    
    <nd ref="201370"/>
    
    
    <tag k="subtype" v="solid"/>
    
    
    <tag k="type" v="line_thin"/>
    
  
  </way>
  
  
  <way id="203947" version="1">
    
    
    <nd ref="201429"/>
    
    
    <nd ref="203948"/>
    
    
    <tag k="subtype" v="solid"/>
    
    
    <tag k="type" v="line_thin"/>
    
  
  </way>
  
  
  <way id="203951" version="1">
    
    
    <nd ref="203948"/>
    
    
    <nd ref="201136"/>
    
    
    <tag k="subtype" v="solid"/>
    
    
    <tag k="type" v="line_thin"/>
    
  
  </way>
  
  
  <way id="203953" version="1">
    
    
    <nd ref="200704"/>
    
    
    <nd ref="203954"/>
    
    
    <tag k="subtype" v="solid"/>
    
    
    <tag k="type" v="line_thin"/>
    
  
  </way>
  
  
  <way id="203955" version="1">
    
    
    <nd ref="200706"/>
    
    
    <nd ref="203956"/>
    
    
    <tag k="subtype" v="dashed"/>
    
    
    <tag k="type" v="line_thin"/>
    
  
  </way>
  
  
  <way id="203959" version="1">
    
    
    <nd ref="203954"/>
    
    
    <nd ref="200525"/>
    
    
    <tag k="subtype" v="solid"/>
    
    
    <tag k="type" v="line_thin"/>
    
  
  </way>
  
  
  <way id="203960" version="1">
    
    
    <nd ref="203956"/>
    
    
    <nd ref="200528"/>
    
    
    <tag k="subtype" v="dashed"/>
    
    
    <tag k="type" v="line_thin"/>
    
  
  </way>
  
  
  <way id="203962" version="1">
    
    
    <nd ref="200730"/>
    
    
    <nd ref="203963"/>
    
    
    <tag k="subtype" v="solid"/>
    
    
    <tag k="type" v="line_thin"/>
    
  
  </way>
  
  
  <way id="203966" version="1">
    
    
    <nd ref="203963"/>
    
    
    <nd ref="200534"/>
    
    
    <tag k="type" v="virtual"/>
    
  
  </way>
  
  
  <way id="203968" version="1">
    
    
    <nd ref="200526"/>
    
    
    <nd ref="203969"/>
    
    
    <tag k="subtype" v="solid"/>
    
    
    <tag k="type" v="line_thin"/>
    
  
  </way>
  
  
  <way id="203970" version="1">
    
    
    <nd ref="200529"/>
    
    
    <nd ref="203971"/>
    
    
    <tag k="subtype" v="dashed"/>
    
    
    <tag k="type" v="line_thin"/>
    
  
  </way>
  
  
  <way id="203974" version="1">
    
    
    <nd ref="203969"/>
    
    
    <nd ref="200832"/>
    
    
    <tag k="subtype" v="solid"/>
    
    
    <tag k="type" v="line_thin"/>
    
  
  </way>
  
  
  <way id="203975" version="1">
    
    
    <nd ref="203971"/>
    
    
    <nd ref="200835"/>
    
    
    <tag k="subtype" v="dashed"/>
    
    
    <tag k="type" v="line_thin"/>
    
  
  </way>
  
  
  <way id="203977" version="1">
    
    
    <nd ref="200535"/>
    
    
    <nd ref="203978"/>
    
    
    <tag k="type" v="virtual"/>
    
  
  </way>
  
  
  <way id="203981" version="1">
    
    
    <nd ref="203978"/>
    
    
    <nd ref="200865"/>
    
    
    <tag k="subtype" v="solid"/>
    
    
    <tag k="type" v="line_thin"/>
    
  
  </way>
  
  
  <way id="203983" version="1">
    
    
    <nd ref="201439"/>
    
    
    <nd ref="203984"/>
    
    
    <tag k="subtype" v="solid"/>
    
    
    <tag k="type" v="line_thin"/>
    
  
  </way>
  
  
  <way id="203985" version="1">
    
    
    <nd ref="201113"/>
    
    
    <nd ref="203986"/>
    
    
    <tag k="subtype" v="solid"/>
    
    
    <tag k="type" v="line_thin"/>
    
  
  </way>
  
  
  <way id="203989" version="1">
    
    
    <nd ref="203984"/>
    
    
    <nd ref="203990"/>
    
    
    <nd ref="203991"/>
    
    
    <nd ref="203992"/>
    
    
    <nd ref="203993"/>
    
    
    <tag k="subtype" v="solid"/>
    
    
    <tag k="type" v="line_thin"/>
    
  
  </way>
  
  
  <way id="203994" version="1">
    
    
    <nd ref="203986"/>
    
    
    <nd ref="203995"/>
    
    
    <nd ref="203996"/>
    
    
    <nd ref="203997"/>
    
    
    <tag k="subtype" v="dashed"/>
    
    
    <tag k="type" v="line_thin"/>
    
  
  </way>
  
  
  <way id="204002" version="1">
    
    
    <nd ref="203993"/>
    
    
    <nd ref="204003"/>
    
    
    <nd ref="204004"/>
    
    
    <nd ref="204005"/>
    
    
    <nd ref="200971"/>
    
    
    <tag k="subtype" v="solid"/>
    
    
    <tag k="type" v="line_thin"/>
    
  
  </way>
  
  
  <way id="204006" version="1">
    
    
    <nd ref="203997"/>
    
    
    <nd ref="204007"/>
    
    
    <nd ref="204008"/>
    
    
    <nd ref="204009"/>
    
    
    <nd ref="200973"/>
    
    
    <tag k="subtype" v="solid"/>
    
    
    <tag k="type" v="line_thin"/>
    
  
  </way>
  
  
  <way id="204014" version="1">
    
    
    <nd ref="199510"/>
    
    
    <nd ref="204015"/>
    
    
    <nd ref="204016"/>
    
    
    <tag k="subtype" v="solid"/>
    
    
    <tag k="type" v="line_thin"/>
    
  
  </way>
  
  
  <way id="204017" version="1">
    
    
    <nd ref="199514"/>
    
    
    <nd ref="204018"/>
    
    
    <nd ref="204019"/>
    
    
    <tag k="subtype" v="solid"/>
    
    
    <tag k="type" v="line_thin"/>
    
  
  </way>
  
  
  <way id="204023" version="1">
    
    
    <nd ref="204016"/>
    
    
    <nd ref="204024"/>
    
    
    <nd ref="204025"/>
    
    
    <nd ref="201495"/>
    
    
    <tag k="subtype" v="solid"/>
    
    
    <tag k="type" v="line_thin"/>
    
  
  </way>
  
  
  <way id="204026" version="1">
    
    
    <nd ref="204019"/>
    
    
    <nd ref="204027"/>
    
    
    <nd ref="204028"/>
    
    
    <nd ref="204029"/>
    
    
    <nd ref="201499"/>
    
    
    <tag k="type" v="virtual"/>
    
  
  </way>
  
  
  <way id="204033" version="1">
    
    
    <nd ref="201610"/>
    
    
    <nd ref="204034"/>
    
    
    <tag k="subtype" v="dashed"/>
    
    
    <tag k="type" v="line_thin"/>
    
  
  </way>
  
  
  <way id="204035" version="1">
    
    
    <nd ref="201612"/>
    
    
    <nd ref="204036"/>
    
    
    <nd ref="204037"/>
    
    
    <tag k="subtype" v="dashed"/>
    
    
    <tag k="type" v="line_thin"/>
    
  
  </way>
  
  
  <way id="204040" version="1">
    
    
    <nd ref="204034"/>
    
    
    <nd ref="204041"/>
    
    
    <nd ref="199605"/>
    
    
    <tag k="subtype" v="dashed"/>
    
    
    <tag k="type" v="line_thin"/>
    
  
  </way>
  
  
  <way id="204042" version="1">
    
    
    <nd ref="204037"/>
    
    
    <nd ref="204043"/>
    
    
    <nd ref="199609"/>
    
    
    <tag k="subtype" v="solid"/>
    
    
    <tag k="type" v="line_thin"/>
    
  
  </way>
  
  
  <way id="204046" version="1">
    
    
    <nd ref="201745"/>
    
    
    <nd ref="204047"/>
    
    
    <nd ref="204048"/>
    
    
    <nd ref="204049"/>
    
    
    <nd ref="204050"/>
    
    
    <nd ref="204051"/>
    
    
    <nd ref="204052"/>
    
    
    <tag k="subtype" v="dashed"/>
    
    
    <tag k="type" v="line_thin"/>
    
  
  </way>
  
  
  <way id="204053" version="1">
    
    
    <nd ref="201747"/>
    
    
    <nd ref="204054"/>
    
    
    <nd ref="204055"/>
    
    
    <nd ref="204056"/>
    
    
    <nd ref="204057"/>
    
    
    <nd ref="204058"/>
    
    
    <nd ref="204059"/>
    
    
    <nd ref="204060"/>
    
    
    <nd ref="204061"/>
    
    
    <nd ref="204062"/>
    
    
    <tag k="subtype" v="dashed"/>
    
    
    <tag k="type" v="line_thin"/>
    
  
  </way>
  
  
  <way id="204071" version="1">
    
    
    <nd ref="204052"/>
    
    
    <nd ref="204072"/>
    
    
    <nd ref="201616"/>
    
    
    <tag k="subtype" v="dashed"/>
    
    
    <tag k="type" v="line_thin"/>
    
  
  </way>
  
  
  <way id="204073" version="1">
    
    
    <nd ref="204062"/>
    
    
    <nd ref="204074"/>
    
    
    <nd ref="201623"/>
    
    
    <tag k="subtype" v="dashed"/>
    
    
    <tag k="type" v="line_thin"/>
    
  
  </way>
  
  
  <way id="204077" version="1">
    
    
    <nd ref="199215"/>
    
    
    <nd ref="204078"/>
    
    
    <nd ref="204079"/>
    
    
    <nd ref="204080"/>
    
    
    <tag k="subtype" v="solid"/>
    
    
    <tag k="type" v="line_thin"/>
    
  
  </way>
  
  
  <way id="204081" version="1">
    
    
    <nd ref="199217"/>
    
    
    <nd ref="204082"/>
    
    
    <nd ref="204083"/>
    
    
    <nd ref="204084"/>
    
    
    <tag k="subtype" v="solid"/>
    
    
    <tag k="type" v="line_thin"/>
    
  
  </way>
  
  
  <way id="204088" version="1">
    
    
    <nd ref="204080"/>
    
    
    <nd ref="204089"/>
    
    
    <nd ref="204090"/>
    
    
    <nd ref="204091"/>
    
    
    <nd ref="204092"/>
    
    
    <tag k="subtype" v="dashed"/>
    
    
    <tag k="type" v="line_thin"/>
    
  
  </way>
  
  
  <way id="204093" version="1">
    
    
    <nd ref="204084"/>
    
    
    <nd ref="204094"/>
    
    
    <nd ref="204095"/>
    
    
    <nd ref="204096"/>
    
    
    <nd ref="204097"/>
    
    
    <tag k="subtype" v="solid"/>
    
    
    <tag k="type" v="line_thin"/>
    
  
  </way>
  
  
  <way id="204103" version="1">
    
    
    <nd ref="204092"/>
    
    
    <nd ref="204104"/>
    
    
    <tag k="subtype" v="dashed"/>
    
    
    <tag k="type" v="line_thin"/>
    
  
  </way>
  
  
  <way id="204105" version="1">
    
    
    <nd ref="204097"/>
    
    
    <nd ref="204106"/>
    
    
    <tag k="type" v="virtual"/>
    
  
  </way>
  
  
  <way id="204109" version="1">
    
    
    <nd ref="204104"/>
    
    
    <nd ref="201968"/>
    
    
    <tag k="subtype" v="dashed"/>
    
    
    <tag k="type" v="line_thin"/>
    
  
  </way>
  
  
  <way id="204110" version="1">
    
    
    <nd ref="204106"/>
    
    
    <nd ref="201971"/>
    
    
    <tag k="subtype" v="solid"/>
    
    
    <tag k="type" v="line_thin"/>
    
  
  </way>
  
  
  <way id="204112" version="1">
    
    
    <nd ref="202019"/>
    
    
    <nd ref="204113"/>
    
    
    <tag k="subtype" v="dashed"/>
    
    
    <tag k="type" v="line_thin"/>
    
  
  </way>
  
  
  <way id="204114" version="1">
    
    
    <nd ref="202021"/>
    
    
    <nd ref="204115"/>
    
    
    <tag k="subtype" v="solid"/>
    
    
    <tag k="type" v="line_thin"/>
    
  
  </way>
  
  
  <way id="204118" version="1">
    
    
    <nd ref="204113"/>
    
    
    <nd ref="204119"/>
    
    
    <nd ref="204120"/>
    
    
    <nd ref="204121"/>
    
    
    <nd ref="204122"/>
    
    
    <nd ref="204123"/>
    
    
    <nd ref="204124"/>
    
    
    <nd ref="204125"/>
    
    
    <tag k="subtype" v="solid"/>
    
    
    <tag k="type" v="line_thin"/>
    
  
  </way>
  
  
  <way id="204126" version="1">
    
    
    <nd ref="204115"/>
    
    
    <nd ref="204127"/>
    
    
    <nd ref="204128"/>
    
    
    <nd ref="204129"/>
    
    
    <nd ref="204130"/>
    
    
    <nd ref="204131"/>
    
    
    <nd ref="204132"/>
    
    
    <nd ref="204133"/>
    
    
    <tag k="subtype" v="solid"/>
    
    
    <tag k="type" v="line_thin"/>
    
  
  </way>
  
  
  <way id="204142" version="1">
    
    
    <nd ref="204125"/>
    
    
    <nd ref="202025"/>
    
    
    <tag k="subtype" v="dashed"/>
    
    
    <tag k="type" v="line_thin"/>
    
  
  </way>
  
  
  <way id="204143" version="1">
    
    
    <nd ref="204133"/>
    
    
    <nd ref="202028"/>
    
    
    <tag k="subtype" v="solid"/>
    
    
    <tag k="type" v="line_thin"/>
    
  
  </way>
  
  
  <way id="204145" version="1">
    
    
    <nd ref="202034"/>
    
    
    <nd ref="204146"/>
    
    
    <tag k="subtype" v="dashed"/>
    
    
    <tag k="type" v="line_thin"/>
    
  
  </way>
  
  
  <way id="204147" version="1">
    
    
    <nd ref="202036"/>
    
    
    <nd ref="204148"/>
    
    
    <tag k="subtype" v="solid"/>
    
    
    <tag k="type" v="line_thin"/>
    
  
  </way>
  
  
  <way id="204151" version="1">
    
    
    <nd ref="204146"/>
    
    
    <nd ref="204152"/>
    
    
    <nd ref="204153"/>
    
    
    <nd ref="204154"/>
    
    
    <nd ref="202040"/>
    
    
    <tag k="subtype" v="solid"/>
    
    
    <tag k="type" v="line_thin"/>
    
  
  </way>
  
  
  <way id="204155" version="1">
    
    
    <nd ref="204148"/>
    
    
    <nd ref="204156"/>
    
    
    <nd ref="204157"/>
    
    
    <nd ref="202049"/>
    
    
    <tag k="subtype" v="solid"/>
    
    
    <tag k="type" v="line_thin"/>
    
  
  </way>
  
  
  <way id="204161" version="1">
    
    
    <nd ref="202073"/>
    
    
    <nd ref="204162"/>
    
    
    <nd ref="204163"/>
    
    
    <nd ref="204164"/>
    
    
    <nd ref="204165"/>
    
    
    <tag k="subtype" v="solid"/>
    
    
    <tag k="type" v="line_thin"/>
    
  
  </way>
  
  
  <way id="204166" version="1">
    
    
    <nd ref="202080"/>
    
    
    <nd ref="204167"/>
    
    
    <nd ref="204168"/>
    
    
    <nd ref="204169"/>
    
    
    <nd ref="204170"/>
    
    
    <tag k="subtype" v="solid"/>
    
    
    <tag k="type" v="line_thin"/>
    
  
  </way>
  
  
  <way id="204176" version="1">
    
    
    <nd ref="204165"/>
    
    
    <nd ref="202090"/>
    
    
    <tag k="subtype" v="dashed"/>
    
    
    <tag k="type" v="line_thin"/>
    
  
  </way>
  
  
  <way id="204177" version="1">
    
    
    <nd ref="204170"/>
    
    
    <nd ref="202093"/>
    
    
    <tag k="subtype" v="solid"/>
    
    
    <tag k="type" v="line_thin"/>
    
  
  </way>
  
  
  <way id="204179" version="1">
    
    
    <nd ref="202099"/>
    
    
    <nd ref="204125"/>
    
    
    <tag k="subtype" v="dashed"/>
    
    
    <tag k="type" v="line_thin"/>
    
  
  </way>
  
  
  <way id="204180" version="1">
    
    
    <nd ref="202101"/>
    
    
    <nd ref="204181"/>
    
    
    <tag k="subtype" v="solid"/>
    
    
    <tag k="type" v="line_thin"/>
    
  
  </way>
  
  
  <way id="204184" version="1">
    
    
    <nd ref="204125"/>
    
    
    <nd ref="204185"/>
    
    
    <nd ref="204186"/>
    
    
    <nd ref="204187"/>
    
    
    <nd ref="204188"/>
    
    
    <nd ref="204189"/>
    
    
    <nd ref="204190"/>
    
    
    <nd ref="202105"/>
    
    
    <tag k="subtype" v="solid"/>
    
    
    <tag k="type" v="line_thin"/>
    
  
  </way>
  
  
  <way id="204191" version="1">
    
    
    <nd ref="204181"/>
    
    
    <nd ref="204192"/>
    
    
    <nd ref="204193"/>
    
    
    <nd ref="204194"/>
    
    
    <nd ref="204195"/>
    
    
    <nd ref="204196"/>
    
    
    <nd ref="202108"/>
    
    
    <tag k="subtype" v="solid"/>
    
    
    <tag k="type" v="line_thin"/>
    
  
  </way>
  
  
  <way id="204203" version="1">
    
    
    <nd ref="202156"/>
    
    
    <nd ref="204204"/>
    
    
    <nd ref="204205"/>
    
    
    <nd ref="204206"/>
    
    
    <nd ref="204207"/>
    
    
    <nd ref="204208"/>
    
    
    <nd ref="204080"/>
    
    
    <tag k="subtype" v="dashed"/>
    
    
    <tag k="type" v="line_thin"/>
    
  
  </way>
  
  
  <way id="204209" version="1">
    
    
    <nd ref="202158"/>
    
    
    <nd ref="204210"/>
    
    
    <nd ref="204211"/>
    
    
    <nd ref="204212"/>
    
    
    <nd ref="204213"/>
    
    
    <nd ref="204214"/>
    
    
    <nd ref="204215"/>
    
    
    <tag k="subtype" v="solid"/>
    
    
    <tag k="type" v="line_thin"/>
    
  
  </way>
  
  
  <way id="204223" version="1">
    
    
    <nd ref="204080"/>
    
    
    <nd ref="204224"/>
    
    
    <nd ref="204225"/>
    
    
    <nd ref="204226"/>
    
    
    <nd ref="199207"/>
    
    
    <tag k="subtype" v="solid"/>
    
    
    <tag k="type" v="line_thin"/>
    
  
  </way>
  
  
  <way id="204227" version="1">
    
    
    <nd ref="204215"/>
    
    
    <nd ref="204228"/>
    
    
    <nd ref="204229"/>
    
    
    <nd ref="204230"/>
    
    
    <nd ref="199210"/>
    
    
    <tag k="subtype" v="solid"/>
    
    
    <tag k="type" v="line_thin"/>
    
  
  </way>
  
  
  <way id="204235" version="1">
    
    
    <nd ref="200378"/>
    
    
    <nd ref="204236"/>
    
    
    <nd ref="204237"/>
    
    
    <tag k="type" v="virtual"/>
    
  
  </way>
  
  
  <way id="204238" version="1">
    
    
    <nd ref="200381"/>
    
    
    <nd ref="204239"/>
    
    
    <nd ref="204240"/>
    
    
    <tag k="subtype" v="solid"/>
    
    
    <tag k="type" v="line_thin"/>
    
  
  </way>
  
  
  <way id="204244" version="1">
    
    
    <nd ref="204237"/>
    
    
    <nd ref="204245"/>
    
    
    <nd ref="203666"/>
    
    
    <tag k="subtype" v="solid"/>
    
    
    <tag k="type" v="line_thin"/>
    
  
  </way>
  
  
  <way id="204246" version="1">
    
    
    <nd ref="204240"/>
    
    
    <nd ref="204247"/>
    
    
    <nd ref="203668"/>
    
    
    <tag k="subtype" v="solid"/>
    
    
    <tag k="type" v="line_thin"/>
    
  
  </way>
  
  
  <way id="204251" version="1">
    
    
    <nd ref="203672"/>
    
    
    <nd ref="204252"/>
    
    
    <tag k="subtype" v="dashed"/>
    
    
    <tag k="type" v="line_thin"/>
    
  
  </way>
  
  
  <way id="204253" version="1">
    
    
    <nd ref="203674"/>
    
    
    <nd ref="204254"/>
    
    
    <tag k="subtype" v="solid"/>
    
    
    <tag k="type" v="line_thin"/>
    
  
  </way>
  
  
  <way id="204257" version="1">
    
    
    <nd ref="204252"/>
    
    
    <nd ref="200687"/>
    
    
    <tag k="subtype" v="solid"/>
    
    
    <tag k="type" v="line_thin"/>
    
  
  </way>
  
  
  <way id="204258" version="1">
    
    
    <nd ref="204254"/>
    
    
    <nd ref="200717"/>
    
    
    <tag k="subtype" v="solid"/>
    
    
    <tag k="type" v="line_thin"/>
    
  
  </way>
  
  
  <way id="204260" version="1">
    
    
    <nd ref="203678"/>
    
    
    <nd ref="204261"/>
    
    
    <tag k="subtype" v="solid"/>
    
    
    <tag k="type" v="line_thin"/>
    
  
  </way>
  
  
  <way id="204264" version="1">
    
    
    <nd ref="204261"/>
    
    
    <nd ref="200679"/>
    
    
    <tag k="subtype" v="solid"/>
    
    
    <tag k="type" v="line_thin"/>
    
  
  </way>
  
  
  <way id="204266" version="1">
    
    
    <nd ref="203682"/>
    
    
    <nd ref="204267"/>
    
    
    <tag k="subtype" v="solid"/>
    
    
    <tag k="type" v="line_thin"/>
    
  
  </way>
  
  
  <way id="204268" version="1">
    
    
    <nd ref="203684"/>
    
    
    <nd ref="204269"/>
    
    
    <tag k="subtype" v="solid"/>
    
    
    <tag k="type" v="line_thin"/>
    
  
  </way>
  
  
  <way id="204272" version="1">
    
    
    <nd ref="204267"/>
    
    
    <nd ref="201267"/>
    
    
    <tag k="type" v="virtual"/>
    
  
  </way>
  
  
  <way id="204273" version="1">
    
    
    <nd ref="204269"/>
    
    
    <nd ref="201275"/>
    
    
    <tag k="subtype" v="solid"/>
    
    
    <tag k="type" v="line_thin"/>
    
  
  </way>
  
  
  <way id="204275" version="1">
    
    
    <nd ref="203703"/>
    
    
    <nd ref="204276"/>
    
    
    <tag k="subtype" v="solid"/>
    
    
    <tag k="type" v="line_thin"/>
    
  
  </way>
  
  
  <way id="204277" version="1">
    
    
    <nd ref="203705"/>
    
    
    <nd ref="204278"/>
    
    
    <tag k="subtype" v="solid"/>
    
    
    <tag k="type" v="line_thin"/>
    
  
  </way>
  
  
  <way id="204281" version="1">
    
    
    <nd ref="204276"/>
    
    
    <nd ref="204282"/>
    
    
    <nd ref="204283"/>
    
    
    <nd ref="204284"/>
    
    
    <tag k="subtype" v="solid"/>
    
    
    <tag k="type" v="line_thin"/>
    
  
  </way>
  
  
  <way id="204285" version="1">
    
    
    <nd ref="204278"/>
    
    
    <nd ref="204286"/>
    
    
    <nd ref="204287"/>
    
    
    <nd ref="204288"/>
    
    
    <nd ref="204289"/>
    
    
    <tag k="subtype" v="dashed"/>
    
    
    <tag k="type" v="line_thin"/>
    
  
  </way>
  
  
  <way id="204293" version="1">
    
    
    <nd ref="203713"/>
    
    
    <nd ref="204294"/>
    
    
    <nd ref="204295"/>
    
    
    <tag k="subtype" v="solid"/>
    
    
    <tag k="type" v="line_thin"/>
    
  
  </way>
  
  
  <way id="204298" version="1">
    
    
    <nd ref="204295"/>
    
    
    <nd ref="204299"/>
    
    
    <nd ref="204300"/>
    
    
    <nd ref="204301"/>
    
    
    <tag k="subtype" v="solid"/>
    
    
    <tag k="type" v="line_thin"/>
    
  
  </way>
  
  
  <way id="204306" version="1">
    
    
    <nd ref="204284"/>
    
    
    <nd ref="204307"/>
    
    
    <nd ref="204308"/>
    
    
    <tag k="subtype" v="solid"/>
    
    
    <tag k="type" v="line_thin"/>
    
  
  </way>
  
  
  <way id="204309" version="1">
    
    
    <nd ref="204289"/>
    
    
    <nd ref="204310"/>
    
    
    <nd ref="204311"/>
    
    
    <tag k="subtype" v="dashed"/>
    
    
    <tag k="type" v="line_thin"/>
    
  
  </way>
  
  
  <way id="204315" version="1">
    
    
    <nd ref="204308"/>
    
    
    <nd ref="204316"/>
    
    
    <nd ref="204317"/>
    
    
    <nd ref="204318"/>
    
    
    <nd ref="200413"/>
    
    
    <tag k="type" v="virtual"/>
    
  
  </way>
  
  
  <way id="204319" version="1">
    
    
    <nd ref="204311"/>
    
    
    <nd ref="204320"/>
    
    
    <nd ref="204321"/>
    
    
    <nd ref="204322"/>
    
    
    <nd ref="200417"/>
    
    
    <tag k="subtype" v="dashed"/>
    
    
    <tag k="type" v="line_thin"/>
    
  
  </way>
  
  
  <way id="204327" version="1">
    
    
    <nd ref="204301"/>
    
    
    <nd ref="204328"/>
    
    
    <nd ref="204329"/>
    
    
    <tag k="subtype" v="solid"/>
    
    
    <tag k="type" v="line_thin"/>
    
  
  </way>
  
  
  <way id="204333" version="1">
    
    
    <nd ref="204329"/>
    
    
    <nd ref="204334"/>
    
    
    <nd ref="204335"/>
    
    
    <nd ref="204336"/>
    
    
    <nd ref="204337"/>
    
    
    <nd ref="204338"/>
    
    
    <nd ref="200417"/>
    
    
    <tag k="subtype" v="solid"/>
    
    
    <tag k="type" v="line_thin"/>
    
  
  </way>
  
  
  <way id="204343" version="1">
    
    
    <nd ref="200360"/>
    
    
    <nd ref="204344"/>
    
    
    <nd ref="204345"/>
    
    
    <tag k="subtype" v="dashed"/>
    
    
    <tag k="type" v="line_thin"/>
    
  
  </way>
  
  
  <way id="204346" version="1">
    
    
    <nd ref="201076"/>
    
    
    <nd ref="204347"/>
    
    
    <nd ref="204348"/>
    
    
    <nd ref="204349"/>
    
    
    <tag k="subtype" v="solid"/>
    
    
    <tag k="type" v="line_thin"/>
    
  
  </way>
  
  
  <way id="204353" version="1">
    
    
    <nd ref="204345"/>
    
    
    <nd ref="204354"/>
    
    
    <tag k="subtype" v="dashed"/>
    
    
    <tag k="type" v="line_thin"/>
    
  
  </way>
  
  
  <way id="204355" version="1">
    
    
    <nd ref="204349"/>
    
    
    <nd ref="204356"/>
    
    
    <tag k="type" v="virtual"/>
    
  
  </way>
  
  
  <way id="204359" version="1">
    
    
    <nd ref="204354"/>
    
    
    <nd ref="204360"/>
    
    
    <nd ref="204361"/>
    
    
    <nd ref="204362"/>
    
    
    <tag k="subtype" v="dashed"/>
    
    
    <tag k="type" v="line_thin"/>
    
  
  </way>
  
  
  <way id="204363" version="1">
    
    
    <nd ref="204356"/>
    
    
    <nd ref="204364"/>
    
    
    <nd ref="204365"/>
    
    
    <nd ref="204366"/>
    
    
    <nd ref="204367"/>
    
    
    <tag k="subtype" v="solid"/>
    
    
    <tag k="type" v="line_thin"/>
    
  
  </way>
  
  
  <way id="204372" version="1">
    
    
    <nd ref="204362"/>
    
    
    <nd ref="203717"/>
    
    
    <tag k="subtype" v="solid"/>
    
    
    <tag k="type" v="line_thin"/>
    
  
  </way>
  
  
  <way id="204373" version="1">
    
    
    <nd ref="204367"/>
    
    
    <nd ref="203719"/>
    
    
    <tag k="subtype" v="solid"/>
    
    
    <tag k="type" v="line_thin"/>
    
  
  </way>
  
  
  <way id="204375" version="1">
    
    
    <nd ref="200354"/>
    
    
    <nd ref="204376"/>
    
    
    <nd ref="204377"/>
    
    
    <tag k="type" v="virtual"/>
    
  
  </way>
  
  
  <way id="204381" version="1">
    
    
    <nd ref="204377"/>
    
    
    <nd ref="204382"/>
    
    
    <tag k="type" v="virtual"/>
    
  
  </way>
  
  
  <way id="204385" version="1">
    
    
    <nd ref="204382"/>
    
    
    <nd ref="204386"/>
    
    
    <nd ref="204387"/>
    
    
    <nd ref="204388"/>
    
    
    <nd ref="204389"/>
    
    
    <tag k="type" v="virtual"/>
    
  
  </way>
  
  
  <way id="204394" version="1">
    
    
    <nd ref="204389"/>
    
    
    <nd ref="203723"/>
    
    
    <tag k="type" v="virtual"/>
    
  
  </way>
  
  
  <way id="22700097" version="1">
    
    
    <nd ref="1270012638"/>
    
    
    <nd ref="1270012639"/>
    
    
    <nd ref="1270012640"/>
    
    
    <nd ref="1270012641"/>
    
    
    <tag k="type" v="stop_line"/>
    
  
  </way>
  
  
  <way id="22700098" version="1">
    
    
    <nd ref="1270012806"/>
    
    
    <nd ref="1270012807"/>
    
    
    <nd ref="1270012808"/>
    
    
    <tag k="type" v="stop_line"/>
    
  
  </way>
  
  
  <way id="22700099" version="1">
    
    
    <nd ref="1270012785"/>
    
    
    <nd ref="1270012786"/>
    
    
    <tag k="type" v="stop_line"/>
    
  
  </way>
  
  
  <way id="22700100" version="1">
    
    
    <nd ref="1270012680"/>
    
    
    <nd ref="1270012681"/>
    
    
    <nd ref="1270012682"/>
    
    
    <tag k="type" v="stop_line"/>
    
  
  </way>
  
  
  <way id="22700102" version="1">
    
    
    <nd ref="1270012721"/>
    
    
    <nd ref="1270012722"/>
    
    
    <tag k="type" v="stop_line"/>
    
  
  </way>
  
  
  <way id="22700108" version="1">
    
    
    <nd ref="1270012661"/>
    
    
    <nd ref="1270012662"/>
    
    
    <tag k="type" v="stop_line"/>
    
  
  </way>
  
  
  <way id="22700109" version="1">
    
    
    <nd ref="1270012764"/>
    
    
    <nd ref="1270012765"/>
    
    
    <tag k="type" v="stop_line"/>
    
  
  </way>
  
  
  <way id="22700111" version="1">
    
    
    <nd ref="1270012700"/>
    
    
    <nd ref="1270012701"/>
    
    
    <tag k="type" v="stop_line"/>
    
  
  </way>
  
  
  <way id="22700112" version="1">
    
    
    <nd ref="1270012615"/>
    
    
    <nd ref="1270012616"/>
    
    
    <nd ref="1270012617"/>
    
    
    <nd ref="1270012618"/>
    
    
    <tag k="type" v="stop_line"/>
    
  
  </way>
  
  
  <way id="22700113" version="1">
    
    
    <nd ref="1270012742"/>
    
    
    <nd ref="1270012743"/>
    
    
    <nd ref="1270012744"/>
    
    
    <tag k="type" v="stop_line"/>
    
  
  </way>
  
  
  <way id="31700008" version="1">
    
    
    <nd ref="1270012597"/>
    
    
    <nd ref="1270012598"/>
    
    
    <tag k="height" v="0.355"/>
    
    
    <tag k="type" v="traffic_light"/>
    
  
  </way>
  
  
  <way id="31700015" version="1">
    
    
    <nd ref="1270012620"/>
    
    
    <nd ref="1270012621"/>
    
    
    <tag k="height" v="0.355"/>
    
    
    <tag k="type" v="traffic_light"/>
    
  
  </way>
  
  
  <way id="31700016" version="1">
    
    
    <nd ref="1270012623"/>
    
    
    <nd ref="1270012624"/>
    
    
    <tag k="height" v="0.355"/>
    
    
    <tag k="type" v="traffic_light"/>
    
  
  </way>
  
  
  <way id="31700017" version="1">
    
    
    <nd ref="1270012600"/>
    
    
    <nd ref="1270012601"/>
    
    
    <tag k="height" v="0.355"/>
    
    
    <tag k="type" v="traffic_light"/>
    
  
  </way>
  
  
  <way id="31700018" version="1">
    
    
    <nd ref="1270012643"/>
    
    
    <nd ref="1270012644"/>
    
    
    <tag k="height" v="0.355"/>
    
    
    <tag k="type" v="traffic_light"/>
    
  
  </way>
  
  
  <way id="31700019" version="1">
    
    
    <nd ref="1270012646"/>
    
    
    <nd ref="1270012647"/>
    
    
    <tag k="height" v="0.355"/>
    
    
    <tag k="type" v="traffic_light"/>
    
  
  </way>
  
  
  <way id="31700022" version="1">
    
    
    <nd ref="1270012664"/>
    
    
    <nd ref="1270012665"/>
    
    
    <tag k="height" v="0.355"/>
    
    
    <tag k="type" v="traffic_light"/>
    
  
  </way>
  
  
  <way id="31700023" version="1">
    
    
    <nd ref="1270012667"/>
    
    
    <nd ref="1270012668"/>
    
    
    <tag k="height" v="0.355"/>
    
    
    <tag k="type" v="traffic_light"/>
    
  
  </way>
  
  
  <way id="31700024" version="1">
    
    
    <nd ref="1270012684"/>
    
    
    <nd ref="1270012685"/>
    
    
    <tag k="height" v="0.355"/>
    
    
    <tag k="type" v="traffic_light"/>
    
  
  </way>
  
  
  <way id="31700025" version="1">
    
    
    <nd ref="1270012687"/>
    
    
    <nd ref="1270012688"/>
    
    
    <tag k="height" v="0.355"/>
    
    
    <tag k="type" v="traffic_light"/>
    
  
  </way>
  
  
  <way id="31700030" version="1">
    
    
    <nd ref="1270012703"/>
    
    
    <nd ref="1270012704"/>
    
    
    <tag k="height" v="0.355"/>
    
    
    <tag k="type" v="traffic_light"/>
    
  
  </way>
  
  
  <way id="31700032" version="1">
    
    
    <nd ref="1270012706"/>
    
    
    <nd ref="1270012707"/>
    
    
    <tag k="height" v="0.355"/>
    
    
    <tag k="type" v="traffic_light"/>
    
  
  </way>
  
  
  <way id="31700033" version="1">
    
    
    <nd ref="1270012724"/>
    
    
    <nd ref="1270012725"/>
    
    
    <tag k="height" v="0.355"/>
    
    
    <tag k="type" v="traffic_light"/>
    
  
  </way>
  
  
  <way id="31700034" version="1">
    
    
    <nd ref="1270012727"/>
    
    
    <nd ref="1270012728"/>
    
    
    <tag k="height" v="0.355"/>
    
    
    <tag k="type" v="traffic_light"/>
    
  
  </way>
  
  
  <way id="31700035" version="1">
    
    
    <nd ref="1270012746"/>
    
    
    <nd ref="1270012747"/>
    
    
    <tag k="height" v="0.355"/>
    
    
    <tag k="type" v="traffic_light"/>
    
  
  </way>
  
  
  <way id="31700036" version="1">
    
    
    <nd ref="1270012749"/>
    
    
    <nd ref="1270012750"/>
    
    
    <tag k="height" v="0.355"/>
    
    
    <tag k="type" v="traffic_light"/>
    
  
  </way>
  
  
  <way id="31700037" version="1">
    
    
    <nd ref="1270012767"/>
    
    
    <nd ref="1270012768"/>
    
    
    <tag k="height" v="0.355"/>
    
    
    <tag k="type" v="traffic_light"/>
    
  
  </way>
  
  
  <way id="31700038" version="1">
    
    
    <nd ref="1270012770"/>
    
    
    <nd ref="1270012771"/>
    
    
    <tag k="height" v="0.355"/>
    
    
    <tag k="type" v="traffic_light"/>
    
  
  </way>
  
  
  <way id="31700039" version="1">
    
    
    <nd ref="1270012788"/>
    
    
    <nd ref="1270012789"/>
    
    
    <tag k="height" v="0.355"/>
    
    
    <tag k="type" v="traffic_light"/>
    
  
  </way>
  
  
  <way id="31700040" version="1">
    
    
    <nd ref="1270012791"/>
    
    
    <nd ref="1270012792"/>
    
    
    <tag k="height" v="0.355"/>
    
    
    <tag k="type" v="traffic_light"/>
    
  
  </way>
  
  
  <way id="1270012232" version="1">
    
    
    <nd ref="1270012233"/>
    
    
    <nd ref="1270012234"/>
    
    
    <nd ref="1270012235"/>
    
    
    <nd ref="1270012236"/>
    
    
    <tag k="type" v="virtual"/>
    
  
  </way>
  
  
  <way id="1270012237" version="1">
    
    
    <nd ref="1270012238"/>
    
    
    <nd ref="1270012239"/>
    
    
    <nd ref="1270012240"/>
    
    
    <nd ref="1270012241"/>
    
    
    <nd ref="1270012242"/>
    
    
    <tag k="type" v="virtual"/>
    
  
  </way>
  
  
  <way id="1270012243" version="1">
    
    
    <nd ref="1270012244"/>
    
    
    <nd ref="1270012245"/>
    
    
    <nd ref="1270012246"/>
    
    
    <nd ref="1270012247"/>
    
    
    <tag k="type" v="virtual"/>
    
  
  </way>
  
  
  <way id="1270012248" version="1">
    
    
    <nd ref="1270012249"/>
    
    
    <nd ref="1270012250"/>
    
    
    <nd ref="1270012251"/>
    
    
    <nd ref="1270012252"/>
    
    
    <tag k="type" v="virtual"/>
    
  
  </way>
  
  
  <way id="1270012253" version="1">
    
    
    <nd ref="1270012254"/>
    
    
    <nd ref="1270012255"/>
    
    
    <nd ref="1270012256"/>
    
    
    <nd ref="1270012257"/>
    
    
    <tag k="type" v="virtual"/>
    
  
  </way>
  
  
  <way id="1270012258" version="1">
    
    
    <nd ref="1270012259"/>
    
    
    <nd ref="1270012260"/>
    
    
    <nd ref="1270012261"/>
    
    
    <nd ref="1270012262"/>
    
    
    <nd ref="1270012263"/>
    
    
    <tag k="type" v="virtual"/>
    
  
  </way>
  
  
  <way id="1270012264" version="1">
    
    
    <nd ref="1270012265"/>
    
    
    <nd ref="1270012266"/>
    
    
    <nd ref="1270012267"/>
    
    
    <tag k="type" v="virtual"/>
    
  
  </way>
  
  
  <way id="1270012268" version="1">
    
    
    <nd ref="1270012269"/>
    
    
    <nd ref="1270012270"/>
    
    
    <nd ref="1270012271"/>
    
    
    <nd ref="1270012272"/>
    
    
    <tag k="type" v="virtual"/>
    
  
  </way>
  
  
  <way id="1270012273" version="1">
    
    
    <nd ref="1270012274"/>
    
    
    <nd ref="1270012275"/>
    
    
    <nd ref="1270012276"/>
    
    
    <nd ref="1270012277"/>
    
    
    <nd ref="1270012278"/>
    
    
    <tag k="type" v="virtual"/>
    
  
  </way>
  
  
  <way id="1270012279" version="1">
    
    
    <nd ref="1270012280"/>
    
    
    <nd ref="1270012281"/>
    
    
    <nd ref="1270012282"/>
    
    
    <tag k="type" v="virtual"/>
    
  
  </way>
  
  
  <way id="1270012283" version="1">
    
    
    <nd ref="1270012284"/>
    
    
    <nd ref="1270012285"/>
    
    
    <nd ref="1270012286"/>
    
    
    <tag k="type" v="virtual"/>
    
  
  </way>
  
  
  <way id="1270012287" version="1">
    
    
    <nd ref="1270012288"/>
    
    
    <nd ref="1270012289"/>
    
    
    <nd ref="1270012290"/>
    
    
    <tag k="type" v="virtual"/>
    
  
  </way>
  
  
  <way id="1270012291" version="1">
    
    
    <nd ref="1270012292"/>
    
    
    <nd ref="1270012293"/>
    
    
    <nd ref="1270012294"/>
    
    
    <nd ref="1270012295"/>
    
    
    <tag k="type" v="virtual"/>
    
  
  </way>
  
  
  <way id="1270012296" version="1">
    
    
    <nd ref="1270012297"/>
    
    
    <nd ref="1270012298"/>
    
    
    <nd ref="1270012299"/>
    
    
    <nd ref="1270012300"/>
    
    
    <tag k="type" v="virtual"/>
    
  
  </way>
  
  
  <way id="1270012301" version="1">
    
    
    <nd ref="1270012302"/>
    
    
    <nd ref="1270012303"/>
    
    
    <nd ref="1270012304"/>
    
    
    <nd ref="1270012305"/>
    
    
    <nd ref="1270012306"/>
    
    
    <nd ref="1270012307"/>
    
    
    <tag k="type" v="virtual"/>
    
  
  </way>
  
  
  <way id="1270012308" version="1">
    
    
    <nd ref="1270012309"/>
    
    
    <nd ref="1270012310"/>
    
    
    <nd ref="1270012311"/>
    
    
    <nd ref="1270012312"/>
    
    
    <nd ref="1270012313"/>
    
    
    <nd ref="1270012314"/>
    
    
    <tag k="type" v="virtual"/>
    
  
  </way>
  
  
  <way id="1270012315" version="1">
    
    
    <nd ref="1270012316"/>
    
    
    <nd ref="1270012317"/>
    
    
    <nd ref="1270012318"/>
    
    
    <nd ref="1270012319"/>
    
    
    <nd ref="1270012320"/>
    
    
    <nd ref="1270012321"/>
    
    
    <tag k="type" v="virtual"/>
    
  
  </way>
  
  
  <way id="1270012322" version="1">
    
    
    <nd ref="1270012323"/>
    
    
    <nd ref="1270012324"/>
    
    
    <nd ref="1270012325"/>
    
    
    <nd ref="1270012326"/>
    
    
    <nd ref="1270012327"/>
    
    
    <tag k="type" v="virtual"/>
    
  
  </way>
  
  
  <way id="1270012328" version="1">
    
    
    <nd ref="1270012329"/>
    
    
    <nd ref="1270012330"/>
    
    
    <nd ref="1270012331"/>
    
    
    <nd ref="1270012332"/>
    
    
    <nd ref="1270012333"/>
    
    
    <nd ref="1270012334"/>
    
    
    <nd ref="1270012335"/>
    
    
    <tag k="type" v="virtual"/>
    
  
  </way>
  
  
  <way id="1270012336" version="1">
    
    
    <nd ref="1270012337"/>
    
    
    <nd ref="1270012338"/>
    
    
    <nd ref="1270012339"/>
    
    
    <nd ref="1270012340"/>
    
    
    <nd ref="1270012341"/>
    
    
    <nd ref="1270012342"/>
    
    
    <nd ref="1270012343"/>
    
    
    <tag k="type" v="virtual"/>
    
  
  </way>
  
  
  <way id="1270012344" version="1">
    
    
    <nd ref="1270012345"/>
    
    
    <nd ref="1270012346"/>
    
    
    <nd ref="1270012347"/>
    
    
    <nd ref="1270012348"/>
    
    
    <nd ref="1270012349"/>
    
    
    <nd ref="1270012350"/>
    
    
    <nd ref="1270012351"/>
    
    
    <nd ref="1270012352"/>
    
    
    <tag k="type" v="virtual"/>
    
  
  </way>
  
  
  <way id="1270012353" version="1">
    
    
    <nd ref="1270012354"/>
    
    
    <nd ref="1270012355"/>
    
    
    <nd ref="1270012356"/>
    
    
    <nd ref="1270012357"/>
    
    
    <nd ref="1270012358"/>
    
    
    <nd ref="1270012359"/>
    
    
    <tag k="type" v="virtual"/>
    
  
  </way>
  
  
  <way id="1270012360" version="1">
    
    
    <nd ref="1270012361"/>
    
    
    <nd ref="1270012362"/>
    
    
    <nd ref="1270012363"/>
    
    
    <nd ref="1270012364"/>
    
    
    <tag k="type" v="virtual"/>
    
  
  </way>
  
  
  <way id="1270012365" version="1">
    
    
    <nd ref="1270012366"/>
    
    
    <nd ref="1270012367"/>
    
    
    <nd ref="1270012368"/>
    
    
    <nd ref="1270012369"/>
    
    
    <nd ref="1270012370"/>
    
    
    <tag k="type" v="virtual"/>
    
  
  </way>
  
  
  <way id="1270012371" version="1">
    
    
    <nd ref="1270012372"/>
    
    
    <nd ref="1270012373"/>
    
    
    <nd ref="1270012374"/>
    
    
    <tag k="type" v="virtual"/>
    
  
  </way>
  
  
  <way id="1270012375" version="1">
    
    
    <nd ref="1270012376"/>
    
    
    <nd ref="1270012377"/>
    
    
    <nd ref="1270012378"/>
    
    
    <tag k="type" v="virtual"/>
    
  
  </way>
  
  
  <way id="1270012379" version="1">
    
    
    <nd ref="1270012380"/>
    
    
    <nd ref="1270012381"/>
    
    
    <nd ref="1270012382"/>
    
    
    <nd ref="1270012383"/>
    
    
    <nd ref="1270012384"/>
    
    
    <tag k="type" v="virtual"/>
    
  
  </way>
  
  
  <way id="1270012385" version="1">
    
    
    <nd ref="1270012386"/>
    
    
    <nd ref="1270012387"/>
    
    
    <nd ref="1270012388"/>
    
    
    <nd ref="1270012389"/>
    
    
    <nd ref="1270012390"/>
    
    
    <nd ref="1270012391"/>
    
    
    <tag k="type" v="virtual"/>
    
  
  </way>
  
  
  <way id="1270012392" version="1">
    
    
    <nd ref="1270012393"/>
    
    
    <nd ref="1270012394"/>
    
    
    <nd ref="1270012395"/>
    
    
    <nd ref="1270012396"/>
    
    
    <nd ref="1270012397"/>
    
    
    <nd ref="1270012398"/>
    
    
    <tag k="type" v="virtual"/>
    
  
  </way>
  
  
  <way id="1270012399" version="1">
    
    
    <nd ref="1270012400"/>
    
    
    <nd ref="1270012401"/>
    
    
    <nd ref="1270012402"/>
    
    
    <nd ref="1270012403"/>
    
    
    <nd ref="1270012404"/>
    
    
    <nd ref="1270012405"/>
    
    
    <nd ref="1270012406"/>
    
    
    <tag k="type" v="virtual"/>
    
  
  </way>
  
  
  <way id="1270012407" version="1">
    
    
    <nd ref="1270012408"/>
    
    
    <nd ref="1270012409"/>
    
    
    <nd ref="1270012410"/>
    
    
    <tag k="type" v="virtual"/>
    
  
  </way>
  
  
  <way id="1270012411" version="1">
    
    
    <nd ref="1270012412"/>
    
    
    <nd ref="1270012413"/>
    
    
    <nd ref="1270012414"/>
    
    
    <nd ref="1270012415"/>
    
    
    <tag k="type" v="virtual"/>
    
  
  </way>
  
  
  <way id="1270012416" version="1">
    
    
    <nd ref="1270012417"/>
    
    
    <nd ref="1270012418"/>
    
    
    <nd ref="1270012419"/>
    
    
    <tag k="type" v="virtual"/>
    
  
  </way>
  
  
  <way id="1270012420" version="1">
    
    
    <nd ref="1270012421"/>
    
    
    <nd ref="1270012422"/>
    
    
    <nd ref="1270012423"/>
    
    
    <nd ref="1270012424"/>
    
    
    <tag k="type" v="virtual"/>
    
  
  </way>
  
  
  <way id="1270012425" version="1">
    
    
    <nd ref="1270012426"/>
    
    
    <nd ref="1270012427"/>
    
    
    <nd ref="1270012428"/>
    
    
    <tag k="type" v="virtual"/>
    
  
  </way>
  
  
  <way id="1270012429" version="1">
    
    
    <nd ref="1270012430"/>
    
    
    <nd ref="1270012431"/>
    
    
    <nd ref="1270012432"/>
    
    
    <tag k="type" v="virtual"/>
    
  
  </way>
  
  
  <way id="1270012433" version="1">
    
    
    <nd ref="1270012434"/>
    
    
    <nd ref="1270012435"/>
    
    
    <nd ref="1270012436"/>
    
    
    <nd ref="1270012437"/>
    
    
    <nd ref="1270012438"/>
    
    
    <nd ref="1270012439"/>
    
    
    <tag k="type" v="virtual"/>
    
  
  </way>
  
  
  <way id="1270012440" version="1">
    
    
    <nd ref="1270012441"/>
    
    
    <nd ref="1270012442"/>
    
    
    <nd ref="1270012443"/>
    
    
    <nd ref="1270012444"/>
    
    
    <nd ref="1270012445"/>
    
    
    <nd ref="1270012446"/>
    
    
    <tag k="type" v="virtual"/>
    
  
  </way>
  
  
  <way id="1270012447" version="1">
    
    
    <nd ref="1270012448"/>
    
    
    <nd ref="1270012449"/>
    
    
    <nd ref="1270012450"/>
    
    
    <nd ref="1270012451"/>
    
    
    <nd ref="1270012452"/>
    
    
    <nd ref="1270012453"/>
    
    
    <tag k="type" v="virtual"/>
    
  
  </way>
  
  
  <way id="1270012454" version="1">
    
    
    <nd ref="1270012455"/>
    
    
    <nd ref="1270012456"/>
    
    
    <nd ref="1270012457"/>
    
    
    <nd ref="1270012458"/>
    
    
    <nd ref="1270012459"/>
    
    
    <nd ref="1270012460"/>
    
    
    <tag k="type" v="virtual"/>
    
  
  </way>
  
  
  <way id="1270012461" version="1">
    
    
    <nd ref="1270012462"/>
    
    
    <nd ref="1270012463"/>
    
    
    <nd ref="1270012464"/>
    
    
    <nd ref="1270012465"/>
    
    
    <tag k="type" v="virtual"/>
    
  
  </way>
  
  
  <way id="1270012466" version="1">
    
    
    <nd ref="1270012467"/>
    
    
    <nd ref="1270012468"/>
    
    
    <nd ref="1270012469"/>
    
    
    <tag k="type" v="virtual"/>
    
  
  </way>
  
  
  <way id="1270012470" version="1">
    
    
    <nd ref="1270012471"/>
    
    
    <nd ref="1270012472"/>
    
    
    <nd ref="1270012473"/>
    
    
    <nd ref="1270012474"/>
    
    
    <tag k="type" v="virtual"/>
    
  
  </way>
  
  
  <way id="1270012475" version="1">
    
    
    <nd ref="1270012476"/>
    
    
    <nd ref="1270012477"/>
    
    
    <nd ref="1270012478"/>
    
    
    <tag k="type" v="virtual"/>
    
  
  </way>
  
  
  <way id="1270012479" version="1">
    
    
    <nd ref="1270012480"/>
    
    
    <nd ref="1270012481"/>
    
    
    <nd ref="1270012482"/>
    
    
    <tag k="type" v="virtual"/>
    
  
  </way>
  
  
  <way id="1270012483" version="1">
    
    
    <nd ref="1270012484"/>
    
    
    <nd ref="1270012485"/>
    
    
    <nd ref="1270012486"/>
    
    
    <nd ref="1270012487"/>
    
    
    <nd ref="1270012488"/>
    
    
    <tag k="type" v="virtual"/>
    
  
  </way>
  
  
  <way id="1270012489" version="1">
    
    
    <nd ref="1270012490"/>
    
    
    <nd ref="1270012491"/>
    
    
    <nd ref="1270012492"/>
    
    
    <tag k="type" v="virtual"/>
    
  
  </way>
  
  
  <way id="1270012493" version="1">
    
    
    <nd ref="1270012494"/>
    
    
    <nd ref="1270012495"/>
    
    
    <nd ref="1270012496"/>
    
    
    <tag k="type" v="virtual"/>
    
  
  </way>
  
  
  <way id="1270012497" version="1">
    
    
    <nd ref="1270012498"/>
    
    
    <nd ref="1270012499"/>
    
    
    <nd ref="1270012500"/>
    
    
    <tag k="type" v="virtual"/>
    
  
  </way>
  
  
  <way id="1270012501" version="1">
    
    
    <nd ref="1270012502"/>
    
    
    <nd ref="1270012503"/>
    
    
    <nd ref="1270012504"/>
    
    
    <nd ref="1270012505"/>
    
    
    <nd ref="1270012506"/>
    
    
    <tag k="type" v="virtual"/>
    
  
  </way>
  
  
  <way id="1270012507" version="1">
    
    
    <nd ref="1270012508"/>
    
    
    <nd ref="1270012509"/>
    
    
    <nd ref="1270012510"/>
    
    
    <nd ref="1270012511"/>
    
    
    <nd ref="1270012512"/>
    
    
    <nd ref="1270012513"/>
    
    
    <nd ref="1270012514"/>
    
    
    <tag k="type" v="virtual"/>
    
  
  </way>
  
  
  <way id="1270012515" version="1">
    
    
    <nd ref="1270012516"/>
    
    
    <nd ref="1270012517"/>
    
    
    <nd ref="1270012518"/>
    
    
    <nd ref="1270012519"/>
    
    
    <nd ref="1270012520"/>
    
    
    <nd ref="1270012521"/>
    
    
    <tag k="type" v="virtual"/>
    
  
  </way>
  
  
  <way id="1270012522" version="1">
    
    
    <nd ref="1270012523"/>
    
    
    <nd ref="1270012524"/>
    
    
    <nd ref="1270012525"/>
    
    
    <nd ref="1270012526"/>
    
    
    <nd ref="1270012527"/>
    
    
    <tag k="type" v="virtual"/>
    
  
  </way>
  
  
  <way id="1270012528" version="1">
    
    
    <nd ref="1270012529"/>
    
    
    <nd ref="1270012530"/>
    
    
    <nd ref="1270012531"/>
    
    
    <nd ref="1270012532"/>
    
    
    <tag k="type" v="virtual"/>
    
  
  </way>
  
  
  <way id="1270012533" version="1">
    
    
    <nd ref="1270012534"/>
    
    
    <nd ref="1270012535"/>
    
    
    <nd ref="1270012536"/>
    
    
    <nd ref="1270012537"/>
    
    
    <nd ref="1270012538"/>
    
    
    <nd ref="1270012539"/>
    
    
    <tag k="type" v="virtual"/>
    
  
  </way>
  
  
  <way id="1270012540" version="1">
    
    
    <nd ref="1270012541"/>
    
    
    <nd ref="1270012542"/>
    
    
    <nd ref="1270012543"/>
    
    
    <nd ref="1270012544"/>
    
    
    <nd ref="1270012545"/>
    
    
    <nd ref="1270012546"/>
    
    
    <tag k="type" v="virtual"/>
    
  
  </way>
  
  
  <way id="1270012547" version="1">
    
    
    <nd ref="1270012548"/>
    
    
    <nd ref="1270012549"/>
    
    
    <nd ref="1270012550"/>
    
    
    <nd ref="1270012551"/>
    
    
    <nd ref="1270012552"/>
    
    
    <nd ref="1270012553"/>
    
    
    <tag k="type" v="virtual"/>
    
  
  </way>
  
  
  <way id="1270012554" version="1">
    
    
    <nd ref="1270012555"/>
    
    
    <nd ref="1270012556"/>
    
    
    <nd ref="1270012557"/>
    
    
    <nd ref="1270012558"/>
    
    
    <nd ref="1270012559"/>
    
    
    <nd ref="1270012560"/>
    
    
    <tag k="type" v="virtual"/>
    
  
  </way>
  
  
  <way id="1270012561" version="1">
    
    
    <nd ref="1270012562"/>
    
    
    <nd ref="1270012563"/>
    
    
    <nd ref="1270012564"/>
    
    
    <tag k="type" v="virtual"/>
    
  
  </way>
  
  
  <way id="1270012565" version="1">
    
    
    <nd ref="1270012566"/>
    
    
    <nd ref="1270012567"/>
    
    
    <nd ref="1270012568"/>
    
    
    <tag k="type" v="virtual"/>
    
  
  </way>
  
  
  <way id="1270012569" version="1">
    
    
    <nd ref="1270012570"/>
    
    
    <nd ref="1270012571"/>
    
    
    <nd ref="1270012572"/>
    
    
    <tag k="type" v="virtual"/>
    
  
  </way>
  
  
  <way id="1270012573" version="1">
    
    
    <nd ref="1270012574"/>
    
    
    <nd ref="1270012575"/>
    
    
    <nd ref="1270012576"/>
    
    
    <tag k="type" v="virtual"/>
    
  
  </way>
  
  
  <way id="1270012577" version="1">
    
    
    <nd ref="1270012578"/>
    
    
    <nd ref="1270012579"/>
    
    
    <nd ref="1270012580"/>
    
    
    <nd ref="1270012581"/>
    
    
    <tag k="type" v="virtual"/>
    
  
  </way>
  
  
  <way id="1270012582" version="1">
    
    
    <nd ref="1270012583"/>
    
    
    <nd ref="1270012584"/>
    
    
    <nd ref="1270012585"/>
    
    
    <nd ref="1270012586"/>
    
    
    <tag k="type" v="virtual"/>
    
  
  </way>
  
  
  <way id="1270012587" version="1">
    
    
    <nd ref="1270012588"/>
    
    
    <nd ref="1270012589"/>
    
    
    <nd ref="1270012590"/>
    
    
    <nd ref="1270012591"/>
    
    
    <tag k="type" v="virtual"/>
    
  
  </way>
  
  
  <way id="1270012592" version="1">
    
    
    <nd ref="1270012593"/>
    
    
    <nd ref="1270012594"/>
    
    
    <nd ref="1270012595"/>
    
    
    <nd ref="1270012596"/>
    
    
    <tag k="type" v="virtual"/>
    
  
  </way>
  
  
  <way id="1270012603" version="1">
    
    
    <nd ref="1270012604"/>
    
    
    <nd ref="1270012605"/>
    
    
    <nd ref="1270012606"/>
    
    
    <nd ref="1270012607"/>
    
    
    <tag k="subtype" v="red_yellow_green_green"/>
    
    
    <tag k="traffic_light_id" v="31700008"/>
    
    
    <tag k="type" v="light_bulbs"/>
    
  
  </way>
  
  
  <way id="1270012609" version="1">
    
    
    <nd ref="1270012610"/>
    
    
    <nd ref="1270012611"/>
    
    
    <nd ref="1270012612"/>
    
    
    <nd ref="1270012613"/>
    
    
    <tag k="subtype" v="red_yellow_green_green"/>
    
    
    <tag k="traffic_light_id" v="31700017"/>
    
    
    <tag k="type" v="light_bulbs"/>
    
  
  </way>
  
  
  <way id="1270012626" version="1">
    
    
    <nd ref="1270012627"/>
    
    
    <nd ref="1270012628"/>
    
    
    <nd ref="1270012629"/>
    
    
    <nd ref="1270012630"/>
    
    
    <tag k="subtype" v="red_yellow_green_green"/>
    
    
    <tag k="traffic_light_id" v="31700015"/>
    
    
    <tag k="type" v="light_bulbs"/>
    
  
  </way>
  
  
  <way id="1270012632" version="1">
    
    
    <nd ref="1270012633"/>
    
    
    <nd ref="1270012634"/>
    
    
    <nd ref="1270012635"/>
    
    
    <nd ref="1270012636"/>
    
    
    <tag k="subtype" v="red_yellow_green_green"/>
    
    
    <tag k="traffic_light_id" v="31700016"/>
    
    
    <tag k="type" v="light_bulbs"/>
    
  
  </way>
  
  
  <way id="1270012649" version="1">
    
    
    <nd ref="1270012650"/>
    
    
    <nd ref="1270012651"/>
    
    
    <nd ref="1270012652"/>
    
    
    <nd ref="1270012653"/>
    
    
    <tag k="subtype" v="red_yellow_green_green"/>
    
    
    <tag k="traffic_light_id" v="31700018"/>
    
    
    <tag k="type" v="light_bulbs"/>
    
  
  </way>
  
  
  <way id="1270012655" version="1">
    
    
    <nd ref="1270012656"/>
    
    
    <nd ref="1270012657"/>
    
    
    <nd ref="1270012658"/>
    
    
    <nd ref="1270012659"/>
    
    
    <tag k="subtype" v="red_yellow_green_green"/>
    
    
    <tag k="traffic_light_id" v="31700019"/>
    
    
    <tag k="type" v="light_bulbs"/>
    
  
  </way>
  
  
  <way id="1270012670" version="1">
    
    
    <nd ref="1270012671"/>
    
    
    <nd ref="1270012672"/>
    
    
    <nd ref="1270012673"/>
    
    
    <tag k="subtype" v="red_yellow_green"/>
    
    
    <tag k="traffic_light_id" v="31700022"/>
    
    
    <tag k="type" v="light_bulbs"/>
    
  
  </way>
  
  
  <way id="1270012675" version="1">
    
    
    <nd ref="1270012676"/>
    
    
    <nd ref="1270012677"/>
    
    
    <nd ref="1270012678"/>
    
    
    <tag k="subtype" v="red_yellow_green"/>
    
    
    <tag k="traffic_light_id" v="31700023"/>
    
    
    <tag k="type" v="light_bulbs"/>
    
  
  </way>
  
  
  <way id="1270012690" version="1">
    
    
    <nd ref="1270012691"/>
    
    
    <nd ref="1270012692"/>
    
    
    <nd ref="1270012693"/>
    
    
    <tag k="subtype" v="red_yellow_green"/>
    
    
    <tag k="traffic_light_id" v="31700024"/>
    
    
    <tag k="type" v="light_bulbs"/>
    
  
  </way>
  
  
  <way id="1270012695" version="1">
    
    
    <nd ref="1270012696"/>
    
    
    <nd ref="1270012697"/>
    
    
    <nd ref="1270012698"/>
    
    
    <tag k="subtype" v="red_yellow_green"/>
    
    
    <tag k="traffic_light_id" v="31700025"/>
    
    
    <tag k="type" v="light_bulbs"/>
    
  
  </way>
  
  
  <way id="1270012709" version="1">
    
    
    <nd ref="1270012710"/>
    
    
    <nd ref="1270012711"/>
    
    
    <nd ref="1270012712"/>
    
    
    <nd ref="1270012713"/>
    
    
    <tag k="subtype" v="red_yellow_green_green"/>
    
    
    <tag k="traffic_light_id" v="31700030"/>
    
    
    <tag k="type" v="light_bulbs"/>
    
  
  </way>
  
  
  <way id="1270012715" version="1">
    
    
    <nd ref="1270012716"/>
    
    
    <nd ref="1270012717"/>
    
    
    <nd ref="1270012718"/>
    
    
    <nd ref="1270012719"/>
    
    
    <tag k="subtype" v="red_yellow_green_green"/>
    
    
    <tag k="traffic_light_id" v="31700032"/>
    
    
    <tag k="type" v="light_bulbs"/>
    
  
  </way>
  
  
  <way id="1270012730" version="1">
    
    
    <nd ref="1270012731"/>
    
    
    <nd ref="1270012732"/>
    
    
    <nd ref="1270012733"/>
    
    
    <nd ref="1270012734"/>
    
    
    <tag k="subtype" v="red_yellow_green_green"/>
    
    
    <tag k="traffic_light_id" v="31700033"/>
    
    
    <tag k="type" v="light_bulbs"/>
    
  
  </way>
  
  
  <way id="1270012736" version="1">
    
    
    <nd ref="1270012737"/>
    
    
    <nd ref="1270012738"/>
    
    
    <nd ref="1270012739"/>
    
    
    <nd ref="1270012740"/>
    
    
    <tag k="subtype" v="red_yellow_green_green"/>
    
    
    <tag k="traffic_light_id" v="31700034"/>
    
    
    <tag k="type" v="light_bulbs"/>
    
  
  </way>
  
  
  <way id="1270012752" version="1">
    
    
    <nd ref="1270012753"/>
    
    
    <nd ref="1270012754"/>
    
    
    <nd ref="1270012755"/>
    
    
    <nd ref="1270012756"/>
    
    
    <tag k="subtype" v="red_yellow_green_green"/>
    
    
    <tag k="traffic_light_id" v="31700035"/>
    
    
    <tag k="type" v="light_bulbs"/>
    
  
  </way>
  
  
  <way id="1270012758" version="1">
    
    
    <nd ref="1270012759"/>
    
    
    <nd ref="1270012760"/>
    
    
    <nd ref="1270012761"/>
    
    
    <nd ref="1270012762"/>
    
    
    <tag k="subtype" v="red_yellow_green_green"/>
    
    
    <tag k="traffic_light_id" v="31700036"/>
    
    
    <tag k="type" v="light_bulbs"/>
    
  
  </way>
  
  
  <way id="1270012773" version="1">
    
    
    <nd ref="1270012774"/>
    
    
    <nd ref="1270012775"/>
    
    
    <nd ref="1270012776"/>
    
    
    <nd ref="1270012777"/>
    
    
    <tag k="subtype" v="red_yellow_green_green"/>
    
    
    <tag k="traffic_light_id" v="31700037"/>
    
    
    <tag k="type" v="light_bulbs"/>
    
  
  </way>
  
  
  <way id="1270012779" version="1">
    
    
    <nd ref="1270012780"/>
    
    
    <nd ref="1270012781"/>
    
    
    <nd ref="1270012782"/>
    
    
    <nd ref="1270012783"/>
    
    
    <tag k="subtype" v="red_yellow_green_green"/>
    
    
    <tag k="traffic_light_id" v="31700038"/>
    
    
    <tag k="type" v="light_bulbs"/>
    
  
  </way>
  
  
  <way id="1270012794" version="1">
    
    
    <nd ref="1270012795"/>
    
    
    <nd ref="1270012796"/>
    
    
    <nd ref="1270012797"/>
    
    
    <nd ref="1270012798"/>
    
    
    <tag k="subtype" v="red_yellow_green_green"/>
    
    
    <tag k="traffic_light_id" v="31700039"/>
    
    
    <tag k="type" v="light_bulbs"/>
    
  
  </way>
  
  
  <way id="1270012800" version="1">
    
    
    <nd ref="1270012801"/>
    
    
    <nd ref="1270012802"/>
    
    
    <nd ref="1270012803"/>
    
    
    <nd ref="1270012804"/>
    
    
    <tag k="subtype" v="red_yellow_green_green"/>
    
    
    <tag k="traffic_light_id" v="31700040"/>
    
    
    <tag k="type" v="light_bulbs"/>
    
  
  </way>
  
  
  <relation id="12100001" version="1">
    
    
    <member type="way" ref="200194" role="left"/>
    
    
    <member type="way" ref="200196" role="right"/>
    
    
    <tag k="location" v="urban"/>
    
    
    <tag k="region" v="kr"/>
    
    
    <tag k="speed_limit" v="60km/h"/>
    
    
    <tag k="subtype" v="road"/>
    
    
    <tag k="type" v="lanelet"/>
    
  
  </relation>
  
  
  <relation id="12100002" version="1">
    
    
    <member type="way" ref="200202" role="left"/>
    
    
    <member type="way" ref="200204" role="right"/>
    
    
    <tag k="location" v="urban"/>
    
    
    <tag k="region" v="kr"/>
    
    
    <tag k="speed_limit" v="60km/h"/>
    
    
    <tag k="subtype" v="road"/>
    
    
    <tag k="type" v="lanelet"/>
    
  
  </relation>
  
  
  <relation id="12100015" version="1">
    
    
    <member type="way" ref="200209" role="left"/>
    
    
    <member type="way" ref="200211" role="right"/>
    
    
    <tag k="location" v="urban"/>
    
    
    <tag k="region" v="kr"/>
    
    
    <tag k="speed_limit" v="60km/h"/>
    
    
    <tag k="subtype" v="road"/>
    
    
    <tag k="turn_direction" v="straight"/>
    
    
    <tag k="type" v="lanelet"/>
    
  
  </relation>
  
  
  <relation id="12100016" version="1">
    
    
    <member type="way" ref="200215" role="left"/>
    
    
    <member type="way" ref="200222" role="right"/>
    
    
    <tag k="location" v="urban"/>
    
    
    <tag k="region" v="kr"/>
    
    
    <tag k="speed_limit" v="60km/h"/>
    
    
    <tag k="subtype" v="road"/>
    
    
    <tag k="turn_direction" v="left"/>
    
    
    <tag k="type" v="lanelet"/>
    
  
  </relation>
  
  
  <relation id="12100017" version="1">
    
    
    <member type="way" ref="200237" role="left"/>
    
    
    <member type="way" ref="200239" role="right"/>
    
    
    <tag k="location" v="urban"/>
    
    
    <tag k="region" v="kr"/>
    
    
    <tag k="speed_limit" v="60km/h"/>
    
    
    <tag k="subtype" v="road"/>
    
    
    <tag k="turn_direction" v="straight"/>
    
    
    <tag k="type" v="lanelet"/>
    
  
  </relation>
  
  
  <relation id="12100018" version="1">
    
    
    <member type="way" ref="200243" role="left"/>
    
    
    <member type="way" ref="200249" role="right"/>
    
    
    <tag k="location" v="urban"/>
    
    
    <tag k="region" v="kr"/>
    
    
    <tag k="speed_limit" v="60km/h"/>
    
    
    <tag k="subtype" v="road"/>
    
    
    <tag k="turn_direction" v="right"/>
    
    
    <tag k="type" v="lanelet"/>
    
  
  </relation>
  
  
  <relation id="12100019" version="1">
    
    
    <member type="way" ref="200257" role="left"/>
    
    
    <member type="way" ref="200265" role="right"/>
    
    
    <tag k="location" v="urban"/>
    
    
    <tag k="region" v="kr"/>
    
    
    <tag k="speed_limit" v="60km/h"/>
    
    
    <tag k="subtype" v="road"/>
    
    
    <tag k="turn_direction" v="right"/>
    
    
    <tag k="type" v="lanelet"/>
    
  
  </relation>
  
  
  <relation id="12100020" version="1">
    
    
    <member type="way" ref="200277" role="left"/>
    
    
    <member type="way" ref="200283" role="right"/>
    
    
    <tag k="location" v="urban"/>
    
    
    <tag k="region" v="kr"/>
    
    
    <tag k="speed_limit" v="60km/h"/>
    
    
    <tag k="subtype" v="road"/>
    
    
    <tag k="turn_direction" v="left"/>
    
    
    <tag k="type" v="lanelet"/>
    
  
  </relation>
  
  
  <relation id="12100022" version="1">
    
    
    <member type="way" ref="200334" role="left"/>
    
    
    <member type="way" ref="200336" role="right"/>
    
    
    <tag k="location" v="urban"/>
    
    
    <tag k="region" v="kr"/>
    
    
    <tag k="speed_limit" v="60km/h"/>
    
    
    <tag k="subtype" v="road"/>
    
    
    <tag k="type" v="lanelet"/>
    
  
  </relation>
  
  
  <relation id="12100023" version="1">
    
    
    <member type="way" ref="200295" role="left"/>
    
    
    <member type="way" ref="200297" role="right"/>
    
    
    <tag k="location" v="urban"/>
    
    
    <tag k="region" v="kr"/>
    
    
    <tag k="speed_limit" v="60km/h"/>
    
    
    <tag k="subtype" v="road"/>
    
    
    <tag k="type" v="lanelet"/>
    
  
  </relation>
  
  
  <relation id="12100024" version="1">
    
    
    <member type="way" ref="200301" role="left"/>
    
    
    <member type="way" ref="200303" role="right"/>
    
    
    <tag k="location" v="urban"/>
    
    
    <tag k="region" v="kr"/>
    
    
    <tag k="speed_limit" v="60km/h"/>
    
    
    <tag k="subtype" v="road"/>
    
    
    <tag k="type" v="lanelet"/>
    
  
  </relation>
  
  
  <relation id="12100109" version="1">
    
    
    <member type="way" ref="199735" role="left"/>
    
    
    <member type="way" ref="199743" role="right"/>
    
    
    <tag k="location" v="urban"/>
    
    
    <tag k="region" v="kr"/>
    
    
    <tag k="speed_limit" v="60km/h"/>
    
    
    <tag k="subtype" v="road"/>
    
    
    <tag k="turn_direction" v="straight"/>
    
    
    <tag k="type" v="lanelet"/>
    
  
  </relation>
  
  
  <relation id="12100110" version="1">
    
    
    <member type="way" ref="199743" role="left"/>
    
    
    <member type="way" ref="199757" role="right"/>
    
    
    <tag k="location" v="urban"/>
    
    
    <tag k="region" v="kr"/>
    
    
    <tag k="speed_limit" v="60km/h"/>
    
    
    <tag k="subtype" v="road"/>
    
    
    <tag k="turn_direction" v="straight"/>
    
    
    <tag k="type" v="lanelet"/>
    
  
  </relation>
  
  
  <relation id="12100111" version="1">
    
    
    <member type="way" ref="199757" role="left"/>
    
    
    <member type="way" ref="199773" role="right"/>
    
    
    <tag k="location" v="urban"/>
    
    
    <tag k="region" v="kr"/>
    
    
    <tag k="speed_limit" v="60km/h"/>
    
    
    <tag k="subtype" v="road"/>
    
    
    <tag k="turn_direction" v="straight"/>
    
    
    <tag k="type" v="lanelet"/>
    
  
  </relation>
  
  
  <relation id="12100112" version="1">
    
    
    <member type="way" ref="199773" role="left"/>
    
    
    <member type="way" ref="199785" role="right"/>
    
    
    <tag k="location" v="urban"/>
    
    
    <tag k="region" v="kr"/>
    
    
    <tag k="speed_limit" v="60km/h"/>
    
    
    <tag k="subtype" v="road"/>
    
    
    <tag k="turn_direction" v="straight"/>
    
    
    <tag k="type" v="lanelet"/>
    
  
  </relation>
  
  
  <relation id="12100113" version="1">
    
    
    <member type="way" ref="200307" role="left"/>
    
    
    <member type="way" ref="200310" role="right"/>
    
    
    <tag k="location" v="urban"/>
    
    
    <tag k="region" v="kr"/>
    
    
    <tag k="speed_limit" v="60km/h"/>
    
    
    <tag k="subtype" v="road"/>
    
    
    <tag k="type" v="lanelet"/>
    
  
  </relation>
  
  
  <relation id="12100114" version="1">
    
    
    <member type="way" ref="200310" role="left"/>
    
    
    <member type="way" ref="200316" role="right"/>
    
    
    <tag k="location" v="urban"/>
    
    
    <tag k="region" v="kr"/>
    
    
    <tag k="speed_limit" v="60km/h"/>
    
    
    <tag k="subtype" v="road"/>
    
    
    <tag k="type" v="lanelet"/>
    
  
  </relation>
  
  
  <relation id="12100115" version="1">
    
    
    <member type="way" ref="200316" role="left"/>
    
    
    <member type="way" ref="200322" role="right"/>
    
    
    <tag k="location" v="urban"/>
    
    
    <tag k="region" v="kr"/>
    
    
    <tag k="speed_limit" v="60km/h"/>
    
    
    <tag k="subtype" v="road"/>
    
    
    <tag k="type" v="lanelet"/>
    
  
  </relation>
  
  
  <relation id="12100116" version="1">
    
    
    <member type="way" ref="200322" role="left"/>
    
    
    <member type="way" ref="200328" role="right"/>
    
    
    <tag k="location" v="urban"/>
    
    
    <tag k="region" v="kr"/>
    
    
    <tag k="speed_limit" v="60km/h"/>
    
    
    <tag k="subtype" v="road"/>
    
    
    <tag k="type" v="lanelet"/>
    
  
  </relation>
  
  
  <relation id="12100118" version="1">
    
    
    <member type="way" ref="199799" role="left"/>
    
    
    <member type="way" ref="199801" role="right"/>
    
    
    <tag k="location" v="urban"/>
    
    
    <tag k="region" v="kr"/>
    
    
    <tag k="speed_limit" v="60km/h"/>
    
    
    <tag k="subtype" v="road"/>
    
    
    <tag k="turn_direction" v="straight"/>
    
    
    <tag k="type" v="lanelet"/>
    
  
  </relation>
  
  
  <relation id="12100119" version="1">
    
    
    <member type="way" ref="199801" role="left"/>
    
    
    <member type="way" ref="199805" role="right"/>
    
    
    <tag k="location" v="urban"/>
    
    
    <tag k="region" v="kr"/>
    
    
    <tag k="speed_limit" v="60km/h"/>
    
    
    <tag k="subtype" v="road"/>
    
    
    <tag k="turn_direction" v="straight"/>
    
    
    <tag k="type" v="lanelet"/>
    
  
  </relation>
  
  
  <relation id="12100120" version="1">
    
    
    <member type="way" ref="199805" role="left"/>
    
    
    <member type="way" ref="199809" role="right"/>
    
    
    <tag k="location" v="urban"/>
    
    
    <tag k="region" v="kr"/>
    
    
    <tag k="speed_limit" v="60km/h"/>
    
    
    <tag k="subtype" v="road"/>
    
    
    <tag k="turn_direction" v="straight"/>
    
    
    <tag k="type" v="lanelet"/>
    
  
  </relation>
  
  
  <relation id="12100127" version="1">
    
    
    <member type="way" ref="199813" role="left"/>
    
    
    <member type="way" ref="199816" role="right"/>
    
    
    <tag k="location" v="urban"/>
    
    
    <tag k="region" v="kr"/>
    
    
    <tag k="speed_limit" v="60km/h"/>
    
    
    <tag k="subtype" v="road"/>
    
    
    <tag k="type" v="lanelet"/>
    
  
  </relation>
  
  
  <relation id="12100128" version="1">
    
    
    <member type="way" ref="199816" role="left"/>
    
    
    <member type="way" ref="199822" role="right"/>
    
    
    <tag k="location" v="urban"/>
    
    
    <tag k="region" v="kr"/>
    
    
    <tag k="speed_limit" v="60km/h"/>
    
    
    <tag k="subtype" v="road"/>
    
    
    <tag k="type" v="lanelet"/>
    
  
  </relation>
  
  
  <relation id="12100129" version="1">
    
    
    <member type="way" ref="199822" role="left"/>
    
    
    <member type="way" ref="199827" role="right"/>
    
    
    <tag k="location" v="urban"/>
    
    
    <tag k="region" v="kr"/>
    
    
    <tag k="speed_limit" v="60km/h"/>
    
    
    <tag k="subtype" v="road"/>
    
    
    <tag k="type" v="lanelet"/>
    
  
  </relation>
  
  
  <relation id="12100130" version="1">
    
    
    <member type="way" ref="199220" role="left"/>
    
    
    <member type="way" ref="199226" role="right"/>
    
    
    <tag k="location" v="urban"/>
    
    
    <tag k="region" v="kr"/>
    
    
    <tag k="speed_limit" v="60km/h"/>
    
    
    <tag k="subtype" v="road"/>
    
    
    <tag k="type" v="lanelet"/>
    
  
  </relation>
  
  
  <relation id="12100134" version="1">
    
    
    <member type="way" ref="199831" role="left"/>
    
    
    <member type="way" ref="199834" role="right"/>
    
    
    <tag k="location" v="urban"/>
    
    
    <tag k="region" v="kr"/>
    
    
    <tag k="speed_limit" v="60km/h"/>
    
    
    <tag k="subtype" v="road"/>
    
    
    <tag k="type" v="lanelet"/>
    
  
  </relation>
  
  
  <relation id="12100135" version="1">
    
    
    <member type="way" ref="199834" role="left"/>
    
    
    <member type="way" ref="199840" role="right"/>
    
    
    <tag k="location" v="urban"/>
    
    
    <tag k="region" v="kr"/>
    
    
    <tag k="speed_limit" v="60km/h"/>
    
    
    <tag k="subtype" v="road"/>
    
    
    <tag k="type" v="lanelet"/>
    
  
  </relation>
  
  
  <relation id="12100136" version="1">
    
    
    <member type="way" ref="199840" role="left"/>
    
    
    <member type="way" ref="199846" role="right"/>
    
    
    <tag k="location" v="urban"/>
    
    
    <tag k="region" v="kr"/>
    
    
    <tag k="speed_limit" v="60km/h"/>
    
    
    <tag k="subtype" v="road"/>
    
    
    <tag k="type" v="lanelet"/>
    
  
  </relation>
  
  
  <relation id="12100137" version="1">
    
    
    <member type="way" ref="199846" role="left"/>
    
    
    <member type="way" ref="199852" role="right"/>
    
    
    <tag k="location" v="urban"/>
    
    
    <tag k="region" v="kr"/>
    
    
    <tag k="speed_limit" v="60km/h"/>
    
    
    <tag k="subtype" v="road"/>
    
    
    <tag k="type" v="lanelet"/>
    
  
  </relation>
  
  
  <relation id="12100138" version="1">
    
    
    <member type="way" ref="199858" role="left"/>
    
    
    <member type="way" ref="199860" role="right"/>
    
    
    <tag k="location" v="urban"/>
    
    
    <tag k="region" v="kr"/>
    
    
    <tag k="speed_limit" v="60km/h"/>
    
    
    <tag k="subtype" v="road"/>
    
    
    <tag k="type" v="lanelet"/>
    
  
  </relation>
  
  
  <relation id="12100139" version="1">
    
    
    <member type="way" ref="199860" role="left"/>
    
    
    <member type="way" ref="199864" role="right"/>
    
    
    <tag k="location" v="urban"/>
    
    
    <tag k="region" v="kr"/>
    
    
    <tag k="speed_limit" v="60km/h"/>
    
    
    <tag k="subtype" v="road"/>
    
    
    <tag k="type" v="lanelet"/>
    
  
  </relation>
  
  
  <relation id="12100140" version="1">
    
    
    <member type="way" ref="199864" role="left"/>
    
    
    <member type="way" ref="199868" role="right"/>
    
    
    <tag k="location" v="urban"/>
    
    
    <tag k="region" v="kr"/>
    
    
    <tag k="speed_limit" v="60km/h"/>
    
    
    <tag k="subtype" v="road"/>
    
    
    <tag k="type" v="lanelet"/>
    
  
  </relation>
  
  
  <relation id="12100141" version="1">
    
    
    <member type="way" ref="199868" role="left"/>
    
    
    <member type="way" ref="199872" role="right"/>
    
    
    <tag k="location" v="urban"/>
    
    
    <tag k="region" v="kr"/>
    
    
    <tag k="speed_limit" v="60km/h"/>
    
    
    <tag k="subtype" v="road"/>
    
    
    <tag k="type" v="lanelet"/>
    
  
  </relation>
  
  
  <relation id="12100145" version="1">
    
    
    <member type="way" ref="199876" role="left"/>
    
    
    <member type="way" ref="199885" role="right"/>
    
    
    <tag k="location" v="urban"/>
    
    
    <tag k="region" v="kr"/>
    
    
    <tag k="speed_limit" v="60km/h"/>
    
    
    <tag k="subtype" v="road"/>
    
    
    <tag k="type" v="lanelet"/>
    
  
  </relation>
  
  
  <relation id="12100146" version="1">
    
    
    <member type="way" ref="199885" role="left"/>
    
    
    <member type="way" ref="199904" role="right"/>
    
    
    <tag k="location" v="urban"/>
    
    
    <tag k="region" v="kr"/>
    
    
    <tag k="speed_limit" v="60km/h"/>
    
    
    <tag k="subtype" v="road"/>
    
    
    <tag k="type" v="lanelet"/>
    
  
  </relation>
  
  
  <relation id="12100147" version="1">
    
    
    <member type="way" ref="199904" role="left"/>
    
    
    <member type="way" ref="199923" role="right"/>
    
    
    <tag k="location" v="urban"/>
    
    
    <tag k="region" v="kr"/>
    
    
    <tag k="speed_limit" v="60km/h"/>
    
    
    <tag k="subtype" v="road"/>
    
    
    <tag k="type" v="lanelet"/>
    
  
  </relation>
  
  
  <relation id="12100148" version="1">
    
    
    <member type="way" ref="199923" role="left"/>
    
    
    <member type="way" ref="199942" role="right"/>
    
    
    <tag k="location" v="urban"/>
    
    
    <tag k="region" v="kr"/>
    
    
    <tag k="speed_limit" v="60km/h"/>
    
    
    <tag k="subtype" v="road"/>
    
    
    <tag k="type" v="lanelet"/>
    
  
  </relation>
  
  
  <relation id="12100149" version="1">
    
    
    <member type="way" ref="199959" role="left"/>
    
    
    <member type="way" ref="199964" role="right"/>
    
    
    <tag k="location" v="urban"/>
    
    
    <tag k="region" v="kr"/>
    
    
    <tag k="speed_limit" v="60km/h"/>
    
    
    <tag k="subtype" v="road"/>
    
    
    <tag k="type" v="lanelet"/>
    
  
  </relation>
  
  
  <relation id="12100150" version="1">
    
    
    <member type="way" ref="199964" role="left"/>
    
    
    <member type="way" ref="199974" role="right"/>
    
    
    <tag k="location" v="urban"/>
    
    
    <tag k="region" v="kr"/>
    
    
    <tag k="speed_limit" v="60km/h"/>
    
    
    <tag k="subtype" v="road"/>
    
    
    <tag k="type" v="lanelet"/>
    
  
  </relation>
  
  
  <relation id="12100151" version="1">
    
    
    <member type="way" ref="199974" role="left"/>
    
    
    <member type="way" ref="199984" role="right"/>
    
    
    <tag k="location" v="urban"/>
    
    
    <tag k="region" v="kr"/>
    
    
    <tag k="speed_limit" v="60km/h"/>
    
    
    <tag k="subtype" v="road"/>
    
    
    <tag k="type" v="lanelet"/>
    
  
  </relation>
  
  
  <relation id="12100165" version="1">
    
    
    <member type="way" ref="199994" role="left"/>
    
    
    <member type="way" ref="200003" role="right"/>
    
    
    <tag k="location" v="urban"/>
    
    
    <tag k="region" v="kr"/>
    
    
    <tag k="speed_limit" v="60km/h"/>
    
    
    <tag k="subtype" v="road"/>
    
    
    <tag k="turn_direction" v="straight"/>
    
    
    <tag k="type" v="lanelet"/>
    
  
  </relation>
  
  
  <relation id="12100166" version="1">
    
    
    <member type="way" ref="200003" role="left"/>
    
    
    <member type="way" ref="200017" role="right"/>
    
    
    <tag k="location" v="urban"/>
    
    
    <tag k="region" v="kr"/>
    
    
    <tag k="speed_limit" v="60km/h"/>
    
    
    <tag k="subtype" v="road"/>
    
    
    <tag k="turn_direction" v="straight"/>
    
    
    <tag k="type" v="lanelet"/>
    
  
  </relation>
  
  
  <relation id="12100167" version="1">
    
    
    <member type="way" ref="200017" role="left"/>
    
    
    <member type="way" ref="200033" role="right"/>
    
    
    <tag k="location" v="urban"/>
    
    
    <tag k="region" v="kr"/>
    
    
    <tag k="speed_limit" v="60km/h"/>
    
    
    <tag k="subtype" v="road"/>
    
    
    <tag k="turn_direction" v="straight"/>
    
    
    <tag k="type" v="lanelet"/>
    
  
  </relation>
  
  
  <relation id="12100168" version="1">
    
    
    <member type="way" ref="200051" role="left"/>
    
    
    <member type="way" ref="200053" role="right"/>
    
    
    <tag k="location" v="urban"/>
    
    
    <tag k="region" v="kr"/>
    
    
    <tag k="speed_limit" v="60km/h"/>
    
    
    <tag k="subtype" v="road"/>
    
    
    <tag k="type" v="lanelet"/>
    
  
  </relation>
  
  
  <relation id="12100170" version="1">
    
    
    <member type="way" ref="200057" role="left"/>
    
    
    <member type="way" ref="200066" role="right"/>
    
    
    <tag k="location" v="urban"/>
    
    
    <tag k="region" v="kr"/>
    
    
    <tag k="speed_limit" v="60km/h"/>
    
    
    <tag k="subtype" v="road"/>
    
    
    <tag k="turn_direction" v="right"/>
    
    
    <tag k="type" v="lanelet"/>
    
  
  </relation>
  
  
  <relation id="12100171" version="1">
    
    
    <member type="way" ref="200066" role="left"/>
    
    
    <member type="way" ref="200084" role="right"/>
    
    
    <tag k="location" v="urban"/>
    
    
    <tag k="region" v="kr"/>
    
    
    <tag k="speed_limit" v="60km/h"/>
    
    
    <tag k="subtype" v="road"/>
    
    
    <tag k="turn_direction" v="right"/>
    
    
    <tag k="type" v="lanelet"/>
    
  
  </relation>
  
  
  <relation id="12100172" version="1">
    
    
    <member type="way" ref="200084" role="left"/>
    
    
    <member type="way" ref="200102" role="right"/>
    
    
    <tag k="location" v="urban"/>
    
    
    <tag k="region" v="kr"/>
    
    
    <tag k="speed_limit" v="60km/h"/>
    
    
    <tag k="subtype" v="road"/>
    
    
    <tag k="turn_direction" v="right"/>
    
    
    <tag k="type" v="lanelet"/>
    
  
  </relation>
  
  
  <relation id="12100173" version="1">
    
    
    <member type="way" ref="200120" role="left"/>
    
    
    <member type="way" ref="200122" role="right"/>
    
    
    <tag k="location" v="urban"/>
    
    
    <tag k="region" v="kr"/>
    
    
    <tag k="speed_limit" v="60km/h"/>
    
    
    <tag k="subtype" v="road"/>
    
    
    <tag k="type" v="lanelet"/>
    
  
  </relation>
  
  
  <relation id="12100174" version="1">
    
    
    <member type="way" ref="200122" role="left"/>
    
    
    <member type="way" ref="200126" role="right"/>
    
    
    <tag k="location" v="urban"/>
    
    
    <tag k="region" v="kr"/>
    
    
    <tag k="speed_limit" v="60km/h"/>
    
    
    <tag k="subtype" v="road"/>
    
    
    <tag k="type" v="lanelet"/>
    
  
  </relation>
  
  
  <relation id="12100175" version="1">
    
    
    <member type="way" ref="200126" role="left"/>
    
    
    <member type="way" ref="200130" role="right"/>
    
    
    <tag k="location" v="urban"/>
    
    
    <tag k="region" v="kr"/>
    
    
    <tag k="speed_limit" v="60km/h"/>
    
    
    <tag k="subtype" v="road"/>
    
    
    <tag k="type" v="lanelet"/>
    
  
  </relation>
  
  
  <relation id="12100179" version="1">
    
    
    <member type="way" ref="200134" role="left"/>
    
    
    <member type="way" ref="200140" role="right"/>
    
    
    <tag k="location" v="urban"/>
    
    
    <tag k="region" v="kr"/>
    
    
    <tag k="speed_limit" v="60km/h"/>
    
    
    <tag k="subtype" v="road"/>
    
    
    <tag k="type" v="lanelet"/>
    
  
  </relation>
  
  
  <relation id="12100180" version="1">
    
    
    <member type="way" ref="200140" role="left"/>
    
    
    <member type="way" ref="200152" role="right"/>
    
    
    <tag k="location" v="urban"/>
    
    
    <tag k="region" v="kr"/>
    
    
    <tag k="speed_limit" v="60km/h"/>
    
    
    <tag k="subtype" v="road"/>
    
    
    <tag k="type" v="lanelet"/>
    
  
  </relation>
  
  
  <relation id="12100181" version="1">
    
    
    <member type="way" ref="200152" role="left"/>
    
    
    <member type="way" ref="200163" role="right"/>
    
    
    <tag k="location" v="urban"/>
    
    
    <tag k="region" v="kr"/>
    
    
    <tag k="speed_limit" v="60km/h"/>
    
    
    <tag k="subtype" v="road"/>
    
    
    <tag k="type" v="lanelet"/>
    
  
  </relation>
  
  
  <relation id="12100182" version="1">
    
    
    <member type="way" ref="199236" role="left"/>
    
    
    <member type="way" ref="199240" role="right"/>
    
    
    <tag k="location" v="urban"/>
    
    
    <tag k="region" v="kr"/>
    
    
    <tag k="speed_limit" v="60km/h"/>
    
    
    <tag k="subtype" v="road"/>
    
    
    <tag k="type" v="lanelet"/>
    
  
  </relation>
  
  
  <relation id="12100183" version="1">
    
    
    <member type="way" ref="200173" role="left"/>
    
    
    <member type="way" ref="200175" role="right"/>
    
    
    <tag k="location" v="urban"/>
    
    
    <tag k="region" v="kr"/>
    
    
    <tag k="speed_limit" v="60km/h"/>
    
    
    <tag k="subtype" v="road"/>
    
    
    <tag k="type" v="lanelet"/>
    
  
  </relation>
  
  
  <relation id="12100184" version="1">
    
    
    <member type="way" ref="200175" role="left"/>
    
    
    <member type="way" ref="200179" role="right"/>
    
    
    <tag k="location" v="urban"/>
    
    
    <tag k="region" v="kr"/>
    
    
    <tag k="speed_limit" v="60km/h"/>
    
    
    <tag k="subtype" v="road"/>
    
    
    <tag k="type" v="lanelet"/>
    
  
  </relation>
  
  
  <relation id="12100185" version="1">
    
    
    <member type="way" ref="200179" role="left"/>
    
    
    <member type="way" ref="200183" role="right"/>
    
    
    <tag k="location" v="urban"/>
    
    
    <tag k="region" v="kr"/>
    
    
    <tag k="speed_limit" v="60km/h"/>
    
    
    <tag k="subtype" v="road"/>
    
    
    <tag k="type" v="lanelet"/>
    
  
  </relation>
  
  
  <relation id="12100186" version="1">
    
    
    <member type="way" ref="200187" role="left"/>
    
    
    <member type="way" ref="200188" role="right"/>
    
    
    <tag k="location" v="urban"/>
    
    
    <tag k="region" v="kr"/>
    
    
    <tag k="speed_limit" v="60km/h"/>
    
    
    <tag k="subtype" v="road"/>
    
    
    <tag k="type" v="lanelet"/>
    
  
  </relation>
  
  
  <relation id="12100187" version="1">
    
    
    <member type="way" ref="200188" role="left"/>
    
    
    <member type="way" ref="200190" role="right"/>
    
    
    <tag k="location" v="urban"/>
    
    
    <tag k="region" v="kr"/>
    
    
    <tag k="speed_limit" v="60km/h"/>
    
    
    <tag k="subtype" v="road"/>
    
    
    <tag k="type" v="lanelet"/>
    
  
  </relation>
  
  
  <relation id="12100188" version="1">
    
    
    <member type="way" ref="200190" role="left"/>
    
    
    <member type="way" ref="200192" role="right"/>
    
    
    <tag k="location" v="urban"/>
    
    
    <tag k="region" v="kr"/>
    
    
    <tag k="speed_limit" v="60km/h"/>
    
    
    <tag k="subtype" v="road"/>
    
    
    <tag k="type" v="lanelet"/>
    
  
  </relation>
  
  
  <relation id="12400001" version="1">
    
    
    <member type="way" ref="199116" role="left"/>
    
    
    <member type="way" ref="199120" role="right"/>
    
    
    <tag k="location" v="urban"/>
    
    
    <tag k="region" v="kr"/>
    
    
    <tag k="speed_limit" v="60km/h"/>
    
    
    <tag k="subtype" v="road"/>
    
    
    <tag k="turn_direction" v="right"/>
    
    
    <tag k="type" v="lanelet"/>
    
  
  </relation>
  
  
  <relation id="12400002" version="1">
    
    
    <member type="way" ref="199072" role="left"/>
    
    
    <member type="way" ref="199078" role="right"/>
    
    
    <tag k="location" v="urban"/>
    
    
    <tag k="region" v="kr"/>
    
    
    <tag k="speed_limit" v="60km/h"/>
    
    
    <tag k="subtype" v="road"/>
    
    
    <tag k="turn_direction" v="right"/>
    
    
    <tag k="type" v="lanelet"/>
    
  
  </relation>
  
  
  <relation id="12400003" version="1">
    
    
    <member type="way" ref="199104" role="left"/>
    
    
    <member type="way" ref="199108" role="right"/>
    
    
    <tag k="location" v="urban"/>
    
    
    <tag k="region" v="kr"/>
    
    
    <tag k="speed_limit" v="60km/h"/>
    
    
    <tag k="subtype" v="road"/>
    
    
    <tag k="turn_direction" v="left"/>
    
    
    <tag k="type" v="lanelet"/>
    
  
  </relation>
  
  
  <relation id="12400004" version="1">
    
    
    <member type="way" ref="199213" role="left"/>
    
    
    <member type="way" ref="199216" role="right"/>
    
    
    <tag k="location" v="urban"/>
    
    
    <tag k="region" v="kr"/>
    
    
    <tag k="speed_limit" v="60km/h"/>
    
    
    <tag k="subtype" v="road"/>
    
    
    <tag k="turn_direction" v="right"/>
    
    
    <tag k="type" v="lanelet"/>
    
  
  </relation>
  
  
  <relation id="12400005" version="1">
    
    
    <member type="way" ref="199206" role="left"/>
    
    
    <member type="way" ref="199209" role="right"/>
    
    
    <tag k="location" v="urban"/>
    
    
    <tag k="region" v="kr"/>
    
    
    <tag k="speed_limit" v="60km/h"/>
    
    
    <tag k="subtype" v="road"/>
    
    
    <tag k="turn_direction" v="left"/>
    
    
    <tag k="type" v="lanelet"/>
    
  
  </relation>
  
  
  <relation id="12400006" version="1">
    
    
    <member type="way" ref="199181" role="left"/>
    
    
    <member type="way" ref="199185" role="right"/>
    
    
    <tag k="location" v="urban"/>
    
    
    <tag k="region" v="kr"/>
    
    
    <tag k="speed_limit" v="60km/h"/>
    
    
    <tag k="subtype" v="road"/>
    
    
    <tag k="turn_direction" v="right"/>
    
    
    <tag k="type" v="lanelet"/>
    
  
  </relation>
  
  
  <relation id="12400007" version="1">
    
    
    <member type="way" ref="199140" role="left"/>
    
    
    <member type="way" ref="199143" role="right"/>
    
    
    <tag k="location" v="urban"/>
    
    
    <tag k="region" v="kr"/>
    
    
    <tag k="speed_limit" v="60km/h"/>
    
    
    <tag k="subtype" v="road"/>
    
    
    <tag k="turn_direction" v="left"/>
    
    
    <tag k="type" v="lanelet"/>
    
  
  </relation>
  
  
  <relation id="12400008" version="1">
    
    
    <member type="way" ref="199126" role="left"/>
    
    
    <member type="way" ref="199132" role="right"/>
    
    
    <tag k="location" v="urban"/>
    
    
    <tag k="region" v="kr"/>
    
    
    <tag k="speed_limit" v="60km/h"/>
    
    
    <tag k="subtype" v="road"/>
    
    
    <tag k="turn_direction" v="right"/>
    
    
    <tag k="type" v="lanelet"/>
    
  
  </relation>
  
  
  <relation id="12400009" version="1">
    
    
    <member type="way" ref="199148" role="left"/>
    
    
    <member type="way" ref="199152" role="right"/>
    
    
    <tag k="location" v="urban"/>
    
    
    <tag k="region" v="kr"/>
    
    
    <tag k="speed_limit" v="60km/h"/>
    
    
    <tag k="subtype" v="road"/>
    
    
    <tag k="turn_direction" v="left"/>
    
    
    <tag k="type" v="lanelet"/>
    
  
  </relation>
  
  
  <relation id="12400010" version="1">
    
    
    <member type="way" ref="199087" role="left"/>
    
    
    <member type="way" ref="199092" role="right"/>
    
    
    <tag k="location" v="urban"/>
    
    
    <tag k="region" v="kr"/>
    
    
    <tag k="speed_limit" v="60km/h"/>
    
    
    <tag k="subtype" v="road"/>
    
    
    <tag k="turn_direction" v="left"/>
    
    
    <tag k="type" v="lanelet"/>
    
  
  </relation>
  
  
  <relation id="12400011" version="1">
    
    
    <member type="way" ref="199162" role="left"/>
    
    
    <member type="way" ref="199167" role="right"/>
    
    
    <tag k="location" v="urban"/>
    
    
    <tag k="region" v="kr"/>
    
    
    <tag k="speed_limit" v="60km/h"/>
    
    
    <tag k="subtype" v="road"/>
    
    
    <tag k="turn_direction" v="left"/>
    
    
    <tag k="type" v="lanelet"/>
    
  
  </relation>
  
  
  <relation id="12400012" version="1">
    
    
    <member type="way" ref="199190" role="left"/>
    
    
    <member type="way" ref="199194" role="right"/>
    
    
    <tag k="location" v="urban"/>
    
    
    <tag k="region" v="kr"/>
    
    
    <tag k="speed_limit" v="60km/h"/>
    
    
    <tag k="subtype" v="road"/>
    
    
    <tag k="turn_direction" v="left"/>
    
    
    <tag k="type" v="lanelet"/>
    
  
  </relation>
  
  
  <relation id="12400013" version="1">
    
    
    <member type="way" ref="199594" role="left"/>
    
    
    <member type="way" ref="199597" role="right"/>
    
    
    <tag k="location" v="urban"/>
    
    
    <tag k="region" v="kr"/>
    
    
    <tag k="speed_limit" v="60km/h"/>
    
    
    <tag k="subtype" v="road"/>
    
    
    <tag k="type" v="lanelet"/>
    
  
  </relation>
  
  
  <relation id="12400014" version="1">
    
    
    <member type="way" ref="199687" role="left"/>
    
    
    <member type="way" ref="199694" role="right"/>
    
    
    <tag k="location" v="urban"/>
    
    
    <tag k="region" v="kr"/>
    
    
    <tag k="speed_limit" v="60km/h"/>
    
    
    <tag k="subtype" v="road"/>
    
    
    <tag k="type" v="lanelet"/>
    
  
  </relation>
  
  
  <relation id="12400016" version="1">
    
    
    <member type="way" ref="199612" role="left"/>
    
    
    <member type="way" ref="199625" role="right"/>
    
    
    <tag k="location" v="urban"/>
    
    
    <tag k="region" v="kr"/>
    
    
    <tag k="speed_limit" v="60km/h"/>
    
    
    <tag k="subtype" v="road"/>
    
    
    <tag k="type" v="lanelet"/>
    
  
  </relation>
  
  
  <relation id="12400018" version="1">
    
    
    <member type="way" ref="199663" role="left"/>
    
    
    <member type="way" ref="199671" role="right"/>
    
    
    <tag k="location" v="urban"/>
    
    
    <tag k="region" v="kr"/>
    
    
    <tag k="speed_limit" v="60km/h"/>
    
    
    <tag k="subtype" v="road"/>
    
    
    <tag k="type" v="lanelet"/>
    
  
  </relation>
  
  
  <relation id="12400019" version="1">
    
    
    <member type="way" ref="199654" role="left"/>
    
    
    <member type="way" ref="199657" role="right"/>
    
    
    <tag k="location" v="urban"/>
    
    
    <tag k="region" v="kr"/>
    
    
    <tag k="speed_limit" v="60km/h"/>
    
    
    <tag k="subtype" v="road"/>
    
    
    <tag k="type" v="lanelet"/>
    
  
  </relation>
  
  
  <relation id="12400022" version="1">
    
    
    <member type="way" ref="199455" role="left"/>
    
    
    <member type="way" ref="199460" role="right"/>
    
    
    <tag k="location" v="urban"/>
    
    
    <tag k="region" v="kr"/>
    
    
    <tag k="speed_limit" v="60km/h"/>
    
    
    <tag k="subtype" v="road"/>
    
    
    <tag k="turn_direction" v="left"/>
    
    
    <tag k="type" v="lanelet"/>
    
  
  </relation>
  
  
  <relation id="12400023" version="1">
    
    
    <member type="way" ref="199483" role="left"/>
    
    
    <member type="way" ref="199487" role="right"/>
    
    
    <tag k="location" v="urban"/>
    
    
    <tag k="region" v="kr"/>
    
    
    <tag k="speed_limit" v="60km/h"/>
    
    
    <tag k="subtype" v="road"/>
    
    
    <tag k="turn_direction" v="right"/>
    
    
    <tag k="type" v="lanelet"/>
    
  
  </relation>
  
  
  <relation id="12400024" version="1">
    
    
    <member type="way" ref="199250" role="left"/>
    
    
    <member type="way" ref="199255" role="right"/>
    
    
    <tag k="location" v="urban"/>
    
    
    <tag k="region" v="kr"/>
    
    
    <tag k="speed_limit" v="60km/h"/>
    
    
    <tag k="subtype" v="road"/>
    
    
    <tag k="type" v="lanelet"/>
    
  
  </relation>
  
  
  <relation id="12400025" version="1">
    
    
    <member type="way" ref="199604" role="left"/>
    
    
    <member type="way" ref="199608" role="right"/>
    
    
    <tag k="location" v="urban"/>
    
    
    <tag k="region" v="kr"/>
    
    
    <tag k="speed_limit" v="60km/h"/>
    
    
    <tag k="subtype" v="road"/>
    
    
    <tag k="type" v="lanelet"/>
    
  
  </relation>
  
  
  <relation id="12400026" version="1">
    
    
    <member type="way" ref="199520" role="left"/>
    
    
    <member type="way" ref="199525" role="right"/>
    
    
    <tag k="location" v="urban"/>
    
    
    <tag k="region" v="kr"/>
    
    
    <tag k="speed_limit" v="60km/h"/>
    
    
    <tag k="subtype" v="road"/>
    
    
    <tag k="turn_direction" v="left"/>
    
    
    <tag k="type" v="lanelet"/>
    
  
  </relation>
  
  
  <relation id="12400027" version="1">
    
    
    <member type="way" ref="199581" role="left"/>
    
    
    <member type="way" ref="199585" role="right"/>
    
    
    <tag k="location" v="urban"/>
    
    
    <tag k="region" v="kr"/>
    
    
    <tag k="speed_limit" v="60km/h"/>
    
    
    <tag k="subtype" v="road"/>
    
    
    <tag k="turn_direction" v="left"/>
    
    
    <tag k="type" v="lanelet"/>
    
  
  </relation>
  
  
  <relation id="12400028" version="1">
    
    
    <member type="way" ref="199468" role="left"/>
    
    
    <member type="way" ref="199473" role="right"/>
    
    
    <tag k="location" v="urban"/>
    
    
    <tag k="region" v="kr"/>
    
    
    <tag k="speed_limit" v="60km/h"/>
    
    
    <tag k="subtype" v="road"/>
    
    
    <tag k="turn_direction" v="left"/>
    
    
    <tag k="type" v="lanelet"/>
    
  
  </relation>
  
  
  <relation id="12400029" version="1">
    
    
    <member type="way" ref="199531" role="left"/>
    
    
    <member type="way" ref="199533" role="right"/>
    
    
    <tag k="location" v="urban"/>
    
    
    <tag k="region" v="kr"/>
    
    
    <tag k="speed_limit" v="60km/h"/>
    
    
    <tag k="subtype" v="road"/>
    
    
    <tag k="turn_direction" v="straight"/>
    
    
    <tag k="type" v="lanelet"/>
    
  
  </relation>
  
  
  <relation id="12400030" version="1">
    
    
    <member type="way" ref="199537" role="left"/>
    
    
    <member type="way" ref="199546" role="right"/>
    
    
    <tag k="location" v="urban"/>
    
    
    <tag k="region" v="kr"/>
    
    
    <tag k="speed_limit" v="60km/h"/>
    
    
    <tag k="subtype" v="road"/>
    
    
    <tag k="turn_direction" v="left"/>
    
    
    <tag k="type" v="lanelet"/>
    
  
  </relation>
  
  
  <relation id="12400031" version="1">
    
    
    <member type="way" ref="199569" role="left"/>
    
    
    <member type="way" ref="199574" role="right"/>
    
    
    <tag k="location" v="urban"/>
    
    
    <tag k="region" v="kr"/>
    
    
    <tag k="speed_limit" v="60km/h"/>
    
    
    <tag k="subtype" v="road"/>
    
    
    <tag k="turn_direction" v="right"/>
    
    
    <tag k="type" v="lanelet"/>
    
  
  </relation>
  
  
  <relation id="12400032" version="1">
    
    
    <member type="way" ref="199491" role="left"/>
    
    
    <member type="way" ref="199496" role="right"/>
    
    
    <tag k="location" v="urban"/>
    
    
    <tag k="region" v="kr"/>
    
    
    <tag k="speed_limit" v="60km/h"/>
    
    
    <tag k="subtype" v="road"/>
    
    
    <tag k="turn_direction" v="left"/>
    
    
    <tag k="type" v="lanelet"/>
    
  
  </relation>
  
  
  <relation id="12400033" version="1">
    
    
    <member type="way" ref="199504" role="left"/>
    
    
    <member type="way" ref="199511" role="right"/>
    
    
    <tag k="location" v="urban"/>
    
    
    <tag k="region" v="kr"/>
    
    
    <tag k="speed_limit" v="60km/h"/>
    
    
    <tag k="subtype" v="road"/>
    
    
    <tag k="turn_direction" v="right"/>
    
    
    <tag k="type" v="lanelet"/>
    
  
  </relation>
  
  
  <relation id="12400039" version="1">
    
    
    <member type="way" ref="199262" role="left"/>
    
    
    <member type="way" ref="199269" role="right"/>
    
    
    <tag k="location" v="urban"/>
    
    
    <tag k="region" v="kr"/>
    
    
    <tag k="speed_limit" v="60km/h"/>
    
    
    <tag k="subtype" v="road"/>
    
    
    <tag k="type" v="lanelet"/>
    
  
  </relation>
  
  
  <relation id="12400040" version="1">
    
    
    <member type="way" ref="199310" role="left"/>
    
    
    <member type="way" ref="199316" role="right"/>
    
    
    <tag k="location" v="urban"/>
    
    
    <tag k="region" v="kr"/>
    
    
    <tag k="speed_limit" v="60km/h"/>
    
    
    <tag k="subtype" v="road"/>
    
    
    <tag k="turn_direction" v="straight"/>
    
    
    <tag k="type" v="lanelet"/>
    
  
  </relation>
  
  
  <relation id="12400041" version="1">
    
    
    <member type="way" ref="199334" role="left"/>
    
    
    <member type="way" ref="199336" role="right"/>
    
    
    <tag k="location" v="urban"/>
    
    
    <tag k="region" v="kr"/>
    
    
    <tag k="speed_limit" v="60km/h"/>
    
    
    <tag k="subtype" v="road"/>
    
    
    <tag k="type" v="lanelet"/>
    
  
  </relation>
  
  
  <relation id="12400042" version="1">
    
    
    <member type="way" ref="199707" role="left"/>
    
    
    <member type="way" ref="199715" role="right"/>
    
    
    <tag k="location" v="urban"/>
    
    
    <tag k="region" v="kr"/>
    
    
    <tag k="speed_limit" v="60km/h"/>
    
    
    <tag k="subtype" v="road"/>
    
    
    <tag k="type" v="lanelet"/>
    
  
  </relation>
  
  
  <relation id="12400043" version="1">
    
    
    <member type="way" ref="199328" role="left"/>
    
    
    <member type="way" ref="199330" role="right"/>
    
    
    <tag k="location" v="urban"/>
    
    
    <tag k="region" v="kr"/>
    
    
    <tag k="speed_limit" v="60km/h"/>
    
    
    <tag k="subtype" v="road"/>
    
    
    <tag k="type" v="lanelet"/>
    
  
  </relation>
  
  
  <relation id="12400044" version="1">
    
    
    <member type="way" ref="199279" role="left"/>
    
    
    <member type="way" ref="199290" role="right"/>
    
    
    <tag k="location" v="urban"/>
    
    
    <tag k="region" v="kr"/>
    
    
    <tag k="speed_limit" v="60km/h"/>
    
    
    <tag k="subtype" v="road"/>
    
    
    <tag k="turn_direction" v="straight"/>
    
    
    <tag k="type" v="lanelet"/>
    
  
  </relation>
  
  
  <relation id="12400049" version="1">
    
    
    <member type="way" ref="199414" role="left"/>
    
    
    <member type="way" ref="199417" role="right"/>
    
    
    <tag k="location" v="urban"/>
    
    
    <tag k="region" v="kr"/>
    
    
    <tag k="speed_limit" v="60km/h"/>
    
    
    <tag k="subtype" v="road"/>
    
    
    <tag k="type" v="lanelet"/>
    
  
  </relation>
  
  
  <relation id="12400050" version="1">
    
    
    <member type="way" ref="199430" role="left"/>
    
    
    <member type="way" ref="199432" role="right"/>
    
    
    <tag k="location" v="urban"/>
    
    
    <tag k="region" v="kr"/>
    
    
    <tag k="speed_limit" v="60km/h"/>
    
    
    <tag k="subtype" v="road"/>
    
    
    <tag k="type" v="lanelet"/>
    
  
  </relation>
  
  
  <relation id="12400052" version="1">
    
    
    <member type="way" ref="199340" role="left"/>
    
    
    <member type="way" ref="199347" role="right"/>
    
    
    <tag k="location" v="urban"/>
    
    
    <tag k="region" v="kr"/>
    
    
    <tag k="speed_limit" v="60km/h"/>
    
    
    <tag k="subtype" v="road"/>
    
    
    <tag k="type" v="lanelet"/>
    
  
  </relation>
  
  
  <relation id="12400053" version="1">
    
    
    <member type="way" ref="199360" role="left"/>
    
    
    <member type="way" ref="199362" role="right"/>
    
    
    <tag k="location" v="urban"/>
    
    
    <tag k="region" v="kr"/>
    
    
    <tag k="speed_limit" v="60km/h"/>
    
    
    <tag k="subtype" v="road"/>
    
    
    <tag k="type" v="lanelet"/>
    
  
  </relation>
  
  
  <relation id="12400054" version="1">
    
    
    <member type="way" ref="199366" role="left"/>
    
    
    <member type="way" ref="199368" role="right"/>
    
    
    <tag k="location" v="urban"/>
    
    
    <tag k="region" v="kr"/>
    
    
    <tag k="speed_limit" v="60km/h"/>
    
    
    <tag k="subtype" v="road"/>
    
    
    <tag k="type" v="lanelet"/>
    
  
  </relation>
  
  
  <relation id="12400055" version="1">
    
    
    <member type="way" ref="199390" role="left"/>
    
    
    <member type="way" ref="199398" role="right"/>
    
    
    <tag k="location" v="urban"/>
    
    
    <tag k="region" v="kr"/>
    
    
    <tag k="speed_limit" v="60km/h"/>
    
    
    <tag k="subtype" v="road"/>
    
    
    <tag k="type" v="lanelet"/>
    
  
  </relation>
  
  
  <relation id="12400056" version="1">
    
    
    <member type="way" ref="199372" role="left"/>
    
    
    <member type="way" ref="199378" role="right"/>
    
    
    <tag k="location" v="urban"/>
    
    
    <tag k="region" v="kr"/>
    
    
    <tag k="speed_limit" v="60km/h"/>
    
    
    <tag k="subtype" v="road"/>
    
    
    <tag k="type" v="lanelet"/>
    
  
  </relation>
  
  
  <relation id="12400058" version="1">
    
    
    <member type="way" ref="199439" role="left"/>
    
    
    <member type="way" ref="199443" role="right"/>
    
    
    <tag k="location" v="urban"/>
    
    
    <tag k="region" v="kr"/>
    
    
    <tag k="speed_limit" v="60km/h"/>
    
    
    <tag k="subtype" v="road"/>
    
    
    <tag k="type" v="lanelet"/>
    
  
  </relation>
  
  
  <relation id="12700001" version="1">
    
    
    <member type="way" ref="200340" role="left"/>
    
    
    <member type="way" ref="200343" role="right"/>
    
    
    <tag k="location" v="urban"/>
    
    
    <tag k="region" v="kr"/>
    
    
    <tag k="speed_limit" v="60km/h"/>
    
    
    <tag k="subtype" v="road"/>
    
    
    <tag k="type" v="lanelet"/>
    
  
  </relation>
  
  
  <relation id="12700002" version="1">
    
    
    <member type="way" ref="200349" role="left"/>
    
    
    <member type="way" ref="200355" role="right"/>
    
    
    <tag k="location" v="urban"/>
    
    
    <tag k="region" v="kr"/>
    
    
    <tag k="speed_limit" v="60km/h"/>
    
    
    <tag k="subtype" v="road"/>
    
    
    <tag k="type" v="lanelet"/>
    
  
  </relation>
  
  
  <relation id="12700005" version="1">
    
    
    <member type="way" ref="200367" role="left"/>
    
    
    <member type="way" ref="200370" role="right"/>
    
    
    <tag k="location" v="urban"/>
    
    
    <tag k="region" v="kr"/>
    
    
    <tag k="speed_limit" v="60km/h"/>
    
    
    <tag k="subtype" v="road"/>
    
    
    <tag k="type" v="lanelet"/>
    
  
  </relation>
  
  
  <relation id="12700006" version="1">
    
    
    <member type="way" ref="200376" role="left"/>
    
    
    <member type="way" ref="200379" role="right"/>
    
    
    <tag k="location" v="urban"/>
    
    
    <tag k="region" v="kr"/>
    
    
    <tag k="speed_limit" v="60km/h"/>
    
    
    <tag k="subtype" v="road"/>
    
    
    <tag k="type" v="lanelet"/>
    
  
  </relation>
  
  
  <relation id="12700008" version="1">
    
    
    <member type="way" ref="200385" role="left"/>
    
    
    <member type="way" ref="200388" role="right"/>
    
    
    <tag k="location" v="urban"/>
    
    
    <tag k="region" v="kr"/>
    
    
    <tag k="speed_limit" v="60km/h"/>
    
    
    <tag k="subtype" v="road"/>
    
    
    <tag k="type" v="lanelet"/>
    
  
  </relation>
  
  
  <relation id="12700009" version="1">
    
    
    <member type="way" ref="200394" role="left"/>
    
    
    <member type="way" ref="200397" role="right"/>
    
    
    <tag k="location" v="urban"/>
    
    
    <tag k="region" v="kr"/>
    
    
    <tag k="speed_limit" v="60km/h"/>
    
    
    <tag k="subtype" v="road"/>
    
    
    <tag k="type" v="lanelet"/>
    
  
  </relation>
  
  
  <relation id="12700010" version="1">
    
    
    <member type="way" ref="200403" role="left"/>
    
    
    <member type="way" ref="200406" role="right"/>
    
    
    <tag k="location" v="urban"/>
    
    
    <tag k="region" v="kr"/>
    
    
    <tag k="speed_limit" v="60km/h"/>
    
    
    <tag k="subtype" v="road"/>
    
    
    <tag k="type" v="lanelet"/>
    
  
  </relation>
  
  
  <relation id="12700011" version="1">
    
    
    <member type="way" ref="200412" role="left"/>
    
    
    <member type="way" ref="200416" role="right"/>
    
    
    <tag k="location" v="urban"/>
    
    
    <tag k="region" v="kr"/>
    
    
    <tag k="speed_limit" v="60km/h"/>
    
    
    <tag k="subtype" v="road"/>
    
    
    <tag k="type" v="lanelet"/>
    
  
  </relation>
  
  
  <relation id="12700013" version="1">
    
    
    <member type="way" ref="200425" role="left"/>
    
    
    <member type="way" ref="200412" role="right"/>
    
    
    <tag k="location" v="urban"/>
    
    
    <tag k="region" v="kr"/>
    
    
    <tag k="speed_limit" v="60km/h"/>
    
    
    <tag k="subtype" v="road"/>
    
    
    <tag k="type" v="lanelet"/>
    
  
  </relation>
  
  
  <relation id="12700014" version="1">
    
    
    <member type="way" ref="200432" role="left"/>
    
    
    <member type="way" ref="200435" role="right"/>
    
    
    <tag k="location" v="urban"/>
    
    
    <tag k="region" v="kr"/>
    
    
    <tag k="speed_limit" v="60km/h"/>
    
    
    <tag k="subtype" v="road"/>
    
    
    <tag k="type" v="lanelet"/>
    
  
  </relation>
  
  
  <relation id="12700016" version="1">
    
    
    <member type="way" ref="200441" role="left"/>
    
    
    <member type="way" ref="200446" role="right"/>
    
    
    <tag k="location" v="urban"/>
    
    
    <tag k="region" v="kr"/>
    
    
    <tag k="speed_limit" v="60km/h"/>
    
    
    <tag k="subtype" v="road"/>
    
    
    <tag k="type" v="lanelet"/>
    
  
  </relation>
  
  
  <relation id="12700017" version="1">
    
    
    <member type="way" ref="200457" role="left"/>
    
    
    <member type="way" ref="200460" role="right"/>
    
    
    <tag k="location" v="urban"/>
    
    
    <tag k="region" v="kr"/>
    
    
    <tag k="speed_limit" v="60km/h"/>
    
    
    <tag k="subtype" v="road"/>
    
    
    <tag k="type" v="lanelet"/>
    
  
  </relation>
  
  
  <relation id="12700018" version="1">
    
    
    <member type="way" ref="200467" role="left"/>
    
    
    <member type="way" ref="200470" role="right"/>
    
    
    <tag k="location" v="urban"/>
    
    
    <tag k="region" v="kr"/>
    
    
    <tag k="speed_limit" v="60km/h"/>
    
    
    <tag k="subtype" v="road"/>
    
    
    <tag k="type" v="lanelet"/>
    
  
  </relation>
  
  
  <relation id="12700019" version="1">
    
    
    <member type="way" ref="200476" role="left"/>
    
    
    <member type="way" ref="200479" role="right"/>
    
    
    <tag k="location" v="urban"/>
    
    
    <tag k="region" v="kr"/>
    
    
    <tag k="speed_limit" v="60km/h"/>
    
    
    <tag k="subtype" v="road"/>
    
    
    <tag k="type" v="lanelet"/>
    
  
  </relation>
  
  
  <relation id="12700020" version="1">
    
    
    <member type="way" ref="200485" role="left"/>
    
    
    <member type="way" ref="200488" role="right"/>
    
    
    <tag k="location" v="urban"/>
    
    
    <tag k="region" v="kr"/>
    
    
    <tag k="speed_limit" v="60km/h"/>
    
    
    <tag k="subtype" v="road"/>
    
    
    <tag k="type" v="lanelet"/>
    
  
  </relation>
  
  
  <relation id="12700021" version="1">
    
    
    <member type="way" ref="201438" role="left"/>
    
    
    <member type="way" ref="201111" role="right"/>
    
    
    <tag k="location" v="urban"/>
    
    
    <tag k="region" v="kr"/>
    
    
    <tag k="speed_limit" v="60km/h"/>
    
    
    <tag k="subtype" v="road"/>
    
    
    <tag k="type" v="lanelet"/>
    
  
  </relation>
  
  
  <relation id="12700022" version="1">
    
    
    <member type="way" ref="200495" role="left"/>
    
    
    <member type="way" ref="200432" role="right"/>
    
    
    <tag k="location" v="urban"/>
    
    
    <tag k="region" v="kr"/>
    
    
    <tag k="speed_limit" v="60km/h"/>
    
    
    <tag k="subtype" v="road"/>
    
    
    <tag k="type" v="lanelet"/>
    
  
  </relation>
  
  
  <relation id="12700024" version="1">
    
    
    <member type="way" ref="200501" role="left"/>
    
    
    <member type="way" ref="200504" role="right"/>
    
    
    <tag k="location" v="urban"/>
    
    
    <tag k="region" v="kr"/>
    
    
    <tag k="speed_limit" v="60km/h"/>
    
    
    <tag k="subtype" v="road"/>
    
    
    <tag k="type" v="lanelet"/>
    
  
  </relation>
  
  
  <relation id="12700025" version="1">
    
    
    <member type="way" ref="200510" role="left"/>
    
    
    <member type="way" ref="200512" role="right"/>
    
    
    <tag k="location" v="urban"/>
    
    
    <tag k="region" v="kr"/>
    
    
    <tag k="speed_limit" v="60km/h"/>
    
    
    <tag k="subtype" v="road"/>
    
    
    <tag k="type" v="lanelet"/>
    
  
  </relation>
  
  
  <relation id="12700026" version="1">
    
    
    <member type="way" ref="200518" role="left"/>
    
    
    <member type="way" ref="200385" role="right"/>
    
    
    <tag k="location" v="urban"/>
    
    
    <tag k="region" v="kr"/>
    
    
    <tag k="speed_limit" v="60km/h"/>
    
    
    <tag k="subtype" v="road"/>
    
    
    <tag k="type" v="lanelet"/>
    
  
  </relation>
  
  
  <relation id="12700031" version="1">
    
    
    <member type="way" ref="200539" role="left"/>
    
    
    <member type="way" ref="200541" role="right"/>
    
    
    <tag k="location" v="urban"/>
    
    
    <tag k="region" v="kr"/>
    
    
    <tag k="speed_limit" v="60km/h"/>
    
    
    <tag k="subtype" v="road"/>
    
    
    <tag k="type" v="lanelet"/>
    
  
  </relation>
  
  
  <relation id="12700032" version="1">
    
    
    <member type="way" ref="200541" role="left"/>
    
    
    <member type="way" ref="200545" role="right"/>
    
    
    <tag k="location" v="urban"/>
    
    
    <tag k="region" v="kr"/>
    
    
    <tag k="speed_limit" v="60km/h"/>
    
    
    <tag k="subtype" v="road"/>
    
    
    <tag k="type" v="lanelet"/>
    
  
  </relation>
  
  
  <relation id="12700033" version="1">
    
    
    <member type="way" ref="200446" role="left"/>
    
    
    <member type="way" ref="200551" role="right"/>
    
    
    <tag k="location" v="urban"/>
    
    
    <tag k="region" v="kr"/>
    
    
    <tag k="speed_limit" v="60km/h"/>
    
    
    <tag k="subtype" v="road"/>
    
    
    <tag k="type" v="lanelet"/>
    
  
  </relation>
  
  
  <relation id="12700034" version="1">
    
    
    <member type="way" ref="200560" role="left"/>
    
    
    <member type="way" ref="200563" role="right"/>
    
    
    <tag k="location" v="urban"/>
    
    
    <tag k="region" v="kr"/>
    
    
    <tag k="speed_limit" v="60km/h"/>
    
    
    <tag k="subtype" v="road"/>
    
    
    <tag k="type" v="lanelet"/>
    
  
  </relation>
  
  
  <relation id="12700036" version="1">
    
    
    <member type="way" ref="200567" role="left"/>
    
    
    <member type="way" ref="200575" role="right"/>
    
    
    <tag k="location" v="urban"/>
    
    
    <tag k="region" v="kr"/>
    
    
    <tag k="speed_limit" v="60km/h"/>
    
    
    <tag k="subtype" v="road"/>
    
    
    <tag k="turn_direction" v="left"/>
    
    
    <tag k="type" v="lanelet"/>
    
  
  </relation>
  
  
  <relation id="12700038" version="1">
    
    
    <member type="way" ref="200591" role="left"/>
    
    
    <member type="way" ref="200597" role="right"/>
    
    
    <tag k="location" v="urban"/>
    
    
    <tag k="region" v="kr"/>
    
    
    <tag k="speed_limit" v="60km/h"/>
    
    
    <tag k="subtype" v="road"/>
    
    
    <tag k="turn_direction" v="right"/>
    
    
    <tag k="type" v="lanelet"/>
    
  
  </relation>
  
  
  <relation id="12700039" version="1">
    
    
    <member type="way" ref="200597" role="left"/>
    
    
    <member type="way" ref="200607" role="right"/>
    
    
    <tag k="location" v="urban"/>
    
    
    <tag k="region" v="kr"/>
    
    
    <tag k="speed_limit" v="60km/h"/>
    
    
    <tag k="subtype" v="road"/>
    
    
    <tag k="turn_direction" v="right"/>
    
    
    <tag k="type" v="lanelet"/>
    
  
  </relation>
  
  
  <relation id="12700040" version="1">
    
    
    <member type="way" ref="5113" role="left"/>
    
    
    <member type="way" ref="200622" role="right"/>
    
    
    <tag k="location" v="urban"/>
    
    
    <tag k="region" v="kr"/>
    
    
    <tag k="speed_limit" v="60km/h"/>
    
    
    <tag k="subtype" v="road"/>
    
    
    <tag k="turn_direction" v="right"/>
    
    
    <tag k="type" v="lanelet"/>
    
  
  </relation>
  
  
  <relation id="12700041" version="1">
    
    
    <member type="way" ref="200635" role="left"/>
    
    
    <member type="way" ref="200616" role="right"/>
    
    
    <tag k="location" v="urban"/>
    
    
    <tag k="region" v="kr"/>
    
    
    <tag k="speed_limit" v="60km/h"/>
    
    
    <tag k="subtype" v="road"/>
    
    
    <tag k="turn_direction" v="right"/>
    
    
    <tag k="type" v="lanelet"/>
    
  
  </relation>
  
  
  <relation id="12700042" version="1">
    
    
    <member type="way" ref="200648" role="left"/>
    
    
    <member type="way" ref="200649" role="right"/>
    
    
    <member type="relation" ref="1270012663" role="regulatory_element"/>
    
    
    <tag k="location" v="urban"/>
    
    
    <tag k="region" v="kr"/>
    
    
    <tag k="speed_limit" v="60km/h"/>
    
    
    <tag k="subtype" v="road"/>
    
    
    <tag k="turn_direction" v="straight"/>
    
    
    <tag k="type" v="lanelet"/>
    
  
  </relation>
  
  
  <relation id="12700043" version="1">
    
    
    <member type="way" ref="200651" role="left"/>
    
    
    <member type="way" ref="200652" role="right"/>
    
    
    <member type="relation" ref="1270012766" role="regulatory_element"/>
    
    
    <tag k="location" v="urban"/>
    
    
    <tag k="region" v="kr"/>
    
    
    <tag k="speed_limit" v="60km/h"/>
    
    
    <tag k="subtype" v="road"/>
    
    
    <tag k="turn_direction" v="straight"/>
    
    
    <tag k="type" v="lanelet"/>
    
  
  </relation>
  
  
  <relation id="12700044" version="1">
    
    
    <member type="way" ref="200654" role="left"/>
    
    
    <member type="way" ref="200662" role="right"/>
    
    
    <member type="relation" ref="1270012766" role="regulatory_element"/>
    
    
    <tag k="location" v="urban"/>
    
    
    <tag k="region" v="kr"/>
    
    
    <tag k="speed_limit" v="60km/h"/>
    
    
    <tag k="subtype" v="road"/>
    
    
    <tag k="turn_direction" v="left"/>
    
    
    <tag k="type" v="lanelet"/>
    
  
  </relation>
  
  
  <relation id="12700045" version="1">
    
    
    <member type="way" ref="200678" role="left"/>
    
    
    <member type="way" ref="200686" role="right"/>
    
    
    <member type="relation" ref="1270012787" role="regulatory_element"/>
    
    
    <tag k="location" v="urban"/>
    
    
    <tag k="region" v="kr"/>
    
    
    <tag k="speed_limit" v="60km/h"/>
    
    
    <tag k="subtype" v="road"/>
    
    
    <tag k="turn_direction" v="left"/>
    
    
    <tag k="type" v="lanelet"/>
    
  
  </relation>
  
  
  <relation id="12700046" version="1">
    
    
    <member type="way" ref="200703" role="left"/>
    
    
    <member type="way" ref="200705" role="right"/>
    
    
    <member type="relation" ref="1270012787" role="regulatory_element"/>
    
    
    <tag k="location" v="urban"/>
    
    
    <tag k="region" v="kr"/>
    
    
    <tag k="speed_limit" v="60km/h"/>
    
    
    <tag k="subtype" v="road"/>
    
    
    <tag k="turn_direction" v="straight"/>
    
    
    <tag k="type" v="lanelet"/>
    
  
  </relation>
  
  
  <relation id="12700047" version="1">
    
    
    <member type="way" ref="200709" role="left"/>
    
    
    <member type="way" ref="200716" role="right"/>
    
    
    <member type="relation" ref="1270012787" role="regulatory_element"/>
    
    
    <tag k="location" v="urban"/>
    
    
    <tag k="region" v="kr"/>
    
    
    <tag k="speed_limit" v="60km/h"/>
    
    
    <tag k="subtype" v="road"/>
    
    
    <tag k="turn_direction" v="right"/>
    
    
    <tag k="type" v="lanelet"/>
    
  
  </relation>
  
  
  <relation id="12700048" version="1">
    
    
    <member type="way" ref="200705" role="left"/>
    
    
    <member type="way" ref="200729" role="right"/>
    
    
    <member type="relation" ref="1270012787" role="regulatory_element"/>
    
    
    <tag k="location" v="urban"/>
    
    
    <tag k="region" v="kr"/>
    
    
    <tag k="speed_limit" v="60km/h"/>
    
    
    <tag k="subtype" v="road"/>
    
    
    <tag k="turn_direction" v="straight"/>
    
    
    <tag k="type" v="lanelet"/>
    
  
  </relation>
  
  
  <relation id="12700049" version="1">
    
    
    <member type="way" ref="200733" role="left"/>
    
    
    <member type="way" ref="200740" role="right"/>
    
    
    <member type="relation" ref="1270012809" role="regulatory_element"/>
    
    
    <tag k="location" v="urban"/>
    
    
    <tag k="region" v="kr"/>
    
    
    <tag k="speed_limit" v="60km/h"/>
    
    
    <tag k="subtype" v="road"/>
    
    
    <tag k="turn_direction" v="right"/>
    
    
    <tag k="type" v="lanelet"/>
    
  
  </relation>
  
  
  <relation id="12700050" version="1">
    
    
    <member type="way" ref="200750" role="left"/>
    
    
    <member type="way" ref="200751" role="right"/>
    
    
    <member type="relation" ref="1270012809" role="regulatory_element"/>
    
    
    <tag k="location" v="urban"/>
    
    
    <tag k="region" v="kr"/>
    
    
    <tag k="speed_limit" v="60km/h"/>
    
    
    <tag k="subtype" v="road"/>
    
    
    <tag k="turn_direction" v="straight"/>
    
    
    <tag k="type" v="lanelet"/>
    
  
  </relation>
  
  
  <relation id="12700051" version="1">
    
    
    <member type="way" ref="200753" role="left"/>
    
    
    <member type="way" ref="200750" role="right"/>
    
    
    <member type="relation" ref="1270012809" role="regulatory_element"/>
    
    
    <tag k="location" v="urban"/>
    
    
    <tag k="region" v="kr"/>
    
    
    <tag k="speed_limit" v="60km/h"/>
    
    
    <tag k="subtype" v="road"/>
    
    
    <tag k="turn_direction" v="straight"/>
    
    
    <tag k="type" v="lanelet"/>
    
  
  </relation>
  
  
  <relation id="12700052" version="1">
    
    
    <member type="way" ref="200755" role="left"/>
    
    
    <member type="way" ref="200763" role="right"/>
    
    
    <member type="relation" ref="1270012809" role="regulatory_element"/>
    
    
    <tag k="location" v="urban"/>
    
    
    <tag k="region" v="kr"/>
    
    
    <tag k="speed_limit" v="60km/h"/>
    
    
    <tag k="subtype" v="road"/>
    
    
    <tag k="turn_direction" v="left"/>
    
    
    <tag k="type" v="lanelet"/>
    
  
  </relation>
  
  
  <relation id="12700053" version="1">
    
    
    <member type="way" ref="200779" role="left"/>
    
    
    <member type="way" ref="200787" role="right"/>
    
    
    <member type="relation" ref="1270012663" role="regulatory_element"/>
    
    
    <tag k="location" v="urban"/>
    
    
    <tag k="region" v="kr"/>
    
    
    <tag k="speed_limit" v="60km/h"/>
    
    
    <tag k="subtype" v="road"/>
    
    
    <tag k="turn_direction" v="left"/>
    
    
    <tag k="type" v="lanelet"/>
    
  
  </relation>
  
  
  <relation id="12700054" version="1">
    
    
    <member type="way" ref="200803" role="left"/>
    
    
    <member type="way" ref="200804" role="right"/>
    
    
    <member type="relation" ref="1270012723" role="regulatory_element"/>
    
    
    <tag k="location" v="urban"/>
    
    
    <tag k="region" v="kr"/>
    
    
    <tag k="speed_limit" v="60km/h"/>
    
    
    <tag k="subtype" v="road"/>
    
    
    <tag k="turn_direction" v="straight"/>
    
    
    <tag k="type" v="lanelet"/>
    
  
  </relation>
  
  
  <relation id="12700055" version="1">
    
    
    <member type="way" ref="200806" role="left"/>
    
    
    <member type="way" ref="200814" role="right"/>
    
    
    <member type="relation" ref="1270012723" role="regulatory_element"/>
    
    
    <tag k="location" v="urban"/>
    
    
    <tag k="region" v="kr"/>
    
    
    <tag k="speed_limit" v="60km/h"/>
    
    
    <tag k="subtype" v="road"/>
    
    
    <tag k="turn_direction" v="left"/>
    
    
    <tag k="type" v="lanelet"/>
    
  
  </relation>
  
  
  <relation id="12700056" version="1">
    
    
    <member type="way" ref="200831" role="left"/>
    
    
    <member type="way" ref="200834" role="right"/>
    
    
    <member type="relation" ref="1270012642" role="regulatory_element"/>
    
    
    <tag k="location" v="urban"/>
    
    
    <tag k="region" v="kr"/>
    
    
    <tag k="speed_limit" v="60km/h"/>
    
    
    <tag k="subtype" v="road"/>
    
    
    <tag k="turn_direction" v="straight"/>
    
    
    <tag k="type" v="lanelet"/>
    
  
  </relation>
  
  
  <relation id="12700057" version="1">
    
    
    <member type="way" ref="200840" role="left"/>
    
    
    <member type="way" ref="200848" role="right"/>
    
    
    <member type="relation" ref="1270012642" role="regulatory_element"/>
    
    
    <tag k="location" v="urban"/>
    
    
    <tag k="region" v="kr"/>
    
    
    <tag k="speed_limit" v="60km/h"/>
    
    
    <tag k="subtype" v="road"/>
    
    
    <tag k="turn_direction" v="left"/>
    
    
    <tag k="type" v="lanelet"/>
    
  
  </relation>
  
  
  <relation id="12700058" version="1">
    
    
    <member type="way" ref="200834" role="left"/>
    
    
    <member type="way" ref="200864" role="right"/>
    
    
    <member type="relation" ref="1270012642" role="regulatory_element"/>
    
    
    <tag k="location" v="urban"/>
    
    
    <tag k="region" v="kr"/>
    
    
    <tag k="speed_limit" v="60km/h"/>
    
    
    <tag k="subtype" v="road"/>
    
    
    <tag k="turn_direction" v="straight"/>
    
    
    <tag k="type" v="lanelet"/>
    
  
  </relation>
  
  
  <relation id="12700059" version="1">
    
    
    <member type="way" ref="200870" role="left"/>
    
    
    <member type="way" ref="200876" role="right"/>
    
    
    <member type="relation" ref="1270012642" role="regulatory_element"/>
    
    
    <tag k="location" v="urban"/>
    
    
    <tag k="region" v="kr"/>
    
    
    <tag k="speed_limit" v="60km/h"/>
    
    
    <tag k="subtype" v="road"/>
    
    
    <tag k="turn_direction" v="right"/>
    
    
    <tag k="type" v="lanelet"/>
    
  
  </relation>
  
  
  <relation id="12700060" version="1">
    
    
    <member type="way" ref="200887" role="left"/>
    
    
    <member type="way" ref="200894" role="right"/>
    
    
    <member type="relation" ref="1270012745" role="regulatory_element"/>
    
    
    <tag k="location" v="urban"/>
    
    
    <tag k="region" v="kr"/>
    
    
    <tag k="speed_limit" v="60km/h"/>
    
    
    <tag k="subtype" v="road"/>
    
    
    <tag k="turn_direction" v="left"/>
    
    
    <tag k="type" v="lanelet"/>
    
  
  </relation>
  
  
  <relation id="12700061" version="1">
    
    
    <member type="way" ref="200909" role="left"/>
    
    
    <member type="way" ref="200910" role="right"/>
    
    
    <member type="relation" ref="1270012745" role="regulatory_element"/>
    
    
    <tag k="location" v="urban"/>
    
    
    <tag k="region" v="kr"/>
    
    
    <tag k="speed_limit" v="60km/h"/>
    
    
    <tag k="subtype" v="road"/>
    
    
    <tag k="turn_direction" v="straight"/>
    
    
    <tag k="type" v="lanelet"/>
    
  
  </relation>
  
  
  <relation id="12700062" version="1">
    
    
    <member type="way" ref="200912" role="left"/>
    
    
    <member type="way" ref="200921" role="right"/>
    
    
    <member type="relation" ref="1270012619" role="regulatory_element"/>
    
    
    <tag k="location" v="urban"/>
    
    
    <tag k="region" v="kr"/>
    
    
    <tag k="speed_limit" v="60km/h"/>
    
    
    <tag k="subtype" v="road"/>
    
    
    <tag k="turn_direction" v="left"/>
    
    
    <tag k="type" v="lanelet"/>
    
  
  </relation>
  
  
  <relation id="12700063" version="1">
    
    
    <member type="way" ref="200939" role="left"/>
    
    
    <member type="way" ref="200940" role="right"/>
    
    
    <member type="relation" ref="1270012619" role="regulatory_element"/>
    
    
    <tag k="location" v="urban"/>
    
    
    <tag k="region" v="kr"/>
    
    
    <tag k="speed_limit" v="60km/h"/>
    
    
    <tag k="subtype" v="road"/>
    
    
    <tag k="turn_direction" v="straight"/>
    
    
    <tag k="type" v="lanelet"/>
    
  
  </relation>
  
  
  <relation id="12700064" version="1">
    
    
    <member type="way" ref="200942" role="left"/>
    
    
    <member type="way" ref="200949" role="right"/>
    
    
    <member type="relation" ref="1270012619" role="regulatory_element"/>
    
    
    <tag k="location" v="urban"/>
    
    
    <tag k="region" v="kr"/>
    
    
    <tag k="speed_limit" v="60km/h"/>
    
    
    <tag k="subtype" v="road"/>
    
    
    <tag k="turn_direction" v="right"/>
    
    
    <tag k="type" v="lanelet"/>
    
  
  </relation>
  
  
  <relation id="12700065" version="1">
    
    
    <member type="way" ref="200940" role="left"/>
    
    
    <member type="way" ref="200963" role="right"/>
    
    
    <member type="relation" ref="1270012619" role="regulatory_element"/>
    
    
    <tag k="location" v="urban"/>
    
    
    <tag k="region" v="kr"/>
    
    
    <tag k="speed_limit" v="60km/h"/>
    
    
    <tag k="subtype" v="road"/>
    
    
    <tag k="turn_direction" v="straight"/>
    
    
    <tag k="type" v="lanelet"/>
    
  
  </relation>
  
  
  <relation id="12700066" version="1">
    
    
    <member type="way" ref="200967" role="left"/>
    
    
    <member type="way" ref="200968" role="right"/>
    
    
    <member type="relation" ref="1270012702" role="regulatory_element"/>
    
    
    <tag k="location" v="urban"/>
    
    
    <tag k="region" v="kr"/>
    
    
    <tag k="speed_limit" v="60km/h"/>
    
    
    <tag k="subtype" v="road"/>
    
    
    <tag k="turn_direction" v="straight"/>
    
    
    <tag k="type" v="lanelet"/>
    
  
  </relation>
  
  
  <relation id="12700067" version="1">
    
    
    <member type="way" ref="200970" role="left"/>
    
    
    <member type="way" ref="200972" role="right"/>
    
    
    <tag k="location" v="urban"/>
    
    
    <tag k="region" v="kr"/>
    
    
    <tag k="speed_limit" v="60km/h"/>
    
    
    <tag k="subtype" v="road"/>
    
    
    <tag k="turn_direction" v="straight"/>
    
    
    <tag k="type" v="lanelet"/>
    
  
  </relation>
  
  
  <relation id="12700068" version="1">
    
    
    <member type="way" ref="200976" role="left"/>
    
    
    <member type="way" ref="200984" role="right"/>
    
    
    <tag k="location" v="urban"/>
    
    
    <tag k="region" v="kr"/>
    
    
    <tag k="speed_limit" v="60km/h"/>
    
    
    <tag k="subtype" v="road"/>
    
    
    <tag k="turn_direction" v="right"/>
    
    
    <tag k="type" v="lanelet"/>
    
  
  </relation>
  
  
  <relation id="12700069" version="1">
    
    
    <member type="way" ref="200997" role="left"/>
    
    
    <member type="way" ref="201006" role="right"/>
    
    
    <member type="relation" ref="1270012683" role="regulatory_element"/>
    
    
    <tag k="location" v="urban"/>
    
    
    <tag k="region" v="kr"/>
    
    
    <tag k="speed_limit" v="60km/h"/>
    
    
    <tag k="subtype" v="road"/>
    
    
    <tag k="turn_direction" v="left"/>
    
    
    <tag k="type" v="lanelet"/>
    
  
  </relation>
  
  
  <relation id="12700070" version="1">
    
    
    <member type="way" ref="201024" role="left"/>
    
    
    <member type="way" ref="201030" role="right"/>
    
    
    <member type="relation" ref="1270012683" role="regulatory_element"/>
    
    
    <tag k="location" v="urban"/>
    
    
    <tag k="region" v="kr"/>
    
    
    <tag k="speed_limit" v="60km/h"/>
    
    
    <tag k="subtype" v="road"/>
    
    
    <tag k="turn_direction" v="right"/>
    
    
    <tag k="type" v="lanelet"/>
    
  
  </relation>
  
  
  <relation id="12700071" version="1">
    
    
    <member type="way" ref="201045" role="left"/>
    
    
    <member type="way" ref="201055" role="right"/>
    
    
    <member type="relation" ref="1270012702" role="regulatory_element"/>
    
    
    <tag k="location" v="urban"/>
    
    
    <tag k="region" v="kr"/>
    
    
    <tag k="speed_limit" v="60km/h"/>
    
    
    <tag k="subtype" v="road"/>
    
    
    <tag k="turn_direction" v="left"/>
    
    
    <tag k="type" v="lanelet"/>
    
  
  </relation>
  
  
  <relation id="12700072" version="1">
    
    
    <member type="way" ref="200355" role="left"/>
    
    
    <member type="way" ref="201072" role="right"/>
    
    
    <tag k="location" v="urban"/>
    
    
    <tag k="region" v="kr"/>
    
    
    <tag k="speed_limit" v="60km/h"/>
    
    
    <tag k="subtype" v="road"/>
    
    
    <tag k="type" v="lanelet"/>
    
  
  </relation>
  
  
  <relation id="12700077" version="1">
    
    
    <member type="way" ref="201082" role="left"/>
    
    
    <member type="way" ref="201087" role="right"/>
    
    
    <tag k="location" v="urban"/>
    
    
    <tag k="region" v="kr"/>
    
    
    <tag k="speed_limit" v="60km/h"/>
    
    
    <tag k="subtype" v="road"/>
    
    
    <tag k="type" v="lanelet"/>
    
  
  </relation>
  
  
  <relation id="12700078" version="1">
    
    
    <member type="way" ref="201096" role="left"/>
    
    
    <member type="way" ref="201101" role="right"/>
    
    
    <tag k="location" v="urban"/>
    
    
    <tag k="region" v="kr"/>
    
    
    <tag k="speed_limit" v="60km/h"/>
    
    
    <tag k="subtype" v="road"/>
    
    
    <tag k="type" v="lanelet"/>
    
  
  </relation>
  
  
  <relation id="12700079" version="1">
    
    
    <member type="way" ref="201126" role="left"/>
    
    
    <member type="way" ref="201385" role="right"/>
    
    
    <tag k="location" v="urban"/>
    
    
    <tag k="region" v="kr"/>
    
    
    <tag k="speed_limit" v="60km/h"/>
    
    
    <tag k="subtype" v="road"/>
    
    
    <tag k="type" v="lanelet"/>
    
  
  </relation>
  
  
  <relation id="12700080" version="1">
    
    
    <member type="way" ref="201120" role="left"/>
    
    
    <member type="way" ref="201126" role="right"/>
    
    
    <tag k="location" v="urban"/>
    
    
    <tag k="region" v="kr"/>
    
    
    <tag k="speed_limit" v="60km/h"/>
    
    
    <tag k="subtype" v="road"/>
    
    
    <tag k="type" v="lanelet"/>
    
  
  </relation>
  
  
  <relation id="12700081" version="1">
    
    
    <member type="way" ref="201135" role="left"/>
    
    
    <member type="way" ref="201143" role="right"/>
    
    
    <tag k="location" v="urban"/>
    
    
    <tag k="region" v="kr"/>
    
    
    <tag k="speed_limit" v="60km/h"/>
    
    
    <tag k="subtype" v="road"/>
    
    
    <tag k="type" v="lanelet"/>
    
  
  </relation>
  
  
  <relation id="12700082" version="1">
    
    
    <member type="way" ref="201155" role="left"/>
    
    
    <member type="way" ref="201161" role="right"/>
    
    
    <tag k="location" v="urban"/>
    
    
    <tag k="region" v="kr"/>
    
    
    <tag k="speed_limit" v="60km/h"/>
    
    
    <tag k="subtype" v="road"/>
    
    
    <tag k="type" v="lanelet"/>
    
  
  </relation>
  
  
  <relation id="12700083" version="1">
    
    
    <member type="way" ref="201173" role="left"/>
    
    
    <member type="way" ref="201178" role="right"/>
    
    
    <tag k="location" v="urban"/>
    
    
    <tag k="region" v="kr"/>
    
    
    <tag k="speed_limit" v="60km/h"/>
    
    
    <tag k="subtype" v="road"/>
    
    
    <tag k="type" v="lanelet"/>
    
  
  </relation>
  
  
  <relation id="12700084" version="1">
    
    
    <member type="way" ref="201188" role="left"/>
    
    
    <member type="way" ref="201195" role="right"/>
    
    
    <member type="relation" ref="1270012766" role="regulatory_element"/>
    
    
    <tag k="location" v="urban"/>
    
    
    <tag k="region" v="kr"/>
    
    
    <tag k="speed_limit" v="60km/h"/>
    
    
    <tag k="subtype" v="road"/>
    
    
    <tag k="turn_direction" v="right"/>
    
    
    <tag k="type" v="lanelet"/>
    
  
  </relation>
  
  
  <relation id="12700085" version="1">
    
    
    <member type="way" ref="201207" role="left"/>
    
    
    <member type="way" ref="201212" role="right"/>
    
    
    <tag k="location" v="urban"/>
    
    
    <tag k="region" v="kr"/>
    
    
    <tag k="speed_limit" v="60km/h"/>
    
    
    <tag k="subtype" v="road"/>
    
    
    <tag k="type" v="lanelet"/>
    
  
  </relation>
  
  
  <relation id="12700086" version="1">
    
    
    <member type="way" ref="201222" role="left"/>
    
    
    <member type="way" ref="201227" role="right"/>
    
    
    <tag k="location" v="urban"/>
    
    
    <tag k="region" v="kr"/>
    
    
    <tag k="speed_limit" v="60km/h"/>
    
    
    <tag k="subtype" v="road"/>
    
    
    <tag k="type" v="lanelet"/>
    
  
  </relation>
  
  
  <relation id="12700087" version="1">
    
    
    <member type="way" ref="201237" role="left"/>
    
    
    <member type="way" ref="201243" role="right"/>
    
    
    <tag k="location" v="urban"/>
    
    
    <tag k="region" v="kr"/>
    
    
    <tag k="speed_limit" v="60km/h"/>
    
    
    <tag k="subtype" v="road"/>
    
    
    <tag k="type" v="lanelet"/>
    
  
  </relation>
  
  
  <relation id="12700088" version="1">
    
    
    <member type="way" ref="201253" role="left"/>
    
    
    <member type="way" ref="201258" role="right"/>
    
    
    <tag k="location" v="urban"/>
    
    
    <tag k="region" v="kr"/>
    
    
    <tag k="speed_limit" v="60km/h"/>
    
    
    <tag k="subtype" v="road"/>
    
    
    <tag k="type" v="lanelet"/>
    
  
  </relation>
  
  
  <relation id="12700090" version="1">
    
    
    <member type="way" ref="201266" role="left"/>
    
    
    <member type="way" ref="201274" role="right"/>
    
    
    <tag k="location" v="urban"/>
    
    
    <tag k="region" v="kr"/>
    
    
    <tag k="speed_limit" v="60km/h"/>
    
    
    <tag k="subtype" v="road"/>
    
    
    <tag k="type" v="lanelet"/>
    
  
  </relation>
  
  
  <relation id="12700091" version="1">
    
    
    <member type="way" ref="201286" role="left"/>
    
    
    <member type="way" ref="201292" role="right"/>
    
    
    <member type="relation" ref="1270012745" role="regulatory_element"/>
    
    
    <tag k="location" v="urban"/>
    
    
    <tag k="region" v="kr"/>
    
    
    <tag k="speed_limit" v="60km/h"/>
    
    
    <tag k="subtype" v="road"/>
    
    
    <tag k="turn_direction" v="right"/>
    
    
    <tag k="type" v="lanelet"/>
    
  
  </relation>
  
  
  <relation id="12700092" version="1">
    
    
    <member type="way" ref="201303" role="left"/>
    
    
    <member type="way" ref="201309" role="right"/>
    
    
    <member type="relation" ref="1270012723" role="regulatory_element"/>
    
    
    <tag k="location" v="urban"/>
    
    
    <tag k="region" v="kr"/>
    
    
    <tag k="speed_limit" v="60km/h"/>
    
    
    <tag k="subtype" v="road"/>
    
    
    <tag k="turn_direction" v="right"/>
    
    
    <tag k="type" v="lanelet"/>
    
  
  </relation>
  
  
  <relation id="12700093" version="1">
    
    
    <member type="way" ref="201321" role="left"/>
    
    
    <member type="way" ref="201326" role="right"/>
    
    
    <tag k="location" v="urban"/>
    
    
    <tag k="region" v="kr"/>
    
    
    <tag k="speed_limit" v="60km/h"/>
    
    
    <tag k="subtype" v="road"/>
    
    
    <tag k="type" v="lanelet"/>
    
  
  </relation>
  
  
  <relation id="12700094" version="1">
    
    
    <member type="way" ref="201336" role="left"/>
    
    
    <member type="way" ref="201341" role="right"/>
    
    
    <tag k="location" v="urban"/>
    
    
    <tag k="region" v="kr"/>
    
    
    <tag k="speed_limit" v="60km/h"/>
    
    
    <tag k="subtype" v="road"/>
    
    
    <tag k="type" v="lanelet"/>
    
  
  </relation>
  
  
  <relation id="12700095" version="1">
    
    
    <member type="way" ref="201351" role="left"/>
    
    
    <member type="way" ref="201357" role="right"/>
    
    
    <member type="relation" ref="1270012663" role="regulatory_element"/>
    
    
    <tag k="location" v="urban"/>
    
    
    <tag k="region" v="kr"/>
    
    
    <tag k="speed_limit" v="60km/h"/>
    
    
    <tag k="subtype" v="road"/>
    
    
    <tag k="turn_direction" v="right"/>
    
    
    <tag k="type" v="lanelet"/>
    
  
  </relation>
  
  
  <relation id="12700096" version="1">
    
    
    <member type="way" ref="201391" role="left"/>
    
    
    <member type="way" ref="201392" role="right"/>
    
    
    <tag k="location" v="urban"/>
    
    
    <tag k="region" v="kr"/>
    
    
    <tag k="speed_limit" v="60km/h"/>
    
    
    <tag k="subtype" v="road"/>
    
    
    <tag k="type" v="lanelet"/>
    
  
  </relation>
  
  
  <relation id="12700097" version="1">
    
    
    <member type="way" ref="201368" role="left"/>
    
    
    <member type="way" ref="201369" role="right"/>
    
    
    <tag k="location" v="urban"/>
    
    
    <tag k="region" v="kr"/>
    
    
    <tag k="speed_limit" v="60km/h"/>
    
    
    <tag k="subtype" v="road"/>
    
    
    <tag k="type" v="lanelet"/>
    
  
  </relation>
  
  
  <relation id="12700098" version="1">
    
    
    <member type="way" ref="201143" role="left"/>
    
    
    <member type="way" ref="201373" role="right"/>
    
    
    <tag k="location" v="urban"/>
    
    
    <tag k="region" v="kr"/>
    
    
    <tag k="speed_limit" v="60km/h"/>
    
    
    <tag k="subtype" v="road"/>
    
    
    <tag k="type" v="lanelet"/>
    
  
  </relation>
  
  
  <relation id="12700099" version="1">
    
    
    <member type="way" ref="201379" role="left"/>
    
    
    <member type="way" ref="201380" role="right"/>
    
    
    <tag k="location" v="urban"/>
    
    
    <tag k="region" v="kr"/>
    
    
    <tag k="speed_limit" v="60km/h"/>
    
    
    <tag k="subtype" v="road"/>
    
    
    <tag k="type" v="lanelet"/>
    
  
  </relation>
  
  
  <relation id="12700102" version="1">
    
    
    <member type="way" ref="201382" role="left"/>
    
    
    <member type="way" ref="201383" role="right"/>
    
    
    <tag k="location" v="urban"/>
    
    
    <tag k="region" v="kr"/>
    
    
    <tag k="speed_limit" v="60km/h"/>
    
    
    <tag k="subtype" v="road"/>
    
    
    <tag k="type" v="lanelet"/>
    
  
  </relation>
  
  
  <relation id="12700103" version="1">
    
    
    <member type="way" ref="201111" role="left"/>
    
    
    <member type="way" ref="201114" role="right"/>
    
    
    <tag k="location" v="urban"/>
    
    
    <tag k="region" v="kr"/>
    
    
    <tag k="speed_limit" v="60km/h"/>
    
    
    <tag k="subtype" v="road"/>
    
    
    <tag k="type" v="lanelet"/>
    
  
  </relation>
  
  
  <relation id="12700106" version="1">
    
    
    <member type="way" ref="201394" role="left"/>
    
    
    <member type="way" ref="201396" role="right"/>
    
    
    <tag k="location" v="urban"/>
    
    
    <tag k="region" v="kr"/>
    
    
    <tag k="speed_limit" v="60km/h"/>
    
    
    <tag k="subtype" v="road"/>
    
    
    <tag k="type" v="lanelet"/>
    
  
  </relation>
  
  
  <relation id="12700107" version="1">
    
    
    <member type="way" ref="201400" role="left"/>
    
    
    <member type="way" ref="201401" role="right"/>
    
    
    <tag k="location" v="urban"/>
    
    
    <tag k="region" v="kr"/>
    
    
    <tag k="speed_limit" v="60km/h"/>
    
    
    <tag k="subtype" v="road"/>
    
    
    <tag k="type" v="lanelet"/>
    
  
  </relation>
  
  
  <relation id="12700108" version="1">
    
    
    <member type="way" ref="201410" role="left"/>
    
    
    <member type="way" ref="201411" role="right"/>
    
    
    <tag k="location" v="urban"/>
    
    
    <tag k="region" v="kr"/>
    
    
    <tag k="speed_limit" v="60km/h"/>
    
    
    <tag k="subtype" v="road"/>
    
    
    <tag k="type" v="lanelet"/>
    
  
  </relation>
  
  
  <relation id="12700109" version="1">
    
    
    <member type="way" ref="201403" role="left"/>
    
    
    <member type="way" ref="201404" role="right"/>
    
    
    <tag k="location" v="urban"/>
    
    
    <tag k="region" v="kr"/>
    
    
    <tag k="speed_limit" v="60km/h"/>
    
    
    <tag k="subtype" v="road"/>
    
    
    <tag k="type" v="lanelet"/>
    
  
  </relation>
  
  
  <relation id="12700110" version="1">
    
    
    <member type="way" ref="201413" role="left"/>
    
    
    <member type="way" ref="201410" role="right"/>
    
    
    <tag k="location" v="urban"/>
    
    
    <tag k="region" v="kr"/>
    
    
    <tag k="speed_limit" v="60km/h"/>
    
    
    <tag k="subtype" v="road"/>
    
    
    <tag k="type" v="lanelet"/>
    
  
  </relation>
  
  
  <relation id="12700111" version="1">
    
    
    <member type="way" ref="201406" role="left"/>
    
    
    <member type="way" ref="201403" role="right"/>
    
    
    <tag k="location" v="urban"/>
    
    
    <tag k="region" v="kr"/>
    
    
    <tag k="speed_limit" v="60km/h"/>
    
    
    <tag k="subtype" v="road"/>
    
    
    <tag k="type" v="lanelet"/>
    
  
  </relation>
  
  
  <relation id="12700112" version="1">
    
    
    <member type="way" ref="200524" role="left"/>
    
    
    <member type="way" ref="200527" role="right"/>
    
    
    <tag k="location" v="urban"/>
    
    
    <tag k="region" v="kr"/>
    
    
    <tag k="speed_limit" v="60km/h"/>
    
    
    <tag k="subtype" v="road"/>
    
    
    <tag k="type" v="lanelet"/>
    
  
  </relation>
  
  
  <relation id="12700113" version="1">
    
    
    <member type="way" ref="200527" role="left"/>
    
    
    <member type="way" ref="200533" role="right"/>
    
    
    <tag k="location" v="urban"/>
    
    
    <tag k="region" v="kr"/>
    
    
    <tag k="speed_limit" v="60km/h"/>
    
    
    <tag k="subtype" v="road"/>
    
    
    <tag k="type" v="lanelet"/>
    
  
  </relation>
  
  
  <relation id="12700116" version="1">
    
    
    <member type="way" ref="201415" role="left"/>
    
    
    <member type="way" ref="201416" role="right"/>
    
    
    <tag k="location" v="urban"/>
    
    
    <tag k="region" v="kr"/>
    
    
    <tag k="speed_limit" v="60km/h"/>
    
    
    <tag k="subtype" v="road"/>
    
    
    <tag k="type" v="lanelet"/>
    
  
  </relation>
  
  
  <relation id="12700117" version="1">
    
    
    <member type="way" ref="201418" role="left"/>
    
    
    <member type="way" ref="201420" role="right"/>
    
    
    <tag k="location" v="urban"/>
    
    
    <tag k="region" v="kr"/>
    
    
    <tag k="speed_limit" v="60km/h"/>
    
    
    <tag k="subtype" v="road"/>
    
    
    <tag k="type" v="lanelet"/>
    
  
  </relation>
  
  
  <relation id="12700118" version="1">
    
    
    <member type="way" ref="201428" role="left"/>
    
    
    <member type="way" ref="201418" role="right"/>
    
    
    <tag k="location" v="urban"/>
    
    
    <tag k="region" v="kr"/>
    
    
    <tag k="speed_limit" v="60km/h"/>
    
    
    <tag k="subtype" v="road"/>
    
    
    <tag k="type" v="lanelet"/>
    
  
  </relation>
  
  
  <relation id="12700119" version="1">
    
    
    <member type="way" ref="201432" role="left"/>
    
    
    <member type="way" ref="201434" role="right"/>
    
    
    <tag k="location" v="urban"/>
    
    
    <tag k="region" v="kr"/>
    
    
    <tag k="speed_limit" v="60km/h"/>
    
    
    <tag k="subtype" v="road"/>
    
    
    <tag k="type" v="lanelet"/>
    
  
  </relation>
  
  
  <relation id="12700123" version="1">
    
    
    <member type="way" ref="201442" role="left"/>
    
    
    <member type="way" ref="201445" role="right"/>
    
    
    <tag k="location" v="urban"/>
    
    
    <tag k="region" v="kr"/>
    
    
    <tag k="speed_limit" v="60km/h"/>
    
    
    <tag k="subtype" v="road"/>
    
    
    <tag k="type" v="lanelet"/>
    
  
  </relation>
  
  
  <relation id="12700124" version="1">
    
    
    <member type="way" ref="201469" role="left"/>
    
    
    <member type="way" ref="201483" role="right"/>
    
    
    <tag k="location" v="urban"/>
    
    
    <tag k="region" v="kr"/>
    
    
    <tag k="speed_limit" v="60km/h"/>
    
    
    <tag k="subtype" v="road"/>
    
    
    <tag k="type" v="lanelet"/>
    
  
  </relation>
  
  
  <relation id="12700125" version="1">
    
    
    <member type="way" ref="201463" role="left"/>
    
    
    <member type="way" ref="201465" role="right"/>
    
    
    <tag k="location" v="urban"/>
    
    
    <tag k="region" v="kr"/>
    
    
    <tag k="speed_limit" v="60km/h"/>
    
    
    <tag k="subtype" v="road"/>
    
    
    <tag k="type" v="lanelet"/>
    
  
  </relation>
  
  
  <relation id="12700126" version="1">
    
    
    <member type="way" ref="201465" role="left"/>
    
    
    <member type="way" ref="201469" role="right"/>
    
    
    <tag k="location" v="urban"/>
    
    
    <tag k="region" v="kr"/>
    
    
    <tag k="speed_limit" v="60km/h"/>
    
    
    <tag k="subtype" v="road"/>
    
    
    <tag k="type" v="lanelet"/>
    
  
  </relation>
  
  
  <relation id="12700127" version="1">
    
    
    <member type="way" ref="201451" role="left"/>
    
    
    <member type="way" ref="201454" role="right"/>
    
    
    <tag k="location" v="urban"/>
    
    
    <tag k="region" v="kr"/>
    
    
    <tag k="speed_limit" v="60km/h"/>
    
    
    <tag k="subtype" v="road"/>
    
    
    <tag k="type" v="lanelet"/>
    
  
  </relation>
  
  
  <relation id="12700128" version="1">
    
    
    <member type="way" ref="201454" role="left"/>
    
    
    <member type="way" ref="201442" role="right"/>
    
    
    <tag k="location" v="urban"/>
    
    
    <tag k="region" v="kr"/>
    
    
    <tag k="speed_limit" v="60km/h"/>
    
    
    <tag k="subtype" v="road"/>
    
    
    <tag k="type" v="lanelet"/>
    
  
  </relation>
  
  
  <relation id="12700129" version="1">
    
    
    <member type="way" ref="201475" role="left"/>
    
    
    <member type="way" ref="201487" role="right"/>
    
    
    <tag k="location" v="urban"/>
    
    
    <tag k="region" v="kr"/>
    
    
    <tag k="speed_limit" v="60km/h"/>
    
    
    <tag k="subtype" v="road"/>
    
    
    <tag k="type" v="lanelet"/>
    
  
  </relation>
  
  
  <relation id="12700130" version="1">
    
    
    <member type="way" ref="201479" role="left"/>
    
    
    <member type="way" ref="201473" role="right"/>
    
    
    <tag k="location" v="urban"/>
    
    
    <tag k="region" v="kr"/>
    
    
    <tag k="speed_limit" v="60km/h"/>
    
    
    <tag k="subtype" v="road"/>
    
    
    <tag k="type" v="lanelet"/>
    
  
  </relation>
  
  
  <relation id="12700131" version="1">
    
    
    <member type="way" ref="201473" role="left"/>
    
    
    <member type="way" ref="201475" role="right"/>
    
    
    <tag k="location" v="urban"/>
    
    
    <tag k="region" v="kr"/>
    
    
    <tag k="speed_limit" v="60km/h"/>
    
    
    <tag k="subtype" v="road"/>
    
    
    <tag k="type" v="lanelet"/>
    
  
  </relation>
  
  
  <relation id="23100014" version="1">
    
    
    <member type="way" ref="1270012232" role="left"/>
    
    
    <member type="way" ref="1270012237" role="right"/>
    
    
    <tag k="location" v="urban"/>
    
    
    <tag k="one_way" v="false"/>
    
    
    <tag k="region" v="kr"/>
    
    
    <tag k="subtype" v="crosswalk"/>
    
    
    <tag k="type" v="lanelet"/>
    
  
  </relation>
  
  
  <relation id="23100021" version="1">
    
    
    <member type="way" ref="1270012243" role="left"/>
    
    
    <member type="way" ref="1270012248" role="right"/>
    
    
    <tag k="location" v="urban"/>
    
    
    <tag k="one_way" v="false"/>
    
    
    <tag k="region" v="kr"/>
    
    
    <tag k="subtype" v="crosswalk"/>
    
    
    <tag k="type" v="lanelet"/>
    
  
  </relation>
  
  
  <relation id="23100022" version="1">
    
    
    <member type="way" ref="1270012253" role="left"/>
    
    
    <member type="way" ref="1270012258" role="right"/>
    
    
    <tag k="location" v="urban"/>
    
    
    <tag k="one_way" v="false"/>
    
    
    <tag k="region" v="kr"/>
    
    
    <tag k="subtype" v="crosswalk"/>
    
    
    <tag k="type" v="lanelet"/>
    
  
  </relation>
  
  
  <relation id="23400003" version="1">
    
    
    <member type="way" ref="1270012577" role="left"/>
    
    
    <member type="way" ref="1270012582" role="right"/>
    
    
    <tag k="location" v="urban"/>
    
    
    <tag k="one_way" v="false"/>
    
    
    <tag k="region" v="kr"/>
    
    
    <tag k="subtype" v="crosswalk"/>
    
    
    <tag k="type" v="lanelet"/>
    
  
  </relation>
  
  
  <relation id="23400004" version="1">
    
    
    <member type="way" ref="1270012587" role="left"/>
    
    
    <member type="way" ref="1270012592" role="right"/>
    
    
    <tag k="location" v="urban"/>
    
    
    <tag k="one_way" v="false"/>
    
    
    <tag k="region" v="kr"/>
    
    
    <tag k="subtype" v="crosswalk"/>
    
    
    <tag k="type" v="lanelet"/>
    
  
  </relation>
  
  
  <relation id="23700001" version="1">
    
    
    <member type="way" ref="1270012264" role="left"/>
    
    
    <member type="way" ref="1270012268" role="right"/>
    
    
    <tag k="location" v="urban"/>
    
    
    <tag k="one_way" v="false"/>
    
    
    <tag k="region" v="kr"/>
    
    
    <tag k="subtype" v="crosswalk"/>
    
    
    <tag k="type" v="lanelet"/>
    
  
  </relation>
  
  
  <relation id="23700002" version="1">
    
    
    <member type="way" ref="1270012273" role="left"/>
    
    
    <member type="way" ref="1270012279" role="right"/>
    
    
    <tag k="location" v="urban"/>
    
    
    <tag k="one_way" v="false"/>
    
    
    <tag k="region" v="kr"/>
    
    
    <tag k="subtype" v="crosswalk"/>
    
    
    <tag k="type" v="lanelet"/>
    
  
  </relation>
  
  
  <relation id="23700003" version="1">
    
    
    <member type="way" ref="1270012283" role="left"/>
    
    
    <member type="way" ref="1270012287" role="right"/>
    
    
    <tag k="location" v="urban"/>
    
    
    <tag k="one_way" v="false"/>
    
    
    <tag k="region" v="kr"/>
    
    
    <tag k="subtype" v="crosswalk"/>
    
    
    <tag k="type" v="lanelet"/>
    
  
  </relation>
  
  
  <relation id="23700004" version="1">
    
    
    <member type="way" ref="1270012291" role="left"/>
    
    
    <member type="way" ref="1270012296" role="right"/>
    
    
    <tag k="location" v="urban"/>
    
    
    <tag k="one_way" v="false"/>
    
    
    <tag k="region" v="kr"/>
    
    
    <tag k="subtype" v="crosswalk"/>
    
    
    <tag k="type" v="lanelet"/>
    
  
  </relation>
  
  
  <relation id="23700005" version="1">
    
    
    <member type="way" ref="1270012301" role="left"/>
    
    
    <member type="way" ref="1270012308" role="right"/>
    
    
    <tag k="location" v="urban"/>
    
    
    <tag k="one_way" v="false"/>
    
    
    <tag k="region" v="kr"/>
    
    
    <tag k="subtype" v="crosswalk"/>
    
    
    <tag k="type" v="lanelet"/>
    
  
  </relation>
  
  
  <relation id="23700006" version="1">
    
    
    <member type="way" ref="1270012315" role="left"/>
    
    
    <member type="way" ref="1270012322" role="right"/>
    
    
    <tag k="location" v="urban"/>
    
    
    <tag k="one_way" v="false"/>
    
    
    <tag k="region" v="kr"/>
    
    
    <tag k="subtype" v="crosswalk"/>
    
    
    <tag k="type" v="lanelet"/>
    
  
  </relation>
  
  
  <relation id="23700007" version="1">
    
    
    <member type="way" ref="1270012328" role="left"/>
    
    
    <member type="way" ref="1270012336" role="right"/>
    
    
    <tag k="location" v="urban"/>
    
    
    <tag k="one_way" v="false"/>
    
    
    <tag k="region" v="kr"/>
    
    
    <tag k="subtype" v="crosswalk"/>
    
    
    <tag k="type" v="lanelet"/>
    
  
  </relation>
  
  
  <relation id="23700008" version="1">
    
    
    <member type="way" ref="1270012344" role="left"/>
    
    
    <member type="way" ref="1270012353" role="right"/>
    
    
    <tag k="location" v="urban"/>
    
    
    <tag k="one_way" v="false"/>
    
    
    <tag k="region" v="kr"/>
    
    
    <tag k="subtype" v="crosswalk"/>
    
    
    <tag k="type" v="lanelet"/>
    
  
  </relation>
  
  
  <relation id="23700009" version="1">
    
    
    <member type="way" ref="1270012360" role="left"/>
    
    
    <member type="way" ref="1270012365" role="right"/>
    
    
    <tag k="location" v="urban"/>
    
    
    <tag k="one_way" v="false"/>
    
    
    <tag k="region" v="kr"/>
    
    
    <tag k="subtype" v="crosswalk"/>
    
    
    <tag k="type" v="lanelet"/>
    
  
  </relation>
  
  
  <relation id="23700010" version="1">
    
    
    <member type="way" ref="1270012371" role="left"/>
    
    
    <member type="way" ref="1270012375" role="right"/>
    
    
    <tag k="location" v="urban"/>
    
    
    <tag k="one_way" v="false"/>
    
    
    <tag k="region" v="kr"/>
    
    
    <tag k="subtype" v="crosswalk"/>
    
    
    <tag k="type" v="lanelet"/>
    
  
  </relation>
  
  
  <relation id="23700011" version="1">
    
    
    <member type="way" ref="1270012379" role="left"/>
    
    
    <member type="way" ref="1270012385" role="right"/>
    
    
    <tag k="location" v="urban"/>
    
    
    <tag k="one_way" v="false"/>
    
    
    <tag k="region" v="kr"/>
    
    
    <tag k="subtype" v="crosswalk"/>
    
    
    <tag k="type" v="lanelet"/>
    
  
  </relation>
  
  
  <relation id="23700012" version="1">
    
    
    <member type="way" ref="1270012392" role="left"/>
    
    
    <member type="way" ref="1270012399" role="right"/>
    
    
    <tag k="location" v="urban"/>
    
    
    <tag k="one_way" v="false"/>
    
    
    <tag k="region" v="kr"/>
    
    
    <tag k="subtype" v="crosswalk"/>
    
    
    <tag k="type" v="lanelet"/>
    
  
  </relation>
  
  
  <relation id="23700013" version="1">
    
    
    <member type="way" ref="1270012407" role="left"/>
    
    
    <member type="way" ref="1270012411" role="right"/>
    
    
    <tag k="location" v="urban"/>
    
    
    <tag k="one_way" v="false"/>
    
    
    <tag k="region" v="kr"/>
    
    
    <tag k="subtype" v="crosswalk"/>
    
    
    <tag k="type" v="lanelet"/>
    
  
  </relation>
  
  
  <relation id="23700014" version="1">
    
    
    <member type="way" ref="1270012416" role="left"/>
    
    
    <member type="way" ref="1270012420" role="right"/>
    
    
    <tag k="location" v="urban"/>
    
    
    <tag k="one_way" v="false"/>
    
    
    <tag k="region" v="kr"/>
    
    
    <tag k="subtype" v="crosswalk"/>
    
    
    <tag k="type" v="lanelet"/>
    
  
  </relation>
  
  
  <relation id="23700015" version="1">
    
    
    <member type="way" ref="1270012425" role="left"/>
    
    
    <member type="way" ref="1270012429" role="right"/>
    
    
    <tag k="location" v="urban"/>
    
    
    <tag k="one_way" v="false"/>
    
    
    <tag k="region" v="kr"/>
    
    
    <tag k="subtype" v="crosswalk"/>
    
    
    <tag k="type" v="lanelet"/>
    
  
  </relation>
  
  
  <relation id="23700016" version="1">
    
    
    <member type="way" ref="1270012433" role="left"/>
    
    
    <member type="way" ref="1270012440" role="right"/>
    
    
    <tag k="location" v="urban"/>
    
    
    <tag k="one_way" v="false"/>
    
    
    <tag k="region" v="kr"/>
    
    
    <tag k="subtype" v="crosswalk"/>
    
    
    <tag k="type" v="lanelet"/>
    
  
  </relation>
  
  
  <relation id="23700017" version="1">
    
    
    <member type="way" ref="1270012447" role="left"/>
    
    
    <member type="way" ref="1270012454" role="right"/>
    
    
    <tag k="location" v="urban"/>
    
    
    <tag k="one_way" v="false"/>
    
    
    <tag k="region" v="kr"/>
    
    
    <tag k="subtype" v="crosswalk"/>
    
    
    <tag k="type" v="lanelet"/>
    
  
  </relation>
  
  
  <relation id="23700018" version="1">
    
    
    <member type="way" ref="1270012461" role="left"/>
    
    
    <member type="way" ref="1270012466" role="right"/>
    
    
    <tag k="location" v="urban"/>
    
    
    <tag k="one_way" v="false"/>
    
    
    <tag k="region" v="kr"/>
    
    
    <tag k="subtype" v="crosswalk"/>
    
    
    <tag k="type" v="lanelet"/>
    
  
  </relation>
  
  
  <relation id="23700019" version="1">
    
    
    <member type="way" ref="1270012470" role="left"/>
    
    
    <member type="way" ref="1270012475" role="right"/>
    
    
    <tag k="location" v="urban"/>
    
    
    <tag k="one_way" v="false"/>
    
    
    <tag k="region" v="kr"/>
    
    
    <tag k="subtype" v="crosswalk"/>
    
    
    <tag k="type" v="lanelet"/>
    
  
  </relation>
  
  
  <relation id="23700020" version="1">
    
    
    <member type="way" ref="1270012479" role="left"/>
    
    
    <member type="way" ref="1270012483" role="right"/>
    
    
    <tag k="location" v="urban"/>
    
    
    <tag k="one_way" v="false"/>
    
    
    <tag k="region" v="kr"/>
    
    
    <tag k="subtype" v="crosswalk"/>
    
    
    <tag k="type" v="lanelet"/>
    
  
  </relation>
  
  
  <relation id="23700021" version="1">
    
    
    <member type="way" ref="1270012489" role="left"/>
    
    
    <member type="way" ref="1270012493" role="right"/>
    
    
    <tag k="location" v="urban"/>
    
    
    <tag k="one_way" v="false"/>
    
    
    <tag k="region" v="kr"/>
    
    
    <tag k="subtype" v="crosswalk"/>
    
    
    <tag k="type" v="lanelet"/>
    
  
  </relation>
  
  
  <relation id="23700022" version="1">
    
    
    <member type="way" ref="1270012497" role="left"/>
    
    
    <member type="way" ref="1270012501" role="right"/>
    
    
    <tag k="location" v="urban"/>
    
    
    <tag k="one_way" v="false"/>
    
    
    <tag k="region" v="kr"/>
    
    
    <tag k="subtype" v="crosswalk"/>
    
    
    <tag k="type" v="lanelet"/>
    
  
  </relation>
  
  
  <relation id="23700023" version="1">
    
    
    <member type="way" ref="1270012507" role="left"/>
    
    
    <member type="way" ref="1270012515" role="right"/>
    
    
    <tag k="location" v="urban"/>
    
    
    <tag k="one_way" v="false"/>
    
    
    <tag k="region" v="kr"/>
    
    
    <tag k="subtype" v="crosswalk"/>
    
    
    <tag k="type" v="lanelet"/>
    
  
  </relation>
  
  
  <relation id="23700024" version="1">
    
    
    <member type="way" ref="1270012522" role="left"/>
    
    
    <member type="way" ref="1270012528" role="right"/>
    
    
    <tag k="location" v="urban"/>
    
    
    <tag k="one_way" v="false"/>
    
    
    <tag k="region" v="kr"/>
    
    
    <tag k="subtype" v="crosswalk"/>
    
    
    <tag k="type" v="lanelet"/>
    
  
  </relation>
  
  
  <relation id="23700025" version="1">
    
    
    <member type="way" ref="1270012533" role="left"/>
    
    
    <member type="way" ref="1270012540" role="right"/>
    
    
    <tag k="location" v="urban"/>
    
    
    <tag k="one_way" v="false"/>
    
    
    <tag k="region" v="kr"/>
    
    
    <tag k="subtype" v="crosswalk"/>
    
    
    <tag k="type" v="lanelet"/>
    
  
  </relation>
  
  
  <relation id="23700026" version="1">
    
    
    <member type="way" ref="1270012547" role="left"/>
    
    
    <member type="way" ref="1270012554" role="right"/>
    
    
    <tag k="location" v="urban"/>
    
    
    <tag k="one_way" v="false"/>
    
    
    <tag k="region" v="kr"/>
    
    
    <tag k="subtype" v="crosswalk"/>
    
    
    <tag k="type" v="lanelet"/>
    
  
  </relation>
  
  
  <relation id="23700027" version="1">
    
    
    <member type="way" ref="1270012561" role="left"/>
    
    
    <member type="way" ref="1270012565" role="right"/>
    
    
    <tag k="location" v="urban"/>
    
    
    <tag k="one_way" v="false"/>
    
    
    <tag k="region" v="kr"/>
    
    
    <tag k="subtype" v="crosswalk"/>
    
    
    <tag k="type" v="lanelet"/>
    
  
  </relation>
  
  
  <relation id="23700028" version="1">
    
    
    <member type="way" ref="1270012569" role="left"/>
    
    
    <member type="way" ref="1270012573" role="right"/>
    
    
    <tag k="location" v="urban"/>
    
    
    <tag k="one_way" v="false"/>
    
    
    <tag k="region" v="kr"/>
    
    
    <tag k="subtype" v="crosswalk"/>
    
    
    <tag k="type" v="lanelet"/>
    
  
  </relation>
  
  
  <relation id="120002011" version="1">
    
    
    <member type="way" ref="202024" role="left"/>
    
    
    <member type="way" ref="202027" role="right"/>
    
    
    <tag k="location" v="urban"/>
    
    
    <tag k="region" v="kr"/>
    
    
    <tag k="speed_limit" v="60km/h"/>
    
    
    <tag k="subtype" v="road"/>
    
    
    <tag k="type" v="lanelet"/>
    
  
  </relation>
  
  
  <relation id="120002012" version="1">
    
    
    <member type="way" ref="202033" role="left"/>
    
    
    <member type="way" ref="202035" role="right"/>
    
    
    <tag k="location" v="urban"/>
    
    
    <tag k="region" v="kr"/>
    
    
    <tag k="speed_limit" v="60km/h"/>
    
    
    <tag k="subtype" v="road"/>
    
    
    <tag k="type" v="lanelet"/>
    
  
  </relation>
  
  
  <relation id="120002014" version="1">
    
    
    <member type="way" ref="202039" role="left"/>
    
    
    <member type="way" ref="202048" role="right"/>
    
    
    <tag k="location" v="urban"/>
    
    
    <tag k="region" v="kr"/>
    
    
    <tag k="speed_limit" v="60km/h"/>
    
    
    <tag k="subtype" v="road"/>
    
    
    <tag k="type" v="lanelet"/>
    
  
  </relation>
  
  
  <relation id="120002110" version="1">
    
    
    <member type="way" ref="202137" role="left"/>
    
    
    <member type="way" ref="202139" role="right"/>
    
    
    <tag k="location" v="urban"/>
    
    
    <tag k="region" v="kr"/>
    
    
    <tag k="speed_limit" v="60km/h"/>
    
    
    <tag k="subtype" v="road"/>
    
    
    <tag k="type" v="lanelet"/>
    
  
  </relation>
  
  
  <relation id="120002111" version="1">
    
    
    <member type="way" ref="202143" role="left"/>
    
    
    <member type="way" ref="202145" role="right"/>
    
    
    <tag k="location" v="urban"/>
    
    
    <tag k="region" v="kr"/>
    
    
    <tag k="speed_limit" v="60km/h"/>
    
    
    <tag k="subtype" v="road"/>
    
    
    <tag k="type" v="lanelet"/>
    
  
  </relation>
  
  
  <relation id="120002112" version="1">
    
    
    <member type="way" ref="202149" role="left"/>
    
    
    <member type="way" ref="202151" role="right"/>
    
    
    <tag k="location" v="urban"/>
    
    
    <tag k="region" v="kr"/>
    
    
    <tag k="speed_limit" v="60km/h"/>
    
    
    <tag k="subtype" v="road"/>
    
    
    <tag k="type" v="lanelet"/>
    
  
  </relation>
  
  
  <relation id="120002113" version="1">
    
    
    <member type="way" ref="202155" role="left"/>
    
    
    <member type="way" ref="202157" role="right"/>
    
    
    <tag k="location" v="urban"/>
    
    
    <tag k="region" v="kr"/>
    
    
    <tag k="speed_limit" v="60km/h"/>
    
    
    <tag k="subtype" v="road"/>
    
    
    <tag k="type" v="lanelet"/>
    
  
  </relation>
  
  
  <relation id="120013110" version="1">
    
    
    <member type="way" ref="202723" role="left"/>
    
    
    <member type="way" ref="202725" role="right"/>
    
    
    <tag k="location" v="urban"/>
    
    
    <tag k="region" v="kr"/>
    
    
    <tag k="speed_limit" v="60km/h"/>
    
    
    <tag k="subtype" v="road"/>
    
    
    <tag k="type" v="lanelet"/>
    
  
  </relation>
  
  
  <relation id="120013111" version="1">
    
    
    <member type="way" ref="202729" role="left"/>
    
    
    <member type="way" ref="202731" role="right"/>
    
    
    <tag k="location" v="urban"/>
    
    
    <tag k="region" v="kr"/>
    
    
    <tag k="speed_limit" v="60km/h"/>
    
    
    <tag k="subtype" v="road"/>
    
    
    <tag k="type" v="lanelet"/>
    
  
  </relation>
  
  
  <relation id="120013112" version="1">
    
    
    <member type="way" ref="202735" role="left"/>
    
    
    <member type="way" ref="202737" role="right"/>
    
    
    <tag k="location" v="urban"/>
    
    
    <tag k="region" v="kr"/>
    
    
    <tag k="speed_limit" v="60km/h"/>
    
    
    <tag k="subtype" v="road"/>
    
    
    <tag k="type" v="lanelet"/>
    
  
  </relation>
  
  
  <relation id="120013113" version="1">
    
    
    <member type="way" ref="202741" role="left"/>
    
    
    <member type="way" ref="202743" role="right"/>
    
    
    <tag k="location" v="urban"/>
    
    
    <tag k="region" v="kr"/>
    
    
    <tag k="speed_limit" v="60km/h"/>
    
    
    <tag k="subtype" v="road"/>
    
    
    <tag k="type" v="lanelet"/>
    
  
  </relation>
  
  
  <relation id="120013114" version="1">
    
    
    <member type="way" ref="202747" role="left"/>
    
    
    <member type="way" ref="202749" role="right"/>
    
    
    <tag k="location" v="urban"/>
    
    
    <tag k="region" v="kr"/>
    
    
    <tag k="speed_limit" v="60km/h"/>
    
    
    <tag k="subtype" v="road"/>
    
    
    <tag k="type" v="lanelet"/>
    
  
  </relation>
  
  
  <relation id="120013115" version="1">
    
    
    <member type="way" ref="202753" role="left"/>
    
    
    <member type="way" ref="202755" role="right"/>
    
    
    <tag k="location" v="urban"/>
    
    
    <tag k="region" v="kr"/>
    
    
    <tag k="speed_limit" v="60km/h"/>
    
    
    <tag k="subtype" v="road"/>
    
    
    <tag k="type" v="lanelet"/>
    
  
  </relation>
  
  
  <relation id="120013116" version="1">
    
    
    <member type="way" ref="202759" role="left"/>
    
    
    <member type="way" ref="202760" role="right"/>
    
    
    <tag k="location" v="urban"/>
    
    
    <tag k="region" v="kr"/>
    
    
    <tag k="speed_limit" v="60km/h"/>
    
    
    <tag k="subtype" v="road"/>
    
    
    <tag k="type" v="lanelet"/>
    
  
  </relation>
  
  
  <relation id="120013210" version="1">
    
    
    <member type="way" ref="202725" role="left"/>
    
    
    <member type="way" ref="202802" role="right"/>
    
    
    <tag k="location" v="urban"/>
    
    
    <tag k="region" v="kr"/>
    
    
    <tag k="speed_limit" v="60km/h"/>
    
    
    <tag k="subtype" v="road"/>
    
    
    <tag k="type" v="lanelet"/>
    
  
  </relation>
  
  
  <relation id="120013211" version="1">
    
    
    <member type="way" ref="202731" role="left"/>
    
    
    <member type="way" ref="202806" role="right"/>
    
    
    <tag k="location" v="urban"/>
    
    
    <tag k="region" v="kr"/>
    
    
    <tag k="speed_limit" v="60km/h"/>
    
    
    <tag k="subtype" v="road"/>
    
    
    <tag k="type" v="lanelet"/>
    
  
  </relation>
  
  
  <relation id="120013212" version="1">
    
    
    <member type="way" ref="202737" role="left"/>
    
    
    <member type="way" ref="202810" role="right"/>
    
    
    <tag k="location" v="urban"/>
    
    
    <tag k="region" v="kr"/>
    
    
    <tag k="speed_limit" v="60km/h"/>
    
    
    <tag k="subtype" v="road"/>
    
    
    <tag k="type" v="lanelet"/>
    
  
  </relation>
  
  
  <relation id="120013213" version="1">
    
    
    <member type="way" ref="202743" role="left"/>
    
    
    <member type="way" ref="202814" role="right"/>
    
    
    <tag k="location" v="urban"/>
    
    
    <tag k="region" v="kr"/>
    
    
    <tag k="speed_limit" v="60km/h"/>
    
    
    <tag k="subtype" v="road"/>
    
    
    <tag k="type" v="lanelet"/>
    
  
  </relation>
  
  
  <relation id="120013214" version="1">
    
    
    <member type="way" ref="202749" role="left"/>
    
    
    <member type="way" ref="202818" role="right"/>
    
    
    <tag k="location" v="urban"/>
    
    
    <tag k="region" v="kr"/>
    
    
    <tag k="speed_limit" v="60km/h"/>
    
    
    <tag k="subtype" v="road"/>
    
    
    <tag k="type" v="lanelet"/>
    
  
  </relation>
  
  
  <relation id="120013215" version="1">
    
    
    <member type="way" ref="202755" role="left"/>
    
    
    <member type="way" ref="202822" role="right"/>
    
    
    <tag k="location" v="urban"/>
    
    
    <tag k="region" v="kr"/>
    
    
    <tag k="speed_limit" v="60km/h"/>
    
    
    <tag k="subtype" v="road"/>
    
    
    <tag k="type" v="lanelet"/>
    
  
  </relation>
  
  
  <relation id="120013216" version="1">
    
    
    <member type="way" ref="202760" role="left"/>
    
    
    <member type="way" ref="202826" role="right"/>
    
    
    <tag k="location" v="urban"/>
    
    
    <tag k="region" v="kr"/>
    
    
    <tag k="speed_limit" v="60km/h"/>
    
    
    <tag k="subtype" v="road"/>
    
    
    <tag k="type" v="lanelet"/>
    
  
  </relation>
  
  
  <relation id="120013310" version="1">
    
    
    <member type="way" ref="202802" role="left"/>
    
    
    <member type="way" ref="202868" role="right"/>
    
    
    <tag k="location" v="urban"/>
    
    
    <tag k="region" v="kr"/>
    
    
    <tag k="speed_limit" v="60km/h"/>
    
    
    <tag k="subtype" v="road"/>
    
    
    <tag k="type" v="lanelet"/>
    
  
  </relation>
  
  
  <relation id="120013311" version="1">
    
    
    <member type="way" ref="202806" role="left"/>
    
    
    <member type="way" ref="202872" role="right"/>
    
    
    <tag k="location" v="urban"/>
    
    
    <tag k="region" v="kr"/>
    
    
    <tag k="speed_limit" v="60km/h"/>
    
    
    <tag k="subtype" v="road"/>
    
    
    <tag k="type" v="lanelet"/>
    
  
  </relation>
  
  
  <relation id="120013312" version="1">
    
    
    <member type="way" ref="202810" role="left"/>
    
    
    <member type="way" ref="202876" role="right"/>
    
    
    <tag k="location" v="urban"/>
    
    
    <tag k="region" v="kr"/>
    
    
    <tag k="speed_limit" v="60km/h"/>
    
    
    <tag k="subtype" v="road"/>
    
    
    <tag k="type" v="lanelet"/>
    
  
  </relation>
  
  
  <relation id="120013313" version="1">
    
    
    <member type="way" ref="202814" role="left"/>
    
    
    <member type="way" ref="202880" role="right"/>
    
    
    <tag k="location" v="urban"/>
    
    
    <tag k="region" v="kr"/>
    
    
    <tag k="speed_limit" v="60km/h"/>
    
    
    <tag k="subtype" v="road"/>
    
    
    <tag k="type" v="lanelet"/>
    
  
  </relation>
  
  
  <relation id="120013314" version="1">
    
    
    <member type="way" ref="202818" role="left"/>
    
    
    <member type="way" ref="202884" role="right"/>
    
    
    <tag k="location" v="urban"/>
    
    
    <tag k="region" v="kr"/>
    
    
    <tag k="speed_limit" v="60km/h"/>
    
    
    <tag k="subtype" v="road"/>
    
    
    <tag k="type" v="lanelet"/>
    
  
  </relation>
  
  
  <relation id="120013315" version="1">
    
    
    <member type="way" ref="202822" role="left"/>
    
    
    <member type="way" ref="202888" role="right"/>
    
    
    <tag k="location" v="urban"/>
    
    
    <tag k="region" v="kr"/>
    
    
    <tag k="speed_limit" v="60km/h"/>
    
    
    <tag k="subtype" v="road"/>
    
    
    <tag k="type" v="lanelet"/>
    
  
  </relation>
  
  
  <relation id="120013316" version="1">
    
    
    <member type="way" ref="202826" role="left"/>
    
    
    <member type="way" ref="202892" role="right"/>
    
    
    <tag k="location" v="urban"/>
    
    
    <tag k="region" v="kr"/>
    
    
    <tag k="speed_limit" v="60km/h"/>
    
    
    <tag k="subtype" v="road"/>
    
    
    <tag k="type" v="lanelet"/>
    
  
  </relation>
  
  
  <relation id="120014210" version="1">
    
    
    <member type="way" ref="203061" role="left"/>
    
    
    <member type="way" ref="203067" role="right"/>
    
    
    <tag k="location" v="urban"/>
    
    
    <tag k="region" v="kr"/>
    
    
    <tag k="speed_limit" v="60km/h"/>
    
    
    <tag k="subtype" v="road"/>
    
    
    <tag k="type" v="lanelet"/>
    
  
  </relation>
  
  
  <relation id="120014211" version="1">
    
    
    <member type="way" ref="203077" role="left"/>
    
    
    <member type="way" ref="203082" role="right"/>
    
    
    <tag k="location" v="urban"/>
    
    
    <tag k="region" v="kr"/>
    
    
    <tag k="speed_limit" v="60km/h"/>
    
    
    <tag k="subtype" v="road"/>
    
    
    <tag k="type" v="lanelet"/>
    
  
  </relation>
  
  
  <relation id="120014212" version="1">
    
    
    <member type="way" ref="203092" role="left"/>
    
    
    <member type="way" ref="203094" role="right"/>
    
    
    <tag k="location" v="urban"/>
    
    
    <tag k="region" v="kr"/>
    
    
    <tag k="speed_limit" v="60km/h"/>
    
    
    <tag k="subtype" v="road"/>
    
    
    <tag k="type" v="lanelet"/>
    
  
  </relation>
  
  
  <relation id="120014213" version="1">
    
    
    <member type="way" ref="203098" role="left"/>
    
    
    <member type="way" ref="203100" role="right"/>
    
    
    <tag k="location" v="urban"/>
    
    
    <tag k="region" v="kr"/>
    
    
    <tag k="speed_limit" v="60km/h"/>
    
    
    <tag k="subtype" v="road"/>
    
    
    <tag k="type" v="lanelet"/>
    
  
  </relation>
  
  
  <relation id="120014214" version="1">
    
    
    <member type="way" ref="203104" role="left"/>
    
    
    <member type="way" ref="203107" role="right"/>
    
    
    <tag k="location" v="urban"/>
    
    
    <tag k="region" v="kr"/>
    
    
    <tag k="speed_limit" v="60km/h"/>
    
    
    <tag k="subtype" v="road"/>
    
    
    <tag k="type" v="lanelet"/>
    
  
  </relation>
  
  
  <relation id="120014310" version="1">
    
    
    <member type="way" ref="203067" role="left"/>
    
    
    <member type="way" ref="203225" role="right"/>
    
    
    <tag k="location" v="urban"/>
    
    
    <tag k="region" v="kr"/>
    
    
    <tag k="speed_limit" v="60km/h"/>
    
    
    <tag k="subtype" v="road"/>
    
    
    <tag k="type" v="lanelet"/>
    
  
  </relation>
  
  
  <relation id="120014311" version="1">
    
    
    <member type="way" ref="203082" role="left"/>
    
    
    <member type="way" ref="203235" role="right"/>
    
    
    <tag k="location" v="urban"/>
    
    
    <tag k="region" v="kr"/>
    
    
    <tag k="speed_limit" v="60km/h"/>
    
    
    <tag k="subtype" v="road"/>
    
    
    <tag k="type" v="lanelet"/>
    
  
  </relation>
  
  
  <relation id="120014312" version="1">
    
    
    <member type="way" ref="203094" role="left"/>
    
    
    <member type="way" ref="203245" role="right"/>
    
    
    <tag k="location" v="urban"/>
    
    
    <tag k="region" v="kr"/>
    
    
    <tag k="speed_limit" v="60km/h"/>
    
    
    <tag k="subtype" v="road"/>
    
    
    <tag k="type" v="lanelet"/>
    
  
  </relation>
  
  
  <relation id="120014313" version="1">
    
    
    <member type="way" ref="203100" role="left"/>
    
    
    <member type="way" ref="203249" role="right"/>
    
    
    <tag k="location" v="urban"/>
    
    
    <tag k="region" v="kr"/>
    
    
    <tag k="speed_limit" v="60km/h"/>
    
    
    <tag k="subtype" v="road"/>
    
    
    <tag k="type" v="lanelet"/>
    
  
  </relation>
  
  
  <relation id="120014314" version="1">
    
    
    <member type="way" ref="203107" role="left"/>
    
    
    <member type="way" ref="203253" role="right"/>
    
    
    <tag k="location" v="urban"/>
    
    
    <tag k="region" v="kr"/>
    
    
    <tag k="speed_limit" v="60km/h"/>
    
    
    <tag k="subtype" v="road"/>
    
    
    <tag k="type" v="lanelet"/>
    
  
  </relation>
  
  
  <relation id="120014410" version="1">
    
    
    <member type="way" ref="203225" role="left"/>
    
    
    <member type="way" ref="203367" role="right"/>
    
    
    <tag k="location" v="urban"/>
    
    
    <tag k="region" v="kr"/>
    
    
    <tag k="speed_limit" v="60km/h"/>
    
    
    <tag k="subtype" v="road"/>
    
    
    <tag k="type" v="lanelet"/>
    
  
  </relation>
  
  
  <relation id="120014411" version="1">
    
    
    <member type="way" ref="203235" role="left"/>
    
    
    <member type="way" ref="203377" role="right"/>
    
    
    <tag k="location" v="urban"/>
    
    
    <tag k="region" v="kr"/>
    
    
    <tag k="speed_limit" v="60km/h"/>
    
    
    <tag k="subtype" v="road"/>
    
    
    <tag k="type" v="lanelet"/>
    
  
  </relation>
  
  
  <relation id="120014412" version="1">
    
    
    <member type="way" ref="203245" role="left"/>
    
    
    <member type="way" ref="203387" role="right"/>
    
    
    <tag k="location" v="urban"/>
    
    
    <tag k="region" v="kr"/>
    
    
    <tag k="speed_limit" v="60km/h"/>
    
    
    <tag k="subtype" v="road"/>
    
    
    <tag k="type" v="lanelet"/>
    
  
  </relation>
  
  
  <relation id="120014413" version="1">
    
    
    <member type="way" ref="203249" role="left"/>
    
    
    <member type="way" ref="203391" role="right"/>
    
    
    <tag k="location" v="urban"/>
    
    
    <tag k="region" v="kr"/>
    
    
    <tag k="speed_limit" v="60km/h"/>
    
    
    <tag k="subtype" v="road"/>
    
    
    <tag k="type" v="lanelet"/>
    
  
  </relation>
  
  
  <relation id="120014414" version="1">
    
    
    <member type="way" ref="203253" role="left"/>
    
    
    <member type="way" ref="203395" role="right"/>
    
    
    <tag k="location" v="urban"/>
    
    
    <tag k="region" v="kr"/>
    
    
    <tag k="speed_limit" v="60km/h"/>
    
    
    <tag k="subtype" v="road"/>
    
    
    <tag k="type" v="lanelet"/>
    
  
  </relation>
  
  
  <relation id="121001171" version="1">
    
    
    <member type="way" ref="201494" role="left"/>
    
    
    <member type="way" ref="201498" role="right"/>
    
    
    <tag k="location" v="urban"/>
    
    
    <tag k="region" v="kr"/>
    
    
    <tag k="speed_limit" v="60km/h"/>
    
    
    <tag k="subtype" v="road"/>
    
    
    <tag k="type" v="lanelet"/>
    
  
  </relation>
  
  
  <relation id="121001210" version="1">
    
    
    <member type="way" ref="202250" role="left"/>
    
    
    <member type="way" ref="202252" role="right"/>
    
    
    <tag k="location" v="urban"/>
    
    
    <tag k="region" v="kr"/>
    
    
    <tag k="speed_limit" v="60km/h"/>
    
    
    <tag k="subtype" v="road"/>
    
    
    <tag k="type" v="lanelet"/>
    
  
  </relation>
  
  
  <relation id="121001211" version="1">
    
    
    <member type="way" ref="202256" role="left"/>
    
    
    <member type="way" ref="202258" role="right"/>
    
    
    <tag k="location" v="urban"/>
    
    
    <tag k="region" v="kr"/>
    
    
    <tag k="speed_limit" v="60km/h"/>
    
    
    <tag k="subtype" v="road"/>
    
    
    <tag k="type" v="lanelet"/>
    
  
  </relation>
  
  
  <relation id="121001212" version="1">
    
    
    <member type="way" ref="202262" role="left"/>
    
    
    <member type="way" ref="202264" role="right"/>
    
    
    <tag k="location" v="urban"/>
    
    
    <tag k="region" v="kr"/>
    
    
    <tag k="speed_limit" v="60km/h"/>
    
    
    <tag k="subtype" v="road"/>
    
    
    <tag k="type" v="lanelet"/>
    
  
  </relation>
  
  
  <relation id="121001220" version="1">
    
    
    <member type="way" ref="202252" role="left"/>
    
    
    <member type="way" ref="202268" role="right"/>
    
    
    <tag k="location" v="urban"/>
    
    
    <tag k="region" v="kr"/>
    
    
    <tag k="speed_limit" v="60km/h"/>
    
    
    <tag k="subtype" v="road"/>
    
    
    <tag k="type" v="lanelet"/>
    
  
  </relation>
  
  
  <relation id="121001221" version="1">
    
    
    <member type="way" ref="202258" role="left"/>
    
    
    <member type="way" ref="202272" role="right"/>
    
    
    <tag k="location" v="urban"/>
    
    
    <tag k="region" v="kr"/>
    
    
    <tag k="speed_limit" v="60km/h"/>
    
    
    <tag k="subtype" v="road"/>
    
    
    <tag k="type" v="lanelet"/>
    
  
  </relation>
  
  
  <relation id="121001222" version="1">
    
    
    <member type="way" ref="202264" role="left"/>
    
    
    <member type="way" ref="202276" role="right"/>
    
    
    <tag k="location" v="urban"/>
    
    
    <tag k="region" v="kr"/>
    
    
    <tag k="speed_limit" v="60km/h"/>
    
    
    <tag k="subtype" v="road"/>
    
    
    <tag k="type" v="lanelet"/>
    
  
  </relation>
  
  
  <relation id="121001230" version="1">
    
    
    <member type="way" ref="202268" role="left"/>
    
    
    <member type="way" ref="202280" role="right"/>
    
    
    <tag k="location" v="urban"/>
    
    
    <tag k="region" v="kr"/>
    
    
    <tag k="speed_limit" v="60km/h"/>
    
    
    <tag k="subtype" v="road"/>
    
    
    <tag k="type" v="lanelet"/>
    
  
  </relation>
  
  
  <relation id="121001231" version="1">
    
    
    <member type="way" ref="202272" role="left"/>
    
    
    <member type="way" ref="202284" role="right"/>
    
    
    <tag k="location" v="urban"/>
    
    
    <tag k="region" v="kr"/>
    
    
    <tag k="speed_limit" v="60km/h"/>
    
    
    <tag k="subtype" v="road"/>
    
    
    <tag k="type" v="lanelet"/>
    
  
  </relation>
  
  
  <relation id="121001232" version="1">
    
    
    <member type="way" ref="202276" role="left"/>
    
    
    <member type="way" ref="202288" role="right"/>
    
    
    <tag k="location" v="urban"/>
    
    
    <tag k="region" v="kr"/>
    
    
    <tag k="speed_limit" v="60km/h"/>
    
    
    <tag k="subtype" v="road"/>
    
    
    <tag k="type" v="lanelet"/>
    
  
  </relation>
  
  
  <relation id="121001240" version="1">
    
    
    <member type="way" ref="202292" role="left"/>
    
    
    <member type="way" ref="202298" role="right"/>
    
    
    <tag k="location" v="urban"/>
    
    
    <tag k="region" v="kr"/>
    
    
    <tag k="speed_limit" v="60km/h"/>
    
    
    <tag k="subtype" v="road"/>
    
    
    <tag k="type" v="lanelet"/>
    
  
  </relation>
  
  
  <relation id="121001241" version="1">
    
    
    <member type="way" ref="202311" role="left"/>
    
    
    <member type="way" ref="202318" role="right"/>
    
    
    <tag k="location" v="urban"/>
    
    
    <tag k="region" v="kr"/>
    
    
    <tag k="speed_limit" v="60km/h"/>
    
    
    <tag k="subtype" v="road"/>
    
    
    <tag k="type" v="lanelet"/>
    
  
  </relation>
  
  
  <relation id="121001242" version="1">
    
    
    <member type="way" ref="202334" role="left"/>
    
    
    <member type="way" ref="202342" role="right"/>
    
    
    <tag k="location" v="urban"/>
    
    
    <tag k="region" v="kr"/>
    
    
    <tag k="speed_limit" v="60km/h"/>
    
    
    <tag k="subtype" v="road"/>
    
    
    <tag k="type" v="lanelet"/>
    
  
  </relation>
  
  
  <relation id="121001243" version="1">
    
    
    <member type="way" ref="202357" role="left"/>
    
    
    <member type="way" ref="202364" role="right"/>
    
    
    <tag k="location" v="urban"/>
    
    
    <tag k="region" v="kr"/>
    
    
    <tag k="speed_limit" v="60km/h"/>
    
    
    <tag k="subtype" v="road"/>
    
    
    <tag k="type" v="lanelet"/>
    
  
  </relation>
  
  
  <relation id="121001244" version="1">
    
    
    <member type="way" ref="202380" role="left"/>
    
    
    <member type="way" ref="202388" role="right"/>
    
    
    <tag k="location" v="urban"/>
    
    
    <tag k="region" v="kr"/>
    
    
    <tag k="speed_limit" v="60km/h"/>
    
    
    <tag k="subtype" v="road"/>
    
    
    <tag k="type" v="lanelet"/>
    
  
  </relation>
  
  
  <relation id="121001245" version="1">
    
    
    <member type="way" ref="202403" role="left"/>
    
    
    <member type="way" ref="202409" role="right"/>
    
    
    <tag k="location" v="urban"/>
    
    
    <tag k="region" v="kr"/>
    
    
    <tag k="speed_limit" v="60km/h"/>
    
    
    <tag k="subtype" v="road"/>
    
    
    <tag k="type" v="lanelet"/>
    
  
  </relation>
  
  
  <relation id="121001246" version="1">
    
    
    <member type="way" ref="202419" role="left"/>
    
    
    <member type="way" ref="202424" role="right"/>
    
    
    <tag k="location" v="urban"/>
    
    
    <tag k="region" v="kr"/>
    
    
    <tag k="speed_limit" v="60km/h"/>
    
    
    <tag k="subtype" v="road"/>
    
    
    <tag k="type" v="lanelet"/>
    
  
  </relation>
  
  
  <relation id="121001247" version="1">
    
    
    <member type="way" ref="202432" role="left"/>
    
    
    <member type="way" ref="202434" role="right"/>
    
    
    <tag k="location" v="urban"/>
    
    
    <tag k="region" v="kr"/>
    
    
    <tag k="speed_limit" v="60km/h"/>
    
    
    <tag k="subtype" v="road"/>
    
    
    <tag k="type" v="lanelet"/>
    
  
  </relation>
  
  
  <relation id="121001248" version="1">
    
    
    <member type="way" ref="202438" role="left"/>
    
    
    <member type="way" ref="202440" role="right"/>
    
    
    <tag k="location" v="urban"/>
    
    
    <tag k="region" v="kr"/>
    
    
    <tag k="speed_limit" v="60km/h"/>
    
    
    <tag k="subtype" v="road"/>
    
    
    <tag k="type" v="lanelet"/>
    
  
  </relation>
  
  
  <relation id="121001249" version="1">
    
    
    <member type="way" ref="202444" role="left"/>
    
    
    <member type="way" ref="202445" role="right"/>
    
    
    <tag k="location" v="urban"/>
    
    
    <tag k="region" v="kr"/>
    
    
    <tag k="speed_limit" v="60km/h"/>
    
    
    <tag k="subtype" v="road"/>
    
    
    <tag k="type" v="lanelet"/>
    
  
  </relation>
  
  
  <relation id="121001250" version="1">
    
    
    <member type="way" ref="202298" role="left"/>
    
    
    <member type="way" ref="202447" role="right"/>
    
    
    <tag k="location" v="urban"/>
    
    
    <tag k="region" v="kr"/>
    
    
    <tag k="speed_limit" v="60km/h"/>
    
    
    <tag k="subtype" v="road"/>
    
    
    <tag k="type" v="lanelet"/>
    
  
  </relation>
  
  
  <relation id="121001251" version="1">
    
    
    <member type="way" ref="202318" role="left"/>
    
    
    <member type="way" ref="202461" role="right"/>
    
    
    <tag k="location" v="urban"/>
    
    
    <tag k="region" v="kr"/>
    
    
    <tag k="speed_limit" v="60km/h"/>
    
    
    <tag k="subtype" v="road"/>
    
    
    <tag k="type" v="lanelet"/>
    
  
  </relation>
  
  
  <relation id="121001252" version="1">
    
    
    <member type="way" ref="202342" role="left"/>
    
    
    <member type="way" ref="202479" role="right"/>
    
    
    <tag k="location" v="urban"/>
    
    
    <tag k="region" v="kr"/>
    
    
    <tag k="speed_limit" v="60km/h"/>
    
    
    <tag k="subtype" v="road"/>
    
    
    <tag k="type" v="lanelet"/>
    
  
  </relation>
  
  
  <relation id="121001253" version="1">
    
    
    <member type="way" ref="202364" role="left"/>
    
    
    <member type="way" ref="202497" role="right"/>
    
    
    <tag k="location" v="urban"/>
    
    
    <tag k="region" v="kr"/>
    
    
    <tag k="speed_limit" v="60km/h"/>
    
    
    <tag k="subtype" v="road"/>
    
    
    <tag k="type" v="lanelet"/>
    
  
  </relation>
  
  
  <relation id="121001254" version="1">
    
    
    <member type="way" ref="202388" role="left"/>
    
    
    <member type="way" ref="202513" role="right"/>
    
    
    <tag k="location" v="urban"/>
    
    
    <tag k="region" v="kr"/>
    
    
    <tag k="speed_limit" v="60km/h"/>
    
    
    <tag k="subtype" v="road"/>
    
    
    <tag k="type" v="lanelet"/>
    
  
  </relation>
  
  
  <relation id="121001255" version="1">
    
    
    <member type="way" ref="202409" role="left"/>
    
    
    <member type="way" ref="202530" role="right"/>
    
    
    <tag k="location" v="urban"/>
    
    
    <tag k="region" v="kr"/>
    
    
    <tag k="speed_limit" v="60km/h"/>
    
    
    <tag k="subtype" v="road"/>
    
    
    <tag k="type" v="lanelet"/>
    
  
  </relation>
  
  
  <relation id="121001256" version="1">
    
    
    <member type="way" ref="202424" role="left"/>
    
    
    <member type="way" ref="202540" role="right"/>
    
    
    <tag k="location" v="urban"/>
    
    
    <tag k="region" v="kr"/>
    
    
    <tag k="speed_limit" v="60km/h"/>
    
    
    <tag k="subtype" v="road"/>
    
    
    <tag k="type" v="lanelet"/>
    
  
  </relation>
  
  
  <relation id="121001257" version="1">
    
    
    <member type="way" ref="202434" role="left"/>
    
    
    <member type="way" ref="202548" role="right"/>
    
    
    <tag k="location" v="urban"/>
    
    
    <tag k="region" v="kr"/>
    
    
    <tag k="speed_limit" v="60km/h"/>
    
    
    <tag k="subtype" v="road"/>
    
    
    <tag k="type" v="lanelet"/>
    
  
  </relation>
  
  
  <relation id="121001258" version="1">
    
    
    <member type="way" ref="202440" role="left"/>
    
    
    <member type="way" ref="202552" role="right"/>
    
    
    <tag k="location" v="urban"/>
    
    
    <tag k="region" v="kr"/>
    
    
    <tag k="speed_limit" v="60km/h"/>
    
    
    <tag k="subtype" v="road"/>
    
    
    <tag k="type" v="lanelet"/>
    
  
  </relation>
  
  
  <relation id="121001259" version="1">
    
    
    <member type="way" ref="202445" role="left"/>
    
    
    <member type="way" ref="202556" role="right"/>
    
    
    <tag k="location" v="urban"/>
    
    
    <tag k="region" v="kr"/>
    
    
    <tag k="speed_limit" v="60km/h"/>
    
    
    <tag k="subtype" v="road"/>
    
    
    <tag k="type" v="lanelet"/>
    
  
  </relation>
  
  
  <relation id="121001260" version="1">
    
    
    <member type="way" ref="202447" role="left"/>
    
    
    <member type="way" ref="202558" role="right"/>
    
    
    <tag k="location" v="urban"/>
    
    
    <tag k="region" v="kr"/>
    
    
    <tag k="speed_limit" v="60km/h"/>
    
    
    <tag k="subtype" v="road"/>
    
    
    <tag k="type" v="lanelet"/>
    
  
  </relation>
  
  
  <relation id="121001261" version="1">
    
    
    <member type="way" ref="202461" role="left"/>
    
    
    <member type="way" ref="202569" role="right"/>
    
    
    <tag k="location" v="urban"/>
    
    
    <tag k="region" v="kr"/>
    
    
    <tag k="speed_limit" v="60km/h"/>
    
    
    <tag k="subtype" v="road"/>
    
    
    <tag k="type" v="lanelet"/>
    
  
  </relation>
  
  
  <relation id="121001262" version="1">
    
    
    <member type="way" ref="202479" role="left"/>
    
    
    <member type="way" ref="202586" role="right"/>
    
    
    <tag k="location" v="urban"/>
    
    
    <tag k="region" v="kr"/>
    
    
    <tag k="speed_limit" v="60km/h"/>
    
    
    <tag k="subtype" v="road"/>
    
    
    <tag k="type" v="lanelet"/>
    
  
  </relation>
  
  
  <relation id="121001263" version="1">
    
    
    <member type="way" ref="202497" role="left"/>
    
    
    <member type="way" ref="202602" role="right"/>
    
    
    <tag k="location" v="urban"/>
    
    
    <tag k="region" v="kr"/>
    
    
    <tag k="speed_limit" v="60km/h"/>
    
    
    <tag k="subtype" v="road"/>
    
    
    <tag k="type" v="lanelet"/>
    
  
  </relation>
  
  
  <relation id="121001264" version="1">
    
    
    <member type="way" ref="202513" role="left"/>
    
    
    <member type="way" ref="202619" role="right"/>
    
    
    <tag k="location" v="urban"/>
    
    
    <tag k="region" v="kr"/>
    
    
    <tag k="speed_limit" v="60km/h"/>
    
    
    <tag k="subtype" v="road"/>
    
    
    <tag k="type" v="lanelet"/>
    
  
  </relation>
  
  
  <relation id="121001265" version="1">
    
    
    <member type="way" ref="202530" role="left"/>
    
    
    <member type="way" ref="202634" role="right"/>
    
    
    <tag k="location" v="urban"/>
    
    
    <tag k="region" v="kr"/>
    
    
    <tag k="speed_limit" v="60km/h"/>
    
    
    <tag k="subtype" v="road"/>
    
    
    <tag k="type" v="lanelet"/>
    
  
  </relation>
  
  
  <relation id="121001266" version="1">
    
    
    <member type="way" ref="202540" role="left"/>
    
    
    <member type="way" ref="202644" role="right"/>
    
    
    <tag k="location" v="urban"/>
    
    
    <tag k="region" v="kr"/>
    
    
    <tag k="speed_limit" v="60km/h"/>
    
    
    <tag k="subtype" v="road"/>
    
    
    <tag k="type" v="lanelet"/>
    
  
  </relation>
  
  
  <relation id="121001267" version="1">
    
    
    <member type="way" ref="202548" role="left"/>
    
    
    <member type="way" ref="202653" role="right"/>
    
    
    <tag k="location" v="urban"/>
    
    
    <tag k="region" v="kr"/>
    
    
    <tag k="speed_limit" v="60km/h"/>
    
    
    <tag k="subtype" v="road"/>
    
    
    <tag k="type" v="lanelet"/>
    
  
  </relation>
  
  
  <relation id="121001268" version="1">
    
    
    <member type="way" ref="202552" role="left"/>
    
    
    <member type="way" ref="202657" role="right"/>
    
    
    <tag k="location" v="urban"/>
    
    
    <tag k="region" v="kr"/>
    
    
    <tag k="speed_limit" v="60km/h"/>
    
    
    <tag k="subtype" v="road"/>
    
    
    <tag k="type" v="lanelet"/>
    
  
  </relation>
  
  
  <relation id="121001269" version="1">
    
    
    <member type="way" ref="202556" role="left"/>
    
    
    <member type="way" ref="202661" role="right"/>
    
    
    <tag k="location" v="urban"/>
    
    
    <tag k="region" v="kr"/>
    
    
    <tag k="speed_limit" v="60km/h"/>
    
    
    <tag k="subtype" v="road"/>
    
    
    <tag k="type" v="lanelet"/>
    
  
  </relation>
  
  
  <relation id="121001310" version="1">
    
    
    <member type="way" ref="202663" role="left"/>
    
    
    <member type="way" ref="202665" role="right"/>
    
    
    <tag k="location" v="urban"/>
    
    
    <tag k="region" v="kr"/>
    
    
    <tag k="speed_limit" v="60km/h"/>
    
    
    <tag k="subtype" v="road"/>
    
    
    <tag k="type" v="lanelet"/>
    
  
  </relation>
  
  
  <relation id="121001311" version="1">
    
    
    <member type="way" ref="202669" role="left"/>
    
    
    <member type="way" ref="202671" role="right"/>
    
    
    <tag k="location" v="urban"/>
    
    
    <tag k="region" v="kr"/>
    
    
    <tag k="speed_limit" v="60km/h"/>
    
    
    <tag k="subtype" v="road"/>
    
    
    <tag k="type" v="lanelet"/>
    
  
  </relation>
  
  
  <relation id="121001312" version="1">
    
    
    <member type="way" ref="202675" role="left"/>
    
    
    <member type="way" ref="202677" role="right"/>
    
    
    <tag k="location" v="urban"/>
    
    
    <tag k="region" v="kr"/>
    
    
    <tag k="speed_limit" v="60km/h"/>
    
    
    <tag k="subtype" v="road"/>
    
    
    <tag k="type" v="lanelet"/>
    
  
  </relation>
  
  
  <relation id="121001313" version="1">
    
    
    <member type="way" ref="202681" role="left"/>
    
    
    <member type="way" ref="202683" role="right"/>
    
    
    <tag k="location" v="urban"/>
    
    
    <tag k="region" v="kr"/>
    
    
    <tag k="speed_limit" v="60km/h"/>
    
    
    <tag k="subtype" v="road"/>
    
    
    <tag k="type" v="lanelet"/>
    
  
  </relation>
  
  
  <relation id="121001314" version="1">
    
    
    <member type="way" ref="202687" role="left"/>
    
    
    <member type="way" ref="202689" role="right"/>
    
    
    <tag k="location" v="urban"/>
    
    
    <tag k="region" v="kr"/>
    
    
    <tag k="speed_limit" v="60km/h"/>
    
    
    <tag k="subtype" v="road"/>
    
    
    <tag k="type" v="lanelet"/>
    
  
  </relation>
  
  
  <relation id="121001315" version="1">
    
    
    <member type="way" ref="202693" role="left"/>
    
    
    <member type="way" ref="202695" role="right"/>
    
    
    <tag k="location" v="urban"/>
    
    
    <tag k="region" v="kr"/>
    
    
    <tag k="speed_limit" v="60km/h"/>
    
    
    <tag k="subtype" v="road"/>
    
    
    <tag k="type" v="lanelet"/>
    
  
  </relation>
  
  
  <relation id="121001316" version="1">
    
    
    <member type="way" ref="202699" role="left"/>
    
    
    <member type="way" ref="202701" role="right"/>
    
    
    <tag k="location" v="urban"/>
    
    
    <tag k="region" v="kr"/>
    
    
    <tag k="speed_limit" v="60km/h"/>
    
    
    <tag k="subtype" v="road"/>
    
    
    <tag k="type" v="lanelet"/>
    
  
  </relation>
  
  
  <relation id="121001317" version="1">
    
    
    <member type="way" ref="202705" role="left"/>
    
    
    <member type="way" ref="202707" role="right"/>
    
    
    <tag k="location" v="urban"/>
    
    
    <tag k="region" v="kr"/>
    
    
    <tag k="speed_limit" v="60km/h"/>
    
    
    <tag k="subtype" v="road"/>
    
    
    <tag k="type" v="lanelet"/>
    
  
  </relation>
  
  
  <relation id="121001318" version="1">
    
    
    <member type="way" ref="202711" role="left"/>
    
    
    <member type="way" ref="202713" role="right"/>
    
    
    <tag k="location" v="urban"/>
    
    
    <tag k="region" v="kr"/>
    
    
    <tag k="speed_limit" v="60km/h"/>
    
    
    <tag k="subtype" v="road"/>
    
    
    <tag k="type" v="lanelet"/>
    
  
  </relation>
  
  
  <relation id="121001319" version="1">
    
    
    <member type="way" ref="202717" role="left"/>
    
    
    <member type="way" ref="202719" role="right"/>
    
    
    <tag k="location" v="urban"/>
    
    
    <tag k="region" v="kr"/>
    
    
    <tag k="speed_limit" v="60km/h"/>
    
    
    <tag k="subtype" v="road"/>
    
    
    <tag k="type" v="lanelet"/>
    
  
  </relation>
  
  
  <relation id="121001320" version="1">
    
    
    <member type="way" ref="202665" role="left"/>
    
    
    <member type="way" ref="202762" role="right"/>
    
    
    <tag k="location" v="urban"/>
    
    
    <tag k="region" v="kr"/>
    
    
    <tag k="speed_limit" v="60km/h"/>
    
    
    <tag k="subtype" v="road"/>
    
    
    <tag k="type" v="lanelet"/>
    
  
  </relation>
  
  
  <relation id="121001321" version="1">
    
    
    <member type="way" ref="202671" role="left"/>
    
    
    <member type="way" ref="202766" role="right"/>
    
    
    <tag k="location" v="urban"/>
    
    
    <tag k="region" v="kr"/>
    
    
    <tag k="speed_limit" v="60km/h"/>
    
    
    <tag k="subtype" v="road"/>
    
    
    <tag k="type" v="lanelet"/>
    
  
  </relation>
  
  
  <relation id="121001322" version="1">
    
    
    <member type="way" ref="202677" role="left"/>
    
    
    <member type="way" ref="202770" role="right"/>
    
    
    <tag k="location" v="urban"/>
    
    
    <tag k="region" v="kr"/>
    
    
    <tag k="speed_limit" v="60km/h"/>
    
    
    <tag k="subtype" v="road"/>
    
    
    <tag k="type" v="lanelet"/>
    
  
  </relation>
  
  
  <relation id="121001323" version="1">
    
    
    <member type="way" ref="202683" role="left"/>
    
    
    <member type="way" ref="202774" role="right"/>
    
    
    <tag k="location" v="urban"/>
    
    
    <tag k="region" v="kr"/>
    
    
    <tag k="speed_limit" v="60km/h"/>
    
    
    <tag k="subtype" v="road"/>
    
    
    <tag k="type" v="lanelet"/>
    
  
  </relation>
  
  
  <relation id="121001324" version="1">
    
    
    <member type="way" ref="202689" role="left"/>
    
    
    <member type="way" ref="202778" role="right"/>
    
    
    <tag k="location" v="urban"/>
    
    
    <tag k="region" v="kr"/>
    
    
    <tag k="speed_limit" v="60km/h"/>
    
    
    <tag k="subtype" v="road"/>
    
    
    <tag k="type" v="lanelet"/>
    
  
  </relation>
  
  
  <relation id="121001325" version="1">
    
    
    <member type="way" ref="202695" role="left"/>
    
    
    <member type="way" ref="202782" role="right"/>
    
    
    <tag k="location" v="urban"/>
    
    
    <tag k="region" v="kr"/>
    
    
    <tag k="speed_limit" v="60km/h"/>
    
    
    <tag k="subtype" v="road"/>
    
    
    <tag k="type" v="lanelet"/>
    
  
  </relation>
  
  
  <relation id="121001326" version="1">
    
    
    <member type="way" ref="202701" role="left"/>
    
    
    <member type="way" ref="202786" role="right"/>
    
    
    <tag k="location" v="urban"/>
    
    
    <tag k="region" v="kr"/>
    
    
    <tag k="speed_limit" v="60km/h"/>
    
    
    <tag k="subtype" v="road"/>
    
    
    <tag k="type" v="lanelet"/>
    
  
  </relation>
  
  
  <relation id="121001327" version="1">
    
    
    <member type="way" ref="202707" role="left"/>
    
    
    <member type="way" ref="202790" role="right"/>
    
    
    <tag k="location" v="urban"/>
    
    
    <tag k="region" v="kr"/>
    
    
    <tag k="speed_limit" v="60km/h"/>
    
    
    <tag k="subtype" v="road"/>
    
    
    <tag k="type" v="lanelet"/>
    
  
  </relation>
  
  
  <relation id="121001328" version="1">
    
    
    <member type="way" ref="202713" role="left"/>
    
    
    <member type="way" ref="202794" role="right"/>
    
    
    <tag k="location" v="urban"/>
    
    
    <tag k="region" v="kr"/>
    
    
    <tag k="speed_limit" v="60km/h"/>
    
    
    <tag k="subtype" v="road"/>
    
    
    <tag k="type" v="lanelet"/>
    
  
  </relation>
  
  
  <relation id="121001329" version="1">
    
    
    <member type="way" ref="202719" role="left"/>
    
    
    <member type="way" ref="202798" role="right"/>
    
    
    <tag k="location" v="urban"/>
    
    
    <tag k="region" v="kr"/>
    
    
    <tag k="speed_limit" v="60km/h"/>
    
    
    <tag k="subtype" v="road"/>
    
    
    <tag k="type" v="lanelet"/>
    
  
  </relation>
  
  
  <relation id="121001330" version="1">
    
    
    <member type="way" ref="202762" role="left"/>
    
    
    <member type="way" ref="202828" role="right"/>
    
    
    <tag k="location" v="urban"/>
    
    
    <tag k="region" v="kr"/>
    
    
    <tag k="speed_limit" v="60km/h"/>
    
    
    <tag k="subtype" v="road"/>
    
    
    <tag k="type" v="lanelet"/>
    
  
  </relation>
  
  
  <relation id="121001331" version="1">
    
    
    <member type="way" ref="202766" role="left"/>
    
    
    <member type="way" ref="202832" role="right"/>
    
    
    <tag k="location" v="urban"/>
    
    
    <tag k="region" v="kr"/>
    
    
    <tag k="speed_limit" v="60km/h"/>
    
    
    <tag k="subtype" v="road"/>
    
    
    <tag k="type" v="lanelet"/>
    
  
  </relation>
  
  
  <relation id="121001332" version="1">
    
    
    <member type="way" ref="202770" role="left"/>
    
    
    <member type="way" ref="202836" role="right"/>
    
    
    <tag k="location" v="urban"/>
    
    
    <tag k="region" v="kr"/>
    
    
    <tag k="speed_limit" v="60km/h"/>
    
    
    <tag k="subtype" v="road"/>
    
    
    <tag k="type" v="lanelet"/>
    
  
  </relation>
  
  
  <relation id="121001333" version="1">
    
    
    <member type="way" ref="202774" role="left"/>
    
    
    <member type="way" ref="202840" role="right"/>
    
    
    <tag k="location" v="urban"/>
    
    
    <tag k="region" v="kr"/>
    
    
    <tag k="speed_limit" v="60km/h"/>
    
    
    <tag k="subtype" v="road"/>
    
    
    <tag k="type" v="lanelet"/>
    
  
  </relation>
  
  
  <relation id="121001334" version="1">
    
    
    <member type="way" ref="202778" role="left"/>
    
    
    <member type="way" ref="202844" role="right"/>
    
    
    <tag k="location" v="urban"/>
    
    
    <tag k="region" v="kr"/>
    
    
    <tag k="speed_limit" v="60km/h"/>
    
    
    <tag k="subtype" v="road"/>
    
    
    <tag k="type" v="lanelet"/>
    
  
  </relation>
  
  
  <relation id="121001335" version="1">
    
    
    <member type="way" ref="202782" role="left"/>
    
    
    <member type="way" ref="202848" role="right"/>
    
    
    <tag k="location" v="urban"/>
    
    
    <tag k="region" v="kr"/>
    
    
    <tag k="speed_limit" v="60km/h"/>
    
    
    <tag k="subtype" v="road"/>
    
    
    <tag k="type" v="lanelet"/>
    
  
  </relation>
  
  
  <relation id="121001336" version="1">
    
    
    <member type="way" ref="202786" role="left"/>
    
    
    <member type="way" ref="202852" role="right"/>
    
    
    <tag k="location" v="urban"/>
    
    
    <tag k="region" v="kr"/>
    
    
    <tag k="speed_limit" v="60km/h"/>
    
    
    <tag k="subtype" v="road"/>
    
    
    <tag k="type" v="lanelet"/>
    
  
  </relation>
  
  
  <relation id="121001337" version="1">
    
    
    <member type="way" ref="202790" role="left"/>
    
    
    <member type="way" ref="202856" role="right"/>
    
    
    <tag k="location" v="urban"/>
    
    
    <tag k="region" v="kr"/>
    
    
    <tag k="speed_limit" v="60km/h"/>
    
    
    <tag k="subtype" v="road"/>
    
    
    <tag k="type" v="lanelet"/>
    
  
  </relation>
  
  
  <relation id="121001338" version="1">
    
    
    <member type="way" ref="202794" role="left"/>
    
    
    <member type="way" ref="202860" role="right"/>
    
    
    <tag k="location" v="urban"/>
    
    
    <tag k="region" v="kr"/>
    
    
    <tag k="speed_limit" v="60km/h"/>
    
    
    <tag k="subtype" v="road"/>
    
    
    <tag k="type" v="lanelet"/>
    
  
  </relation>
  
  
  <relation id="121001339" version="1">
    
    
    <member type="way" ref="202798" role="left"/>
    
    
    <member type="way" ref="202864" role="right"/>
    
    
    <tag k="location" v="urban"/>
    
    
    <tag k="region" v="kr"/>
    
    
    <tag k="speed_limit" v="60km/h"/>
    
    
    <tag k="subtype" v="road"/>
    
    
    <tag k="type" v="lanelet"/>
    
  
  </relation>
  
  
  <relation id="121001420" version="1">
    
    
    <member type="way" ref="202894" role="left"/>
    
    
    <member type="way" ref="202896" role="right"/>
    
    
    <tag k="location" v="urban"/>
    
    
    <tag k="region" v="kr"/>
    
    
    <tag k="speed_limit" v="60km/h"/>
    
    
    <tag k="subtype" v="road"/>
    
    
    <tag k="type" v="lanelet"/>
    
  
  </relation>
  
  
  <relation id="121001421" version="1">
    
    
    <member type="way" ref="202900" role="left"/>
    
    
    <member type="way" ref="202902" role="right"/>
    
    
    <tag k="location" v="urban"/>
    
    
    <tag k="region" v="kr"/>
    
    
    <tag k="speed_limit" v="60km/h"/>
    
    
    <tag k="subtype" v="road"/>
    
    
    <tag k="type" v="lanelet"/>
    
  
  </relation>
  
  
  <relation id="121001422" version="1">
    
    
    <member type="way" ref="202906" role="left"/>
    
    
    <member type="way" ref="202908" role="right"/>
    
    
    <tag k="location" v="urban"/>
    
    
    <tag k="region" v="kr"/>
    
    
    <tag k="speed_limit" v="60km/h"/>
    
    
    <tag k="subtype" v="road"/>
    
    
    <tag k="type" v="lanelet"/>
    
  
  </relation>
  
  
  <relation id="121001423" version="1">
    
    
    <member type="way" ref="202912" role="left"/>
    
    
    <member type="way" ref="202916" role="right"/>
    
    
    <tag k="location" v="urban"/>
    
    
    <tag k="region" v="kr"/>
    
    
    <tag k="speed_limit" v="60km/h"/>
    
    
    <tag k="subtype" v="road"/>
    
    
    <tag k="type" v="lanelet"/>
    
  
  </relation>
  
  
  <relation id="121001424" version="1">
    
    
    <member type="way" ref="202923" role="left"/>
    
    
    <member type="way" ref="202928" role="right"/>
    
    
    <tag k="location" v="urban"/>
    
    
    <tag k="region" v="kr"/>
    
    
    <tag k="speed_limit" v="60km/h"/>
    
    
    <tag k="subtype" v="road"/>
    
    
    <tag k="type" v="lanelet"/>
    
  
  </relation>
  
  
  <relation id="121001425" version="1">
    
    
    <member type="way" ref="202938" role="left"/>
    
    
    <member type="way" ref="202946" role="right"/>
    
    
    <tag k="location" v="urban"/>
    
    
    <tag k="region" v="kr"/>
    
    
    <tag k="speed_limit" v="60km/h"/>
    
    
    <tag k="subtype" v="road"/>
    
    
    <tag k="type" v="lanelet"/>
    
  
  </relation>
  
  
  <relation id="121001426" version="1">
    
    
    <member type="way" ref="202962" role="left"/>
    
    
    <member type="way" ref="202970" role="right"/>
    
    
    <tag k="location" v="urban"/>
    
    
    <tag k="region" v="kr"/>
    
    
    <tag k="speed_limit" v="60km/h"/>
    
    
    <tag k="subtype" v="road"/>
    
    
    <tag k="type" v="lanelet"/>
    
  
  </relation>
  
  
  <relation id="121001427" version="1">
    
    
    <member type="way" ref="202986" role="left"/>
    
    
    <member type="way" ref="202995" role="right"/>
    
    
    <tag k="location" v="urban"/>
    
    
    <tag k="region" v="kr"/>
    
    
    <tag k="speed_limit" v="60km/h"/>
    
    
    <tag k="subtype" v="road"/>
    
    
    <tag k="type" v="lanelet"/>
    
  
  </relation>
  
  
  <relation id="121001428" version="1">
    
    
    <member type="way" ref="203010" role="left"/>
    
    
    <member type="way" ref="203018" role="right"/>
    
    
    <tag k="location" v="urban"/>
    
    
    <tag k="region" v="kr"/>
    
    
    <tag k="speed_limit" v="60km/h"/>
    
    
    <tag k="subtype" v="road"/>
    
    
    <tag k="type" v="lanelet"/>
    
  
  </relation>
  
  
  <relation id="121001429" version="1">
    
    
    <member type="way" ref="203036" role="left"/>
    
    
    <member type="way" ref="203045" role="right"/>
    
    
    <tag k="location" v="urban"/>
    
    
    <tag k="region" v="kr"/>
    
    
    <tag k="speed_limit" v="60km/h"/>
    
    
    <tag k="subtype" v="road"/>
    
    
    <tag k="type" v="lanelet"/>
    
  
  </relation>
  
  
  <relation id="121001430" version="1">
    
    
    <member type="way" ref="202896" role="left"/>
    
    
    <member type="way" ref="203113" role="right"/>
    
    
    <tag k="location" v="urban"/>
    
    
    <tag k="region" v="kr"/>
    
    
    <tag k="speed_limit" v="60km/h"/>
    
    
    <tag k="subtype" v="road"/>
    
    
    <tag k="type" v="lanelet"/>
    
  
  </relation>
  
  
  <relation id="121001431" version="1">
    
    
    <member type="way" ref="202902" role="left"/>
    
    
    <member type="way" ref="203117" role="right"/>
    
    
    <tag k="location" v="urban"/>
    
    
    <tag k="region" v="kr"/>
    
    
    <tag k="speed_limit" v="60km/h"/>
    
    
    <tag k="subtype" v="road"/>
    
    
    <tag k="type" v="lanelet"/>
    
  
  </relation>
  
  
  <relation id="121001432" version="1">
    
    
    <member type="way" ref="202908" role="left"/>
    
    
    <member type="way" ref="203121" role="right"/>
    
    
    <tag k="location" v="urban"/>
    
    
    <tag k="region" v="kr"/>
    
    
    <tag k="speed_limit" v="60km/h"/>
    
    
    <tag k="subtype" v="road"/>
    
    
    <tag k="type" v="lanelet"/>
    
  
  </relation>
  
  
  <relation id="121001433" version="1">
    
    
    <member type="way" ref="202916" role="left"/>
    
    
    <member type="way" ref="203125" role="right"/>
    
    
    <tag k="location" v="urban"/>
    
    
    <tag k="region" v="kr"/>
    
    
    <tag k="speed_limit" v="60km/h"/>
    
    
    <tag k="subtype" v="road"/>
    
    
    <tag k="type" v="lanelet"/>
    
  
  </relation>
  
  
  <relation id="121001434" version="1">
    
    
    <member type="way" ref="202928" role="left"/>
    
    
    <member type="way" ref="203132" role="right"/>
    
    
    <tag k="location" v="urban"/>
    
    
    <tag k="region" v="kr"/>
    
    
    <tag k="speed_limit" v="60km/h"/>
    
    
    <tag k="subtype" v="road"/>
    
    
    <tag k="type" v="lanelet"/>
    
  
  </relation>
  
  
  <relation id="121001435" version="1">
    
    
    <member type="way" ref="202946" role="left"/>
    
    
    <member type="way" ref="203142" role="right"/>
    
    
    <tag k="location" v="urban"/>
    
    
    <tag k="region" v="kr"/>
    
    
    <tag k="speed_limit" v="60km/h"/>
    
    
    <tag k="subtype" v="road"/>
    
    
    <tag k="type" v="lanelet"/>
    
  
  </relation>
  
  
  <relation id="121001436" version="1">
    
    
    <member type="way" ref="202970" role="left"/>
    
    
    <member type="way" ref="203159" role="right"/>
    
    
    <tag k="location" v="urban"/>
    
    
    <tag k="region" v="kr"/>
    
    
    <tag k="speed_limit" v="60km/h"/>
    
    
    <tag k="subtype" v="road"/>
    
    
    <tag k="type" v="lanelet"/>
    
  
  </relation>
  
  
  <relation id="121001437" version="1">
    
    
    <member type="way" ref="202995" role="left"/>
    
    
    <member type="way" ref="203177" role="right"/>
    
    
    <tag k="location" v="urban"/>
    
    
    <tag k="region" v="kr"/>
    
    
    <tag k="speed_limit" v="60km/h"/>
    
    
    <tag k="subtype" v="road"/>
    
    
    <tag k="type" v="lanelet"/>
    
  
  </relation>
  
  
  <relation id="121001438" version="1">
    
    
    <member type="way" ref="203018" role="left"/>
    
    
    <member type="way" ref="203192" role="right"/>
    
    
    <tag k="location" v="urban"/>
    
    
    <tag k="region" v="kr"/>
    
    
    <tag k="speed_limit" v="60km/h"/>
    
    
    <tag k="subtype" v="road"/>
    
    
    <tag k="type" v="lanelet"/>
    
  
  </relation>
  
  
  <relation id="121001439" version="1">
    
    
    <member type="way" ref="203045" role="left"/>
    
    
    <member type="way" ref="203208" role="right"/>
    
    
    <tag k="location" v="urban"/>
    
    
    <tag k="region" v="kr"/>
    
    
    <tag k="speed_limit" v="60km/h"/>
    
    
    <tag k="subtype" v="road"/>
    
    
    <tag k="type" v="lanelet"/>
    
  
  </relation>
  
  
  <relation id="121001440" version="1">
    
    
    <member type="way" ref="203113" role="left"/>
    
    
    <member type="way" ref="203259" role="right"/>
    
    
    <tag k="location" v="urban"/>
    
    
    <tag k="region" v="kr"/>
    
    
    <tag k="speed_limit" v="60km/h"/>
    
    
    <tag k="subtype" v="road"/>
    
    
    <tag k="type" v="lanelet"/>
    
  
  </relation>
  
  
  <relation id="121001441" version="1">
    
    
    <member type="way" ref="203117" role="left"/>
    
    
    <member type="way" ref="203263" role="right"/>
    
    
    <tag k="location" v="urban"/>
    
    
    <tag k="region" v="kr"/>
    
    
    <tag k="speed_limit" v="60km/h"/>
    
    
    <tag k="subtype" v="road"/>
    
    
    <tag k="type" v="lanelet"/>
    
  
  </relation>
  
  
  <relation id="121001442" version="1">
    
    
    <member type="way" ref="203121" role="left"/>
    
    
    <member type="way" ref="203267" role="right"/>
    
    
    <tag k="location" v="urban"/>
    
    
    <tag k="region" v="kr"/>
    
    
    <tag k="speed_limit" v="60km/h"/>
    
    
    <tag k="subtype" v="road"/>
    
    
    <tag k="type" v="lanelet"/>
    
  
  </relation>
  
  
  <relation id="121001443" version="1">
    
    
    <member type="way" ref="203125" role="left"/>
    
    
    <member type="way" ref="203271" role="right"/>
    
    
    <tag k="location" v="urban"/>
    
    
    <tag k="region" v="kr"/>
    
    
    <tag k="speed_limit" v="60km/h"/>
    
    
    <tag k="subtype" v="road"/>
    
    
    <tag k="type" v="lanelet"/>
    
  
  </relation>
  
  
  <relation id="121001444" version="1">
    
    
    <member type="way" ref="203132" role="left"/>
    
    
    <member type="way" ref="203279" role="right"/>
    
    
    <tag k="location" v="urban"/>
    
    
    <tag k="region" v="kr"/>
    
    
    <tag k="speed_limit" v="60km/h"/>
    
    
    <tag k="subtype" v="road"/>
    
    
    <tag k="type" v="lanelet"/>
    
  
  </relation>
  
  
  <relation id="121001445" version="1">
    
    
    <member type="way" ref="203142" role="left"/>
    
    
    <member type="way" ref="203289" role="right"/>
    
    
    <tag k="location" v="urban"/>
    
    
    <tag k="region" v="kr"/>
    
    
    <tag k="speed_limit" v="60km/h"/>
    
    
    <tag k="subtype" v="road"/>
    
    
    <tag k="type" v="lanelet"/>
    
  
  </relation>
  
  
  <relation id="121001446" version="1">
    
    
    <member type="way" ref="203159" role="left"/>
    
    
    <member type="way" ref="203302" role="right"/>
    
    
    <tag k="location" v="urban"/>
    
    
    <tag k="region" v="kr"/>
    
    
    <tag k="speed_limit" v="60km/h"/>
    
    
    <tag k="subtype" v="road"/>
    
    
    <tag k="type" v="lanelet"/>
    
  
  </relation>
  
  
  <relation id="121001447" version="1">
    
    
    <member type="way" ref="203177" role="left"/>
    
    
    <member type="way" ref="203318" role="right"/>
    
    
    <tag k="location" v="urban"/>
    
    
    <tag k="region" v="kr"/>
    
    
    <tag k="speed_limit" v="60km/h"/>
    
    
    <tag k="subtype" v="road"/>
    
    
    <tag k="type" v="lanelet"/>
    
  
  </relation>
  
  
  <relation id="121001448" version="1">
    
    
    <member type="way" ref="203192" role="left"/>
    
    
    <member type="way" ref="203335" role="right"/>
    
    
    <tag k="location" v="urban"/>
    
    
    <tag k="region" v="kr"/>
    
    
    <tag k="speed_limit" v="60km/h"/>
    
    
    <tag k="subtype" v="road"/>
    
    
    <tag k="type" v="lanelet"/>
    
  
  </relation>
  
  
  <relation id="121001449" version="1">
    
    
    <member type="way" ref="203208" role="left"/>
    
    
    <member type="way" ref="203350" role="right"/>
    
    
    <tag k="location" v="urban"/>
    
    
    <tag k="region" v="kr"/>
    
    
    <tag k="speed_limit" v="60km/h"/>
    
    
    <tag k="subtype" v="road"/>
    
    
    <tag k="type" v="lanelet"/>
    
  
  </relation>
  
  
  <relation id="121001520" version="1">
    
    
    <member type="way" ref="203401" role="left"/>
    
    
    <member type="way" ref="203403" role="right"/>
    
    
    <tag k="location" v="urban"/>
    
    
    <tag k="region" v="kr"/>
    
    
    <tag k="speed_limit" v="60km/h"/>
    
    
    <tag k="subtype" v="road"/>
    
    
    <tag k="type" v="lanelet"/>
    
  
  </relation>
  
  
  <relation id="121001521" version="1">
    
    
    <member type="way" ref="203407" role="left"/>
    
    
    <member type="way" ref="203409" role="right"/>
    
    
    <tag k="location" v="urban"/>
    
    
    <tag k="region" v="kr"/>
    
    
    <tag k="speed_limit" v="60km/h"/>
    
    
    <tag k="subtype" v="road"/>
    
    
    <tag k="type" v="lanelet"/>
    
  
  </relation>
  
  
  <relation id="121001530" version="1">
    
    
    <member type="way" ref="203403" role="left"/>
    
    
    <member type="way" ref="203413" role="right"/>
    
    
    <tag k="location" v="urban"/>
    
    
    <tag k="region" v="kr"/>
    
    
    <tag k="speed_limit" v="60km/h"/>
    
    
    <tag k="subtype" v="road"/>
    
    
    <tag k="type" v="lanelet"/>
    
  
  </relation>
  
  
  <relation id="121001531" version="1">
    
    
    <member type="way" ref="203409" role="left"/>
    
    
    <member type="way" ref="203417" role="right"/>
    
    
    <tag k="location" v="urban"/>
    
    
    <tag k="region" v="kr"/>
    
    
    <tag k="speed_limit" v="60km/h"/>
    
    
    <tag k="subtype" v="road"/>
    
    
    <tag k="type" v="lanelet"/>
    
  
  </relation>
  
  
  <relation id="121001540" version="1">
    
    
    <member type="way" ref="203413" role="left"/>
    
    
    <member type="way" ref="203421" role="right"/>
    
    
    <tag k="location" v="urban"/>
    
    
    <tag k="region" v="kr"/>
    
    
    <tag k="speed_limit" v="60km/h"/>
    
    
    <tag k="subtype" v="road"/>
    
    
    <tag k="type" v="lanelet"/>
    
  
  </relation>
  
  
  <relation id="121001541" version="1">
    
    
    <member type="way" ref="203417" role="left"/>
    
    
    <member type="way" ref="203425" role="right"/>
    
    
    <tag k="location" v="urban"/>
    
    
    <tag k="region" v="kr"/>
    
    
    <tag k="speed_limit" v="60km/h"/>
    
    
    <tag k="subtype" v="road"/>
    
    
    <tag k="type" v="lanelet"/>
    
  
  </relation>
  
  
  <relation id="121001550" version="1">
    
    
    <member type="way" ref="203421" role="left"/>
    
    
    <member type="way" ref="203429" role="right"/>
    
    
    <tag k="location" v="urban"/>
    
    
    <tag k="region" v="kr"/>
    
    
    <tag k="speed_limit" v="60km/h"/>
    
    
    <tag k="subtype" v="road"/>
    
    
    <tag k="type" v="lanelet"/>
    
  
  </relation>
  
  
  <relation id="121001551" version="1">
    
    
    <member type="way" ref="203425" role="left"/>
    
    
    <member type="way" ref="203433" role="right"/>
    
    
    <tag k="location" v="urban"/>
    
    
    <tag k="region" v="kr"/>
    
    
    <tag k="speed_limit" v="60km/h"/>
    
    
    <tag k="subtype" v="road"/>
    
    
    <tag k="type" v="lanelet"/>
    
  
  </relation>
  
  
  <relation id="121001560" version="1">
    
    
    <member type="way" ref="203437" role="left"/>
    
    
    <member type="way" ref="203439" role="right"/>
    
    
    <tag k="location" v="urban"/>
    
    
    <tag k="region" v="kr"/>
    
    
    <tag k="speed_limit" v="60km/h"/>
    
    
    <tag k="subtype" v="road"/>
    
    
    <tag k="type" v="lanelet"/>
    
  
  </relation>
  
  
  <relation id="121001561" version="1">
    
    
    <member type="way" ref="203443" role="left"/>
    
    
    <member type="way" ref="203445" role="right"/>
    
    
    <tag k="location" v="urban"/>
    
    
    <tag k="region" v="kr"/>
    
    
    <tag k="speed_limit" v="60km/h"/>
    
    
    <tag k="subtype" v="road"/>
    
    
    <tag k="type" v="lanelet"/>
    
  
  </relation>
  
  
  <relation id="121001562" version="1">
    
    
    <member type="way" ref="203449" role="left"/>
    
    
    <member type="way" ref="203451" role="right"/>
    
    
    <tag k="location" v="urban"/>
    
    
    <tag k="region" v="kr"/>
    
    
    <tag k="speed_limit" v="60km/h"/>
    
    
    <tag k="subtype" v="road"/>
    
    
    <tag k="type" v="lanelet"/>
    
  
  </relation>
  
  
  <relation id="121001563" version="1">
    
    
    <member type="way" ref="203455" role="left"/>
    
    
    <member type="way" ref="203457" role="right"/>
    
    
    <tag k="location" v="urban"/>
    
    
    <tag k="region" v="kr"/>
    
    
    <tag k="speed_limit" v="60km/h"/>
    
    
    <tag k="subtype" v="road"/>
    
    
    <tag k="type" v="lanelet"/>
    
  
  </relation>
  
  
  <relation id="121001564" version="1">
    
    
    <member type="way" ref="203461" role="left"/>
    
    
    <member type="way" ref="203463" role="right"/>
    
    
    <tag k="location" v="urban"/>
    
    
    <tag k="region" v="kr"/>
    
    
    <tag k="speed_limit" v="60km/h"/>
    
    
    <tag k="subtype" v="road"/>
    
    
    <tag k="type" v="lanelet"/>
    
  
  </relation>
  
  
  <relation id="121001565" version="1">
    
    
    <member type="way" ref="203467" role="left"/>
    
    
    <member type="way" ref="203469" role="right"/>
    
    
    <tag k="location" v="urban"/>
    
    
    <tag k="region" v="kr"/>
    
    
    <tag k="speed_limit" v="60km/h"/>
    
    
    <tag k="subtype" v="road"/>
    
    
    <tag k="type" v="lanelet"/>
    
  
  </relation>
  
  
  <relation id="121001566" version="1">
    
    
    <member type="way" ref="203473" role="left"/>
    
    
    <member type="way" ref="203475" role="right"/>
    
    
    <tag k="location" v="urban"/>
    
    
    <tag k="region" v="kr"/>
    
    
    <tag k="speed_limit" v="60km/h"/>
    
    
    <tag k="subtype" v="road"/>
    
    
    <tag k="type" v="lanelet"/>
    
  
  </relation>
  
  
  <relation id="121001567" version="1">
    
    
    <member type="way" ref="203479" role="left"/>
    
    
    <member type="way" ref="203481" role="right"/>
    
    
    <tag k="location" v="urban"/>
    
    
    <tag k="region" v="kr"/>
    
    
    <tag k="speed_limit" v="60km/h"/>
    
    
    <tag k="subtype" v="road"/>
    
    
    <tag k="type" v="lanelet"/>
    
  
  </relation>
  
  
  <relation id="121001570" version="1">
    
    
    <member type="way" ref="203439" role="left"/>
    
    
    <member type="way" ref="203485" role="right"/>
    
    
    <tag k="location" v="urban"/>
    
    
    <tag k="region" v="kr"/>
    
    
    <tag k="speed_limit" v="60km/h"/>
    
    
    <tag k="subtype" v="road"/>
    
    
    <tag k="type" v="lanelet"/>
    
  
  </relation>
  
  
  <relation id="121001571" version="1">
    
    
    <member type="way" ref="203445" role="left"/>
    
    
    <member type="way" ref="203489" role="right"/>
    
    
    <tag k="location" v="urban"/>
    
    
    <tag k="region" v="kr"/>
    
    
    <tag k="speed_limit" v="60km/h"/>
    
    
    <tag k="subtype" v="road"/>
    
    
    <tag k="type" v="lanelet"/>
    
  
  </relation>
  
  
  <relation id="121001572" version="1">
    
    
    <member type="way" ref="203451" role="left"/>
    
    
    <member type="way" ref="203493" role="right"/>
    
    
    <tag k="location" v="urban"/>
    
    
    <tag k="region" v="kr"/>
    
    
    <tag k="speed_limit" v="60km/h"/>
    
    
    <tag k="subtype" v="road"/>
    
    
    <tag k="type" v="lanelet"/>
    
  
  </relation>
  
  
  <relation id="121001573" version="1">
    
    
    <member type="way" ref="203457" role="left"/>
    
    
    <member type="way" ref="203497" role="right"/>
    
    
    <tag k="location" v="urban"/>
    
    
    <tag k="region" v="kr"/>
    
    
    <tag k="speed_limit" v="60km/h"/>
    
    
    <tag k="subtype" v="road"/>
    
    
    <tag k="type" v="lanelet"/>
    
  
  </relation>
  
  
  <relation id="121001574" version="1">
    
    
    <member type="way" ref="203463" role="left"/>
    
    
    <member type="way" ref="203501" role="right"/>
    
    
    <tag k="location" v="urban"/>
    
    
    <tag k="region" v="kr"/>
    
    
    <tag k="speed_limit" v="60km/h"/>
    
    
    <tag k="subtype" v="road"/>
    
    
    <tag k="type" v="lanelet"/>
    
  
  </relation>
  
  
  <relation id="121001575" version="1">
    
    
    <member type="way" ref="203469" role="left"/>
    
    
    <member type="way" ref="203505" role="right"/>
    
    
    <tag k="location" v="urban"/>
    
    
    <tag k="region" v="kr"/>
    
    
    <tag k="speed_limit" v="60km/h"/>
    
    
    <tag k="subtype" v="road"/>
    
    
    <tag k="type" v="lanelet"/>
    
  
  </relation>
  
  
  <relation id="121001576" version="1">
    
    
    <member type="way" ref="203475" role="left"/>
    
    
    <member type="way" ref="203509" role="right"/>
    
    
    <tag k="location" v="urban"/>
    
    
    <tag k="region" v="kr"/>
    
    
    <tag k="speed_limit" v="60km/h"/>
    
    
    <tag k="subtype" v="road"/>
    
    
    <tag k="type" v="lanelet"/>
    
  
  </relation>
  
  
  <relation id="121001577" version="1">
    
    
    <member type="way" ref="203481" role="left"/>
    
    
    <member type="way" ref="203513" role="right"/>
    
    
    <tag k="location" v="urban"/>
    
    
    <tag k="region" v="kr"/>
    
    
    <tag k="speed_limit" v="60km/h"/>
    
    
    <tag k="subtype" v="road"/>
    
    
    <tag k="type" v="lanelet"/>
    
  
  </relation>
  
  
  <relation id="121001580" version="1">
    
    
    <member type="way" ref="203485" role="left"/>
    
    
    <member type="way" ref="203517" role="right"/>
    
    
    <tag k="location" v="urban"/>
    
    
    <tag k="region" v="kr"/>
    
    
    <tag k="speed_limit" v="60km/h"/>
    
    
    <tag k="subtype" v="road"/>
    
    
    <tag k="type" v="lanelet"/>
    
  
  </relation>
  
  
  <relation id="121001581" version="1">
    
    
    <member type="way" ref="203489" role="left"/>
    
    
    <member type="way" ref="203521" role="right"/>
    
    
    <tag k="location" v="urban"/>
    
    
    <tag k="region" v="kr"/>
    
    
    <tag k="speed_limit" v="60km/h"/>
    
    
    <tag k="subtype" v="road"/>
    
    
    <tag k="type" v="lanelet"/>
    
  
  </relation>
  
  
  <relation id="121001582" version="1">
    
    
    <member type="way" ref="203493" role="left"/>
    
    
    <member type="way" ref="203525" role="right"/>
    
    
    <tag k="location" v="urban"/>
    
    
    <tag k="region" v="kr"/>
    
    
    <tag k="speed_limit" v="60km/h"/>
    
    
    <tag k="subtype" v="road"/>
    
    
    <tag k="type" v="lanelet"/>
    
  
  </relation>
  
  
  <relation id="121001583" version="1">
    
    
    <member type="way" ref="203497" role="left"/>
    
    
    <member type="way" ref="203529" role="right"/>
    
    
    <tag k="location" v="urban"/>
    
    
    <tag k="region" v="kr"/>
    
    
    <tag k="speed_limit" v="60km/h"/>
    
    
    <tag k="subtype" v="road"/>
    
    
    <tag k="type" v="lanelet"/>
    
  
  </relation>
  
  
  <relation id="121001584" version="1">
    
    
    <member type="way" ref="203501" role="left"/>
    
    
    <member type="way" ref="203533" role="right"/>
    
    
    <tag k="location" v="urban"/>
    
    
    <tag k="region" v="kr"/>
    
    
    <tag k="speed_limit" v="60km/h"/>
    
    
    <tag k="subtype" v="road"/>
    
    
    <tag k="type" v="lanelet"/>
    
  
  </relation>
  
  
  <relation id="121001585" version="1">
    
    
    <member type="way" ref="203505" role="left"/>
    
    
    <member type="way" ref="203537" role="right"/>
    
    
    <tag k="location" v="urban"/>
    
    
    <tag k="region" v="kr"/>
    
    
    <tag k="speed_limit" v="60km/h"/>
    
    
    <tag k="subtype" v="road"/>
    
    
    <tag k="type" v="lanelet"/>
    
  
  </relation>
  
  
  <relation id="121001586" version="1">
    
    
    <member type="way" ref="203509" role="left"/>
    
    
    <member type="way" ref="203541" role="right"/>
    
    
    <tag k="location" v="urban"/>
    
    
    <tag k="region" v="kr"/>
    
    
    <tag k="speed_limit" v="60km/h"/>
    
    
    <tag k="subtype" v="road"/>
    
    
    <tag k="type" v="lanelet"/>
    
  
  </relation>
  
  
  <relation id="121001587" version="1">
    
    
    <member type="way" ref="203513" role="left"/>
    
    
    <member type="way" ref="203545" role="right"/>
    
    
    <tag k="location" v="urban"/>
    
    
    <tag k="region" v="kr"/>
    
    
    <tag k="speed_limit" v="60km/h"/>
    
    
    <tag k="subtype" v="road"/>
    
    
    <tag k="type" v="lanelet"/>
    
  
  </relation>
  
  
  <relation id="121001590" version="1">
    
    
    <member type="way" ref="203517" role="left"/>
    
    
    <member type="way" ref="203549" role="right"/>
    
    
    <tag k="location" v="urban"/>
    
    
    <tag k="region" v="kr"/>
    
    
    <tag k="speed_limit" v="60km/h"/>
    
    
    <tag k="subtype" v="road"/>
    
    
    <tag k="type" v="lanelet"/>
    
  
  </relation>
  
  
  <relation id="121001591" version="1">
    
    
    <member type="way" ref="203521" role="left"/>
    
    
    <member type="way" ref="203553" role="right"/>
    
    
    <tag k="location" v="urban"/>
    
    
    <tag k="region" v="kr"/>
    
    
    <tag k="speed_limit" v="60km/h"/>
    
    
    <tag k="subtype" v="road"/>
    
    
    <tag k="type" v="lanelet"/>
    
  
  </relation>
  
  
  <relation id="121001592" version="1">
    
    
    <member type="way" ref="203525" role="left"/>
    
    
    <member type="way" ref="203557" role="right"/>
    
    
    <tag k="location" v="urban"/>
    
    
    <tag k="region" v="kr"/>
    
    
    <tag k="speed_limit" v="60km/h"/>
    
    
    <tag k="subtype" v="road"/>
    
    
    <tag k="type" v="lanelet"/>
    
  
  </relation>
  
  
  <relation id="121001593" version="1">
    
    
    <member type="way" ref="203529" role="left"/>
    
    
    <member type="way" ref="203561" role="right"/>
    
    
    <tag k="location" v="urban"/>
    
    
    <tag k="region" v="kr"/>
    
    
    <tag k="speed_limit" v="60km/h"/>
    
    
    <tag k="subtype" v="road"/>
    
    
    <tag k="type" v="lanelet"/>
    
  
  </relation>
  
  
  <relation id="121001594" version="1">
    
    
    <member type="way" ref="203533" role="left"/>
    
    
    <member type="way" ref="203565" role="right"/>
    
    
    <tag k="location" v="urban"/>
    
    
    <tag k="region" v="kr"/>
    
    
    <tag k="speed_limit" v="60km/h"/>
    
    
    <tag k="subtype" v="road"/>
    
    
    <tag k="type" v="lanelet"/>
    
  
  </relation>
  
  
  <relation id="121001595" version="1">
    
    
    <member type="way" ref="203537" role="left"/>
    
    
    <member type="way" ref="203569" role="right"/>
    
    
    <tag k="location" v="urban"/>
    
    
    <tag k="region" v="kr"/>
    
    
    <tag k="speed_limit" v="60km/h"/>
    
    
    <tag k="subtype" v="road"/>
    
    
    <tag k="type" v="lanelet"/>
    
  
  </relation>
  
  
  <relation id="121001596" version="1">
    
    
    <member type="way" ref="203541" role="left"/>
    
    
    <member type="way" ref="203573" role="right"/>
    
    
    <tag k="location" v="urban"/>
    
    
    <tag k="region" v="kr"/>
    
    
    <tag k="speed_limit" v="60km/h"/>
    
    
    <tag k="subtype" v="road"/>
    
    
    <tag k="type" v="lanelet"/>
    
  
  </relation>
  
  
  <relation id="121001597" version="1">
    
    
    <member type="way" ref="203545" role="left"/>
    
    
    <member type="way" ref="203577" role="right"/>
    
    
    <tag k="location" v="urban"/>
    
    
    <tag k="region" v="kr"/>
    
    
    <tag k="speed_limit" v="60km/h"/>
    
    
    <tag k="subtype" v="road"/>
    
    
    <tag k="type" v="lanelet"/>
    
  
  </relation>
  
  
  <relation id="121001600" version="1">
    
    
    <member type="way" ref="203778" role="left"/>
    
    
    <member type="way" ref="203780" role="right"/>
    
    
    <tag k="location" v="urban"/>
    
    
    <tag k="region" v="kr"/>
    
    
    <tag k="speed_limit" v="60km/h"/>
    
    
    <tag k="subtype" v="road"/>
    
    
    <tag k="type" v="lanelet"/>
    
  
  </relation>
  
  
  <relation id="121001601" version="1">
    
    
    <member type="way" ref="203784" role="left"/>
    
    
    <member type="way" ref="203785" role="right"/>
    
    
    <tag k="location" v="urban"/>
    
    
    <tag k="region" v="kr"/>
    
    
    <tag k="speed_limit" v="60km/h"/>
    
    
    <tag k="subtype" v="road"/>
    
    
    <tag k="type" v="lanelet"/>
    
  
  </relation>
  
  
  <relation id="121001610" version="1">
    
    
    <member type="way" ref="203780" role="left"/>
    
    
    <member type="way" ref="203787" role="right"/>
    
    
    <tag k="location" v="urban"/>
    
    
    <tag k="region" v="kr"/>
    
    
    <tag k="speed_limit" v="60km/h"/>
    
    
    <tag k="subtype" v="road"/>
    
    
    <tag k="type" v="lanelet"/>
    
  
  </relation>
  
  
  <relation id="121001611" version="1">
    
    
    <member type="way" ref="203785" role="left"/>
    
    
    <member type="way" ref="203791" role="right"/>
    
    
    <tag k="location" v="urban"/>
    
    
    <tag k="region" v="kr"/>
    
    
    <tag k="speed_limit" v="60km/h"/>
    
    
    <tag k="subtype" v="road"/>
    
    
    <tag k="type" v="lanelet"/>
    
  
  </relation>
  
  
  <relation id="121001620" version="1">
    
    
    <member type="way" ref="203787" role="left"/>
    
    
    <member type="way" ref="203793" role="right"/>
    
    
    <tag k="location" v="urban"/>
    
    
    <tag k="region" v="kr"/>
    
    
    <tag k="speed_limit" v="60km/h"/>
    
    
    <tag k="subtype" v="road"/>
    
    
    <tag k="type" v="lanelet"/>
    
  
  </relation>
  
  
  <relation id="121001621" version="1">
    
    
    <member type="way" ref="203791" role="left"/>
    
    
    <member type="way" ref="203797" role="right"/>
    
    
    <tag k="location" v="urban"/>
    
    
    <tag k="region" v="kr"/>
    
    
    <tag k="speed_limit" v="60km/h"/>
    
    
    <tag k="subtype" v="road"/>
    
    
    <tag k="type" v="lanelet"/>
    
  
  </relation>
  
  
  <relation id="121001630" version="1">
    
    
    <member type="way" ref="203793" role="left"/>
    
    
    <member type="way" ref="203799" role="right"/>
    
    
    <tag k="location" v="urban"/>
    
    
    <tag k="region" v="kr"/>
    
    
    <tag k="speed_limit" v="60km/h"/>
    
    
    <tag k="subtype" v="road"/>
    
    
    <tag k="type" v="lanelet"/>
    
  
  </relation>
  
  
  <relation id="121001631" version="1">
    
    
    <member type="way" ref="203797" role="left"/>
    
    
    <member type="way" ref="203803" role="right"/>
    
    
    <tag k="location" v="urban"/>
    
    
    <tag k="region" v="kr"/>
    
    
    <tag k="speed_limit" v="60km/h"/>
    
    
    <tag k="subtype" v="road"/>
    
    
    <tag k="type" v="lanelet"/>
    
  
  </relation>
  
  
  <relation id="121001640" version="1">
    
    
    <member type="way" ref="203742" role="left"/>
    
    
    <member type="way" ref="203747" role="right"/>
    
    
    <tag k="location" v="urban"/>
    
    
    <tag k="region" v="kr"/>
    
    
    <tag k="speed_limit" v="60km/h"/>
    
    
    <tag k="subtype" v="road"/>
    
    
    <tag k="type" v="lanelet"/>
    
  
  </relation>
  
  
  <relation id="121001641" version="1">
    
    
    <member type="way" ref="203756" role="left"/>
    
    
    <member type="way" ref="203758" role="right"/>
    
    
    <tag k="location" v="urban"/>
    
    
    <tag k="region" v="kr"/>
    
    
    <tag k="speed_limit" v="60km/h"/>
    
    
    <tag k="subtype" v="road"/>
    
    
    <tag k="type" v="lanelet"/>
    
  
  </relation>
  
  
  <relation id="121001760" version="1">
    
    
    <member type="way" ref="203581" role="left"/>
    
    
    <member type="way" ref="203590" role="right"/>
    
    
    <tag k="location" v="urban"/>
    
    
    <tag k="region" v="kr"/>
    
    
    <tag k="speed_limit" v="60km/h"/>
    
    
    <tag k="subtype" v="road"/>
    
    
    <tag k="type" v="lanelet"/>
    
  
  </relation>
  
  
  <relation id="121001761" version="1">
    
    
    <member type="way" ref="203608" role="left"/>
    
    
    <member type="way" ref="203611" role="right"/>
    
    
    <tag k="location" v="urban"/>
    
    
    <tag k="region" v="kr"/>
    
    
    <tag k="speed_limit" v="60km/h"/>
    
    
    <tag k="subtype" v="road"/>
    
    
    <tag k="type" v="lanelet"/>
    
  
  </relation>
  
  
  <relation id="121001770" version="1">
    
    
    <member type="way" ref="203590" role="left"/>
    
    
    <member type="way" ref="203617" role="right"/>
    
    
    <tag k="location" v="urban"/>
    
    
    <tag k="region" v="kr"/>
    
    
    <tag k="speed_limit" v="60km/h"/>
    
    
    <tag k="subtype" v="road"/>
    
    
    <tag k="type" v="lanelet"/>
    
  
  </relation>
  
  
  <relation id="121001771" version="1">
    
    
    <member type="way" ref="203611" role="left"/>
    
    
    <member type="way" ref="203635" role="right"/>
    
    
    <tag k="location" v="urban"/>
    
    
    <tag k="region" v="kr"/>
    
    
    <tag k="speed_limit" v="60km/h"/>
    
    
    <tag k="subtype" v="road"/>
    
    
    <tag k="type" v="lanelet"/>
    
  
  </relation>
  
  
  <relation id="121001780" version="1">
    
    
    <member type="way" ref="203617" role="left"/>
    
    
    <member type="way" ref="203641" role="right"/>
    
    
    <tag k="location" v="urban"/>
    
    
    <tag k="region" v="kr"/>
    
    
    <tag k="speed_limit" v="60km/h"/>
    
    
    <tag k="subtype" v="road"/>
    
    
    <tag k="type" v="lanelet"/>
    
  
  </relation>
  
  
  <relation id="121001781" version="1">
    
    
    <member type="way" ref="203635" role="left"/>
    
    
    <member type="way" ref="203659" role="right"/>
    
    
    <tag k="location" v="urban"/>
    
    
    <tag k="region" v="kr"/>
    
    
    <tag k="speed_limit" v="60km/h"/>
    
    
    <tag k="subtype" v="road"/>
    
    
    <tag k="type" v="lanelet"/>
    
  
  </relation>
  
  
  <relation id="121001890" version="1">
    
    
    <member type="way" ref="203805" role="left"/>
    
    
    <member type="way" ref="203807" role="right"/>
    
    
    <tag k="location" v="urban"/>
    
    
    <tag k="region" v="kr"/>
    
    
    <tag k="speed_limit" v="60km/h"/>
    
    
    <tag k="subtype" v="road"/>
    
    
    <tag k="type" v="lanelet"/>
    
  
  </relation>
  
  
  <relation id="121001891" version="1">
    
    
    <member type="way" ref="203811" role="left"/>
    
    
    <member type="way" ref="203814" role="right"/>
    
    
    <tag k="location" v="urban"/>
    
    
    <tag k="region" v="kr"/>
    
    
    <tag k="speed_limit" v="60km/h"/>
    
    
    <tag k="subtype" v="road"/>
    
    
    <tag k="type" v="lanelet"/>
    
  
  </relation>
  
  
  <relation id="121001900" version="1">
    
    
    <member type="way" ref="203807" role="left"/>
    
    
    <member type="way" ref="203821" role="right"/>
    
    
    <tag k="location" v="urban"/>
    
    
    <tag k="region" v="kr"/>
    
    
    <tag k="speed_limit" v="60km/h"/>
    
    
    <tag k="subtype" v="road"/>
    
    
    <tag k="type" v="lanelet"/>
    
  
  </relation>
  
  
  <relation id="121001901" version="1">
    
    
    <member type="way" ref="203814" role="left"/>
    
    
    <member type="way" ref="203825" role="right"/>
    
    
    <tag k="location" v="urban"/>
    
    
    <tag k="region" v="kr"/>
    
    
    <tag k="speed_limit" v="60km/h"/>
    
    
    <tag k="subtype" v="road"/>
    
    
    <tag k="type" v="lanelet"/>
    
  
  </relation>
  
  
  <relation id="121001910" version="1">
    
    
    <member type="way" ref="203821" role="left"/>
    
    
    <member type="way" ref="203831" role="right"/>
    
    
    <tag k="location" v="urban"/>
    
    
    <tag k="region" v="kr"/>
    
    
    <tag k="speed_limit" v="60km/h"/>
    
    
    <tag k="subtype" v="road"/>
    
    
    <tag k="type" v="lanelet"/>
    
  
  </relation>
  
  
  <relation id="121001911" version="1">
    
    
    <member type="way" ref="203825" role="left"/>
    
    
    <member type="way" ref="203835" role="right"/>
    
    
    <tag k="location" v="urban"/>
    
    
    <tag k="region" v="kr"/>
    
    
    <tag k="speed_limit" v="60km/h"/>
    
    
    <tag k="subtype" v="road"/>
    
    
    <tag k="type" v="lanelet"/>
    
  
  </relation>
  
  
  <relation id="121001920" version="1">
    
    
    <member type="way" ref="202161" role="left"/>
    
    
    <member type="way" ref="202166" role="right"/>
    
    
    <tag k="location" v="urban"/>
    
    
    <tag k="region" v="kr"/>
    
    
    <tag k="speed_limit" v="60km/h"/>
    
    
    <tag k="subtype" v="road"/>
    
    
    <tag k="type" v="lanelet"/>
    
  
  </relation>
  
  
  <relation id="121001921" version="1">
    
    
    <member type="way" ref="202176" role="left"/>
    
    
    <member type="way" ref="202181" role="right"/>
    
    
    <tag k="location" v="urban"/>
    
    
    <tag k="region" v="kr"/>
    
    
    <tag k="speed_limit" v="60km/h"/>
    
    
    <tag k="subtype" v="road"/>
    
    
    <tag k="type" v="lanelet"/>
    
  
  </relation>
  
  
  <relation id="121001930" version="1">
    
    
    <member type="way" ref="202166" role="left"/>
    
    
    <member type="way" ref="202192" role="right"/>
    
    
    <tag k="location" v="urban"/>
    
    
    <tag k="region" v="kr"/>
    
    
    <tag k="speed_limit" v="60km/h"/>
    
    
    <tag k="subtype" v="road"/>
    
    
    <tag k="type" v="lanelet"/>
    
  
  </relation>
  
  
  <relation id="121001931" version="1">
    
    
    <member type="way" ref="202181" role="left"/>
    
    
    <member type="way" ref="202202" role="right"/>
    
    
    <tag k="location" v="urban"/>
    
    
    <tag k="region" v="kr"/>
    
    
    <tag k="speed_limit" v="60km/h"/>
    
    
    <tag k="subtype" v="road"/>
    
    
    <tag k="type" v="lanelet"/>
    
  
  </relation>
  
  
  <relation id="121001940" version="1">
    
    
    <member type="way" ref="202192" role="left"/>
    
    
    <member type="way" ref="202210" role="right"/>
    
    
    <tag k="location" v="urban"/>
    
    
    <tag k="region" v="kr"/>
    
    
    <tag k="speed_limit" v="60km/h"/>
    
    
    <tag k="subtype" v="road"/>
    
    
    <tag k="type" v="lanelet"/>
    
  
  </relation>
  
  
  <relation id="121001941" version="1">
    
    
    <member type="way" ref="202202" role="left"/>
    
    
    <member type="way" ref="202220" role="right"/>
    
    
    <tag k="location" v="urban"/>
    
    
    <tag k="region" v="kr"/>
    
    
    <tag k="speed_limit" v="60km/h"/>
    
    
    <tag k="subtype" v="road"/>
    
    
    <tag k="type" v="lanelet"/>
    
  
  </relation>
  
  
  <relation id="121001950" version="1">
    
    
    <member type="way" ref="202210" role="left"/>
    
    
    <member type="way" ref="202230" role="right"/>
    
    
    <tag k="location" v="urban"/>
    
    
    <tag k="region" v="kr"/>
    
    
    <tag k="speed_limit" v="60km/h"/>
    
    
    <tag k="subtype" v="road"/>
    
    
    <tag k="type" v="lanelet"/>
    
  
  </relation>
  
  
  <relation id="121001951" version="1">
    
    
    <member type="way" ref="202220" role="left"/>
    
    
    <member type="way" ref="202240" role="right"/>
    
    
    <tag k="location" v="urban"/>
    
    
    <tag k="region" v="kr"/>
    
    
    <tag k="speed_limit" v="60km/h"/>
    
    
    <tag k="subtype" v="road"/>
    
    
    <tag k="type" v="lanelet"/>
    
  
  </relation>
  
  
  <relation id="124000150" version="1">
    
    
    <member type="way" ref="201680" role="left"/>
    
    
    <member type="way" ref="201682" role="right"/>
    
    
    <tag k="location" v="urban"/>
    
    
    <tag k="region" v="kr"/>
    
    
    <tag k="speed_limit" v="60km/h"/>
    
    
    <tag k="subtype" v="road"/>
    
    
    <tag k="type" v="lanelet"/>
    
  
  </relation>
  
  
  <relation id="124000151" version="1">
    
    
    <member type="way" ref="201686" role="left"/>
    
    
    <member type="way" ref="201688" role="right"/>
    
    
    <tag k="location" v="urban"/>
    
    
    <tag k="region" v="kr"/>
    
    
    <tag k="speed_limit" v="60km/h"/>
    
    
    <tag k="subtype" v="road"/>
    
    
    <tag k="type" v="lanelet"/>
    
  
  </relation>
  
  
  <relation id="124000152" version="1">
    
    
    <member type="way" ref="201692" role="left"/>
    
    
    <member type="way" ref="201694" role="right"/>
    
    
    <tag k="location" v="urban"/>
    
    
    <tag k="region" v="kr"/>
    
    
    <tag k="speed_limit" v="60km/h"/>
    
    
    <tag k="subtype" v="road"/>
    
    
    <tag k="type" v="lanelet"/>
    
  
  </relation>
  
  
  <relation id="124000153" version="1">
    
    
    <member type="way" ref="201698" role="left"/>
    
    
    <member type="way" ref="201701" role="right"/>
    
    
    <tag k="location" v="urban"/>
    
    
    <tag k="region" v="kr"/>
    
    
    <tag k="speed_limit" v="60km/h"/>
    
    
    <tag k="subtype" v="road"/>
    
    
    <tag k="type" v="lanelet"/>
    
  
  </relation>
  
  
  <relation id="124000154" version="1">
    
    
    <member type="way" ref="201705" role="left"/>
    
    
    <member type="way" ref="201707" role="right"/>
    
    
    <tag k="location" v="urban"/>
    
    
    <tag k="region" v="kr"/>
    
    
    <tag k="speed_limit" v="60km/h"/>
    
    
    <tag k="subtype" v="road"/>
    
    
    <tag k="type" v="lanelet"/>
    
  
  </relation>
  
  
  <relation id="124000155" version="1">
    
    
    <member type="way" ref="201711" role="left"/>
    
    
    <member type="way" ref="201713" role="right"/>
    
    
    <tag k="location" v="urban"/>
    
    
    <tag k="region" v="kr"/>
    
    
    <tag k="speed_limit" v="60km/h"/>
    
    
    <tag k="subtype" v="road"/>
    
    
    <tag k="type" v="lanelet"/>
    
  
  </relation>
  
  
  <relation id="124000156" version="1">
    
    
    <member type="way" ref="201717" role="left"/>
    
    
    <member type="way" ref="201718" role="right"/>
    
    
    <tag k="location" v="urban"/>
    
    
    <tag k="region" v="kr"/>
    
    
    <tag k="speed_limit" v="60km/h"/>
    
    
    <tag k="subtype" v="road"/>
    
    
    <tag k="type" v="lanelet"/>
    
  
  </relation>
  
  
  <relation id="124000170" version="1">
    
    
    <member type="way" ref="201636" role="left"/>
    
    
    <member type="way" ref="201638" role="right"/>
    
    
    <tag k="location" v="urban"/>
    
    
    <tag k="region" v="kr"/>
    
    
    <tag k="speed_limit" v="60km/h"/>
    
    
    <tag k="subtype" v="road"/>
    
    
    <tag k="type" v="lanelet"/>
    
  
  </relation>
  
  
  <relation id="124000171" version="1">
    
    
    <member type="way" ref="201642" role="left"/>
    
    
    <member type="way" ref="201644" role="right"/>
    
    
    <tag k="location" v="urban"/>
    
    
    <tag k="region" v="kr"/>
    
    
    <tag k="speed_limit" v="60km/h"/>
    
    
    <tag k="subtype" v="road"/>
    
    
    <tag k="type" v="lanelet"/>
    
  
  </relation>
  
  
  <relation id="124000172" version="1">
    
    
    <member type="way" ref="201650" role="left"/>
    
    
    <member type="way" ref="201652" role="right"/>
    
    
    <tag k="location" v="urban"/>
    
    
    <tag k="region" v="kr"/>
    
    
    <tag k="speed_limit" v="60km/h"/>
    
    
    <tag k="subtype" v="road"/>
    
    
    <tag k="type" v="lanelet"/>
    
  
  </relation>
  
  
  <relation id="124000173" version="1">
    
    
    <member type="way" ref="201656" role="left"/>
    
    
    <member type="way" ref="201658" role="right"/>
    
    
    <tag k="location" v="urban"/>
    
    
    <tag k="region" v="kr"/>
    
    
    <tag k="speed_limit" v="60km/h"/>
    
    
    <tag k="subtype" v="road"/>
    
    
    <tag k="type" v="lanelet"/>
    
  
  </relation>
  
  
  <relation id="124000174" version="1">
    
    
    <member type="way" ref="201662" role="left"/>
    
    
    <member type="way" ref="201664" role="right"/>
    
    
    <tag k="location" v="urban"/>
    
    
    <tag k="region" v="kr"/>
    
    
    <tag k="speed_limit" v="60km/h"/>
    
    
    <tag k="subtype" v="road"/>
    
    
    <tag k="type" v="lanelet"/>
    
  
  </relation>
  
  
  <relation id="124000175" version="1">
    
    
    <member type="way" ref="201671" role="left"/>
    
    
    <member type="way" ref="201673" role="right"/>
    
    
    <tag k="location" v="urban"/>
    
    
    <tag k="region" v="kr"/>
    
    
    <tag k="speed_limit" v="60km/h"/>
    
    
    <tag k="subtype" v="road"/>
    
    
    <tag k="type" v="lanelet"/>
    
  
  </relation>
  
  
  <relation id="124000176" version="1">
    
    
    <member type="way" ref="201677" role="left"/>
    
    
    <member type="way" ref="201678" role="right"/>
    
    
    <tag k="location" v="urban"/>
    
    
    <tag k="region" v="kr"/>
    
    
    <tag k="speed_limit" v="60km/h"/>
    
    
    <tag k="subtype" v="road"/>
    
    
    <tag k="type" v="lanelet"/>
    
  
  </relation>
  
  
  <relation id="124000201" version="1">
    
    
    <member type="way" ref="201967" role="left"/>
    
    
    <member type="way" ref="201970" role="right"/>
    
    
    <tag k="location" v="urban"/>
    
    
    <tag k="region" v="kr"/>
    
    
    <tag k="speed_limit" v="60km/h"/>
    
    
    <tag k="subtype" v="road"/>
    
    
    <tag k="type" v="lanelet"/>
    
  
  </relation>
  
  
  <relation id="124000202" version="1">
    
    
    <member type="way" ref="201976" role="left"/>
    
    
    <member type="way" ref="201978" role="right"/>
    
    
    <tag k="location" v="urban"/>
    
    
    <tag k="region" v="kr"/>
    
    
    <tag k="speed_limit" v="60km/h"/>
    
    
    <tag k="subtype" v="road"/>
    
    
    <tag k="type" v="lanelet"/>
    
  
  </relation>
  
  
  <relation id="124000203" version="1">
    
    
    <member type="way" ref="201982" role="left"/>
    
    
    <member type="way" ref="201984" role="right"/>
    
    
    <tag k="location" v="urban"/>
    
    
    <tag k="region" v="kr"/>
    
    
    <tag k="speed_limit" v="60km/h"/>
    
    
    <tag k="subtype" v="road"/>
    
    
    <tag k="type" v="lanelet"/>
    
  
  </relation>
  
  
  <relation id="124000204" version="1">
    
    
    <member type="way" ref="201988" role="left"/>
    
    
    <member type="way" ref="201990" role="right"/>
    
    
    <tag k="location" v="urban"/>
    
    
    <tag k="region" v="kr"/>
    
    
    <tag k="speed_limit" v="60km/h"/>
    
    
    <tag k="subtype" v="road"/>
    
    
    <tag k="type" v="lanelet"/>
    
  
  </relation>
  
  
  <relation id="124000205" version="1">
    
    
    <member type="way" ref="201994" role="left"/>
    
    
    <member type="way" ref="201996" role="right"/>
    
    
    <tag k="location" v="urban"/>
    
    
    <tag k="region" v="kr"/>
    
    
    <tag k="speed_limit" v="60km/h"/>
    
    
    <tag k="subtype" v="road"/>
    
    
    <tag k="type" v="lanelet"/>
    
  
  </relation>
  
  
  <relation id="124000206" version="1">
    
    
    <member type="way" ref="202000" role="left"/>
    
    
    <member type="way" ref="202002" role="right"/>
    
    
    <tag k="location" v="urban"/>
    
    
    <tag k="region" v="kr"/>
    
    
    <tag k="speed_limit" v="60km/h"/>
    
    
    <tag k="subtype" v="road"/>
    
    
    <tag k="type" v="lanelet"/>
    
  
  </relation>
  
  
  <relation id="124000207" version="1">
    
    
    <member type="way" ref="202006" role="left"/>
    
    
    <member type="way" ref="202008" role="right"/>
    
    
    <tag k="location" v="urban"/>
    
    
    <tag k="region" v="kr"/>
    
    
    <tag k="speed_limit" v="60km/h"/>
    
    
    <tag k="subtype" v="road"/>
    
    
    <tag k="type" v="lanelet"/>
    
  
  </relation>
  
  
  <relation id="124000208" version="1">
    
    
    <member type="way" ref="202012" role="left"/>
    
    
    <member type="way" ref="202014" role="right"/>
    
    
    <tag k="location" v="urban"/>
    
    
    <tag k="region" v="kr"/>
    
    
    <tag k="speed_limit" v="60km/h"/>
    
    
    <tag k="subtype" v="road"/>
    
    
    <tag k="type" v="lanelet"/>
    
  
  </relation>
  
  
  <relation id="124000209" version="1">
    
    
    <member type="way" ref="202018" role="left"/>
    
    
    <member type="way" ref="202020" role="right"/>
    
    
    <tag k="location" v="urban"/>
    
    
    <tag k="region" v="kr"/>
    
    
    <tag k="speed_limit" v="60km/h"/>
    
    
    <tag k="subtype" v="road"/>
    
    
    <tag k="type" v="lanelet"/>
    
  
  </relation>
  
  
  <relation id="124000210" version="1">
    
    
    <member type="way" ref="202064" role="left"/>
    
    
    <member type="way" ref="202074" role="right"/>
    
    
    <tag k="location" v="urban"/>
    
    
    <tag k="region" v="kr"/>
    
    
    <tag k="speed_limit" v="60km/h"/>
    
    
    <tag k="subtype" v="road"/>
    
    
    <tag k="type" v="lanelet"/>
    
  
  </relation>
  
  
  <relation id="124000212" version="1">
    
    
    <member type="way" ref="202089" role="left"/>
    
    
    <member type="way" ref="202092" role="right"/>
    
    
    <tag k="location" v="urban"/>
    
    
    <tag k="region" v="kr"/>
    
    
    <tag k="speed_limit" v="60km/h"/>
    
    
    <tag k="subtype" v="road"/>
    
    
    <tag k="type" v="lanelet"/>
    
  
  </relation>
  
  
  <relation id="124000213" version="1">
    
    
    <member type="way" ref="202098" role="left"/>
    
    
    <member type="way" ref="202100" role="right"/>
    
    
    <tag k="location" v="urban"/>
    
    
    <tag k="region" v="kr"/>
    
    
    <tag k="speed_limit" v="60km/h"/>
    
    
    <tag k="subtype" v="road"/>
    
    
    <tag k="type" v="lanelet"/>
    
  
  </relation>
  
  
  <relation id="124000215" version="1">
    
    
    <member type="way" ref="202104" role="left"/>
    
    
    <member type="way" ref="202107" role="right"/>
    
    
    <tag k="location" v="urban"/>
    
    
    <tag k="region" v="kr"/>
    
    
    <tag k="speed_limit" v="60km/h"/>
    
    
    <tag k="subtype" v="road"/>
    
    
    <tag k="type" v="lanelet"/>
    
  
  </relation>
  
  
  <relation id="124000216" version="1">
    
    
    <member type="way" ref="202113" role="left"/>
    
    
    <member type="way" ref="202115" role="right"/>
    
    
    <tag k="location" v="urban"/>
    
    
    <tag k="region" v="kr"/>
    
    
    <tag k="speed_limit" v="60km/h"/>
    
    
    <tag k="subtype" v="road"/>
    
    
    <tag k="type" v="lanelet"/>
    
  
  </relation>
  
  
  <relation id="124000217" version="1">
    
    
    <member type="way" ref="202119" role="left"/>
    
    
    <member type="way" ref="202121" role="right"/>
    
    
    <tag k="location" v="urban"/>
    
    
    <tag k="region" v="kr"/>
    
    
    <tag k="speed_limit" v="60km/h"/>
    
    
    <tag k="subtype" v="road"/>
    
    
    <tag k="type" v="lanelet"/>
    
  
  </relation>
  
  
  <relation id="124000218" version="1">
    
    
    <member type="way" ref="202125" role="left"/>
    
    
    <member type="way" ref="202127" role="right"/>
    
    
    <tag k="location" v="urban"/>
    
    
    <tag k="region" v="kr"/>
    
    
    <tag k="speed_limit" v="60km/h"/>
    
    
    <tag k="subtype" v="road"/>
    
    
    <tag k="type" v="lanelet"/>
    
  
  </relation>
  
  
  <relation id="124000219" version="1">
    
    
    <member type="way" ref="202131" role="left"/>
    
    
    <member type="way" ref="202133" role="right"/>
    
    
    <tag k="location" v="urban"/>
    
    
    <tag k="region" v="kr"/>
    
    
    <tag k="speed_limit" v="60km/h"/>
    
    
    <tag k="subtype" v="road"/>
    
    
    <tag k="type" v="lanelet"/>
    
  
  </relation>
  
  
  <relation id="124000340" version="1">
    
    
    <member type="way" ref="201506" role="left"/>
    
    
    <member type="way" ref="201513" role="right"/>
    
    
    <tag k="location" v="urban"/>
    
    
    <tag k="region" v="kr"/>
    
    
    <tag k="speed_limit" v="60km/h"/>
    
    
    <tag k="subtype" v="road"/>
    
    
    <tag k="type" v="lanelet"/>
    
  
  </relation>
  
  
  <relation id="124000341" version="1">
    
    
    <member type="way" ref="201525" role="left"/>
    
    
    <member type="way" ref="201529" role="right"/>
    
    
    <tag k="location" v="urban"/>
    
    
    <tag k="region" v="kr"/>
    
    
    <tag k="speed_limit" v="60km/h"/>
    
    
    <tag k="subtype" v="road"/>
    
    
    <tag k="type" v="lanelet"/>
    
  
  </relation>
  
  
  <relation id="124000342" version="1">
    
    
    <member type="way" ref="201537" role="left"/>
    
    
    <member type="way" ref="201539" role="right"/>
    
    
    <tag k="location" v="urban"/>
    
    
    <tag k="region" v="kr"/>
    
    
    <tag k="speed_limit" v="60km/h"/>
    
    
    <tag k="subtype" v="road"/>
    
    
    <tag k="type" v="lanelet"/>
    
  
  </relation>
  
  
  <relation id="124000343" version="1">
    
    
    <member type="way" ref="201543" role="left"/>
    
    
    <member type="way" ref="201546" role="right"/>
    
    
    <tag k="location" v="urban"/>
    
    
    <tag k="region" v="kr"/>
    
    
    <tag k="speed_limit" v="60km/h"/>
    
    
    <tag k="subtype" v="road"/>
    
    
    <tag k="type" v="lanelet"/>
    
  
  </relation>
  
  
  <relation id="124000344" version="1">
    
    
    <member type="way" ref="201552" role="left"/>
    
    
    <member type="way" ref="201556" role="right"/>
    
    
    <tag k="location" v="urban"/>
    
    
    <tag k="region" v="kr"/>
    
    
    <tag k="speed_limit" v="60km/h"/>
    
    
    <tag k="subtype" v="road"/>
    
    
    <tag k="type" v="lanelet"/>
    
  
  </relation>
  
  
  <relation id="124000345" version="1">
    
    
    <member type="way" ref="201564" role="left"/>
    
    
    <member type="way" ref="201566" role="right"/>
    
    
    <tag k="location" v="urban"/>
    
    
    <tag k="region" v="kr"/>
    
    
    <tag k="speed_limit" v="60km/h"/>
    
    
    <tag k="subtype" v="road"/>
    
    
    <tag k="type" v="lanelet"/>
    
  
  </relation>
  
  
  <relation id="124000346" version="1">
    
    
    <member type="way" ref="201570" role="left"/>
    
    
    <member type="way" ref="201572" role="right"/>
    
    
    <tag k="location" v="urban"/>
    
    
    <tag k="region" v="kr"/>
    
    
    <tag k="speed_limit" v="60km/h"/>
    
    
    <tag k="subtype" v="road"/>
    
    
    <tag k="type" v="lanelet"/>
    
  
  </relation>
  
  
  <relation id="124000347" version="1">
    
    
    <member type="way" ref="201576" role="left"/>
    
    
    <member type="way" ref="201578" role="right"/>
    
    
    <tag k="location" v="urban"/>
    
    
    <tag k="region" v="kr"/>
    
    
    <tag k="speed_limit" v="60km/h"/>
    
    
    <tag k="subtype" v="road"/>
    
    
    <tag k="type" v="lanelet"/>
    
  
  </relation>
  
  
  <relation id="124000348" version="1">
    
    
    <member type="way" ref="201582" role="left"/>
    
    
    <member type="way" ref="201584" role="right"/>
    
    
    <tag k="location" v="urban"/>
    
    
    <tag k="region" v="kr"/>
    
    
    <tag k="speed_limit" v="60km/h"/>
    
    
    <tag k="subtype" v="road"/>
    
    
    <tag k="type" v="lanelet"/>
    
  
  </relation>
  
  
  <relation id="124000350" version="1">
    
    
    <member type="way" ref="201720" role="left"/>
    
    
    <member type="way" ref="201722" role="right"/>
    
    
    <tag k="location" v="urban"/>
    
    
    <tag k="region" v="kr"/>
    
    
    <tag k="speed_limit" v="60km/h"/>
    
    
    <tag k="subtype" v="road"/>
    
    
    <tag k="type" v="lanelet"/>
    
  
  </relation>
  
  
  <relation id="124000351" version="1">
    
    
    <member type="way" ref="201726" role="left"/>
    
    
    <member type="way" ref="201728" role="right"/>
    
    
    <tag k="location" v="urban"/>
    
    
    <tag k="region" v="kr"/>
    
    
    <tag k="speed_limit" v="60km/h"/>
    
    
    <tag k="subtype" v="road"/>
    
    
    <tag k="type" v="lanelet"/>
    
  
  </relation>
  
  
  <relation id="124000352" version="1">
    
    
    <member type="way" ref="201732" role="left"/>
    
    
    <member type="way" ref="201734" role="right"/>
    
    
    <tag k="location" v="urban"/>
    
    
    <tag k="region" v="kr"/>
    
    
    <tag k="speed_limit" v="60km/h"/>
    
    
    <tag k="subtype" v="road"/>
    
    
    <tag k="type" v="lanelet"/>
    
  
  </relation>
  
  
  <relation id="124000353" version="1">
    
    
    <member type="way" ref="201738" role="left"/>
    
    
    <member type="way" ref="201740" role="right"/>
    
    
    <tag k="location" v="urban"/>
    
    
    <tag k="region" v="kr"/>
    
    
    <tag k="speed_limit" v="60km/h"/>
    
    
    <tag k="subtype" v="road"/>
    
    
    <tag k="type" v="lanelet"/>
    
  
  </relation>
  
  
  <relation id="124000354" version="1">
    
    
    <member type="way" ref="201744" role="left"/>
    
    
    <member type="way" ref="201746" role="right"/>
    
    
    <tag k="location" v="urban"/>
    
    
    <tag k="region" v="kr"/>
    
    
    <tag k="speed_limit" v="60km/h"/>
    
    
    <tag k="subtype" v="road"/>
    
    
    <tag k="type" v="lanelet"/>
    
  
  </relation>
  
  
  <relation id="124000361" version="1">
    
    
    <member type="way" ref="201615" role="left"/>
    
    
    <member type="way" ref="201622" role="right"/>
    
    
    <tag k="location" v="urban"/>
    
    
    <tag k="region" v="kr"/>
    
    
    <tag k="speed_limit" v="60km/h"/>
    
    
    <tag k="subtype" v="road"/>
    
    
    <tag k="type" v="lanelet"/>
    
  
  </relation>
  
  
  <relation id="124000370" version="1">
    
    
    <member type="way" ref="201750" role="left"/>
    
    
    <member type="way" ref="201752" role="right"/>
    
    
    <tag k="location" v="urban"/>
    
    
    <tag k="region" v="kr"/>
    
    
    <tag k="speed_limit" v="60km/h"/>
    
    
    <tag k="subtype" v="road"/>
    
    
    <tag k="type" v="lanelet"/>
    
  
  </relation>
  
  
  <relation id="124000371" version="1">
    
    
    <member type="way" ref="201756" role="left"/>
    
    
    <member type="way" ref="201758" role="right"/>
    
    
    <tag k="location" v="urban"/>
    
    
    <tag k="region" v="kr"/>
    
    
    <tag k="speed_limit" v="60km/h"/>
    
    
    <tag k="subtype" v="road"/>
    
    
    <tag k="type" v="lanelet"/>
    
  
  </relation>
  
  
  <relation id="124000372" version="1">
    
    
    <member type="way" ref="201762" role="left"/>
    
    
    <member type="way" ref="201764" role="right"/>
    
    
    <tag k="location" v="urban"/>
    
    
    <tag k="region" v="kr"/>
    
    
    <tag k="speed_limit" v="60km/h"/>
    
    
    <tag k="subtype" v="road"/>
    
    
    <tag k="type" v="lanelet"/>
    
  
  </relation>
  
  
  <relation id="124000373" version="1">
    
    
    <member type="way" ref="201768" role="left"/>
    
    
    <member type="way" ref="201770" role="right"/>
    
    
    <tag k="location" v="urban"/>
    
    
    <tag k="region" v="kr"/>
    
    
    <tag k="speed_limit" v="60km/h"/>
    
    
    <tag k="subtype" v="road"/>
    
    
    <tag k="type" v="lanelet"/>
    
  
  </relation>
  
  
  <relation id="124000374" version="1">
    
    
    <member type="way" ref="201774" role="left"/>
    
    
    <member type="way" ref="201776" role="right"/>
    
    
    <tag k="location" v="urban"/>
    
    
    <tag k="region" v="kr"/>
    
    
    <tag k="speed_limit" v="60km/h"/>
    
    
    <tag k="subtype" v="road"/>
    
    
    <tag k="type" v="lanelet"/>
    
  
  </relation>
  
  
  <relation id="124000375" version="1">
    
    
    <member type="way" ref="201780" role="left"/>
    
    
    <member type="way" ref="201782" role="right"/>
    
    
    <tag k="location" v="urban"/>
    
    
    <tag k="region" v="kr"/>
    
    
    <tag k="speed_limit" v="60km/h"/>
    
    
    <tag k="subtype" v="road"/>
    
    
    <tag k="type" v="lanelet"/>
    
  
  </relation>
  
  
  <relation id="124000376" version="1">
    
    
    <member type="way" ref="201786" role="left"/>
    
    
    <member type="way" ref="201788" role="right"/>
    
    
    <tag k="location" v="urban"/>
    
    
    <tag k="region" v="kr"/>
    
    
    <tag k="speed_limit" v="60km/h"/>
    
    
    <tag k="subtype" v="road"/>
    
    
    <tag k="type" v="lanelet"/>
    
  
  </relation>
  
  
  <relation id="124000377" version="1">
    
    
    <member type="way" ref="201792" role="left"/>
    
    
    <member type="way" ref="201793" role="right"/>
    
    
    <tag k="location" v="urban"/>
    
    
    <tag k="region" v="kr"/>
    
    
    <tag k="speed_limit" v="60km/h"/>
    
    
    <tag k="subtype" v="road"/>
    
    
    <tag k="type" v="lanelet"/>
    
  
  </relation>
  
  
  <relation id="124000380" version="1">
    
    
    <member type="way" ref="201588" role="left"/>
    
    
    <member type="way" ref="201591" role="right"/>
    
    
    <tag k="location" v="urban"/>
    
    
    <tag k="region" v="kr"/>
    
    
    <tag k="speed_limit" v="60km/h"/>
    
    
    <tag k="subtype" v="road"/>
    
    
    <tag k="type" v="lanelet"/>
    
  
  </relation>
  
  
  <relation id="124000381" version="1">
    
    
    <member type="way" ref="201597" role="left"/>
    
    
    <member type="way" ref="201599" role="right"/>
    
    
    <tag k="location" v="urban"/>
    
    
    <tag k="region" v="kr"/>
    
    
    <tag k="speed_limit" v="60km/h"/>
    
    
    <tag k="subtype" v="road"/>
    
    
    <tag k="type" v="lanelet"/>
    
  
  </relation>
  
  
  <relation id="124000382" version="1">
    
    
    <member type="way" ref="201603" role="left"/>
    
    
    <member type="way" ref="201605" role="right"/>
    
    
    <tag k="location" v="urban"/>
    
    
    <tag k="region" v="kr"/>
    
    
    <tag k="speed_limit" v="60km/h"/>
    
    
    <tag k="subtype" v="road"/>
    
    
    <tag k="type" v="lanelet"/>
    
  
  </relation>
  
  
  <relation id="124000383" version="1">
    
    
    <member type="way" ref="201609" role="left"/>
    
    
    <member type="way" ref="201611" role="right"/>
    
    
    <tag k="location" v="urban"/>
    
    
    <tag k="region" v="kr"/>
    
    
    <tag k="speed_limit" v="60km/h"/>
    
    
    <tag k="subtype" v="road"/>
    
    
    <tag k="type" v="lanelet"/>
    
  
  </relation>
  
  
  <relation id="124000450" version="1">
    
    
    <member type="way" ref="201795" role="left"/>
    
    
    <member type="way" ref="201798" role="right"/>
    
    
    <tag k="location" v="urban"/>
    
    
    <tag k="region" v="kr"/>
    
    
    <tag k="speed_limit" v="60km/h"/>
    
    
    <tag k="subtype" v="road"/>
    
    
    <tag k="type" v="lanelet"/>
    
  
  </relation>
  
  
  <relation id="124000451" version="1">
    
    
    <member type="way" ref="201804" role="left"/>
    
    
    <member type="way" ref="201806" role="right"/>
    
    
    <tag k="location" v="urban"/>
    
    
    <tag k="region" v="kr"/>
    
    
    <tag k="speed_limit" v="60km/h"/>
    
    
    <tag k="subtype" v="road"/>
    
    
    <tag k="type" v="lanelet"/>
    
  
  </relation>
  
  
  <relation id="124000480" version="1">
    
    
    <member type="way" ref="203726" role="left"/>
    
    
    <member type="way" ref="203728" role="right"/>
    
    
    <tag k="location" v="urban"/>
    
    
    <tag k="region" v="kr"/>
    
    
    <tag k="speed_limit" v="60km/h"/>
    
    
    <tag k="subtype" v="road"/>
    
    
    <tag k="type" v="lanelet"/>
    
  
  </relation>
  
  
  <relation id="124000481" version="1">
    
    
    <member type="way" ref="203733" role="left"/>
    
    
    <member type="way" ref="203735" role="right"/>
    
    
    <tag k="location" v="urban"/>
    
    
    <tag k="region" v="kr"/>
    
    
    <tag k="speed_limit" v="60km/h"/>
    
    
    <tag k="subtype" v="road"/>
    
    
    <tag k="type" v="lanelet"/>
    
  
  </relation>
  
  
  <relation id="124000482" version="1">
    
    
    <member type="way" ref="203739" role="left"/>
    
    
    <member type="way" ref="203740" role="right"/>
    
    
    <tag k="location" v="urban"/>
    
    
    <tag k="region" v="kr"/>
    
    
    <tag k="speed_limit" v="60km/h"/>
    
    
    <tag k="subtype" v="road"/>
    
    
    <tag k="type" v="lanelet"/>
    
  
  </relation>
  
  
  <relation id="124000510" version="1">
    
    
    <member type="way" ref="201812" role="left"/>
    
    
    <member type="way" ref="201821" role="right"/>
    
    
    <tag k="location" v="urban"/>
    
    
    <tag k="region" v="kr"/>
    
    
    <tag k="speed_limit" v="60km/h"/>
    
    
    <tag k="subtype" v="road"/>
    
    
    <tag k="type" v="lanelet"/>
    
  
  </relation>
  
  
  <relation id="124000511" version="1">
    
    
    <member type="way" ref="201838" role="left"/>
    
    
    <member type="way" ref="201847" role="right"/>
    
    
    <tag k="location" v="urban"/>
    
    
    <tag k="region" v="kr"/>
    
    
    <tag k="speed_limit" v="60km/h"/>
    
    
    <tag k="subtype" v="road"/>
    
    
    <tag k="type" v="lanelet"/>
    
  
  </relation>
  
  
  <relation id="124000512" version="1">
    
    
    <member type="way" ref="201865" role="left"/>
    
    
    <member type="way" ref="201874" role="right"/>
    
    
    <tag k="location" v="urban"/>
    
    
    <tag k="region" v="kr"/>
    
    
    <tag k="speed_limit" v="60km/h"/>
    
    
    <tag k="subtype" v="road"/>
    
    
    <tag k="type" v="lanelet"/>
    
  
  </relation>
  
  
  <relation id="124000513" version="1">
    
    
    <member type="way" ref="201890" role="left"/>
    
    
    <member type="way" ref="201899" role="right"/>
    
    
    <tag k="location" v="urban"/>
    
    
    <tag k="region" v="kr"/>
    
    
    <tag k="speed_limit" v="60km/h"/>
    
    
    <tag k="subtype" v="road"/>
    
    
    <tag k="type" v="lanelet"/>
    
  
  </relation>
  
  
  <relation id="124000514" version="1">
    
    
    <member type="way" ref="201916" role="left"/>
    
    
    <member type="way" ref="201925" role="right"/>
    
    
    <tag k="location" v="urban"/>
    
    
    <tag k="region" v="kr"/>
    
    
    <tag k="speed_limit" v="60km/h"/>
    
    
    <tag k="subtype" v="road"/>
    
    
    <tag k="type" v="lanelet"/>
    
  
  </relation>
  
  
  <relation id="124000515" version="1">
    
    
    <member type="way" ref="201943" role="left"/>
    
    
    <member type="way" ref="201951" role="right"/>
    
    
    <tag k="location" v="urban"/>
    
    
    <tag k="region" v="kr"/>
    
    
    <tag k="speed_limit" v="60km/h"/>
    
    
    <tag k="subtype" v="road"/>
    
    
    <tag k="type" v="lanelet"/>
    
  
  </relation>
  
  
  <relation id="124000570" version="1">
    
    
    <member type="way" ref="203761" role="left"/>
    
    
    <member type="way" ref="203764" role="right"/>
    
    
    <tag k="location" v="urban"/>
    
    
    <tag k="region" v="kr"/>
    
    
    <tag k="speed_limit" v="60km/h"/>
    
    
    <tag k="subtype" v="road"/>
    
    
    <tag k="type" v="lanelet"/>
    
  
  </relation>
  
  
  <relation id="124000571" version="1">
    
    
    <member type="way" ref="203772" role="left"/>
    
    
    <member type="way" ref="203773" role="right"/>
    
    
    <tag k="location" v="urban"/>
    
    
    <tag k="region" v="kr"/>
    
    
    <tag k="speed_limit" v="60km/h"/>
    
    
    <tag k="subtype" v="road"/>
    
    
    <tag k="type" v="lanelet"/>
    
  
  </relation>
  
  
  <relation id="124000590" version="1">
    
    
    <member type="way" ref="203841" role="left"/>
    
    
    <member type="way" ref="203843" role="right"/>
    
    
    <tag k="location" v="urban"/>
    
    
    <tag k="region" v="kr"/>
    
    
    <tag k="speed_limit" v="60km/h"/>
    
    
    <tag k="subtype" v="road"/>
    
    
    <tag k="type" v="lanelet"/>
    
  
  </relation>
  
  
  <relation id="124000591" version="1">
    
    
    <member type="way" ref="203847" role="left"/>
    
    
    <member type="way" ref="203849" role="right"/>
    
    
    <tag k="location" v="urban"/>
    
    
    <tag k="region" v="kr"/>
    
    
    <tag k="speed_limit" v="60km/h"/>
    
    
    <tag k="subtype" v="road"/>
    
    
    <tag k="type" v="lanelet"/>
    
  
  </relation>
  
  
  <relation id="124000592" version="1">
    
    
    <member type="way" ref="203853" role="left"/>
    
    
    <member type="way" ref="203854" role="right"/>
    
    
    <tag k="location" v="urban"/>
    
    
    <tag k="region" v="kr"/>
    
    
    <tag k="speed_limit" v="60km/h"/>
    
    
    <tag k="subtype" v="road"/>
    
    
    <tag k="type" v="lanelet"/>
    
  
  </relation>
  
  
  <relation id="127000030" version="1">
    
    
    <member type="way" ref="203681" role="left"/>
    
    
    <member type="way" ref="203683" role="right"/>
    
    
    <tag k="location" v="urban"/>
    
    
    <tag k="region" v="kr"/>
    
    
    <tag k="speed_limit" v="60km/h"/>
    
    
    <tag k="subtype" v="road"/>
    
    
    <tag k="type" v="lanelet"/>
    
  
  </relation>
  
  
  <relation id="127000040" version="1">
    
    
    <member type="way" ref="203856" role="left"/>
    
    
    <member type="way" ref="203858" role="right"/>
    
    
    <tag k="location" v="urban"/>
    
    
    <tag k="region" v="kr"/>
    
    
    <tag k="speed_limit" v="60km/h"/>
    
    
    <tag k="subtype" v="road"/>
    
    
    <tag k="type" v="lanelet"/>
    
  
  </relation>
  
  
  <relation id="127000041" version="1">
    
    
    <member type="way" ref="203862" role="left"/>
    
    
    <member type="way" ref="203863" role="right"/>
    
    
    <tag k="location" v="urban"/>
    
    
    <tag k="region" v="kr"/>
    
    
    <tag k="speed_limit" v="60km/h"/>
    
    
    <tag k="subtype" v="road"/>
    
    
    <tag k="type" v="lanelet"/>
    
  
  </relation>
  
  
  <relation id="127000070" version="1">
    
    
    <member type="way" ref="203871" role="left"/>
    
    
    <member type="way" ref="203873" role="right"/>
    
    
    <tag k="location" v="urban"/>
    
    
    <tag k="region" v="kr"/>
    
    
    <tag k="speed_limit" v="60km/h"/>
    
    
    <tag k="subtype" v="road"/>
    
    
    <tag k="type" v="lanelet"/>
    
  
  </relation>
  
  
  <relation id="127000071" version="1">
    
    
    <member type="way" ref="203877" role="left"/>
    
    
    <member type="way" ref="203878" role="right"/>
    
    
    <tag k="location" v="urban"/>
    
    
    <tag k="region" v="kr"/>
    
    
    <tag k="speed_limit" v="60km/h"/>
    
    
    <tag k="subtype" v="road"/>
    
    
    <tag k="type" v="lanelet"/>
    
  
  </relation>
  
  
  <relation id="127000120" version="1">
    
    
    <member type="way" ref="203886" role="left"/>
    
    
    <member type="way" ref="203889" role="right"/>
    
    
    <tag k="location" v="urban"/>
    
    
    <tag k="region" v="kr"/>
    
    
    <tag k="speed_limit" v="60km/h"/>
    
    
    <tag k="subtype" v="road"/>
    
    
    <tag k="type" v="lanelet"/>
    
  
  </relation>
  
  
  <relation id="127000121" version="1">
    
    
    <member type="way" ref="203895" role="left"/>
    
    
    <member type="way" ref="203897" role="right"/>
    
    
    <tag k="location" v="urban"/>
    
    
    <tag k="region" v="kr"/>
    
    
    <tag k="speed_limit" v="60km/h"/>
    
    
    <tag k="subtype" v="road"/>
    
    
    <tag k="type" v="lanelet"/>
    
  
  </relation>
  
  
  <relation id="127000122" version="1">
    
    
    <member type="way" ref="203903" role="left"/>
    
    
    <member type="way" ref="203904" role="right"/>
    
    
    <tag k="location" v="urban"/>
    
    
    <tag k="region" v="kr"/>
    
    
    <tag k="speed_limit" v="60km/h"/>
    
    
    <tag k="subtype" v="road"/>
    
    
    <tag k="type" v="lanelet"/>
    
  
  </relation>
  
  
  <relation id="127000150" version="1">
    
    
    <member type="way" ref="203671" role="left"/>
    
    
    <member type="way" ref="203673" role="right"/>
    
    
    <tag k="location" v="urban"/>
    
    
    <tag k="region" v="kr"/>
    
    
    <tag k="speed_limit" v="60km/h"/>
    
    
    <tag k="subtype" v="road"/>
    
    
    <tag k="type" v="lanelet"/>
    
  
  </relation>
  
  
  <relation id="127000230" version="1">
    
    
    <member type="way" ref="203677" role="left"/>
    
    
    <member type="way" ref="203671" role="right"/>
    
    
    <tag k="location" v="urban"/>
    
    
    <tag k="region" v="kr"/>
    
    
    <tag k="speed_limit" v="60km/h"/>
    
    
    <tag k="subtype" v="road"/>
    
    
    <tag k="type" v="lanelet"/>
    
  
  </relation>
  
  
  <relation id="127000270" version="1">
    
    
    <member type="way" ref="203953" role="left"/>
    
    
    <member type="way" ref="203955" role="right"/>
    
    
    <tag k="location" v="urban"/>
    
    
    <tag k="region" v="kr"/>
    
    
    <tag k="speed_limit" v="60km/h"/>
    
    
    <tag k="subtype" v="road"/>
    
    
    <tag k="type" v="lanelet"/>
    
  
  </relation>
  
  
  <relation id="127000271" version="1">
    
    
    <member type="way" ref="203959" role="left"/>
    
    
    <member type="way" ref="203960" role="right"/>
    
    
    <tag k="location" v="urban"/>
    
    
    <tag k="region" v="kr"/>
    
    
    <tag k="speed_limit" v="60km/h"/>
    
    
    <tag k="subtype" v="road"/>
    
    
    <tag k="type" v="lanelet"/>
    
  
  </relation>
  
  
  <relation id="127000280" version="1">
    
    
    <member type="way" ref="203955" role="left"/>
    
    
    <member type="way" ref="203962" role="right"/>
    
    
    <tag k="location" v="urban"/>
    
    
    <tag k="region" v="kr"/>
    
    
    <tag k="speed_limit" v="60km/h"/>
    
    
    <tag k="subtype" v="road"/>
    
    
    <tag k="type" v="lanelet"/>
    
  
  </relation>
  
  
  <relation id="127000281" version="1">
    
    
    <member type="way" ref="203960" role="left"/>
    
    
    <member type="way" ref="203966" role="right"/>
    
    
    <tag k="location" v="urban"/>
    
    
    <tag k="region" v="kr"/>
    
    
    <tag k="speed_limit" v="60km/h"/>
    
    
    <tag k="subtype" v="road"/>
    
    
    <tag k="type" v="lanelet"/>
    
  
  </relation>
  
  
  <relation id="127000290" version="1">
    
    
    <member type="way" ref="203865" role="left"/>
    
    
    <member type="way" ref="203856" role="right"/>
    
    
    <tag k="location" v="urban"/>
    
    
    <tag k="region" v="kr"/>
    
    
    <tag k="speed_limit" v="60km/h"/>
    
    
    <tag k="subtype" v="road"/>
    
    
    <tag k="type" v="lanelet"/>
    
  
  </relation>
  
  
  <relation id="127000291" version="1">
    
    
    <member type="way" ref="203869" role="left"/>
    
    
    <member type="way" ref="203862" role="right"/>
    
    
    <tag k="location" v="urban"/>
    
    
    <tag k="region" v="kr"/>
    
    
    <tag k="speed_limit" v="60km/h"/>
    
    
    <tag k="subtype" v="road"/>
    
    
    <tag k="type" v="lanelet"/>
    
  
  </relation>
  
  
  <relation id="127000300" version="1">
    
    
    <member type="way" ref="203880" role="left"/>
    
    
    <member type="way" ref="203871" role="right"/>
    
    
    <tag k="location" v="urban"/>
    
    
    <tag k="region" v="kr"/>
    
    
    <tag k="speed_limit" v="60km/h"/>
    
    
    <tag k="subtype" v="road"/>
    
    
    <tag k="type" v="lanelet"/>
    
  
  </relation>
  
  
  <relation id="127000301" version="1">
    
    
    <member type="way" ref="203884" role="left"/>
    
    
    <member type="way" ref="203877" role="right"/>
    
    
    <tag k="location" v="urban"/>
    
    
    <tag k="region" v="kr"/>
    
    
    <tag k="speed_limit" v="60km/h"/>
    
    
    <tag k="subtype" v="road"/>
    
    
    <tag k="type" v="lanelet"/>
    
  
  </relation>
  
  
  <relation id="127000350" version="1">
    
    
    <member type="way" ref="203906" role="left"/>
    
    
    <member type="way" ref="203908" role="right"/>
    
    
    <tag k="location" v="urban"/>
    
    
    <tag k="region" v="kr"/>
    
    
    <tag k="speed_limit" v="60km/h"/>
    
    
    <tag k="subtype" v="road"/>
    
    
    <tag k="type" v="lanelet"/>
    
  
  </relation>
  
  
  <relation id="127000351" version="1">
    
    
    <member type="way" ref="203912" role="left"/>
    
    
    <member type="way" ref="203913" role="right"/>
    
    
    <tag k="location" v="urban"/>
    
    
    <tag k="region" v="kr"/>
    
    
    <tag k="speed_limit" v="60km/h"/>
    
    
    <tag k="subtype" v="road"/>
    
    
    <tag k="type" v="lanelet"/>
    
  
  </relation>
  
  
  <relation id="127000370" version="1">
    
    
    <member type="way" ref="203915" role="left"/>
    
    
    <member type="way" ref="203920" role="right"/>
    
    
    <tag k="location" v="urban"/>
    
    
    <tag k="region" v="kr"/>
    
    
    <tag k="speed_limit" v="60km/h"/>
    
    
    <tag k="subtype" v="road"/>
    
    
    <tag k="type" v="lanelet"/>
    
  
  </relation>
  
  
  <relation id="127000371" version="1">
    
    
    <member type="way" ref="203930" role="left"/>
    
    
    <member type="way" ref="203934" role="right"/>
    
    
    <tag k="location" v="urban"/>
    
    
    <tag k="region" v="kr"/>
    
    
    <tag k="speed_limit" v="60km/h"/>
    
    
    <tag k="subtype" v="road"/>
    
    
    <tag k="type" v="lanelet"/>
    
  
  </relation>
  
  
  <relation id="127000731" version="1">
    
    
    <member type="way" ref="203722" role="left"/>
    
    
    <member type="way" ref="203716" role="right"/>
    
    
    <tag k="location" v="urban"/>
    
    
    <tag k="region" v="kr"/>
    
    
    <tag k="speed_limit" v="60km/h"/>
    
    
    <tag k="subtype" v="road"/>
    
    
    <tag k="type" v="lanelet"/>
    
  
  </relation>
  
  
  <relation id="127000741" version="1">
    
    
    <member type="way" ref="203716" role="left"/>
    
    
    <member type="way" ref="203718" role="right"/>
    
    
    <tag k="location" v="urban"/>
    
    
    <tag k="region" v="kr"/>
    
    
    <tag k="speed_limit" v="60km/h"/>
    
    
    <tag k="subtype" v="road"/>
    
    
    <tag k="type" v="lanelet"/>
    
  
  </relation>
  
  
  <relation id="127000890" version="1">
    
    
    <member type="way" ref="203938" role="left"/>
    
    
    <member type="way" ref="203940" role="right"/>
    
    
    <tag k="location" v="urban"/>
    
    
    <tag k="region" v="kr"/>
    
    
    <tag k="speed_limit" v="60km/h"/>
    
    
    <tag k="subtype" v="road"/>
    
    
    <tag k="type" v="lanelet"/>
    
  
  </relation>
  
  
  <relation id="127000891" version="1">
    
    
    <member type="way" ref="203944" role="left"/>
    
    
    <member type="way" ref="203945" role="right"/>
    
    
    <tag k="location" v="urban"/>
    
    
    <tag k="region" v="kr"/>
    
    
    <tag k="speed_limit" v="60km/h"/>
    
    
    <tag k="subtype" v="road"/>
    
    
    <tag k="type" v="lanelet"/>
    
  
  </relation>
  
  
  <relation id="127001000" version="1">
    
    
    <member type="way" ref="203687" role="left"/>
    
    
    <member type="way" ref="203689" role="right"/>
    
    
    <tag k="location" v="urban"/>
    
    
    <tag k="region" v="kr"/>
    
    
    <tag k="speed_limit" v="60km/h"/>
    
    
    <tag k="subtype" v="road"/>
    
    
    <tag k="type" v="lanelet"/>
    
  
  </relation>
  
  
  <relation id="127001001" version="1">
    
    
    <member type="way" ref="203693" role="left"/>
    
    
    <member type="way" ref="203694" role="right"/>
    
    
    <tag k="location" v="urban"/>
    
    
    <tag k="region" v="kr"/>
    
    
    <tag k="speed_limit" v="60km/h"/>
    
    
    <tag k="subtype" v="road"/>
    
    
    <tag k="type" v="lanelet"/>
    
  
  </relation>
  
  
  <relation id="127001011" version="1">
    
    
    <member type="way" ref="203665" role="left"/>
    
    
    <member type="way" ref="203667" role="right"/>
    
    
    <tag k="location" v="urban"/>
    
    
    <tag k="region" v="kr"/>
    
    
    <tag k="speed_limit" v="60km/h"/>
    
    
    <tag k="subtype" v="road"/>
    
    
    <tag k="type" v="lanelet"/>
    
  
  </relation>
  
  
  <relation id="127001050" version="1">
    
    
    <member type="way" ref="203947" role="left"/>
    
    
    <member type="way" ref="203938" role="right"/>
    
    
    <tag k="location" v="urban"/>
    
    
    <tag k="region" v="kr"/>
    
    
    <tag k="speed_limit" v="60km/h"/>
    
    
    <tag k="subtype" v="road"/>
    
    
    <tag k="type" v="lanelet"/>
    
  
  </relation>
  
  
  <relation id="127001051" version="1">
    
    
    <member type="way" ref="203951" role="left"/>
    
    
    <member type="way" ref="203944" role="right"/>
    
    
    <tag k="location" v="urban"/>
    
    
    <tag k="region" v="kr"/>
    
    
    <tag k="speed_limit" v="60km/h"/>
    
    
    <tag k="subtype" v="road"/>
    
    
    <tag k="type" v="lanelet"/>
    
  
  </relation>
  
  
  <relation id="127001140" version="1">
    
    
    <member type="way" ref="203968" role="left"/>
    
    
    <member type="way" ref="203970" role="right"/>
    
    
    <tag k="location" v="urban"/>
    
    
    <tag k="region" v="kr"/>
    
    
    <tag k="speed_limit" v="60km/h"/>
    
    
    <tag k="subtype" v="road"/>
    
    
    <tag k="type" v="lanelet"/>
    
  
  </relation>
  
  
  <relation id="127001141" version="1">
    
    
    <member type="way" ref="203974" role="left"/>
    
    
    <member type="way" ref="203975" role="right"/>
    
    
    <tag k="location" v="urban"/>
    
    
    <tag k="region" v="kr"/>
    
    
    <tag k="speed_limit" v="60km/h"/>
    
    
    <tag k="subtype" v="road"/>
    
    
    <tag k="type" v="lanelet"/>
    
  
  </relation>
  
  
  <relation id="127001150" version="1">
    
    
    <member type="way" ref="203970" role="left"/>
    
    
    <member type="way" ref="203977" role="right"/>
    
    
    <tag k="location" v="urban"/>
    
    
    <tag k="region" v="kr"/>
    
    
    <tag k="speed_limit" v="60km/h"/>
    
    
    <tag k="subtype" v="road"/>
    
    
    <tag k="type" v="lanelet"/>
    
  
  </relation>
  
  
  <relation id="127001151" version="1">
    
    
    <member type="way" ref="203975" role="left"/>
    
    
    <member type="way" ref="203981" role="right"/>
    
    
    <tag k="location" v="urban"/>
    
    
    <tag k="region" v="kr"/>
    
    
    <tag k="speed_limit" v="60km/h"/>
    
    
    <tag k="subtype" v="road"/>
    
    
    <tag k="type" v="lanelet"/>
    
  
  </relation>
  
  
  <relation id="127001200" version="1">
    
    
    <member type="way" ref="203983" role="left"/>
    
    
    <member type="way" ref="203985" role="right"/>
    
    
    <tag k="location" v="urban"/>
    
    
    <tag k="region" v="kr"/>
    
    
    <tag k="speed_limit" v="60km/h"/>
    
    
    <tag k="subtype" v="road"/>
    
    
    <tag k="type" v="lanelet"/>
    
  
  </relation>
  
  
  <relation id="127001201" version="1">
    
    
    <member type="way" ref="203989" role="left"/>
    
    
    <member type="way" ref="203994" role="right"/>
    
    
    <tag k="location" v="urban"/>
    
    
    <tag k="region" v="kr"/>
    
    
    <tag k="speed_limit" v="60km/h"/>
    
    
    <tag k="subtype" v="road"/>
    
    
    <tag k="type" v="lanelet"/>
    
  
  </relation>
  
  
  <relation id="127001202" version="1">
    
    
    <member type="way" ref="204002" role="left"/>
    
    
    <member type="way" ref="204006" role="right"/>
    
    
    <tag k="location" v="urban"/>
    
    
    <tag k="region" v="kr"/>
    
    
    <tag k="speed_limit" v="60km/h"/>
    
    
    <tag k="subtype" v="road"/>
    
    
    <tag k="type" v="lanelet"/>
    
  
  </relation>
  
  
  <relation id="127001210" version="1">
    
    
    <member type="way" ref="203696" role="left"/>
    
    
    <member type="way" ref="203698" role="right"/>
    
    
    <tag k="location" v="urban"/>
    
    
    <tag k="region" v="kr"/>
    
    
    <tag k="speed_limit" v="60km/h"/>
    
    
    <tag k="subtype" v="road"/>
    
    
    <tag k="type" v="lanelet"/>
    
  
  </relation>
  
  
  <relation id="127001211" version="1">
    
    
    <member type="way" ref="203702" role="left"/>
    
    
    <member type="way" ref="203704" role="right"/>
    
    
    <tag k="location" v="urban"/>
    
    
    <tag k="region" v="kr"/>
    
    
    <tag k="speed_limit" v="60km/h"/>
    
    
    <tag k="subtype" v="road"/>
    
    
    <tag k="type" v="lanelet"/>
    
  
  </relation>
  
  
  <relation id="127001220" version="1">
    
    
    <member type="way" ref="203698" role="left"/>
    
    
    <member type="way" ref="203708" role="right"/>
    
    
    <tag k="location" v="urban"/>
    
    
    <tag k="region" v="kr"/>
    
    
    <tag k="speed_limit" v="60km/h"/>
    
    
    <tag k="subtype" v="road"/>
    
    
    <tag k="type" v="lanelet"/>
    
  
  </relation>
  
  
  <relation id="127001221" version="1">
    
    
    <member type="way" ref="203704" role="left"/>
    
    
    <member type="way" ref="203712" role="right"/>
    
    
    <tag k="location" v="urban"/>
    
    
    <tag k="region" v="kr"/>
    
    
    <tag k="speed_limit" v="60km/h"/>
    
    
    <tag k="subtype" v="road"/>
    
    
    <tag k="type" v="lanelet"/>
    
  
  </relation>
  
  
  <relation id="1200020100" version="1">
    
    
    <member type="way" ref="204112" role="left"/>
    
    
    <member type="way" ref="204114" role="right"/>
    
    
    <tag k="location" v="urban"/>
    
    
    <tag k="region" v="kr"/>
    
    
    <tag k="speed_limit" v="60km/h"/>
    
    
    <tag k="subtype" v="road"/>
    
    
    <tag k="type" v="lanelet"/>
    
  
  </relation>
  
  
  <relation id="1200020101" version="1">
    
    
    <member type="way" ref="204118" role="left"/>
    
    
    <member type="way" ref="204126" role="right"/>
    
    
    <tag k="location" v="urban"/>
    
    
    <tag k="region" v="kr"/>
    
    
    <tag k="speed_limit" v="60km/h"/>
    
    
    <tag k="subtype" v="road"/>
    
    
    <tag k="type" v="lanelet"/>
    
  
  </relation>
  
  
  <relation id="1200020102" version="1">
    
    
    <member type="way" ref="204142" role="left"/>
    
    
    <member type="way" ref="204143" role="right"/>
    
    
    <tag k="location" v="urban"/>
    
    
    <tag k="region" v="kr"/>
    
    
    <tag k="speed_limit" v="60km/h"/>
    
    
    <tag k="subtype" v="road"/>
    
    
    <tag k="type" v="lanelet"/>
    
  
  </relation>
  
  
  <relation id="1200020130" version="1">
    
    
    <member type="way" ref="204145" role="left"/>
    
    
    <member type="way" ref="204147" role="right"/>
    
    
    <tag k="location" v="urban"/>
    
    
    <tag k="region" v="kr"/>
    
    
    <tag k="speed_limit" v="60km/h"/>
    
    
    <tag k="subtype" v="road"/>
    
    
    <tag k="type" v="lanelet"/>
    
  
  </relation>
  
  
  <relation id="1200020131" version="1">
    
    
    <member type="way" ref="204151" role="left"/>
    
    
    <member type="way" ref="204155" role="right"/>
    
    
    <tag k="location" v="urban"/>
    
    
    <tag k="region" v="kr"/>
    
    
    <tag k="speed_limit" v="60km/h"/>
    
    
    <tag k="subtype" v="road"/>
    
    
    <tag k="type" v="lanelet"/>
    
  
  </relation>
  
  
  <relation id="1200021140" version="1">
    
    
    <member type="way" ref="204203" role="left"/>
    
    
    <member type="way" ref="204209" role="right"/>
    
    
    <tag k="location" v="urban"/>
    
    
    <tag k="region" v="kr"/>
    
    
    <tag k="speed_limit" v="60km/h"/>
    
    
    <tag k="subtype" v="road"/>
    
    
    <tag k="type" v="lanelet"/>
    
  
  </relation>
  
  
  <relation id="1200021141" version="1">
    
    
    <member type="way" ref="204223" role="left"/>
    
    
    <member type="way" ref="204227" role="right"/>
    
    
    <tag k="location" v="urban"/>
    
    
    <tag k="region" v="kr"/>
    
    
    <tag k="speed_limit" v="60km/h"/>
    
    
    <tag k="subtype" v="road"/>
    
    
    <tag k="type" v="lanelet"/>
    
  
  </relation>
  
  
  <relation id="1210011700" version="1">
    
    
    <member type="way" ref="204014" role="left"/>
    
    
    <member type="way" ref="204017" role="right"/>
    
    
    <tag k="location" v="urban"/>
    
    
    <tag k="region" v="kr"/>
    
    
    <tag k="speed_limit" v="60km/h"/>
    
    
    <tag k="subtype" v="road"/>
    
    
    <tag k="type" v="lanelet"/>
    
  
  </relation>
  
  
  <relation id="1210011701" version="1">
    
    
    <member type="way" ref="204023" role="left"/>
    
    
    <member type="way" ref="204026" role="right"/>
    
    
    <tag k="location" v="urban"/>
    
    
    <tag k="region" v="kr"/>
    
    
    <tag k="speed_limit" v="60km/h"/>
    
    
    <tag k="subtype" v="road"/>
    
    
    <tag k="type" v="lanelet"/>
    
  
  </relation>
  
  
  <relation id="1240002000" version="1">
    
    
    <member type="way" ref="204077" role="left"/>
    
    
    <member type="way" ref="204081" role="right"/>
    
    
    <tag k="location" v="urban"/>
    
    
    <tag k="region" v="kr"/>
    
    
    <tag k="speed_limit" v="60km/h"/>
    
    
    <tag k="subtype" v="road"/>
    
    
    <tag k="type" v="lanelet"/>
    
  
  </relation>
  
  
  <relation id="1240002001" version="1">
    
    
    <member type="way" ref="204088" role="left"/>
    
    
    <member type="way" ref="204093" role="right"/>
    
    
    <tag k="location" v="urban"/>
    
    
    <tag k="region" v="kr"/>
    
    
    <tag k="speed_limit" v="60km/h"/>
    
    
    <tag k="subtype" v="road"/>
    
    
    <tag k="type" v="lanelet"/>
    
  
  </relation>
  
  
  <relation id="1240002002" version="1">
    
    
    <member type="way" ref="204103" role="left"/>
    
    
    <member type="way" ref="204105" role="right"/>
    
    
    <tag k="location" v="urban"/>
    
    
    <tag k="region" v="kr"/>
    
    
    <tag k="speed_limit" v="60km/h"/>
    
    
    <tag k="subtype" v="road"/>
    
    
    <tag k="type" v="lanelet"/>
    
  
  </relation>
  
  
  <relation id="1240002003" version="1">
    
    
    <member type="way" ref="204109" role="left"/>
    
    
    <member type="way" ref="204110" role="right"/>
    
    
    <tag k="location" v="urban"/>
    
    
    <tag k="region" v="kr"/>
    
    
    <tag k="speed_limit" v="60km/h"/>
    
    
    <tag k="subtype" v="road"/>
    
    
    <tag k="type" v="lanelet"/>
    
  
  </relation>
  
  
  <relation id="1240002110" version="1">
    
    
    <member type="way" ref="204161" role="left"/>
    
    
    <member type="way" ref="204166" role="right"/>
    
    
    <tag k="location" v="urban"/>
    
    
    <tag k="region" v="kr"/>
    
    
    <tag k="speed_limit" v="60km/h"/>
    
    
    <tag k="subtype" v="road"/>
    
    
    <tag k="type" v="lanelet"/>
    
  
  </relation>
  
  
  <relation id="1240002111" version="1">
    
    
    <member type="way" ref="204176" role="left"/>
    
    
    <member type="way" ref="204177" role="right"/>
    
    
    <tag k="location" v="urban"/>
    
    
    <tag k="region" v="kr"/>
    
    
    <tag k="speed_limit" v="60km/h"/>
    
    
    <tag k="subtype" v="road"/>
    
    
    <tag k="type" v="lanelet"/>
    
  
  </relation>
  
  
  <relation id="1240002140" version="1">
    
    
    <member type="way" ref="204179" role="left"/>
    
    
    <member type="way" ref="204180" role="right"/>
    
    
    <tag k="location" v="urban"/>
    
    
    <tag k="region" v="kr"/>
    
    
    <tag k="speed_limit" v="60km/h"/>
    
    
    <tag k="subtype" v="road"/>
    
    
    <tag k="type" v="lanelet"/>
    
  
  </relation>
  
  
  <relation id="1240002141" version="1">
    
    
    <member type="way" ref="204184" role="left"/>
    
    
    <member type="way" ref="204191" role="right"/>
    
    
    <tag k="location" v="urban"/>
    
    
    <tag k="region" v="kr"/>
    
    
    <tag k="speed_limit" v="60km/h"/>
    
    
    <tag k="subtype" v="road"/>
    
    
    <tag k="type" v="lanelet"/>
    
  
  </relation>
  
  
  <relation id="1240003600" version="1">
    
    
    <member type="way" ref="204046" role="left"/>
    
    
    <member type="way" ref="204053" role="right"/>
    
    
    <tag k="location" v="urban"/>
    
    
    <tag k="region" v="kr"/>
    
    
    <tag k="speed_limit" v="60km/h"/>
    
    
    <tag k="subtype" v="road"/>
    
    
    <tag k="type" v="lanelet"/>
    
  
  </relation>
  
  
  <relation id="1240003601" version="1">
    
    
    <member type="way" ref="204071" role="left"/>
    
    
    <member type="way" ref="204073" role="right"/>
    
    
    <tag k="location" v="urban"/>
    
    
    <tag k="region" v="kr"/>
    
    
    <tag k="speed_limit" v="60km/h"/>
    
    
    <tag k="subtype" v="road"/>
    
    
    <tag k="type" v="lanelet"/>
    
  
  </relation>
  
  
  <relation id="1240003840" version="1">
    
    
    <member type="way" ref="204033" role="left"/>
    
    
    <member type="way" ref="204035" role="right"/>
    
    
    <tag k="location" v="urban"/>
    
    
    <tag k="region" v="kr"/>
    
    
    <tag k="speed_limit" v="60km/h"/>
    
    
    <tag k="subtype" v="road"/>
    
    
    <tag k="type" v="lanelet"/>
    
  
  </relation>
  
  
  <relation id="1240003841" version="1">
    
    
    <member type="way" ref="204040" role="left"/>
    
    
    <member type="way" ref="204042" role="right"/>
    
    
    <tag k="location" v="urban"/>
    
    
    <tag k="region" v="kr"/>
    
    
    <tag k="speed_limit" v="60km/h"/>
    
    
    <tag k="subtype" v="road"/>
    
    
    <tag k="type" v="lanelet"/>
    
  
  </relation>
  
  
  <relation id="1270000310" version="1">
    
    
    <member type="way" ref="204266" role="left"/>
    
    
    <member type="way" ref="204268" role="right"/>
    
    
    <tag k="location" v="urban"/>
    
    
    <tag k="region" v="kr"/>
    
    
    <tag k="speed_limit" v="60km/h"/>
    
    
    <tag k="subtype" v="road"/>
    
    
    <tag k="type" v="lanelet"/>
    
  
  </relation>
  
  
  <relation id="1270000311" version="1">
    
    
    <member type="way" ref="204272" role="left"/>
    
    
    <member type="way" ref="204273" role="right"/>
    
    
    <tag k="location" v="urban"/>
    
    
    <tag k="region" v="kr"/>
    
    
    <tag k="speed_limit" v="60km/h"/>
    
    
    <tag k="subtype" v="road"/>
    
    
    <tag k="type" v="lanelet"/>
    
  
  </relation>
  
  
  <relation id="1270001510" version="1">
    
    
    <member type="way" ref="204251" role="left"/>
    
    
    <member type="way" ref="204253" role="right"/>
    
    
    <tag k="location" v="urban"/>
    
    
    <tag k="region" v="kr"/>
    
    
    <tag k="speed_limit" v="60km/h"/>
    
    
    <tag k="subtype" v="road"/>
    
    
    <tag k="type" v="lanelet"/>
    
  
  </relation>
  
  
  <relation id="1270001511" version="1">
    
    
    <member type="way" ref="204257" role="left"/>
    
    
    <member type="way" ref="204258" role="right"/>
    
    
    <tag k="location" v="urban"/>
    
    
    <tag k="region" v="kr"/>
    
    
    <tag k="speed_limit" v="60km/h"/>
    
    
    <tag k="subtype" v="road"/>
    
    
    <tag k="type" v="lanelet"/>
    
  
  </relation>
  
  
  <relation id="1270002310" version="1">
    
    
    <member type="way" ref="204260" role="left"/>
    
    
    <member type="way" ref="204251" role="right"/>
    
    
    <tag k="location" v="urban"/>
    
    
    <tag k="region" v="kr"/>
    
    
    <tag k="speed_limit" v="60km/h"/>
    
    
    <tag k="subtype" v="road"/>
    
    
    <tag k="type" v="lanelet"/>
    
  
  </relation>
  
  
  <relation id="1270002311" version="1">
    
    
    <member type="way" ref="204264" role="left"/>
    
    
    <member type="way" ref="204257" role="right"/>
    
    
    <tag k="location" v="urban"/>
    
    
    <tag k="region" v="kr"/>
    
    
    <tag k="speed_limit" v="60km/h"/>
    
    
    <tag k="subtype" v="road"/>
    
    
    <tag k="type" v="lanelet"/>
    
  
  </relation>
  
  
  <relation id="1270007300" version="1">
    
    
    <member type="way" ref="204375" role="left"/>
    
    
    <member type="way" ref="204343" role="right"/>
    
    
    <tag k="location" v="urban"/>
    
    
    <tag k="region" v="kr"/>
    
    
    <tag k="speed_limit" v="60km/h"/>
    
    
    <tag k="subtype" v="road"/>
    
    
    <tag k="type" v="lanelet"/>
    
  
  </relation>
  
  
  <relation id="1270007301" version="1">
    
    
    <member type="way" ref="204381" role="left"/>
    
    
    <member type="way" ref="204353" role="right"/>
    
    
    <tag k="location" v="urban"/>
    
    
    <tag k="region" v="kr"/>
    
    
    <tag k="speed_limit" v="60km/h"/>
    
    
    <tag k="subtype" v="road"/>
    
    
    <tag k="type" v="lanelet"/>
    
  
  </relation>
  
  
  <relation id="1270007302" version="1">
    
    
    <member type="way" ref="204385" role="left"/>
    
    
    <member type="way" ref="204359" role="right"/>
    
    
    <tag k="location" v="urban"/>
    
    
    <tag k="region" v="kr"/>
    
    
    <tag k="speed_limit" v="60km/h"/>
    
    
    <tag k="subtype" v="road"/>
    
    
    <tag k="type" v="lanelet"/>
    
  
  </relation>
  
  
  <relation id="1270007303" version="1">
    
    
    <member type="way" ref="204394" role="left"/>
    
    
    <member type="way" ref="204372" role="right"/>
    
    
    <tag k="location" v="urban"/>
    
    
    <tag k="region" v="kr"/>
    
    
    <tag k="speed_limit" v="60km/h"/>
    
    
    <tag k="subtype" v="road"/>
    
    
    <tag k="type" v="lanelet"/>
    
  
  </relation>
  
  
  <relation id="1270007400" version="1">
    
    
    <member type="way" ref="204343" role="left"/>
    
    
    <member type="way" ref="204346" role="right"/>
    
    
    <tag k="location" v="urban"/>
    
    
    <tag k="region" v="kr"/>
    
    
    <tag k="speed_limit" v="60km/h"/>
    
    
    <tag k="subtype" v="road"/>
    
    
    <tag k="type" v="lanelet"/>
    
  
  </relation>
  
  
  <relation id="1270007401" version="1">
    
    
    <member type="way" ref="204353" role="left"/>
    
    
    <member type="way" ref="204355" role="right"/>
    
    
    <tag k="location" v="urban"/>
    
    
    <tag k="region" v="kr"/>
    
    
    <tag k="speed_limit" v="60km/h"/>
    
    
    <tag k="subtype" v="road"/>
    
    
    <tag k="type" v="lanelet"/>
    
  
  </relation>
  
  
  <relation id="1270007402" version="1">
    
    
    <member type="way" ref="204359" role="left"/>
    
    
    <member type="way" ref="204363" role="right"/>
    
    
    <tag k="location" v="urban"/>
    
    
    <tag k="region" v="kr"/>
    
    
    <tag k="speed_limit" v="60km/h"/>
    
    
    <tag k="subtype" v="road"/>
    
    
    <tag k="type" v="lanelet"/>
    
  
  </relation>
  
  
  <relation id="1270007403" version="1">
    
    
    <member type="way" ref="204372" role="left"/>
    
    
    <member type="way" ref="204373" role="right"/>
    
    
    <tag k="location" v="urban"/>
    
    
    <tag k="region" v="kr"/>
    
    
    <tag k="speed_limit" v="60km/h"/>
    
    
    <tag k="subtype" v="road"/>
    
    
    <tag k="type" v="lanelet"/>
    
  
  </relation>
  
  
  <relation id="1270010100" version="1">
    
    
    <member type="way" ref="204235" role="left"/>
    
    
    <member type="way" ref="204238" role="right"/>
    
    
    <tag k="location" v="urban"/>
    
    
    <tag k="region" v="kr"/>
    
    
    <tag k="speed_limit" v="60km/h"/>
    
    
    <tag k="subtype" v="road"/>
    
    
    <tag k="type" v="lanelet"/>
    
  
  </relation>
  
  
  <relation id="1270010101" version="1">
    
    
    <member type="way" ref="204244" role="left"/>
    
    
    <member type="way" ref="204246" role="right"/>
    
    
    <tag k="location" v="urban"/>
    
    
    <tag k="region" v="kr"/>
    
    
    <tag k="speed_limit" v="60km/h"/>
    
    
    <tag k="subtype" v="road"/>
    
    
    <tag k="type" v="lanelet"/>
    
  
  </relation>
  
  
  <relation id="1270012120" version="1">
    
    
    <member type="way" ref="204275" role="left"/>
    
    
    <member type="way" ref="204277" role="right"/>
    
    
    <tag k="location" v="urban"/>
    
    
    <tag k="region" v="kr"/>
    
    
    <tag k="speed_limit" v="60km/h"/>
    
    
    <tag k="subtype" v="road"/>
    
    
    <tag k="type" v="lanelet"/>
    
  
  </relation>
  
  
  <relation id="1270012121" version="1">
    
    
    <member type="way" ref="204281" role="left"/>
    
    
    <member type="way" ref="204285" role="right"/>
    
    
    <tag k="location" v="urban"/>
    
    
    <tag k="region" v="kr"/>
    
    
    <tag k="speed_limit" v="60km/h"/>
    
    
    <tag k="subtype" v="road"/>
    
    
    <tag k="type" v="lanelet"/>
    
  
  </relation>
  
  
  <relation id="1270012130" version="1">
    
    
    <member type="way" ref="204306" role="left"/>
    
    
    <member type="way" ref="204309" role="right"/>
    
    
    <tag k="location" v="urban"/>
    
    
    <tag k="region" v="kr"/>
    
    
    <tag k="speed_limit" v="60km/h"/>
    
    
    <tag k="subtype" v="road"/>
    
    
    <tag k="type" v="lanelet"/>
    
  
  </relation>
  
  
  <relation id="1270012131" version="1">
    
    
    <member type="way" ref="204315" role="left"/>
    
    
    <member type="way" ref="204319" role="right"/>
    
    
    <tag k="location" v="urban"/>
    
    
    <tag k="region" v="kr"/>
    
    
    <tag k="speed_limit" v="60km/h"/>
    
    
    <tag k="subtype" v="road"/>
    
    
    <tag k="type" v="lanelet"/>
    
  
  </relation>
  
  
  <relation id="1270012220" version="1">
    
    
    <member type="way" ref="204277" role="left"/>
    
    
    <member type="way" ref="204293" role="right"/>
    
    
    <tag k="location" v="urban"/>
    
    
    <tag k="region" v="kr"/>
    
    
    <tag k="speed_limit" v="60km/h"/>
    
    
    <tag k="subtype" v="road"/>
    
    
    <tag k="type" v="lanelet"/>
    
  
  </relation>
  
  
  <relation id="1270012221" version="1">
    
    
    <member type="way" ref="204285" role="left"/>
    
    
    <member type="way" ref="204298" role="right"/>
    
    
    <tag k="location" v="urban"/>
    
    
    <tag k="region" v="kr"/>
    
    
    <tag k="speed_limit" v="60km/h"/>
    
    
    <tag k="subtype" v="road"/>
    
    
    <tag k="type" v="lanelet"/>
    
  
  </relation>
  
  
  <relation id="1270012230" version="1">
    
    
    <member type="way" ref="204309" role="left"/>
    
    
    <member type="way" ref="204327" role="right"/>
    
    
    <tag k="location" v="urban"/>
    
    
    <tag k="region" v="kr"/>
    
    
    <tag k="speed_limit" v="60km/h"/>
    
    
    <tag k="subtype" v="road"/>
    
    
    <tag k="type" v="lanelet"/>
    
  
  </relation>
  
  
  <relation id="1270012231" version="1">
    
    
    <member type="way" ref="204319" role="left"/>
    
    
    <member type="way" ref="204333" role="right"/>
    
    
    <tag k="location" v="urban"/>
    
    
    <tag k="region" v="kr"/>
    
    
    <tag k="speed_limit" v="60km/h"/>
    
    
    <tag k="subtype" v="road"/>
    
    
    <tag k="type" v="lanelet"/>
    
  
  </relation>
  
  
  <relation id="1270012619" version="1">
    
    
    <member type="way" ref="22700112" role="ref_line"/>
    
    
    <member type="way" ref="31700008" role="refers"/>
    
    
    <member type="way" ref="31700017" role="refers"/>
    
    
    <member type="way" ref="1270012603" role="light_bulbs"/>
    
    
    <member type="way" ref="1270012609" role="light_bulbs"/>
    
    
    <tag k="subtype" v="traffic_light"/>
    
    
    <tag k="type" v="regulatory_element"/>
    
  
  </relation>
  
  
  <relation id="1270012642" version="1">
    
    
    <member type="way" ref="22700097" role="ref_line"/>
    
    
    <member type="way" ref="31700015" role="refers"/>
    
    
    <member type="way" ref="31700016" role="refers"/>
    
    
    <member type="way" ref="1270012626" role="light_bulbs"/>
    
    
    <member type="way" ref="1270012632" role="light_bulbs"/>
    
    
    <tag k="subtype" v="traffic_light"/>
    
    
    <tag k="type" v="regulatory_element"/>
    
  
  </relation>
  
  
  <relation id="1270012663" version="1">
    
    
    <member type="way" ref="22700108" role="ref_line"/>
    
    
    <member type="way" ref="31700018" role="refers"/>
    
    
    <member type="way" ref="31700019" role="refers"/>
    
    
    <member type="way" ref="1270012649" role="light_bulbs"/>
    
    
    <member type="way" ref="1270012655" role="light_bulbs"/>
    
    
    <tag k="subtype" v="traffic_light"/>
    
    
    <tag k="type" v="regulatory_element"/>
    
  
  </relation>
  
  
  <relation id="1270012683" version="1">
    
    
    <member type="way" ref="22700100" role="ref_line"/>
    
    
    <member type="way" ref="31700022" role="refers"/>
    
    
    <member type="way" ref="31700023" role="refers"/>
    
    
    <member type="way" ref="1270012670" role="light_bulbs"/>
    
    
    <member type="way" ref="1270012675" role="light_bulbs"/>
    
    
    <tag k="subtype" v="traffic_light"/>
    
    
    <tag k="type" v="regulatory_element"/>
    
  
  </relation>
  
  
  <relation id="1270012702" version="1">
    
    
    <member type="way" ref="22700111" role="ref_line"/>
    
    
    <member type="way" ref="31700024" role="refers"/>
    
    
    <member type="way" ref="31700025" role="refers"/>
    
    
    <member type="way" ref="1270012690" role="light_bulbs"/>
    
    
    <member type="way" ref="1270012695" role="light_bulbs"/>
    
    
    <tag k="subtype" v="traffic_light"/>
    
    
    <tag k="type" v="regulatory_element"/>
    
  
  </relation>
  
  
  <relation id="1270012723" version="1">
    
    
    <member type="way" ref="22700102" role="ref_line"/>
    
    
    <member type="way" ref="31700030" role="refers"/>
    
    
    <member type="way" ref="31700032" role="refers"/>
    
    
    <member type="way" ref="1270012709" role="light_bulbs"/>
    
    
    <member type="way" ref="1270012715" role="light_bulbs"/>
    
    
    <tag k="subtype" v="traffic_light"/>
    
    
    <tag k="type" v="regulatory_element"/>
    
  
  </relation>
  
  
  <relation id="1270012745" version="1">
    
    
    <member type="way" ref="22700113" role="ref_line"/>
    
    
    <member type="way" ref="31700033" role="refers"/>
    
    
    <member type="way" ref="31700034" role="refers"/>
    
    
    <member type="way" ref="1270012730" role="light_bulbs"/>
    
    
    <member type="way" ref="1270012736" role="light_bulbs"/>
    
    
    <tag k="subtype" v="traffic_light"/>
    
    
    <tag k="type" v="regulatory_element"/>
    
  
  </relation>
  
  
  <relation id="1270012766" version="1">
    
    
    <member type="way" ref="22700109" role="ref_line"/>
    
    
    <member type="way" ref="31700035" role="refers"/>
    
    
    <member type="way" ref="31700036" role="refers"/>
    
    
    <member type="way" ref="1270012752" role="light_bulbs"/>
    
    
    <member type="way" ref="1270012758" role="light_bulbs"/>
    
    
    <tag k="subtype" v="traffic_light"/>
    
    
    <tag k="type" v="regulatory_element"/>
    
  
  </relation>
  
  
  <relation id="1270012787" version="1">
    
    
    <member type="way" ref="22700099" role="ref_line"/>
    
    
    <member type="way" ref="31700037" role="refers"/>
    
    
    <member type="way" ref="31700038" role="refers"/>
    
    
    <member type="way" ref="1270012773" role="light_bulbs"/>
    
    
    <member type="way" ref="1270012779" role="light_bulbs"/>
    
    
    <tag k="subtype" v="traffic_light"/>
    
    
    <tag k="type" v="regulatory_element"/>
    
  
  </relation>
  
  
  <relation id="1270012809" version="1">
    
    
    <member type="way" ref="22700098" role="ref_line"/>
    
    
    <member type="way" ref="31700039" role="refers"/>
    
    
    <member type="way" ref="31700040" role="refers"/>
    
    
    <member type="way" ref="1270012794" role="light_bulbs"/>
    
    
    <member type="way" ref="1270012800" role="light_bulbs"/>
    
    
    <tag k="subtype" v="traffic_light"/>
    
    
    <tag k="type" v="regulatory_element"/>
    
  
  </relation>
  

  <node id="1270012810" version="1" lat="35.64893399716" lon="128.39905610876">
    <tag k="ele" v="47.25605584683"/>
  </node>
  <node id="1270012811" version="1" lat="35.64894069507" lon="128.39904863299">
    <tag k="ele" v="47.25605584683"/>
  </node>
  <node id="1270012812" version="1" lat="35.64894734839" lon="128.39904120697">
    <tag k="ele" v="47.25605584683"/>
  </node>
  <node id="1270012813" version="1" lat="35.64895400172" lon="128.39903378096">
    <tag k="ele" v="47.25605584683"/>
  </node>
  <node id="1270012814" version="1" lat="35.64896065504" lon="128.39902635494">
    <tag k="ele" v="47.25605584683"/>
  </node>
  <node id="1270012815" version="1" lat="35.64896735294" lon="128.39901887916">
    <tag k="ele" v="47.25605584683"/>
  </node>
  <node id="1270012816" version="1" lat="35.64897400627" lon="128.39901145314">
    <tag k="ele" v="47.25605584683"/>
  </node>
  <node id="1270012817" version="1" lat="35.64898065959" lon="128.39900402712">
    <tag k="ele" v="46.9390403567"/>
  </node>
  <node id="1270012818" version="1" lat="35.64898731291" lon="128.39899660110">
    <tag k="ele" v="46.9390403567"/>
  </node>
  <node id="1270012819" version="1" lat="35.64899392165" lon="128.39898922483">
    <tag k="ele" v="46.9390403567"/>
  </node>
  <node id="1270012820" version="1" lat="35.64900057497" lon="128.39898179881">
    <tag k="ele" v="46.9390403567"/>
  </node>
  <node id="1270012821" version="1" lat="35.64900722829" lon="128.39897437278">
    <tag k="ele" v="46.9390403567"/>
  </node>
  <node id="1270012822" version="1" lat="35.64901393115" lon="128.39896689146">
    <tag k="ele" v="46.9390403567"/>
  </node>
  <node id="1270012823" version="1" lat="35.64902058447" lon="128.39895946543">
    <tag k="ele" v="46.9390403567"/>
  </node>
  <node id="1270012824" version="1" lat="35.64902723778" lon="128.39895203940">
    <tag k="ele" v="46.9390403567"/>
  </node>
  <node id="1270012825" version="1" lat="35.64903394065" lon="128.39894455807">
    <tag k="ele" v="46.9390403567"/>
  </node>
  <node id="1270012826" version="1" lat="35.64904059396" lon="128.39893713204">
    <tag k="ele" v="46.9390403567"/>
  </node>
  <node id="1270012827" version="1" lat="35.64904724728" lon="128.39892970600">
    <tag k="ele" v="46.9390403567"/>
  </node>
  <node id="1270012828" version="1" lat="35.64905390059" lon="128.39892227997">
    <tag k="ele" v="46.9390403567"/>
  </node>
  <node id="1270012829" version="1" lat="35.64906055391" lon="128.39891485393">
    <tag k="ele" v="46.9390403567"/>
  </node>
  <node id="1270012830" version="1" lat="35.64906725677" lon="128.39890737260">
    <tag k="ele" v="46.9390403567"/>
  </node>
  <node id="1270012831" version="1" lat="35.64907391008" lon="128.39889994656">
    <tag k="ele" v="46.9390403567"/>
  </node>
  <node id="1270012832" version="1" lat="35.64908056340" lon="128.39889252052">
    <tag k="ele" v="46.9390403567"/>
  </node>
  <node id="1270012833" version="1" lat="35.64908721671" lon="128.39888509448">
    <tag k="ele" v="46.9390403567"/>
  </node>
  <node id="1270012834" version="1" lat="35.64909391957" lon="128.39887761314">
    <tag k="ele" v="46.9390403567"/>
  </node>
  <node id="1270012835" version="1" lat="35.64910057288" lon="128.39887018710">
    <tag k="ele" v="46.9390403567"/>
  </node>
  <node id="1270012836" version="1" lat="35.64910722619" lon="128.39886276105">
    <tag k="ele" v="46.9390403567"/>
  </node>
  <node id="1270012837" version="1" lat="35.64911392905" lon="128.39885527971">
    <tag k="ele" v="46.9390403567"/>
  </node>
  <node id="1270012838" version="1" lat="35.64912058236" lon="128.39884785366">
    <tag k="ele" v="46.9390403567"/>
  </node>
  <node id="1270012839" version="1" lat="35.64912723567" lon="128.39884042761">
    <tag k="ele" v="46.9390403567"/>
  </node>
  <node id="1270012840" version="1" lat="35.64913388898" lon="128.39883300156">
    <tag k="ele" v="46.9390403567"/>
  </node>
  <node id="1270012841" version="1" lat="35.64914054229" lon="128.39882557551">
    <tag k="ele" v="46.9390403567"/>
  </node>
  <node id="1270012842" version="1" lat="35.64914724514" lon="128.39881809416">
    <tag k="ele" v="46.9390403567"/>
  </node>
  <node id="1270012843" version="1" lat="35.64915389845" lon="128.39881066811">
    <tag k="ele" v="46.9390403567"/>
  </node>
  <node id="1270012844" version="1" lat="35.64916055176" lon="128.39880324206">
    <tag k="ele" v="46.9390403567"/>
  </node>
  <node id="1270012845" version="1" lat="35.64916720507" lon="128.39879581600">
    <tag k="ele" v="46.9390403567"/>
  </node>
  <node id="1270012846" version="1" lat="35.64917390792" lon="128.39878833464">
    <tag k="ele" v="47.13701273774"/>
  </node>
  <node id="1270012847" version="1" lat="35.64918056123" lon="128.39878090859">
    <tag k="ele" v="47.13701273774"/>
  </node>
  <node id="1270012848" version="1" lat="35.64918721453" lon="128.39877348253">
    <tag k="ele" v="47.13701273774"/>
  </node>
  <node id="1270012849" version="1" lat="35.64919386784" lon="128.39876605647">
    <tag k="ele" v="47.13701273774"/>
  </node>
  <node id="1270012850" version="1" lat="35.64920057069" lon="128.39875857511">
    <tag k="ele" v="47.13701273774"/>
  </node>
  <node id="1270012851" version="1" lat="35.64920722399" lon="128.39875114904">
    <tag k="ele" v="47.13701273774"/>
  </node>
  <node id="1270012852" version="1" lat="35.64921387730" lon="128.39874372298">
    <tag k="ele" v="47.13701273774"/>
  </node>
  <node id="1270012853" version="1" lat="35.64922053060" lon="128.39873629691">
    <tag k="ele" v="47.13701273774"/>
  </node>
  <node id="1270012854" version="1" lat="35.64922723345" lon="128.39872881555">
    <tag k="ele" v="47.13701273774"/>
  </node>
  <node id="1270012855" version="1" lat="35.64923388675" lon="128.39872138948">
    <tag k="ele" v="47.13701273774"/>
  </node>
  <node id="1270012856" version="1" lat="35.64924054006" lon="128.39871396341">
    <tag k="ele" v="47.13701273774"/>
  </node>
  <node id="1270012857" version="1" lat="35.64924719336" lon="128.39870653734">
    <tag k="ele" v="47.13701273774"/>
  </node>
  <node id="1270012858" version="1" lat="35.64925389620" lon="128.39869905597">
    <tag k="ele" v="47.13701273774"/>
  </node>
  <node id="1270012859" version="1" lat="35.64926054951" lon="128.39869162990">
    <tag k="ele" v="47.13701273774"/>
  </node>
  <node id="1270012860" version="1" lat="35.64926720281" lon="128.39868420382">
    <tag k="ele" v="47.13701273774"/>
  </node>
  <node id="1270012861" version="1" lat="35.64927390565" lon="128.39867672245">
    <tag k="ele" v="47.13701273774"/>
  </node>
  <node id="1270012862" version="1" lat="35.64928055895" lon="128.39866929637">
    <tag k="ele" v="47.13701273774"/>
  </node>
  <node id="1270012863" version="1" lat="35.64928721225" lon="128.39866187030">
    <tag k="ele" v="47.13701273774"/>
  </node>
  <node id="1270012864" version="1" lat="35.64929386555" lon="128.39865444422">
    <tag k="ele" v="47.13701273774"/>
  </node>
  <node id="1270012865" version="1" lat="35.64930051885" lon="128.39864701814">
    <tag k="ele" v="47.13701273774"/>
  </node>
  <node id="1270012866" version="1" lat="35.64930722169" lon="128.39863953676">
    <tag k="ele" v="47.13701273774"/>
  </node>
  <node id="1270012867" version="1" lat="35.64931387499" lon="128.39863211067">
    <tag k="ele" v="47.13701273774"/>
  </node>
  <node id="1270012868" version="1" lat="35.64932052828" lon="128.39862468459">
    <tag k="ele" v="47.13701273774"/>
  </node>
  <node id="1270012869" version="1" lat="35.64932718471" lon="128.39861725501">
    <tag k="ele" v="47.13701273774"/>
  </node>
  <way id="1270012870" version="1">
    <nd ref="1270012810"/>
    <nd ref="1270012811"/>
    <nd ref="1270012812"/>
    <nd ref="1270012813"/>
    <nd ref="1270012814"/>
    <nd ref="1270012815"/>
    <nd ref="1270012816"/>
    <nd ref="1270012817"/>
    <nd ref="1270012818"/>
    <nd ref="1270012819"/>
    <nd ref="1270012820"/>
    <nd ref="1270012821"/>
    <nd ref="1270012822"/>
    <nd ref="1270012823"/>
    <nd ref="1270012824"/>
    <nd ref="1270012825"/>
    <nd ref="1270012826"/>
    <nd ref="1270012827"/>
    <nd ref="1270012828"/>
    <nd ref="1270012829"/>
    <nd ref="1270012830"/>
    <nd ref="1270012831"/>
    <nd ref="1270012832"/>
    <nd ref="1270012833"/>
    <nd ref="1270012834"/>
    <nd ref="1270012835"/>
    <nd ref="1270012836"/>
    <nd ref="1270012837"/>
    <nd ref="1270012838"/>
    <nd ref="1270012839"/>
    <nd ref="1270012840"/>
    <nd ref="1270012841"/>
    <nd ref="1270012842"/>
    <nd ref="1270012843"/>
    <nd ref="1270012844"/>
    <nd ref="1270012845"/>
    <nd ref="1270012846"/>
    <nd ref="1270012847"/>
    <nd ref="1270012848"/>
    <nd ref="1270012849"/>
    <nd ref="1270012850"/>
    <nd ref="1270012851"/>
    <nd ref="1270012852"/>
    <nd ref="1270012853"/>
    <nd ref="1270012854"/>
    <nd ref="1270012855"/>
    <nd ref="1270012856"/>
    <nd ref="1270012857"/>
    <nd ref="1270012858"/>
    <nd ref="1270012859"/>
    <nd ref="1270012860"/>
    <nd ref="1270012861"/>
    <nd ref="1270012862"/>
    <nd ref="1270012863"/>
    <nd ref="1270012864"/>
    <nd ref="1270012865"/>
    <nd ref="1270012866"/>
    <nd ref="1270012867"/>
    <nd ref="1270012868"/>
    <nd ref="1270012869"/>
    <tag k="type" v="road_border"/>
    <tag k="subtype" v="road_border"/>
  </way>
  <relation id="1270012871" version="1">
    <member type="way" ref="203873" role="left"/>
    <member type="way" ref="1270012870" role="right"/>
    <tag k="location" v="urban"/>
    <tag k="participant:vehicle" v="yes"/>
    <tag k="region" v="kr"/>
    <tag k="speed_limit" v="30km/h"/>
    <tag k="subtype" v="road_shoulder"/>
    <tag k="type" v="lanelet"/>
  </relation>
  <node id="1270012872" version="1" lat="35.64934054289" lon="128.39860230021">
    <tag k="ele" v="47.13701273774"/>
  </node>
  <node id="1270012873" version="1" lat="35.64934718172" lon="128.39859485465">
    <tag k="ele" v="47.13701273774"/>
  </node>
  <way id="1270012874" version="1">
    <nd ref="1270012869"/>
    <nd ref="1270012872"/>
    <nd ref="1270012873"/>
    <tag k="type" v="road_border"/>
    <tag k="subtype" v="road_border"/>
  </way>
  <relation id="1270012875" version="1">
    <member type="way" ref="203878" role="left"/>
    <member type="way" ref="1270012874" role="right"/>
    <tag k="location" v="urban"/>
    <tag k="participant:vehicle" v="yes"/>
    <tag k="region" v="kr"/>
    <tag k="speed_limit" v="30km/h"/>
    <tag k="subtype" v="road_shoulder"/>
    <tag k="type" v="lanelet"/>
  </relation>
  <node id="1270012876" version="1" lat="35.64744130177" lon="128.40044477444">
    <tag k="ele" v="47.26194327488"/>
  </node>
  <node id="1270012877" version="1" lat="35.64743461039" lon="128.40045227089">
    <tag k="ele" v="47.26194327488"/>
  </node>
  <node id="1270012878" version="1" lat="35.64742782503" lon="128.40045987263">
    <tag k="ele" v="47.26194327488"/>
  </node>
  <node id="1270012879" version="1" lat="35.64742109382" lon="128.40046741370">
    <tag k="ele" v="47.26194327488"/>
  </node>
  <node id="1270012880" version="1" lat="35.64741445182" lon="128.40047485484">
    <tag k="ele" v="47.26194327488"/>
  </node>
  <node id="1270012881" version="1" lat="35.64740780981" lon="128.40048229597">
    <tag k="ele" v="47.26194327488"/>
  </node>
  <node id="1270012882" version="1" lat="35.64740117258" lon="128.40048973175">
    <tag k="ele" v="47.26194327488"/>
  </node>
  <node id="1270012883" version="1" lat="35.64739462455" lon="128.40049706760">
    <tag k="ele" v="47.26194327488"/>
  </node>
  <node id="1270012884" version="1" lat="35.64738798254" lon="128.40050450873">
    <tag k="ele" v="47.26194327488"/>
  </node>
  <node id="1270012885" version="1" lat="35.64738134053" lon="128.40051194986">
    <tag k="ele" v="47.26194327488"/>
  </node>
  <node id="1270012886" version="1" lat="35.64737464915" lon="128.40051944631">
    <tag k="ele" v="47.26194327488"/>
  </node>
  <node id="1270012887" version="1" lat="35.64736800714" lon="128.40052688743">
    <tag k="ele" v="47.26194327488"/>
  </node>
  <node id="1270012888" version="1" lat="35.64736136513" lon="128.40053432856">
    <tag k="ele" v="47.26194327488"/>
  </node>
  <node id="1270012889" version="1" lat="35.64735472312" lon="128.40054176968">
    <tag k="ele" v="47.26194327488"/>
  </node>
  <node id="1270012890" version="1" lat="35.64734803173" lon="128.40054926612">
    <tag k="ele" v="47.2723958987"/>
  </node>
  <node id="1270012891" version="1" lat="35.64734138972" lon="128.40055670725">
    <tag k="ele" v="47.2723958987"/>
  </node>
  <node id="1270012892" version="1" lat="35.64733474771" lon="128.40056414837">
    <tag k="ele" v="47.2723958987"/>
  </node>
  <node id="1270012893" version="1" lat="35.64732810570" lon="128.40057158949">
    <tag k="ele" v="47.2723958987"/>
  </node>
  <node id="1270012894" version="1" lat="35.64732141431" lon="128.40057908592">
    <tag k="ele" v="47.2723958987"/>
  </node>
  <node id="1270012895" version="1" lat="35.64731477230" lon="128.40058652704">
    <tag k="ele" v="47.2723958987"/>
  </node>
  <node id="1270012896" version="1" lat="35.64730813029" lon="128.40059396815">
    <tag k="ele" v="47.2723958987"/>
  </node>
  <node id="1270012897" version="1" lat="35.64730148827" lon="128.40060140927">
    <tag k="ele" v="47.2723958987"/>
  </node>
  <node id="1270012898" version="1" lat="35.64729479688" lon="128.40060890570">
    <tag k="ele" v="47.2723958987"/>
  </node>
  <node id="1270012899" version="1" lat="35.64728815487" lon="128.40061634681">
    <tag k="ele" v="47.2723958987"/>
  </node>
  <node id="1270012900" version="1" lat="35.64728141888" lon="128.40062389320">
    <tag k="ele" v="47.2723958987"/>
  </node>
  <node id="1270012901" version="1" lat="35.64727477686" lon="128.40063133431">
    <tag k="ele" v="47.2723958987"/>
  </node>
  <node id="1270012902" version="1" lat="35.64726813484" lon="128.40063877542">
    <tag k="ele" v="47.2723958987"/>
  </node>
  <node id="1270012903" version="1" lat="35.64726154220" lon="128.40064616121">
    <tag k="ele" v="47.2723958987"/>
  </node>
  <node id="1270012904" version="1" lat="35.64725490019" lon="128.40065360232">
    <tag k="ele" v="47.2723958987"/>
  </node>
  <node id="1270012905" version="1" lat="35.64724825817" lon="128.40066104342">
    <tag k="ele" v="47.2723958987"/>
  </node>
  <node id="1270012906" version="1" lat="35.64724156677" lon="128.40066853984">
    <tag k="ele" v="47.2723958987"/>
  </node>
  <node id="1270012907" version="1" lat="35.64723492476" lon="128.40067598094">
    <tag k="ele" v="47.2723958987"/>
  </node>
  <node id="1270012908" version="1" lat="35.64722828274" lon="128.40068342204">
    <tag k="ele" v="47.2723958987"/>
  </node>
  <node id="1270012909" version="1" lat="35.64722164072" lon="128.40069086314">
    <tag k="ele" v="47.2723958987"/>
  </node>
  <node id="1270012910" version="1" lat="35.64721494932" lon="128.40069835956">
    <tag k="ele" v="47.2723958987"/>
  </node>
  <node id="1270012911" version="1" lat="35.64720830730" lon="128.40070580065">
    <tag k="ele" v="47.2723958987"/>
  </node>
  <node id="1270012912" version="1" lat="35.64720162068" lon="128.40071329172">
    <tag k="ele" v="47.2723958987"/>
  </node>
  <node id="1270012913" version="1" lat="35.64719497866" lon="128.40072073281">
    <tag k="ele" v="47.2723958987"/>
  </node>
  <node id="1270012914" version="1" lat="35.64718833664" lon="128.40072817390">
    <tag k="ele" v="47.2723958987"/>
  </node>
  <node id="1270012915" version="1" lat="35.64718169461" lon="128.40073561500">
    <tag k="ele" v="47.2723958987"/>
  </node>
  <node id="1270012916" version="1" lat="35.64717500321" lon="128.40074311140">
    <tag k="ele" v="47.2723958987"/>
  </node>
  <node id="1270012917" version="1" lat="35.64716836119" lon="128.40075055249">
    <tag k="ele" v="47.2723958987"/>
  </node>
  <node id="1270012918" version="1" lat="35.64716167457" lon="128.40075804355">
    <tag k="ele" v="47.2723958987"/>
  </node>
  <node id="1270012919" version="1" lat="35.64715503254" lon="128.40076548464">
    <tag k="ele" v="47.2723958987"/>
  </node>
  <node id="1270012920" version="1" lat="35.64714839052" lon="128.40077292572">
    <tag k="ele" v="47.2723958987"/>
  </node>
  <node id="1270012921" version="1" lat="35.64714174849" lon="128.40078036681">
    <tag k="ele" v="47.2723958987"/>
  </node>
  <node id="1270012922" version="1" lat="35.64713510647" lon="128.40078780789">
    <tag k="ele" v="47.2723958987"/>
  </node>
  <node id="1270012923" version="1" lat="35.64712841984" lon="128.40079529894">
    <tag k="ele" v="47.2723958987"/>
  </node>
  <node id="1270012924" version="1" lat="35.64712177781" lon="128.40080274002">
    <tag k="ele" v="47.2723958987"/>
  </node>
  <node id="1270012925" version="1" lat="35.64711513578" lon="128.40081018110">
    <tag k="ele" v="47.1506853437"/>
  </node>
  <node id="1270012926" version="1" lat="35.64710849376" lon="128.40081762218">
    <tag k="ele" v="47.1506853437"/>
  </node>
  <node id="1270012927" version="1" lat="35.64710185173" lon="128.40082506326">
    <tag k="ele" v="47.15810831376"/>
  </node>
  <node id="1270012928" version="1" lat="35.64709520970" lon="128.40083250433">
    <tag k="ele" v="47.15810831376"/>
  </node>
  <node id="1270012929" version="1" lat="35.64708851829" lon="128.40084000072">
    <tag k="ele" v="47.15810831376"/>
  </node>
  <node id="1270012930" version="1" lat="35.64708187626" lon="128.40084744180">
    <tag k="ele" v="47.15810831376"/>
  </node>
  <node id="1270012931" version="1" lat="35.64707523423" lon="128.40085488287">
    <tag k="ele" v="47.15810831376"/>
  </node>
  <node id="1270012932" version="1" lat="35.64706859220" lon="128.40086232394">
    <tag k="ele" v="47.15810831376"/>
  </node>
  <node id="1270012933" version="1" lat="35.64706195017" lon="128.40086976501">
    <tag k="ele" v="47.1900603562"/>
  </node>
  <node id="1270012934" version="1" lat="35.64705530814" lon="128.40087720608">
    <tag k="ele" v="47.1900603562"/>
  </node>
  <node id="1270012935" version="1" lat="35.64704866611" lon="128.40088464715">
    <tag k="ele" v="47.1900603562"/>
  </node>
  <node id="1270012936" version="1" lat="35.64704201930" lon="128.40089209356">
    <tag k="ele" v="47.1900603562"/>
  </node>
  <node id="1270012937" version="1" lat="35.64703537727" lon="128.40089953463">
    <tag k="ele" v="47.1900603562"/>
  </node>
  <node id="1270012938" version="1" lat="35.64702873523" lon="128.40090697569">
    <tag k="ele" v="47.1900603562"/>
  </node>
  <node id="1270012939" version="1" lat="35.64702204383" lon="128.40091447207">
    <tag k="ele" v="47.1900603562"/>
  </node>
  <node id="1270012940" version="1" lat="35.64701535719" lon="128.40092196310">
    <tag k="ele" v="47.1900603562"/>
  </node>
  <node id="1270012941" version="1" lat="35.64700866578" lon="128.40092945947">
    <tag k="ele" v="47.1900603562"/>
  </node>
  <node id="1270012942" version="1" lat="35.64700202374" lon="128.40093690053">
    <tag k="ele" v="47.1900603562"/>
  </node>
  <node id="1270012943" version="1" lat="35.64699533711" lon="128.40094439156">
    <tag k="ele" v="47.1900603562"/>
  </node>
  <node id="1270012944" version="1" lat="35.64698869507" lon="128.40095183261">
    <tag k="ele" v="47.1900603562"/>
  </node>
  <node id="1270012945" version="1" lat="35.64698205303" lon="128.40095927367">
    <tag k="ele" v="47.1900603562"/>
  </node>
  <way id="1270012946" version="1">
    <nd ref="1270012876"/>
    <nd ref="1270012877"/>
    <nd ref="1270012878"/>
    <nd ref="1270012879"/>
    <nd ref="1270012880"/>
    <nd ref="1270012881"/>
    <nd ref="1270012882"/>
    <nd ref="1270012883"/>
    <nd ref="1270012884"/>
    <nd ref="1270012885"/>
    <nd ref="1270012886"/>
    <nd ref="1270012887"/>
    <nd ref="1270012888"/>
    <nd ref="1270012889"/>
    <nd ref="1270012890"/>
    <nd ref="1270012891"/>
    <nd ref="1270012892"/>
    <nd ref="1270012893"/>
    <nd ref="1270012894"/>
    <nd ref="1270012895"/>
    <nd ref="1270012896"/>
    <nd ref="1270012897"/>
    <nd ref="1270012898"/>
    <nd ref="1270012899"/>
    <nd ref="1270012900"/>
    <nd ref="1270012901"/>
    <nd ref="1270012902"/>
    <nd ref="1270012903"/>
    <nd ref="1270012904"/>
    <nd ref="1270012905"/>
    <nd ref="1270012906"/>
    <nd ref="1270012907"/>
    <nd ref="1270012908"/>
    <nd ref="1270012909"/>
    <nd ref="1270012910"/>
    <nd ref="1270012911"/>
    <nd ref="1270012912"/>
    <nd ref="1270012913"/>
    <nd ref="1270012914"/>
    <nd ref="1270012915"/>
    <nd ref="1270012916"/>
    <nd ref="1270012917"/>
    <nd ref="1270012918"/>
    <nd ref="1270012919"/>
    <nd ref="1270012920"/>
    <nd ref="1270012921"/>
    <nd ref="1270012922"/>
    <nd ref="1270012923"/>
    <nd ref="1270012924"/>
    <nd ref="1270012925"/>
    <nd ref="1270012926"/>
    <nd ref="1270012927"/>
    <nd ref="1270012928"/>
    <nd ref="1270012929"/>
    <nd ref="1270012930"/>
    <nd ref="1270012931"/>
    <nd ref="1270012932"/>
    <nd ref="1270012933"/>
    <nd ref="1270012934"/>
    <nd ref="1270012935"/>
    <nd ref="1270012936"/>
    <nd ref="1270012937"/>
    <nd ref="1270012938"/>
    <nd ref="1270012939"/>
    <nd ref="1270012940"/>
    <nd ref="1270012941"/>
    <nd ref="1270012942"/>
    <nd ref="1270012943"/>
    <nd ref="1270012944"/>
    <nd ref="1270012945"/>
    <tag k="type" v="road_border"/>
    <tag k="subtype" v="road_border"/>
  </way>
  <relation id="1270012947" version="1">
    <member type="way" ref="200435" role="left"/>
    <member type="way" ref="1270012946" role="right"/>
    <tag k="location" v="urban"/>
    <tag k="participant:vehicle" v="yes"/>
    <tag k="region" v="kr"/>
    <tag k="speed_limit" v="30km/h"/>
    <tag k="subtype" v="road_shoulder"/>
    <tag k="type" v="lanelet"/>
  </relation>
</osm>
